2026-08-09 00:59:12.997 -05:00 [INF] (Thread 13) SelfUpdater: checking for updates. Current version: 1.26.586.697
2026-08-09 00:59:13.215 -05:00 [INF] (Thread 13) SelfUpdater: remote version = 1.26.586.697.
2026-08-09 00:59:13.215 -05:00 [INF] (Thread 13) SelfUpdater: already up to date.
2026-08-09 00:59:13.215 -05:00 [INF] (Thread 13) UpdateOrchestrator: === Update cycle starting ===
2026-08-09 00:59:13.216 -05:00 [INF] (Thread 13) WindowsUpdateWorker: starting update pass.
2026-08-09 00:59:13.216 -05:00 [INF] (Thread 13) WindowsUpdateWorker: verifying PSWindowsUpdate module.
2026-08-09 00:59:13.219 -05:00 [DBG] (Thread 13) WindowsUpdateWorker: running PS script: $ProgressPreference = 'SilentlyContinue'
            $ErrorActionPreference = 'Stop'
            try {
                if (-not (Get-PackageProvider -Name NuGet -ListAvailable -ErrorAction SilentlyContinue)) {
                    Install-PackageProvider -Name NuGet -MinimumVersion 2.8.5.201 -Force -Scope AllUsers | Out-Null
                }
                Set-PSRepository -Name PSGallery -InstallationPolicy Trusted -ErrorAction SilentlyContinue
                if (-not (Get-Module -ListAvailable -Name PSWindowsUpdate -ErrorAction SilentlyContinue)) {
                    Install-Module PSWindowsUpdate -Force -SkipPublisherCheck -Scope AllUsers | Out-Null
                }
                Import-Module PSWindowsUpdate -Force -ErrorAction Stop
                try {
                    Add-WUServiceManager -MicrosoftUpdate -Confirm:$false -ErrorAction SilentlyContinue | Out-Null
                } catch {}
                Write-Output 'OK'
            } catch {
                Write-Output ('ERROR: ' + $_.Exception.Message)
            }
2026-08-09 00:59:45.205 -05:00 [INF] (Thread 13) WindowsUpdateWorker: PSWindowsUpdate module OK.
2026-08-09 00:59:45.207 -05:00 [DBG] (Thread 13) WindowsUpdateWorker: running PS script: Import-Module PSWindowsUpdate -ErrorAction Stop
        $ProgressPreference = 'SilentlyContinue'

        # Force the Windows Update Agent to scan before installing.
        # Fixes 0x80248007 (WU_E_DS_NODATA) on fresh builds or machines
        # whose update data store has not been initialised yet.
        try {
            Start-Process -FilePath 'UsoClient.exe' `
                -ArgumentList 'StartScan' `
                -Wait -NoNewWindow -ErrorAction SilentlyContinue
            Start-Sleep -Seconds 30
        } catch {}

        # 2>&1 merges stderr into the pipeline mixing strings with update
        # objects -- we filter them out in the foreach loop below.
        $rawOutput = Install-WindowsUpdate `
            -MicrosoftUpdate `
            -AcceptAll `
            -IgnoreReboot `
            -Install `
            -ErrorAction Continue 2>&1

        # Use a hashtable keyed on Title to keep only the LAST result per update.
        # PSWindowsUpdate emits objects at multiple pipeline stages (search, download,
        # install); overwriting ensures we capture the final post-install ResultCode
        # rather than an early ResultCode=0 (NotStarted).
        $byKey = @{}

        foreach ($u in $rawOutput) {
            if ($null -eq $u -or $u -isnot [PSObject]) { continue }
            if (-not ($u.PSObject.Properties.Name -contains 'Title')) { continue }
            if ([string]::IsNullOrWhiteSpace($u.Title)) { continue }

            $resultCode = 0
            try { $resultCode = [int]$u.ResultCode } catch { $resultCode = 4 }
            $succeeded = ($resultCode -eq 2 -or $resultCode -eq 3)

            # ResultCode=0 means NotStarted — treat as Skipped, not Failed.
            $status = if ($succeeded) { 'Succeeded' } elseif ($resultCode -eq 0) { 'Skipped' } else { 'Failed' }

            $kb = ''
            try {
                if ($u.KBArticleIDs -and $u.KBArticleIDs.Count -gt 0) {
                    $kb = 'KB' + $u.KBArticleIDs[0]
                }
            } catch {}

            $needsReboot = $false
            try { $needsReboot = [bool]$u.RebootRequired } catch {}

            $byKey[$u.Title] = [PSCustomObject]@{
                Identifier     = $kb
                Title          = [string]$u.Title
                Status         = $status
                ErrorMessage   = if ($succeeded -or $resultCode -eq 0) { '' } else { 'ResultCode=' + $resultCode }
                RebootRequired = $needsReboot
                AttemptedAt    = (Get-Date -Format 'o')
            }
        }

        $results = @($byKey.Values)

        if ($results.Count -eq 0) {
            Write-Output '[]'
        } else {
            $results | ConvertTo-Json -Compress
        }
2026-08-09 01:01:25.773 -05:00 [INF] (Thread 14) WindowsUpdateWorker: no updates installed — system reboot is already pending.
2026-08-09 01:01:25.773 -05:00 [INF] (Thread 14) WindowsUpdateWorker: pass complete. Total=1 Succeeded=1 Failed=0 Skipped=0
2026-08-09 01:01:25.778 -05:00 [INF] (Thread 14) WingetWorker: skipping — last run was 2026-08-06T22:50:11.8754628Z (less than 7 days ago).
2026-08-09 01:01:25.778 -05:00 [INF] (Thread 14) UpdateOrchestrator: cycle complete. Total=1 Succeeded=1 Failed=0 RebootRequired=true
2026-08-09 01:01:25.779 -05:00 [INF] (Thread 14) UpdateOrchestrator: reboot required but today is not an allowed reboot day per RebootDoW — skipping notification until the next allowed day.
2026-08-09 01:01:25.779 -05:00 [INF] (Thread 14) UpdateBackgroundService: next cycle in "01:00:00".
2026-08-09 02:01:25.807 -05:00 [INF] (Thread 10) SelfUpdater: checking for updates. Current version: 1.26.586.697
2026-08-09 02:01:25.929 -05:00 [INF] (Thread 31) SelfUpdater: remote version = 1.26.586.697.
2026-08-09 02:01:25.929 -05:00 [INF] (Thread 31) SelfUpdater: already up to date.
2026-08-09 02:01:25.929 -05:00 [INF] (Thread 31) UpdateOrchestrator: === Update cycle starting ===
2026-08-09 02:01:25.929 -05:00 [INF] (Thread 31) WindowsUpdateWorker: starting update pass.
2026-08-09 02:01:25.929 -05:00 [INF] (Thread 31) WindowsUpdateWorker: verifying PSWindowsUpdate module.
2026-08-09 02:01:25.932 -05:00 [DBG] (Thread 31) WindowsUpdateWorker: running PS script: $ProgressPreference = 'SilentlyContinue'
            $ErrorActionPreference = 'Stop'
            try {
                if (-not (Get-PackageProvider -Name NuGet -ListAvailable -ErrorAction SilentlyContinue)) {
                    Install-PackageProvider -Name NuGet -MinimumVersion 2.8.5.201 -Force -Scope AllUsers | Out-Null
                }
                Set-PSRepository -Name PSGallery -InstallationPolicy Trusted -ErrorAction SilentlyContinue
                if (-not (Get-Module -ListAvailable -Name PSWindowsUpdate -ErrorAction SilentlyContinue)) {
                    Install-Module PSWindowsUpdate -Force -SkipPublisherCheck -Scope AllUsers | Out-Null
                }
                Import-Module PSWindowsUpdate -Force -ErrorAction Stop
                try {
                    Add-WUServiceManager -MicrosoftUpdate -Confirm:$false -ErrorAction SilentlyContinue | Out-Null
                } catch {}
                Write-Output 'OK'
            } catch {
                Write-Output ('ERROR: ' + $_.Exception.Message)
            }
2026-08-09 02:02:01.811 -05:00 [INF] (Thread 31) WindowsUpdateWorker: PSWindowsUpdate module OK.
2026-08-09 02:02:01.814 -05:00 [DBG] (Thread 31) WindowsUpdateWorker: running PS script: Import-Module PSWindowsUpdate -ErrorAction Stop
        $ProgressPreference = 'SilentlyContinue'

        # Force the Windows Update Agent to scan before installing.
        # Fixes 0x80248007 (WU_E_DS_NODATA) on fresh builds or machines
        # whose update data store has not been initialised yet.
        try {
            Start-Process -FilePath 'UsoClient.exe' `
                -ArgumentList 'StartScan' `
                -Wait -NoNewWindow -ErrorAction SilentlyContinue
            Start-Sleep -Seconds 30
        } catch {}

        # 2>&1 merges stderr into the pipeline mixing strings with update
        # objects -- we filter them out in the foreach loop below.
        $rawOutput = Install-WindowsUpdate `
            -MicrosoftUpdate `
            -AcceptAll `
            -IgnoreReboot `
            -Install `
            -ErrorAction Continue 2>&1

        # Use a hashtable keyed on Title to keep only the LAST result per update.
        # PSWindowsUpdate emits objects at multiple pipeline stages (search, download,
        # install); overwriting ensures we capture the final post-install ResultCode
        # rather than an early ResultCode=0 (NotStarted).
        $byKey = @{}

        foreach ($u in $rawOutput) {
            if ($null -eq $u -or $u -isnot [PSObject]) { continue }
            if (-not ($u.PSObject.Properties.Name -contains 'Title')) { continue }
            if ([string]::IsNullOrWhiteSpace($u.Title)) { continue }

            $resultCode = 0
            try { $resultCode = [int]$u.ResultCode } catch { $resultCode = 4 }
            $succeeded = ($resultCode -eq 2 -or $resultCode -eq 3)

            # ResultCode=0 means NotStarted — treat as Skipped, not Failed.
            $status = if ($succeeded) { 'Succeeded' } elseif ($resultCode -eq 0) { 'Skipped' } else { 'Failed' }

            $kb = ''
            try {
                if ($u.KBArticleIDs -and $u.KBArticleIDs.Count -gt 0) {
                    $kb = 'KB' + $u.KBArticleIDs[0]
                }
            } catch {}

            $needsReboot = $false
            try { $needsReboot = [bool]$u.RebootRequired } catch {}

            $byKey[$u.Title] = [PSCustomObject]@{
                Identifier     = $kb
                Title          = [string]$u.Title
                Status         = $status
                ErrorMessage   = if ($succeeded -or $resultCode -eq 0) { '' } else { 'ResultCode=' + $resultCode }
                RebootRequired = $needsReboot
                AttemptedAt    = (Get-Date -Format 'o')
            }
        }

        $results = @($byKey.Values)

        if ($results.Count -eq 0) {
            Write-Output '[]'
        } else {
            $results | ConvertTo-Json -Compress
        }
2026-08-09 02:03:05.977 -05:00 [INF] (Thread 31) WindowsUpdateWorker: no updates installed — system reboot is already pending.
2026-08-09 02:03:05.977 -05:00 [INF] (Thread 31) WindowsUpdateWorker: pass complete. Total=1 Succeeded=1 Failed=0 Skipped=0
2026-08-09 02:03:05.978 -05:00 [INF] (Thread 31) WingetWorker: skipping — last run was 2026-08-06T22:50:11.8754628Z (less than 7 days ago).
2026-08-09 02:03:05.978 -05:00 [INF] (Thread 31) UpdateOrchestrator: cycle complete. Total=1 Succeeded=1 Failed=0 RebootRequired=true
2026-08-09 02:03:05.978 -05:00 [INF] (Thread 31) UpdateOrchestrator: reboot required but today is not an allowed reboot day per RebootDoW — skipping notification until the next allowed day.
2026-08-09 02:03:05.978 -05:00 [INF] (Thread 31) UpdateBackgroundService: next cycle in "01:00:00".
2026-08-09 03:03:05.988 -05:00 [INF] (Thread 31) SelfUpdater: checking for updates. Current version: 1.26.586.697
2026-08-09 03:03:06.150 -05:00 [INF] (Thread 20) SelfUpdater: remote version = 1.26.586.697.
2026-08-09 03:03:06.150 -05:00 [INF] (Thread 20) SelfUpdater: already up to date.
2026-08-09 03:03:06.150 -05:00 [INF] (Thread 20) UpdateOrchestrator: === Update cycle starting ===
2026-08-09 03:03:06.150 -05:00 [INF] (Thread 20) WindowsUpdateWorker: starting update pass.
2026-08-09 03:03:06.150 -05:00 [INF] (Thread 20) WindowsUpdateWorker: verifying PSWindowsUpdate module.
2026-08-09 03:03:06.152 -05:00 [DBG] (Thread 20) WindowsUpdateWorker: running PS script: $ProgressPreference = 'SilentlyContinue'
            $ErrorActionPreference = 'Stop'
            try {
                if (-not (Get-PackageProvider -Name NuGet -ListAvailable -ErrorAction SilentlyContinue)) {
                    Install-PackageProvider -Name NuGet -MinimumVersion 2.8.5.201 -Force -Scope AllUsers | Out-Null
                }
                Set-PSRepository -Name PSGallery -InstallationPolicy Trusted -ErrorAction SilentlyContinue
                if (-not (Get-Module -ListAvailable -Name PSWindowsUpdate -ErrorAction SilentlyContinue)) {
                    Install-Module PSWindowsUpdate -Force -SkipPublisherCheck -Scope AllUsers | Out-Null
                }
                Import-Module PSWindowsUpdate -Force -ErrorAction Stop
                try {
                    Add-WUServiceManager -MicrosoftUpdate -Confirm:$false -ErrorAction SilentlyContinue | Out-Null
                } catch {}
                Write-Output 'OK'
            } catch {
                Write-Output ('ERROR: ' + $_.Exception.Message)
            }
2026-08-09 03:03:27.994 -05:00 [INF] (Thread 20) WindowsUpdateWorker: PSWindowsUpdate module OK.
2026-08-09 03:03:27.996 -05:00 [DBG] (Thread 20) WindowsUpdateWorker: running PS script: Import-Module PSWindowsUpdate -ErrorAction Stop
        $ProgressPreference = 'SilentlyContinue'

        # Force the Windows Update Agent to scan before installing.
        # Fixes 0x80248007 (WU_E_DS_NODATA) on fresh builds or machines
        # whose update data store has not been initialised yet.
        try {
            Start-Process -FilePath 'UsoClient.exe' `
                -ArgumentList 'StartScan' `
                -Wait -NoNewWindow -ErrorAction SilentlyContinue
            Start-Sleep -Seconds 30
        } catch {}

        # 2>&1 merges stderr into the pipeline mixing strings with update
        # objects -- we filter them out in the foreach loop below.
        $rawOutput = Install-WindowsUpdate `
            -MicrosoftUpdate `
            -AcceptAll `
            -IgnoreReboot `
            -Install `
            -ErrorAction Continue 2>&1

        # Use a hashtable keyed on Title to keep only the LAST result per update.
        # PSWindowsUpdate emits objects at multiple pipeline stages (search, download,
        # install); overwriting ensures we capture the final post-install ResultCode
        # rather than an early ResultCode=0 (NotStarted).
        $byKey = @{}

        foreach ($u in $rawOutput) {
            if ($null -eq $u -or $u -isnot [PSObject]) { continue }
            if (-not ($u.PSObject.Properties.Name -contains 'Title')) { continue }
            if ([string]::IsNullOrWhiteSpace($u.Title)) { continue }

            $resultCode = 0
            try { $resultCode = [int]$u.ResultCode } catch { $resultCode = 4 }
            $succeeded = ($resultCode -eq 2 -or $resultCode -eq 3)

            # ResultCode=0 means NotStarted — treat as Skipped, not Failed.
            $status = if ($succeeded) { 'Succeeded' } elseif ($resultCode -eq 0) { 'Skipped' } else { 'Failed' }

            $kb = ''
            try {
                if ($u.KBArticleIDs -and $u.KBArticleIDs.Count -gt 0) {
                    $kb = 'KB' + $u.KBArticleIDs[0]
                }
            } catch {}

            $needsReboot = $false
            try { $needsReboot = [bool]$u.RebootRequired } catch {}

            $byKey[$u.Title] = [PSCustomObject]@{
                Identifier     = $kb
                Title          = [string]$u.Title
                Status         = $status
                ErrorMessage   = if ($succeeded -or $resultCode -eq 0) { '' } else { 'ResultCode=' + $resultCode }
                RebootRequired = $needsReboot
                AttemptedAt    = (Get-Date -Format 'o')
            }
        }

        $results = @($byKey.Values)

        if ($results.Count -eq 0) {
            Write-Output '[]'
        } else {
            $results | ConvertTo-Json -Compress
        }
2026-08-09 03:04:28.928 -05:00 [INF] (Thread 10) WindowsUpdateWorker: no updates installed — system reboot is already pending.
2026-08-09 03:04:28.928 -05:00 [INF] (Thread 10) WindowsUpdateWorker: pass complete. Total=1 Succeeded=1 Failed=0 Skipped=0
2026-08-09 03:04:28.929 -05:00 [INF] (Thread 10) WingetWorker: skipping — last run was 2026-08-06T22:50:11.8754628Z (less than 7 days ago).
2026-08-09 03:04:28.929 -05:00 [INF] (Thread 10) UpdateOrchestrator: cycle complete. Total=1 Succeeded=1 Failed=0 RebootRequired=true
2026-08-09 03:04:28.929 -05:00 [INF] (Thread 10) UpdateOrchestrator: reboot required but today is not an allowed reboot day per RebootDoW — skipping notification until the next allowed day.
2026-08-09 03:04:28.929 -05:00 [INF] (Thread 10) UpdateBackgroundService: next cycle in "01:00:00".
2026-08-09 04:04:28.945 -05:00 [INF] (Thread 31) SelfUpdater: checking for updates. Current version: 1.26.586.697
2026-08-09 04:04:29.090 -05:00 [INF] (Thread 24) SelfUpdater: remote version = 1.26.586.697.
2026-08-09 04:04:29.090 -05:00 [INF] (Thread 24) SelfUpdater: already up to date.
2026-08-09 04:04:29.090 -05:00 [INF] (Thread 24) UpdateOrchestrator: === Update cycle starting ===
2026-08-09 04:04:29.090 -05:00 [INF] (Thread 24) WindowsUpdateWorker: starting update pass.
2026-08-09 04:04:29.091 -05:00 [INF] (Thread 24) WindowsUpdateWorker: verifying PSWindowsUpdate module.
2026-08-09 04:04:29.093 -05:00 [DBG] (Thread 24) WindowsUpdateWorker: running PS script: $ProgressPreference = 'SilentlyContinue'
            $ErrorActionPreference = 'Stop'
            try {
                if (-not (Get-PackageProvider -Name NuGet -ListAvailable -ErrorAction SilentlyContinue)) {
                    Install-PackageProvider -Name NuGet -MinimumVersion 2.8.5.201 -Force -Scope AllUsers | Out-Null
                }
                Set-PSRepository -Name PSGallery -InstallationPolicy Trusted -ErrorAction SilentlyContinue
                if (-not (Get-Module -ListAvailable -Name PSWindowsUpdate -ErrorAction SilentlyContinue)) {
                    Install-Module PSWindowsUpdate -Force -SkipPublisherCheck -Scope AllUsers | Out-Null
                }
                Import-Module PSWindowsUpdate -Force -ErrorAction Stop
                try {
                    Add-WUServiceManager -MicrosoftUpdate -Confirm:$false -ErrorAction SilentlyContinue | Out-Null
                } catch {}
                Write-Output 'OK'
            } catch {
                Write-Output ('ERROR: ' + $_.Exception.Message)
            }
2026-08-09 04:05:02.164 -05:00 [INF] (Thread 30) WindowsUpdateWorker: PSWindowsUpdate module OK.
2026-08-09 04:05:02.167 -05:00 [DBG] (Thread 30) WindowsUpdateWorker: running PS script: Import-Module PSWindowsUpdate -ErrorAction Stop
        $ProgressPreference = 'SilentlyContinue'

        # Force the Windows Update Agent to scan before installing.
        # Fixes 0x80248007 (WU_E_DS_NODATA) on fresh builds or machines
        # whose update data store has not been initialised yet.
        try {
            Start-Process -FilePath 'UsoClient.exe' `
                -ArgumentList 'StartScan' `
                -Wait -NoNewWindow -ErrorAction SilentlyContinue
            Start-Sleep -Seconds 30
        } catch {}

        # 2>&1 merges stderr into the pipeline mixing strings with update
        # objects -- we filter them out in the foreach loop below.
        $rawOutput = Install-WindowsUpdate `
            -MicrosoftUpdate `
            -AcceptAll `
            -IgnoreReboot `
            -Install `
            -ErrorAction Continue 2>&1

        # Use a hashtable keyed on Title to keep only the LAST result per update.
        # PSWindowsUpdate emits objects at multiple pipeline stages (search, download,
        # install); overwriting ensures we capture the final post-install ResultCode
        # rather than an early ResultCode=0 (NotStarted).
        $byKey = @{}

        foreach ($u in $rawOutput) {
            if ($null -eq $u -or $u -isnot [PSObject]) { continue }
            if (-not ($u.PSObject.Properties.Name -contains 'Title')) { continue }
            if ([string]::IsNullOrWhiteSpace($u.Title)) { continue }

            $resultCode = 0
            try { $resultCode = [int]$u.ResultCode } catch { $resultCode = 4 }
            $succeeded = ($resultCode -eq 2 -or $resultCode -eq 3)

            # ResultCode=0 means NotStarted — treat as Skipped, not Failed.
            $status = if ($succeeded) { 'Succeeded' } elseif ($resultCode -eq 0) { 'Skipped' } else { 'Failed' }

            $kb = ''
            try {
                if ($u.KBArticleIDs -and $u.KBArticleIDs.Count -gt 0) {
                    $kb = 'KB' + $u.KBArticleIDs[0]
                }
            } catch {}

            $needsReboot = $false
            try { $needsReboot = [bool]$u.RebootRequired } catch {}

            $byKey[$u.Title] = [PSCustomObject]@{
                Identifier     = $kb
                Title          = [string]$u.Title
                Status         = $status
                ErrorMessage   = if ($succeeded -or $resultCode -eq 0) { '' } else { 'ResultCode=' + $resultCode }
                RebootRequired = $needsReboot
                AttemptedAt    = (Get-Date -Format 'o')
            }
        }

        $results = @($byKey.Values)

        if ($results.Count -eq 0) {
            Write-Output '[]'
        } else {
            $results | ConvertTo-Json -Compress
        }
2026-08-09 04:06:05.698 -05:00 [INF] (Thread 31) WindowsUpdateWorker: no updates installed — system reboot is already pending.
2026-08-09 04:06:05.699 -05:00 [INF] (Thread 31) WindowsUpdateWorker: pass complete. Total=1 Succeeded=1 Failed=0 Skipped=0
2026-08-09 04:06:05.700 -05:00 [INF] (Thread 31) WingetWorker: skipping — last run was 2026-08-06T22:50:11.8754628Z (less than 7 days ago).
2026-08-09 04:06:05.700 -05:00 [INF] (Thread 31) UpdateOrchestrator: cycle complete. Total=1 Succeeded=1 Failed=0 RebootRequired=true
2026-08-09 04:06:05.700 -05:00 [INF] (Thread 31) UpdateOrchestrator: reboot required but today is not an allowed reboot day per RebootDoW — skipping notification until the next allowed day.
2026-08-09 04:06:05.700 -05:00 [INF] (Thread 31) UpdateBackgroundService: next cycle in "01:00:00".
2026-08-09 05:06:05.712 -05:00 [INF] (Thread 28) SelfUpdater: checking for updates. Current version: 1.26.586.697
2026-08-09 05:06:05.866 -05:00 [INF] (Thread 23) SelfUpdater: remote version = 1.26.586.697.
2026-08-09 05:06:05.866 -05:00 [INF] (Thread 23) SelfUpdater: already up to date.
2026-08-09 05:06:05.866 -05:00 [INF] (Thread 23) UpdateOrchestrator: === Update cycle starting ===
2026-08-09 05:06:05.866 -05:00 [INF] (Thread 23) WindowsUpdateWorker: starting update pass.
2026-08-09 05:06:05.866 -05:00 [INF] (Thread 23) WindowsUpdateWorker: verifying PSWindowsUpdate module.
2026-08-09 05:06:05.869 -05:00 [DBG] (Thread 23) WindowsUpdateWorker: running PS script: $ProgressPreference = 'SilentlyContinue'
            $ErrorActionPreference = 'Stop'
            try {
                if (-not (Get-PackageProvider -Name NuGet -ListAvailable -ErrorAction SilentlyContinue)) {
                    Install-PackageProvider -Name NuGet -MinimumVersion 2.8.5.201 -Force -Scope AllUsers | Out-Null
                }
                Set-PSRepository -Name PSGallery -InstallationPolicy Trusted -ErrorAction SilentlyContinue
                if (-not (Get-Module -ListAvailable -Name PSWindowsUpdate -ErrorAction SilentlyContinue)) {
                    Install-Module PSWindowsUpdate -Force -SkipPublisherCheck -Scope AllUsers | Out-Null
                }
                Import-Module PSWindowsUpdate -Force -ErrorAction Stop
                try {
                    Add-WUServiceManager -MicrosoftUpdate -Confirm:$false -ErrorAction SilentlyContinue | Out-Null
                } catch {}
                Write-Output 'OK'
            } catch {
                Write-Output ('ERROR: ' + $_.Exception.Message)
            }
2026-08-09 05:06:41.068 -05:00 [INF] (Thread 28) WindowsUpdateWorker: PSWindowsUpdate module OK.
2026-08-09 05:06:41.070 -05:00 [DBG] (Thread 28) WindowsUpdateWorker: running PS script: Import-Module PSWindowsUpdate -ErrorAction Stop
        $ProgressPreference = 'SilentlyContinue'

        # Force the Windows Update Agent to scan before installing.
        # Fixes 0x80248007 (WU_E_DS_NODATA) on fresh builds or machines
        # whose update data store has not been initialised yet.
        try {
            Start-Process -FilePath 'UsoClient.exe' `
                -ArgumentList 'StartScan' `
                -Wait -NoNewWindow -ErrorAction SilentlyContinue
            Start-Sleep -Seconds 30
        } catch {}

        # 2>&1 merges stderr into the pipeline mixing strings with update
        # objects -- we filter them out in the foreach loop below.
        $rawOutput = Install-WindowsUpdate `
            -MicrosoftUpdate `
            -AcceptAll `
            -IgnoreReboot `
            -Install `
            -ErrorAction Continue 2>&1

        # Use a hashtable keyed on Title to keep only the LAST result per update.
        # PSWindowsUpdate emits objects at multiple pipeline stages (search, download,
        # install); overwriting ensures we capture the final post-install ResultCode
        # rather than an early ResultCode=0 (NotStarted).
        $byKey = @{}

        foreach ($u in $rawOutput) {
            if ($null -eq $u -or $u -isnot [PSObject]) { continue }
            if (-not ($u.PSObject.Properties.Name -contains 'Title')) { continue }
            if ([string]::IsNullOrWhiteSpace($u.Title)) { continue }

            $resultCode = 0
            try { $resultCode = [int]$u.ResultCode } catch { $resultCode = 4 }
            $succeeded = ($resultCode -eq 2 -or $resultCode -eq 3)

            # ResultCode=0 means NotStarted — treat as Skipped, not Failed.
            $status = if ($succeeded) { 'Succeeded' } elseif ($resultCode -eq 0) { 'Skipped' } else { 'Failed' }

            $kb = ''
            try {
                if ($u.KBArticleIDs -and $u.KBArticleIDs.Count -gt 0) {
                    $kb = 'KB' + $u.KBArticleIDs[0]
                }
            } catch {}

            $needsReboot = $false
            try { $needsReboot = [bool]$u.RebootRequired } catch {}

            $byKey[$u.Title] = [PSCustomObject]@{
                Identifier     = $kb
                Title          = [string]$u.Title
                Status         = $status
                ErrorMessage   = if ($succeeded -or $resultCode -eq 0) { '' } else { 'ResultCode=' + $resultCode }
                RebootRequired = $needsReboot
                AttemptedAt    = (Get-Date -Format 'o')
            }
        }

        $results = @($byKey.Values)

        if ($results.Count -eq 0) {
            Write-Output '[]'
        } else {
            $results | ConvertTo-Json -Compress
        }
2026-08-09 05:07:44.334 -05:00 [INF] (Thread 29) WindowsUpdateWorker: no updates installed — system reboot is already pending.
2026-08-09 05:07:44.334 -05:00 [INF] (Thread 29) WindowsUpdateWorker: pass complete. Total=1 Succeeded=1 Failed=0 Skipped=0
2026-08-09 05:07:44.335 -05:00 [INF] (Thread 29) WingetWorker: skipping — last run was 2026-08-06T22:50:11.8754628Z (less than 7 days ago).
2026-08-09 05:07:44.335 -05:00 [INF] (Thread 29) UpdateOrchestrator: cycle complete. Total=1 Succeeded=1 Failed=0 RebootRequired=true
2026-08-09 05:07:44.335 -05:00 [INF] (Thread 29) UpdateOrchestrator: reboot required but today is not an allowed reboot day per RebootDoW — skipping notification until the next allowed day.
2026-08-09 05:07:44.335 -05:00 [INF] (Thread 29) UpdateBackgroundService: next cycle in "01:00:00".
2026-08-09 06:07:44.340 -05:00 [INF] (Thread 23) SelfUpdater: checking for updates. Current version: 1.26.586.697
2026-08-09 06:07:44.468 -05:00 [INF] (Thread 19) SelfUpdater: remote version = 1.26.586.697.
2026-08-09 06:07:44.469 -05:00 [INF] (Thread 19) SelfUpdater: already up to date.
2026-08-09 06:07:44.469 -05:00 [INF] (Thread 19) UpdateOrchestrator: === Update cycle starting ===
2026-08-09 06:07:44.469 -05:00 [INF] (Thread 19) WindowsUpdateWorker: starting update pass.
2026-08-09 06:07:44.469 -05:00 [INF] (Thread 19) WindowsUpdateWorker: verifying PSWindowsUpdate module.
2026-08-09 06:07:44.471 -05:00 [DBG] (Thread 19) WindowsUpdateWorker: running PS script: $ProgressPreference = 'SilentlyContinue'
            $ErrorActionPreference = 'Stop'
            try {
                if (-not (Get-PackageProvider -Name NuGet -ListAvailable -ErrorAction SilentlyContinue)) {
                    Install-PackageProvider -Name NuGet -MinimumVersion 2.8.5.201 -Force -Scope AllUsers | Out-Null
                }
                Set-PSRepository -Name PSGallery -InstallationPolicy Trusted -ErrorAction SilentlyContinue
                if (-not (Get-Module -ListAvailable -Name PSWindowsUpdate -ErrorAction SilentlyContinue)) {
                    Install-Module PSWindowsUpdate -Force -SkipPublisherCheck -Scope AllUsers | Out-Null
                }
                Import-Module PSWindowsUpdate -Force -ErrorAction Stop
                try {
                    Add-WUServiceManager -MicrosoftUpdate -Confirm:$false -ErrorAction SilentlyContinue | Out-Null
                } catch {}
                Write-Output 'OK'
            } catch {
                Write-Output ('ERROR: ' + $_.Exception.Message)
            }
2026-08-09 06:08:18.739 -05:00 [INF] (Thread 19) WindowsUpdateWorker: PSWindowsUpdate module OK.
2026-08-09 06:08:18.741 -05:00 [DBG] (Thread 19) WindowsUpdateWorker: running PS script: Import-Module PSWindowsUpdate -ErrorAction Stop
        $ProgressPreference = 'SilentlyContinue'

        # Force the Windows Update Agent to scan before installing.
        # Fixes 0x80248007 (WU_E_DS_NODATA) on fresh builds or machines
        # whose update data store has not been initialised yet.
        try {
            Start-Process -FilePath 'UsoClient.exe' `
                -ArgumentList 'StartScan' `
                -Wait -NoNewWindow -ErrorAction SilentlyContinue
            Start-Sleep -Seconds 30
        } catch {}

        # 2>&1 merges stderr into the pipeline mixing strings with update
        # objects -- we filter them out in the foreach loop below.
        $rawOutput = Install-WindowsUpdate `
            -MicrosoftUpdate `
            -AcceptAll `
            -IgnoreReboot `
            -Install `
            -ErrorAction Continue 2>&1

        # Use a hashtable keyed on Title to keep only the LAST result per update.
        # PSWindowsUpdate emits objects at multiple pipeline stages (search, download,
        # install); overwriting ensures we capture the final post-install ResultCode
        # rather than an early ResultCode=0 (NotStarted).
        $byKey = @{}

        foreach ($u in $rawOutput) {
            if ($null -eq $u -or $u -isnot [PSObject]) { continue }
            if (-not ($u.PSObject.Properties.Name -contains 'Title')) { continue }
            if ([string]::IsNullOrWhiteSpace($u.Title)) { continue }

            $resultCode = 0
            try { $resultCode = [int]$u.ResultCode } catch { $resultCode = 4 }
            $succeeded = ($resultCode -eq 2 -or $resultCode -eq 3)

            # ResultCode=0 means NotStarted — treat as Skipped, not Failed.
            $status = if ($succeeded) { 'Succeeded' } elseif ($resultCode -eq 0) { 'Skipped' } else { 'Failed' }

            $kb = ''
            try {
                if ($u.KBArticleIDs -and $u.KBArticleIDs.Count -gt 0) {
                    $kb = 'KB' + $u.KBArticleIDs[0]
                }
            } catch {}

            $needsReboot = $false
            try { $needsReboot = [bool]$u.RebootRequired } catch {}

            $byKey[$u.Title] = [PSCustomObject]@{
                Identifier     = $kb
                Title          = [string]$u.Title
                Status         = $status
                ErrorMessage   = if ($succeeded -or $resultCode -eq 0) { '' } else { 'ResultCode=' + $resultCode }
                RebootRequired = $needsReboot
                AttemptedAt    = (Get-Date -Format 'o')
            }
        }

        $results = @($byKey.Values)

        if ($results.Count -eq 0) {
            Write-Output '[]'
        } else {
            $results | ConvertTo-Json -Compress
        }
2026-08-09 06:09:23.346 -05:00 [INF] (Thread 19) WindowsUpdateWorker: no updates installed — system reboot is already pending.
2026-08-09 06:09:23.347 -05:00 [INF] (Thread 19) WindowsUpdateWorker: pass complete. Total=1 Succeeded=1 Failed=0 Skipped=0
2026-08-09 06:09:23.347 -05:00 [INF] (Thread 19) WingetWorker: skipping — last run was 2026-08-06T22:50:11.8754628Z (less than 7 days ago).
2026-08-09 06:09:23.347 -05:00 [INF] (Thread 19) UpdateOrchestrator: cycle complete. Total=1 Succeeded=1 Failed=0 RebootRequired=true
2026-08-09 06:09:23.347 -05:00 [INF] (Thread 19) UpdateOrchestrator: reboot required but today is not an allowed reboot day per RebootDoW — skipping notification until the next allowed day.
2026-08-09 06:09:23.348 -05:00 [INF] (Thread 19) UpdateBackgroundService: next cycle in "01:00:00".
2026-08-09 07:09:23.357 -05:00 [INF] (Thread 27) SelfUpdater: checking for updates. Current version: 1.26.586.697
2026-08-09 07:09:23.499 -05:00 [INF] (Thread 27) SelfUpdater: remote version = 1.26.586.697.
2026-08-09 07:09:23.499 -05:00 [INF] (Thread 27) SelfUpdater: already up to date.
2026-08-09 07:09:23.499 -05:00 [INF] (Thread 27) UpdateOrchestrator: === Update cycle starting ===
2026-08-09 07:09:23.499 -05:00 [INF] (Thread 27) WindowsUpdateWorker: starting update pass.
2026-08-09 07:09:23.499 -05:00 [INF] (Thread 27) WindowsUpdateWorker: verifying PSWindowsUpdate module.
2026-08-09 07:09:23.502 -05:00 [DBG] (Thread 27) WindowsUpdateWorker: running PS script: $ProgressPreference = 'SilentlyContinue'
            $ErrorActionPreference = 'Stop'
            try {
                if (-not (Get-PackageProvider -Name NuGet -ListAvailable -ErrorAction SilentlyContinue)) {
                    Install-PackageProvider -Name NuGet -MinimumVersion 2.8.5.201 -Force -Scope AllUsers | Out-Null
                }
                Set-PSRepository -Name PSGallery -InstallationPolicy Trusted -ErrorAction SilentlyContinue
                if (-not (Get-Module -ListAvailable -Name PSWindowsUpdate -ErrorAction SilentlyContinue)) {
                    Install-Module PSWindowsUpdate -Force -SkipPublisherCheck -Scope AllUsers | Out-Null
                }
                Import-Module PSWindowsUpdate -Force -ErrorAction Stop
                try {
                    Add-WUServiceManager -MicrosoftUpdate -Confirm:$false -ErrorAction SilentlyContinue | Out-Null
                } catch {}
                Write-Output 'OK'
            } catch {
                Write-Output ('ERROR: ' + $_.Exception.Message)
            }
2026-08-09 07:09:56.361 -05:00 [INF] (Thread 26) WindowsUpdateWorker: PSWindowsUpdate module OK.
2026-08-09 07:09:56.363 -05:00 [DBG] (Thread 26) WindowsUpdateWorker: running PS script: Import-Module PSWindowsUpdate -ErrorAction Stop
        $ProgressPreference = 'SilentlyContinue'

        # Force the Windows Update Agent to scan before installing.
        # Fixes 0x80248007 (WU_E_DS_NODATA) on fresh builds or machines
        # whose update data store has not been initialised yet.
        try {
            Start-Process -FilePath 'UsoClient.exe' `
                -ArgumentList 'StartScan' `
                -Wait -NoNewWindow -ErrorAction SilentlyContinue
            Start-Sleep -Seconds 30
        } catch {}

        # 2>&1 merges stderr into the pipeline mixing strings with update
        # objects -- we filter them out in the foreach loop below.
        $rawOutput = Install-WindowsUpdate `
            -MicrosoftUpdate `
            -AcceptAll `
            -IgnoreReboot `
            -Install `
            -ErrorAction Continue 2>&1

        # Use a hashtable keyed on Title to keep only the LAST result per update.
        # PSWindowsUpdate emits objects at multiple pipeline stages (search, download,
        # install); overwriting ensures we capture the final post-install ResultCode
        # rather than an early ResultCode=0 (NotStarted).
        $byKey = @{}

        foreach ($u in $rawOutput) {
            if ($null -eq $u -or $u -isnot [PSObject]) { continue }
            if (-not ($u.PSObject.Properties.Name -contains 'Title')) { continue }
            if ([string]::IsNullOrWhiteSpace($u.Title)) { continue }

            $resultCode = 0
            try { $resultCode = [int]$u.ResultCode } catch { $resultCode = 4 }
            $succeeded = ($resultCode -eq 2 -or $resultCode -eq 3)

            # ResultCode=0 means NotStarted — treat as Skipped, not Failed.
            $status = if ($succeeded) { 'Succeeded' } elseif ($resultCode -eq 0) { 'Skipped' } else { 'Failed' }

            $kb = ''
            try {
                if ($u.KBArticleIDs -and $u.KBArticleIDs.Count -gt 0) {
                    $kb = 'KB' + $u.KBArticleIDs[0]
                }
            } catch {}

            $needsReboot = $false
            try { $needsReboot = [bool]$u.RebootRequired } catch {}

            $byKey[$u.Title] = [PSCustomObject]@{
                Identifier     = $kb
                Title          = [string]$u.Title
                Status         = $status
                ErrorMessage   = if ($succeeded -or $resultCode -eq 0) { '' } else { 'ResultCode=' + $resultCode }
                RebootRequired = $needsReboot
                AttemptedAt    = (Get-Date -Format 'o')
            }
        }

        $results = @($byKey.Values)

        if ($results.Count -eq 0) {
            Write-Output '[]'
        } else {
            $results | ConvertTo-Json -Compress
        }
2026-08-09 07:10:59.252 -05:00 [INF] (Thread 10) WindowsUpdateWorker: no updates installed — system reboot is already pending.
2026-08-09 07:10:59.252 -05:00 [INF] (Thread 10) WindowsUpdateWorker: pass complete. Total=1 Succeeded=1 Failed=0 Skipped=0
2026-08-09 07:10:59.253 -05:00 [INF] (Thread 10) WingetWorker: skipping — last run was 2026-08-06T22:50:11.8754628Z (less than 7 days ago).
2026-08-09 07:10:59.253 -05:00 [INF] (Thread 10) UpdateOrchestrator: cycle complete. Total=1 Succeeded=1 Failed=0 RebootRequired=true
2026-08-09 07:10:59.253 -05:00 [INF] (Thread 10) UpdateOrchestrator: reboot required but today is not an allowed reboot day per RebootDoW — skipping notification until the next allowed day.
2026-08-09 07:10:59.253 -05:00 [INF] (Thread 10) UpdateBackgroundService: next cycle in "01:00:00".
2026-08-09 08:10:59.269 -05:00 [INF] (Thread 10) SelfUpdater: checking for updates. Current version: 1.26.586.697
2026-08-09 08:10:59.391 -05:00 [INF] (Thread 17) SelfUpdater: remote version = 1.26.586.697.
2026-08-09 08:10:59.391 -05:00 [INF] (Thread 17) SelfUpdater: already up to date.
2026-08-09 08:10:59.391 -05:00 [INF] (Thread 17) UpdateOrchestrator: === Update cycle starting ===
2026-08-09 08:10:59.391 -05:00 [INF] (Thread 17) WindowsUpdateWorker: starting update pass.
2026-08-09 08:10:59.391 -05:00 [INF] (Thread 17) WindowsUpdateWorker: verifying PSWindowsUpdate module.
2026-08-09 08:10:59.394 -05:00 [DBG] (Thread 17) WindowsUpdateWorker: running PS script: $ProgressPreference = 'SilentlyContinue'
            $ErrorActionPreference = 'Stop'
            try {
                if (-not (Get-PackageProvider -Name NuGet -ListAvailable -ErrorAction SilentlyContinue)) {
                    Install-PackageProvider -Name NuGet -MinimumVersion 2.8.5.201 -Force -Scope AllUsers | Out-Null
                }
                Set-PSRepository -Name PSGallery -InstallationPolicy Trusted -ErrorAction SilentlyContinue
                if (-not (Get-Module -ListAvailable -Name PSWindowsUpdate -ErrorAction SilentlyContinue)) {
                    Install-Module PSWindowsUpdate -Force -SkipPublisherCheck -Scope AllUsers | Out-Null
                }
                Import-Module PSWindowsUpdate -Force -ErrorAction Stop
                try {
                    Add-WUServiceManager -MicrosoftUpdate -Confirm:$false -ErrorAction SilentlyContinue | Out-Null
                } catch {}
                Write-Output 'OK'
            } catch {
                Write-Output ('ERROR: ' + $_.Exception.Message)
            }
2026-08-09 08:11:30.850 -05:00 [INF] (Thread 17) WindowsUpdateWorker: PSWindowsUpdate module OK.
2026-08-09 08:11:30.853 -05:00 [DBG] (Thread 17) WindowsUpdateWorker: running PS script: Import-Module PSWindowsUpdate -ErrorAction Stop
        $ProgressPreference = 'SilentlyContinue'

        # Force the Windows Update Agent to scan before installing.
        # Fixes 0x80248007 (WU_E_DS_NODATA) on fresh builds or machines
        # whose update data store has not been initialised yet.
        try {
            Start-Process -FilePath 'UsoClient.exe' `
                -ArgumentList 'StartScan' `
                -Wait -NoNewWindow -ErrorAction SilentlyContinue
            Start-Sleep -Seconds 30
        } catch {}

        # 2>&1 merges stderr into the pipeline mixing strings with update
        # objects -- we filter them out in the foreach loop below.
        $rawOutput = Install-WindowsUpdate `
            -MicrosoftUpdate `
            -AcceptAll `
            -IgnoreReboot `
            -Install `
            -ErrorAction Continue 2>&1

        # Use a hashtable keyed on Title to keep only the LAST result per update.
        # PSWindowsUpdate emits objects at multiple pipeline stages (search, download,
        # install); overwriting ensures we capture the final post-install ResultCode
        # rather than an early ResultCode=0 (NotStarted).
        $byKey = @{}

        foreach ($u in $rawOutput) {
            if ($null -eq $u -or $u -isnot [PSObject]) { continue }
            if (-not ($u.PSObject.Properties.Name -contains 'Title')) { continue }
            if ([string]::IsNullOrWhiteSpace($u.Title)) { continue }

            $resultCode = 0
            try { $resultCode = [int]$u.ResultCode } catch { $resultCode = 4 }
            $succeeded = ($resultCode -eq 2 -or $resultCode -eq 3)

            # ResultCode=0 means NotStarted — treat as Skipped, not Failed.
            $status = if ($succeeded) { 'Succeeded' } elseif ($resultCode -eq 0) { 'Skipped' } else { 'Failed' }

            $kb = ''
            try {
                if ($u.KBArticleIDs -and $u.KBArticleIDs.Count -gt 0) {
                    $kb = 'KB' + $u.KBArticleIDs[0]
                }
            } catch {}

            $needsReboot = $false
            try { $needsReboot = [bool]$u.RebootRequired } catch {}

            $byKey[$u.Title] = [PSCustomObject]@{
                Identifier     = $kb
                Title          = [string]$u.Title
                Status         = $status
                ErrorMessage   = if ($succeeded -or $resultCode -eq 0) { '' } else { 'ResultCode=' + $resultCode }
                RebootRequired = $needsReboot
                AttemptedAt    = (Get-Date -Format 'o')
            }
        }

        $results = @($byKey.Values)

        if ($results.Count -eq 0) {
            Write-Output '[]'
        } else {
            $results | ConvertTo-Json -Compress
        }
2026-08-09 08:12:32.301 -05:00 [INF] (Thread 10) WindowsUpdateWorker: no updates installed — system reboot is already pending.
2026-08-09 08:12:32.301 -05:00 [INF] (Thread 10) WindowsUpdateWorker: pass complete. Total=1 Succeeded=1 Failed=0 Skipped=0
2026-08-09 08:12:32.301 -05:00 [INF] (Thread 10) WingetWorker: skipping — last run was 2026-08-06T22:50:11.8754628Z (less than 7 days ago).
2026-08-09 08:12:32.301 -05:00 [INF] (Thread 10) UpdateOrchestrator: cycle complete. Total=1 Succeeded=1 Failed=0 RebootRequired=true
2026-08-09 08:12:32.301 -05:00 [INF] (Thread 10) UpdateOrchestrator: reboot required but today is not an allowed reboot day per RebootDoW — skipping notification until the next allowed day.
2026-08-09 08:12:32.302 -05:00 [INF] (Thread 10) UpdateBackgroundService: next cycle in "01:00:00".
2026-08-09 09:12:32.313 -05:00 [INF] (Thread 14) SelfUpdater: checking for updates. Current version: 1.26.586.697
2026-08-09 09:12:32.426 -05:00 [INF] (Thread 14) SelfUpdater: remote version = 1.26.586.697.
2026-08-09 09:12:32.427 -05:00 [INF] (Thread 14) SelfUpdater: already up to date.
2026-08-09 09:12:32.427 -05:00 [INF] (Thread 14) UpdateOrchestrator: === Update cycle starting ===
2026-08-09 09:12:32.427 -05:00 [INF] (Thread 14) WindowsUpdateWorker: starting update pass.
2026-08-09 09:12:32.427 -05:00 [INF] (Thread 14) WindowsUpdateWorker: verifying PSWindowsUpdate module.
2026-08-09 09:12:32.429 -05:00 [DBG] (Thread 14) WindowsUpdateWorker: running PS script: $ProgressPreference = 'SilentlyContinue'
            $ErrorActionPreference = 'Stop'
            try {
                if (-not (Get-PackageProvider -Name NuGet -ListAvailable -ErrorAction SilentlyContinue)) {
                    Install-PackageProvider -Name NuGet -MinimumVersion 2.8.5.201 -Force -Scope AllUsers | Out-Null
                }
                Set-PSRepository -Name PSGallery -InstallationPolicy Trusted -ErrorAction SilentlyContinue
                if (-not (Get-Module -ListAvailable -Name PSWindowsUpdate -ErrorAction SilentlyContinue)) {
                    Install-Module PSWindowsUpdate -Force -SkipPublisherCheck -Scope AllUsers | Out-Null
                }
                Import-Module PSWindowsUpdate -Force -ErrorAction Stop
                try {
                    Add-WUServiceManager -MicrosoftUpdate -Confirm:$false -ErrorAction SilentlyContinue | Out-Null
                } catch {}
                Write-Output 'OK'
            } catch {
                Write-Output ('ERROR: ' + $_.Exception.Message)
            }
2026-08-09 09:13:05.869 -05:00 [INF] (Thread 14) WindowsUpdateWorker: PSWindowsUpdate module OK.
2026-08-09 09:13:05.871 -05:00 [DBG] (Thread 14) WindowsUpdateWorker: running PS script: Import-Module PSWindowsUpdate -ErrorAction Stop
        $ProgressPreference = 'SilentlyContinue'

        # Force the Windows Update Agent to scan before installing.
        # Fixes 0x80248007 (WU_E_DS_NODATA) on fresh builds or machines
        # whose update data store has not been initialised yet.
        try {
            Start-Process -FilePath 'UsoClient.exe' `
                -ArgumentList 'StartScan' `
                -Wait -NoNewWindow -ErrorAction SilentlyContinue
            Start-Sleep -Seconds 30
        } catch {}

        # 2>&1 merges stderr into the pipeline mixing strings with update
        # objects -- we filter them out in the foreach loop below.
        $rawOutput = Install-WindowsUpdate `
            -MicrosoftUpdate `
            -AcceptAll `
            -IgnoreReboot `
            -Install `
            -ErrorAction Continue 2>&1

        # Use a hashtable keyed on Title to keep only the LAST result per update.
        # PSWindowsUpdate emits objects at multiple pipeline stages (search, download,
        # install); overwriting ensures we capture the final post-install ResultCode
        # rather than an early ResultCode=0 (NotStarted).
        $byKey = @{}

        foreach ($u in $rawOutput) {
            if ($null -eq $u -or $u -isnot [PSObject]) { continue }
            if (-not ($u.PSObject.Properties.Name -contains 'Title')) { continue }
            if ([string]::IsNullOrWhiteSpace($u.Title)) { continue }

            $resultCode = 0
            try { $resultCode = [int]$u.ResultCode } catch { $resultCode = 4 }
            $succeeded = ($resultCode -eq 2 -or $resultCode -eq 3)

            # ResultCode=0 means NotStarted — treat as Skipped, not Failed.
            $status = if ($succeeded) { 'Succeeded' } elseif ($resultCode -eq 0) { 'Skipped' } else { 'Failed' }

            $kb = ''
            try {
                if ($u.KBArticleIDs -and $u.KBArticleIDs.Count -gt 0) {
                    $kb = 'KB' + $u.KBArticleIDs[0]
                }
            } catch {}

            $needsReboot = $false
            try { $needsReboot = [bool]$u.RebootRequired } catch {}

            $byKey[$u.Title] = [PSCustomObject]@{
                Identifier     = $kb
                Title          = [string]$u.Title
                Status         = $status
                ErrorMessage   = if ($succeeded -or $resultCode -eq 0) { '' } else { 'ResultCode=' + $resultCode }
                RebootRequired = $needsReboot
                AttemptedAt    = (Get-Date -Format 'o')
            }
        }

        $results = @($byKey.Values)

        if ($results.Count -eq 0) {
            Write-Output '[]'
        } else {
            $results | ConvertTo-Json -Compress
        }
2026-08-09 09:14:19.634 -05:00 [INF] (Thread 20) WindowsUpdateWorker: no updates installed — system reboot is already pending.
2026-08-09 09:14:19.634 -05:00 [INF] (Thread 20) WindowsUpdateWorker: pass complete. Total=1 Succeeded=1 Failed=0 Skipped=0
2026-08-09 09:14:19.635 -05:00 [INF] (Thread 20) WingetWorker: skipping — last run was 2026-08-06T22:50:11.8754628Z (less than 7 days ago).
2026-08-09 09:14:19.635 -05:00 [INF] (Thread 20) UpdateOrchestrator: cycle complete. Total=1 Succeeded=1 Failed=0 RebootRequired=true
2026-08-09 09:14:19.635 -05:00 [INF] (Thread 20) UpdateOrchestrator: reboot required but today is not an allowed reboot day per RebootDoW — skipping notification until the next allowed day.
2026-08-09 09:14:19.635 -05:00 [INF] (Thread 20) UpdateBackgroundService: next cycle in "01:00:00".
2026-08-09 10:14:19.865 -05:00 [INF] (Thread 21) SelfUpdater: checking for updates. Current version: 1.26.586.697
2026-08-09 10:14:20.033 -05:00 [INF] (Thread 20) SelfUpdater: remote version = 1.26.586.697.
2026-08-09 10:14:20.033 -05:00 [INF] (Thread 20) SelfUpdater: already up to date.
2026-08-09 10:14:20.033 -05:00 [INF] (Thread 20) UpdateOrchestrator: === Update cycle starting ===
2026-08-09 10:14:20.033 -05:00 [INF] (Thread 20) WindowsUpdateWorker: starting update pass.
2026-08-09 10:14:20.033 -05:00 [INF] (Thread 20) WindowsUpdateWorker: verifying PSWindowsUpdate module.
2026-08-09 10:14:20.036 -05:00 [DBG] (Thread 20) WindowsUpdateWorker: running PS script: $ProgressPreference = 'SilentlyContinue'
            $ErrorActionPreference = 'Stop'
            try {
                if (-not (Get-PackageProvider -Name NuGet -ListAvailable -ErrorAction SilentlyContinue)) {
                    Install-PackageProvider -Name NuGet -MinimumVersion 2.8.5.201 -Force -Scope AllUsers | Out-Null
                }
                Set-PSRepository -Name PSGallery -InstallationPolicy Trusted -ErrorAction SilentlyContinue
                if (-not (Get-Module -ListAvailable -Name PSWindowsUpdate -ErrorAction SilentlyContinue)) {
                    Install-Module PSWindowsUpdate -Force -SkipPublisherCheck -Scope AllUsers | Out-Null
                }
                Import-Module PSWindowsUpdate -Force -ErrorAction Stop
                try {
                    Add-WUServiceManager -MicrosoftUpdate -Confirm:$false -ErrorAction SilentlyContinue | Out-Null
                } catch {}
                Write-Output 'OK'
            } catch {
                Write-Output ('ERROR: ' + $_.Exception.Message)
            }
2026-08-09 10:14:55.061 -05:00 [INF] (Thread 21) WindowsUpdateWorker: PSWindowsUpdate module OK.
2026-08-09 10:14:55.062 -05:00 [DBG] (Thread 21) WindowsUpdateWorker: running PS script: Import-Module PSWindowsUpdate -ErrorAction Stop
        $ProgressPreference = 'SilentlyContinue'

        # Force the Windows Update Agent to scan before installing.
        # Fixes 0x80248007 (WU_E_DS_NODATA) on fresh builds or machines
        # whose update data store has not been initialised yet.
        try {
            Start-Process -FilePath 'UsoClient.exe' `
                -ArgumentList 'StartScan' `
                -Wait -NoNewWindow -ErrorAction SilentlyContinue
            Start-Sleep -Seconds 30
        } catch {}

        # 2>&1 merges stderr into the pipeline mixing strings with update
        # objects -- we filter them out in the foreach loop below.
        $rawOutput = Install-WindowsUpdate `
            -MicrosoftUpdate `
            -AcceptAll `
            -IgnoreReboot `
            -Install `
            -ErrorAction Continue 2>&1

        # Use a hashtable keyed on Title to keep only the LAST result per update.
        # PSWindowsUpdate emits objects at multiple pipeline stages (search, download,
        # install); overwriting ensures we capture the final post-install ResultCode
        # rather than an early ResultCode=0 (NotStarted).
        $byKey = @{}

        foreach ($u in $rawOutput) {
            if ($null -eq $u -or $u -isnot [PSObject]) { continue }
            if (-not ($u.PSObject.Properties.Name -contains 'Title')) { continue }
            if ([string]::IsNullOrWhiteSpace($u.Title)) { continue }

            $resultCode = 0
            try { $resultCode = [int]$u.ResultCode } catch { $resultCode = 4 }
            $succeeded = ($resultCode -eq 2 -or $resultCode -eq 3)

            # ResultCode=0 means NotStarted — treat as Skipped, not Failed.
            $status = if ($succeeded) { 'Succeeded' } elseif ($resultCode -eq 0) { 'Skipped' } else { 'Failed' }

            $kb = ''
            try {
                if ($u.KBArticleIDs -and $u.KBArticleIDs.Count -gt 0) {
                    $kb = 'KB' + $u.KBArticleIDs[0]
                }
            } catch {}

            $needsReboot = $false
            try { $needsReboot = [bool]$u.RebootRequired } catch {}

            $byKey[$u.Title] = [PSCustomObject]@{
                Identifier     = $kb
                Title          = [string]$u.Title
                Status         = $status
                ErrorMessage   = if ($succeeded -or $resultCode -eq 0) { '' } else { 'ResultCode=' + $resultCode }
                RebootRequired = $needsReboot
                AttemptedAt    = (Get-Date -Format 'o')
            }
        }

        $results = @($byKey.Values)

        if ($results.Count -eq 0) {
            Write-Output '[]'
        } else {
            $results | ConvertTo-Json -Compress
        }
2026-08-09 10:15:58.008 -05:00 [INF] (Thread 14) WindowsUpdateWorker: no updates installed — system reboot is already pending.
2026-08-09 10:15:58.008 -05:00 [INF] (Thread 14) WindowsUpdateWorker: pass complete. Total=1 Succeeded=1 Failed=0 Skipped=0
2026-08-09 10:15:58.008 -05:00 [INF] (Thread 14) WingetWorker: skipping — last run was 2026-08-06T22:50:11.8754628Z (less than 7 days ago).
2026-08-09 10:15:58.008 -05:00 [INF] (Thread 14) UpdateOrchestrator: cycle complete. Total=1 Succeeded=1 Failed=0 RebootRequired=true
2026-08-09 10:15:58.009 -05:00 [INF] (Thread 14) UpdateOrchestrator: reboot required but today is not an allowed reboot day per RebootDoW — skipping notification until the next allowed day.
2026-08-09 10:15:58.009 -05:00 [INF] (Thread 14) UpdateBackgroundService: next cycle in "01:00:00".
2026-08-09 11:15:58.009 -05:00 [INF] (Thread 14) SelfUpdater: checking for updates. Current version: 1.26.586.697
2026-08-09 11:15:58.192 -05:00 [INF] (Thread 14) SelfUpdater: remote version = 1.26.586.697.
2026-08-09 11:15:58.193 -05:00 [INF] (Thread 14) SelfUpdater: already up to date.
2026-08-09 11:15:58.193 -05:00 [INF] (Thread 14) UpdateOrchestrator: === Update cycle starting ===
2026-08-09 11:15:58.193 -05:00 [INF] (Thread 14) WindowsUpdateWorker: starting update pass.
2026-08-09 11:15:58.193 -05:00 [INF] (Thread 14) WindowsUpdateWorker: verifying PSWindowsUpdate module.
2026-08-09 11:15:58.194 -05:00 [DBG] (Thread 14) WindowsUpdateWorker: running PS script: $ProgressPreference = 'SilentlyContinue'
            $ErrorActionPreference = 'Stop'
            try {
                if (-not (Get-PackageProvider -Name NuGet -ListAvailable -ErrorAction SilentlyContinue)) {
                    Install-PackageProvider -Name NuGet -MinimumVersion 2.8.5.201 -Force -Scope AllUsers | Out-Null
                }
                Set-PSRepository -Name PSGallery -InstallationPolicy Trusted -ErrorAction SilentlyContinue
                if (-not (Get-Module -ListAvailable -Name PSWindowsUpdate -ErrorAction SilentlyContinue)) {
                    Install-Module PSWindowsUpdate -Force -SkipPublisherCheck -Scope AllUsers | Out-Null
                }
                Import-Module PSWindowsUpdate -Force -ErrorAction Stop
                try {
                    Add-WUServiceManager -MicrosoftUpdate -Confirm:$false -ErrorAction SilentlyContinue | Out-Null
                } catch {}
                Write-Output 'OK'
            } catch {
                Write-Output ('ERROR: ' + $_.Exception.Message)
            }
2026-08-09 11:16:32.382 -05:00 [INF] (Thread 14) WindowsUpdateWorker: PSWindowsUpdate module OK.
2026-08-09 11:16:32.385 -05:00 [DBG] (Thread 14) WindowsUpdateWorker: running PS script: Import-Module PSWindowsUpdate -ErrorAction Stop
        $ProgressPreference = 'SilentlyContinue'

        # Force the Windows Update Agent to scan before installing.
        # Fixes 0x80248007 (WU_E_DS_NODATA) on fresh builds or machines
        # whose update data store has not been initialised yet.
        try {
            Start-Process -FilePath 'UsoClient.exe' `
                -ArgumentList 'StartScan' `
                -Wait -NoNewWindow -ErrorAction SilentlyContinue
            Start-Sleep -Seconds 30
        } catch {}

        # 2>&1 merges stderr into the pipeline mixing strings with update
        # objects -- we filter them out in the foreach loop below.
        $rawOutput = Install-WindowsUpdate `
            -MicrosoftUpdate `
            -AcceptAll `
            -IgnoreReboot `
            -Install `
            -ErrorAction Continue 2>&1

        # Use a hashtable keyed on Title to keep only the LAST result per update.
        # PSWindowsUpdate emits objects at multiple pipeline stages (search, download,
        # install); overwriting ensures we capture the final post-install ResultCode
        # rather than an early ResultCode=0 (NotStarted).
        $byKey = @{}

        foreach ($u in $rawOutput) {
            if ($null -eq $u -or $u -isnot [PSObject]) { continue }
            if (-not ($u.PSObject.Properties.Name -contains 'Title')) { continue }
            if ([string]::IsNullOrWhiteSpace($u.Title)) { continue }

            $resultCode = 0
            try { $resultCode = [int]$u.ResultCode } catch { $resultCode = 4 }
            $succeeded = ($resultCode -eq 2 -or $resultCode -eq 3)

            # ResultCode=0 means NotStarted — treat as Skipped, not Failed.
            $status = if ($succeeded) { 'Succeeded' } elseif ($resultCode -eq 0) { 'Skipped' } else { 'Failed' }

            $kb = ''
            try {
                if ($u.KBArticleIDs -and $u.KBArticleIDs.Count -gt 0) {
                    $kb = 'KB' + $u.KBArticleIDs[0]
                }
            } catch {}

            $needsReboot = $false
            try { $needsReboot = [bool]$u.RebootRequired } catch {}

            $byKey[$u.Title] = [PSCustomObject]@{
                Identifier     = $kb
                Title          = [string]$u.Title
                Status         = $status
                ErrorMessage   = if ($succeeded -or $resultCode -eq 0) { '' } else { 'ResultCode=' + $resultCode }
                RebootRequired = $needsReboot
                AttemptedAt    = (Get-Date -Format 'o')
            }
        }

        $results = @($byKey.Values)

        if ($results.Count -eq 0) {
            Write-Output '[]'
        } else {
            $results | ConvertTo-Json -Compress
        }
2026-08-09 11:17:40.214 -05:00 [INF] (Thread 10) WindowsUpdateWorker: no updates installed — system reboot is already pending.
2026-08-09 11:17:40.214 -05:00 [INF] (Thread 10) WindowsUpdateWorker: pass complete. Total=1 Succeeded=1 Failed=0 Skipped=0
2026-08-09 11:17:40.215 -05:00 [INF] (Thread 10) WingetWorker: skipping — last run was 2026-08-06T22:50:11.8754628Z (less than 7 days ago).
2026-08-09 11:17:40.215 -05:00 [INF] (Thread 10) UpdateOrchestrator: cycle complete. Total=1 Succeeded=1 Failed=0 RebootRequired=true
2026-08-09 11:17:40.215 -05:00 [INF] (Thread 10) UpdateOrchestrator: reboot required but today is not an allowed reboot day per RebootDoW — skipping notification until the next allowed day.
2026-08-09 11:17:40.215 -05:00 [INF] (Thread 10) UpdateBackgroundService: next cycle in "01:00:00".
2026-08-09 12:17:40.234 -05:00 [INF] (Thread 13) SelfUpdater: checking for updates. Current version: 1.26.586.697
2026-08-09 12:17:40.371 -05:00 [INF] (Thread 19) SelfUpdater: remote version = 1.26.586.697.
2026-08-09 12:17:40.371 -05:00 [INF] (Thread 19) SelfUpdater: already up to date.
2026-08-09 12:17:40.371 -05:00 [INF] (Thread 19) UpdateOrchestrator: === Update cycle starting ===
2026-08-09 12:17:40.371 -05:00 [INF] (Thread 19) WindowsUpdateWorker: starting update pass.
2026-08-09 12:17:40.372 -05:00 [INF] (Thread 19) WindowsUpdateWorker: verifying PSWindowsUpdate module.
2026-08-09 12:17:40.374 -05:00 [DBG] (Thread 19) WindowsUpdateWorker: running PS script: $ProgressPreference = 'SilentlyContinue'
            $ErrorActionPreference = 'Stop'
            try {
                if (-not (Get-PackageProvider -Name NuGet -ListAvailable -ErrorAction SilentlyContinue)) {
                    Install-PackageProvider -Name NuGet -MinimumVersion 2.8.5.201 -Force -Scope AllUsers | Out-Null
                }
                Set-PSRepository -Name PSGallery -InstallationPolicy Trusted -ErrorAction SilentlyContinue
                if (-not (Get-Module -ListAvailable -Name PSWindowsUpdate -ErrorAction SilentlyContinue)) {
                    Install-Module PSWindowsUpdate -Force -SkipPublisherCheck -Scope AllUsers | Out-Null
                }
                Import-Module PSWindowsUpdate -Force -ErrorAction Stop
                try {
                    Add-WUServiceManager -MicrosoftUpdate -Confirm:$false -ErrorAction SilentlyContinue | Out-Null
                } catch {}
                Write-Output 'OK'
            } catch {
                Write-Output ('ERROR: ' + $_.Exception.Message)
            }
2026-08-09 12:18:13.754 -05:00 [INF] (Thread 19) WindowsUpdateWorker: PSWindowsUpdate module OK.
2026-08-09 12:18:13.756 -05:00 [DBG] (Thread 19) WindowsUpdateWorker: running PS script: Import-Module PSWindowsUpdate -ErrorAction Stop
        $ProgressPreference = 'SilentlyContinue'

        # Force the Windows Update Agent to scan before installing.
        # Fixes 0x80248007 (WU_E_DS_NODATA) on fresh builds or machines
        # whose update data store has not been initialised yet.
        try {
            Start-Process -FilePath 'UsoClient.exe' `
                -ArgumentList 'StartScan' `
                -Wait -NoNewWindow -ErrorAction SilentlyContinue
            Start-Sleep -Seconds 30
        } catch {}

        # 2>&1 merges stderr into the pipeline mixing strings with update
        # objects -- we filter them out in the foreach loop below.
        $rawOutput = Install-WindowsUpdate `
            -MicrosoftUpdate `
            -AcceptAll `
            -IgnoreReboot `
            -Install `
            -ErrorAction Continue 2>&1

        # Use a hashtable keyed on Title to keep only the LAST result per update.
        # PSWindowsUpdate emits objects at multiple pipeline stages (search, download,
        # install); overwriting ensures we capture the final post-install ResultCode
        # rather than an early ResultCode=0 (NotStarted).
        $byKey = @{}

        foreach ($u in $rawOutput) {
            if ($null -eq $u -or $u -isnot [PSObject]) { continue }
            if (-not ($u.PSObject.Properties.Name -contains 'Title')) { continue }
            if ([string]::IsNullOrWhiteSpace($u.Title)) { continue }

            $resultCode = 0
            try { $resultCode = [int]$u.ResultCode } catch { $resultCode = 4 }
            $succeeded = ($resultCode -eq 2 -or $resultCode -eq 3)

            # ResultCode=0 means NotStarted — treat as Skipped, not Failed.
            $status = if ($succeeded) { 'Succeeded' } elseif ($resultCode -eq 0) { 'Skipped' } else { 'Failed' }

            $kb = ''
            try {
                if ($u.KBArticleIDs -and $u.KBArticleIDs.Count -gt 0) {
                    $kb = 'KB' + $u.KBArticleIDs[0]
                }
            } catch {}

            $needsReboot = $false
            try { $needsReboot = [bool]$u.RebootRequired } catch {}

            $byKey[$u.Title] = [PSCustomObject]@{
                Identifier     = $kb
                Title          = [string]$u.Title
                Status         = $status
                ErrorMessage   = if ($succeeded -or $resultCode -eq 0) { '' } else { 'ResultCode=' + $resultCode }
                RebootRequired = $needsReboot
                AttemptedAt    = (Get-Date -Format 'o')
            }
        }

        $results = @($byKey.Values)

        if ($results.Count -eq 0) {
            Write-Output '[]'
        } else {
            $results | ConvertTo-Json -Compress
        }
2026-08-09 12:19:26.508 -05:00 [INF] (Thread 13) WindowsUpdateWorker: no updates installed — system reboot is already pending.
2026-08-09 12:19:26.508 -05:00 [INF] (Thread 13) WindowsUpdateWorker: pass complete. Total=1 Succeeded=1 Failed=0 Skipped=0
2026-08-09 12:19:26.508 -05:00 [INF] (Thread 13) WingetWorker: skipping — last run was 2026-08-06T22:50:11.8754628Z (less than 7 days ago).
2026-08-09 12:19:26.509 -05:00 [INF] (Thread 13) UpdateOrchestrator: cycle complete. Total=1 Succeeded=1 Failed=0 RebootRequired=true
2026-08-09 12:19:26.509 -05:00 [INF] (Thread 13) UpdateOrchestrator: reboot required but today is not an allowed reboot day per RebootDoW — skipping notification until the next allowed day.
2026-08-09 12:19:26.509 -05:00 [INF] (Thread 13) UpdateBackgroundService: next cycle in "01:00:00".
2026-08-09 13:19:26.518 -05:00 [INF] (Thread 7) SelfUpdater: checking for updates. Current version: 1.26.586.697
2026-08-09 13:19:26.641 -05:00 [INF] (Thread 18) SelfUpdater: remote version = 1.26.586.697.
2026-08-09 13:19:26.641 -05:00 [INF] (Thread 18) SelfUpdater: already up to date.
2026-08-09 13:19:26.641 -05:00 [INF] (Thread 18) UpdateOrchestrator: === Update cycle starting ===
2026-08-09 13:19:26.641 -05:00 [INF] (Thread 18) WindowsUpdateWorker: starting update pass.
2026-08-09 13:19:26.641 -05:00 [INF] (Thread 18) WindowsUpdateWorker: verifying PSWindowsUpdate module.
2026-08-09 13:19:26.644 -05:00 [DBG] (Thread 18) WindowsUpdateWorker: running PS script: $ProgressPreference = 'SilentlyContinue'
            $ErrorActionPreference = 'Stop'
            try {
                if (-not (Get-PackageProvider -Name NuGet -ListAvailable -ErrorAction SilentlyContinue)) {
                    Install-PackageProvider -Name NuGet -MinimumVersion 2.8.5.201 -Force -Scope AllUsers | Out-Null
                }
                Set-PSRepository -Name PSGallery -InstallationPolicy Trusted -ErrorAction SilentlyContinue
                if (-not (Get-Module -ListAvailable -Name PSWindowsUpdate -ErrorAction SilentlyContinue)) {
                    Install-Module PSWindowsUpdate -Force -SkipPublisherCheck -Scope AllUsers | Out-Null
                }
                Import-Module PSWindowsUpdate -Force -ErrorAction Stop
                try {
                    Add-WUServiceManager -MicrosoftUpdate -Confirm:$false -ErrorAction SilentlyContinue | Out-Null
                } catch {}
                Write-Output 'OK'
            } catch {
                Write-Output ('ERROR: ' + $_.Exception.Message)
            }
2026-08-09 13:19:59.634 -05:00 [INF] (Thread 26) WindowsUpdateWorker: PSWindowsUpdate module OK.
2026-08-09 13:19:59.636 -05:00 [DBG] (Thread 26) WindowsUpdateWorker: running PS script: Import-Module PSWindowsUpdate -ErrorAction Stop
        $ProgressPreference = 'SilentlyContinue'

        # Force the Windows Update Agent to scan before installing.
        # Fixes 0x80248007 (WU_E_DS_NODATA) on fresh builds or machines
        # whose update data store has not been initialised yet.
        try {
            Start-Process -FilePath 'UsoClient.exe' `
                -ArgumentList 'StartScan' `
                -Wait -NoNewWindow -ErrorAction SilentlyContinue
            Start-Sleep -Seconds 30
        } catch {}

        # 2>&1 merges stderr into the pipeline mixing strings with update
        # objects -- we filter them out in the foreach loop below.
        $rawOutput = Install-WindowsUpdate `
            -MicrosoftUpdate `
            -AcceptAll `
            -IgnoreReboot `
            -Install `
            -ErrorAction Continue 2>&1

        # Use a hashtable keyed on Title to keep only the LAST result per update.
        # PSWindowsUpdate emits objects at multiple pipeline stages (search, download,
        # install); overwriting ensures we capture the final post-install ResultCode
        # rather than an early ResultCode=0 (NotStarted).
        $byKey = @{}

        foreach ($u in $rawOutput) {
            if ($null -eq $u -or $u -isnot [PSObject]) { continue }
            if (-not ($u.PSObject.Properties.Name -contains 'Title')) { continue }
            if ([string]::IsNullOrWhiteSpace($u.Title)) { continue }

            $resultCode = 0
            try { $resultCode = [int]$u.ResultCode } catch { $resultCode = 4 }
            $succeeded = ($resultCode -eq 2 -or $resultCode -eq 3)

            # ResultCode=0 means NotStarted — treat as Skipped, not Failed.
            $status = if ($succeeded) { 'Succeeded' } elseif ($resultCode -eq 0) { 'Skipped' } else { 'Failed' }

            $kb = ''
            try {
                if ($u.KBArticleIDs -and $u.KBArticleIDs.Count -gt 0) {
                    $kb = 'KB' + $u.KBArticleIDs[0]
                }
            } catch {}

            $needsReboot = $false
            try { $needsReboot = [bool]$u.RebootRequired } catch {}

            $byKey[$u.Title] = [PSCustomObject]@{
                Identifier     = $kb
                Title          = [string]$u.Title
                Status         = $status
                ErrorMessage   = if ($succeeded -or $resultCode -eq 0) { '' } else { 'ResultCode=' + $resultCode }
                RebootRequired = $needsReboot
                AttemptedAt    = (Get-Date -Format 'o')
            }
        }

        $results = @($byKey.Values)

        if ($results.Count -eq 0) {
            Write-Output '[]'
        } else {
            $results | ConvertTo-Json -Compress
        }
2026-08-09 13:21:05.126 -05:00 [INF] (Thread 18) WindowsUpdateWorker: no updates installed — system reboot is already pending.
2026-08-09 13:21:05.126 -05:00 [INF] (Thread 18) WindowsUpdateWorker: pass complete. Total=1 Succeeded=1 Failed=0 Skipped=0
2026-08-09 13:21:05.128 -05:00 [INF] (Thread 18) WingetWorker: skipping — last run was 2026-08-06T22:50:11.8754628Z (less than 7 days ago).
2026-08-09 13:21:05.128 -05:00 [INF] (Thread 18) UpdateOrchestrator: cycle complete. Total=1 Succeeded=1 Failed=0 RebootRequired=true
2026-08-09 13:21:05.128 -05:00 [INF] (Thread 18) UpdateOrchestrator: reboot required but today is not an allowed reboot day per RebootDoW — skipping notification until the next allowed day.
2026-08-09 13:21:05.129 -05:00 [INF] (Thread 18) UpdateBackgroundService: next cycle in "01:00:00".
2026-08-09 14:21:07.390 -05:00 [INF] (Thread 18) SelfUpdater: checking for updates. Current version: 1.26.586.697
2026-08-09 14:21:07.578 -05:00 [INF] (Thread 18) SelfUpdater: remote version = 1.26.586.697.
2026-08-09 14:21:07.579 -05:00 [INF] (Thread 18) SelfUpdater: already up to date.
2026-08-09 14:21:07.579 -05:00 [INF] (Thread 18) UpdateOrchestrator: === Update cycle starting ===
2026-08-09 14:21:07.579 -05:00 [INF] (Thread 18) WindowsUpdateWorker: starting update pass.
2026-08-09 14:21:07.579 -05:00 [INF] (Thread 18) WindowsUpdateWorker: verifying PSWindowsUpdate module.
2026-08-09 14:21:07.581 -05:00 [DBG] (Thread 18) WindowsUpdateWorker: running PS script: $ProgressPreference = 'SilentlyContinue'
            $ErrorActionPreference = 'Stop'
            try {
                if (-not (Get-PackageProvider -Name NuGet -ListAvailable -ErrorAction SilentlyContinue)) {
                    Install-PackageProvider -Name NuGet -MinimumVersion 2.8.5.201 -Force -Scope AllUsers | Out-Null
                }
                Set-PSRepository -Name PSGallery -InstallationPolicy Trusted -ErrorAction SilentlyContinue
                if (-not (Get-Module -ListAvailable -Name PSWindowsUpdate -ErrorAction SilentlyContinue)) {
                    Install-Module PSWindowsUpdate -Force -SkipPublisherCheck -Scope AllUsers | Out-Null
                }
                Import-Module PSWindowsUpdate -Force -ErrorAction Stop
                try {
                    Add-WUServiceManager -MicrosoftUpdate -Confirm:$false -ErrorAction SilentlyContinue | Out-Null
                } catch {}
                Write-Output 'OK'
            } catch {
                Write-Output ('ERROR: ' + $_.Exception.Message)
            }
2026-08-09 14:21:42.160 -05:00 [INF] (Thread 18) WindowsUpdateWorker: PSWindowsUpdate module OK.
2026-08-09 14:21:42.163 -05:00 [DBG] (Thread 18) WindowsUpdateWorker: running PS script: Import-Module PSWindowsUpdate -ErrorAction Stop
        $ProgressPreference = 'SilentlyContinue'

        # Force the Windows Update Agent to scan before installing.
        # Fixes 0x80248007 (WU_E_DS_NODATA) on fresh builds or machines
        # whose update data store has not been initialised yet.
        try {
            Start-Process -FilePath 'UsoClient.exe' `
                -ArgumentList 'StartScan' `
                -Wait -NoNewWindow -ErrorAction SilentlyContinue
            Start-Sleep -Seconds 30
        } catch {}

        # 2>&1 merges stderr into the pipeline mixing strings with update
        # objects -- we filter them out in the foreach loop below.
        $rawOutput = Install-WindowsUpdate `
            -MicrosoftUpdate `
            -AcceptAll `
            -IgnoreReboot `
            -Install `
            -ErrorAction Continue 2>&1

        # Use a hashtable keyed on Title to keep only the LAST result per update.
        # PSWindowsUpdate emits objects at multiple pipeline stages (search, download,
        # install); overwriting ensures we capture the final post-install ResultCode
        # rather than an early ResultCode=0 (NotStarted).
        $byKey = @{}

        foreach ($u in $rawOutput) {
            if ($null -eq $u -or $u -isnot [PSObject]) { continue }
            if (-not ($u.PSObject.Properties.Name -contains 'Title')) { continue }
            if ([string]::IsNullOrWhiteSpace($u.Title)) { continue }

            $resultCode = 0
            try { $resultCode = [int]$u.ResultCode } catch { $resultCode = 4 }
            $succeeded = ($resultCode -eq 2 -or $resultCode -eq 3)

            # ResultCode=0 means NotStarted — treat as Skipped, not Failed.
            $status = if ($succeeded) { 'Succeeded' } elseif ($resultCode -eq 0) { 'Skipped' } else { 'Failed' }

            $kb = ''
            try {
                if ($u.KBArticleIDs -and $u.KBArticleIDs.Count -gt 0) {
                    $kb = 'KB' + $u.KBArticleIDs[0]
                }
            } catch {}

            $needsReboot = $false
            try { $needsReboot = [bool]$u.RebootRequired } catch {}

            $byKey[$u.Title] = [PSCustomObject]@{
                Identifier     = $kb
                Title          = [string]$u.Title
                Status         = $status
                ErrorMessage   = if ($succeeded -or $resultCode -eq 0) { '' } else { 'ResultCode=' + $resultCode }
                RebootRequired = $needsReboot
                AttemptedAt    = (Get-Date -Format 'o')
            }
        }

        $results = @($byKey.Values)

        if ($results.Count -eq 0) {
            Write-Output '[]'
        } else {
            $results | ConvertTo-Json -Compress
        }
2026-08-09 14:22:47.162 -05:00 [INF] (Thread 26) WindowsUpdateWorker: no updates installed — system reboot is already pending.
2026-08-09 14:22:47.162 -05:00 [INF] (Thread 26) WindowsUpdateWorker: pass complete. Total=1 Succeeded=1 Failed=0 Skipped=0
2026-08-09 14:22:47.162 -05:00 [INF] (Thread 26) WingetWorker: skipping — last run was 2026-08-06T22:50:11.8754628Z (less than 7 days ago).
2026-08-09 14:22:47.163 -05:00 [INF] (Thread 26) UpdateOrchestrator: cycle complete. Total=1 Succeeded=1 Failed=0 RebootRequired=true
2026-08-09 14:22:47.163 -05:00 [INF] (Thread 26) UpdateOrchestrator: reboot required but today is not an allowed reboot day per RebootDoW — skipping notification until the next allowed day.
2026-08-09 14:22:47.163 -05:00 [INF] (Thread 26) UpdateBackgroundService: next cycle in "01:00:00".
2026-08-09 15:22:47.175 -05:00 [INF] (Thread 6) SelfUpdater: checking for updates. Current version: 1.26.586.697
2026-08-09 15:22:47.290 -05:00 [INF] (Thread 18) SelfUpdater: remote version = 1.26.586.697.
2026-08-09 15:22:47.290 -05:00 [INF] (Thread 18) SelfUpdater: already up to date.
2026-08-09 15:22:47.290 -05:00 [INF] (Thread 18) UpdateOrchestrator: === Update cycle starting ===
2026-08-09 15:22:47.290 -05:00 [INF] (Thread 18) WindowsUpdateWorker: starting update pass.
2026-08-09 15:22:47.290 -05:00 [INF] (Thread 18) WindowsUpdateWorker: verifying PSWindowsUpdate module.
2026-08-09 15:22:47.293 -05:00 [DBG] (Thread 6) WindowsUpdateWorker: running PS script: $ProgressPreference = 'SilentlyContinue'
            $ErrorActionPreference = 'Stop'
            try {
                if (-not (Get-PackageProvider -Name NuGet -ListAvailable -ErrorAction SilentlyContinue)) {
                    Install-PackageProvider -Name NuGet -MinimumVersion 2.8.5.201 -Force -Scope AllUsers | Out-Null
                }
                Set-PSRepository -Name PSGallery -InstallationPolicy Trusted -ErrorAction SilentlyContinue
                if (-not (Get-Module -ListAvailable -Name PSWindowsUpdate -ErrorAction SilentlyContinue)) {
                    Install-Module PSWindowsUpdate -Force -SkipPublisherCheck -Scope AllUsers | Out-Null
                }
                Import-Module PSWindowsUpdate -Force -ErrorAction Stop
                try {
                    Add-WUServiceManager -MicrosoftUpdate -Confirm:$false -ErrorAction SilentlyContinue | Out-Null
                } catch {}
                Write-Output 'OK'
            } catch {
                Write-Output ('ERROR: ' + $_.Exception.Message)
            }
2026-08-09 15:23:19.327 -05:00 [INF] (Thread 18) WindowsUpdateWorker: PSWindowsUpdate module OK.
2026-08-09 15:23:19.330 -05:00 [DBG] (Thread 6) WindowsUpdateWorker: running PS script: Import-Module PSWindowsUpdate -ErrorAction Stop
        $ProgressPreference = 'SilentlyContinue'

        # Force the Windows Update Agent to scan before installing.
        # Fixes 0x80248007 (WU_E_DS_NODATA) on fresh builds or machines
        # whose update data store has not been initialised yet.
        try {
            Start-Process -FilePath 'UsoClient.exe' `
                -ArgumentList 'StartScan' `
                -Wait -NoNewWindow -ErrorAction SilentlyContinue
            Start-Sleep -Seconds 30
        } catch {}

        # 2>&1 merges stderr into the pipeline mixing strings with update
        # objects -- we filter them out in the foreach loop below.
        $rawOutput = Install-WindowsUpdate `
            -MicrosoftUpdate `
            -AcceptAll `
            -IgnoreReboot `
            -Install `
            -ErrorAction Continue 2>&1

        # Use a hashtable keyed on Title to keep only the LAST result per update.
        # PSWindowsUpdate emits objects at multiple pipeline stages (search, download,
        # install); overwriting ensures we capture the final post-install ResultCode
        # rather than an early ResultCode=0 (NotStarted).
        $byKey = @{}

        foreach ($u in $rawOutput) {
            if ($null -eq $u -or $u -isnot [PSObject]) { continue }
            if (-not ($u.PSObject.Properties.Name -contains 'Title')) { continue }
            if ([string]::IsNullOrWhiteSpace($u.Title)) { continue }

            $resultCode = 0
            try { $resultCode = [int]$u.ResultCode } catch { $resultCode = 4 }
            $succeeded = ($resultCode -eq 2 -or $resultCode -eq 3)

            # ResultCode=0 means NotStarted — treat as Skipped, not Failed.
            $status = if ($succeeded) { 'Succeeded' } elseif ($resultCode -eq 0) { 'Skipped' } else { 'Failed' }

            $kb = ''
            try {
                if ($u.KBArticleIDs -and $u.KBArticleIDs.Count -gt 0) {
                    $kb = 'KB' + $u.KBArticleIDs[0]
                }
            } catch {}

            $needsReboot = $false
            try { $needsReboot = [bool]$u.RebootRequired } catch {}

            $byKey[$u.Title] = [PSCustomObject]@{
                Identifier     = $kb
                Title          = [string]$u.Title
                Status         = $status
                ErrorMessage   = if ($succeeded -or $resultCode -eq 0) { '' } else { 'ResultCode=' + $resultCode }
                RebootRequired = $needsReboot
                AttemptedAt    = (Get-Date -Format 'o')
            }
        }

        $results = @($byKey.Values)

        if ($results.Count -eq 0) {
            Write-Output '[]'
        } else {
            $results | ConvertTo-Json -Compress
        }
2026-08-09 15:24:21.517 -05:00 [INF] (Thread 22) WindowsUpdateWorker: no updates installed — system reboot is already pending.
2026-08-09 15:24:21.517 -05:00 [INF] (Thread 22) WindowsUpdateWorker: pass complete. Total=1 Succeeded=1 Failed=0 Skipped=0
2026-08-09 15:24:21.518 -05:00 [INF] (Thread 22) WingetWorker: skipping — last run was 2026-08-06T22:50:11.8754628Z (less than 7 days ago).
2026-08-09 15:24:21.518 -05:00 [INF] (Thread 22) UpdateOrchestrator: cycle complete. Total=1 Succeeded=1 Failed=0 RebootRequired=true
2026-08-09 15:24:21.518 -05:00 [INF] (Thread 22) UpdateOrchestrator: reboot required but today is not an allowed reboot day per RebootDoW — skipping notification until the next allowed day.
2026-08-09 15:24:21.518 -05:00 [INF] (Thread 22) UpdateBackgroundService: next cycle in "01:00:00".
2026-08-09 16:24:21.726 -05:00 [INF] (Thread 22) SelfUpdater: checking for updates. Current version: 1.26.586.697
2026-08-09 16:24:21.846 -05:00 [INF] (Thread 19) SelfUpdater: remote version = 1.26.586.697.
2026-08-09 16:24:21.846 -05:00 [INF] (Thread 19) SelfUpdater: already up to date.
2026-08-09 16:24:21.846 -05:00 [INF] (Thread 19) UpdateOrchestrator: === Update cycle starting ===
2026-08-09 16:24:21.846 -05:00 [INF] (Thread 19) WindowsUpdateWorker: starting update pass.
2026-08-09 16:24:21.846 -05:00 [INF] (Thread 19) WindowsUpdateWorker: verifying PSWindowsUpdate module.
2026-08-09 16:24:21.849 -05:00 [DBG] (Thread 19) WindowsUpdateWorker: running PS script: $ProgressPreference = 'SilentlyContinue'
            $ErrorActionPreference = 'Stop'
            try {
                if (-not (Get-PackageProvider -Name NuGet -ListAvailable -ErrorAction SilentlyContinue)) {
                    Install-PackageProvider -Name NuGet -MinimumVersion 2.8.5.201 -Force -Scope AllUsers | Out-Null
                }
                Set-PSRepository -Name PSGallery -InstallationPolicy Trusted -ErrorAction SilentlyContinue
                if (-not (Get-Module -ListAvailable -Name PSWindowsUpdate -ErrorAction SilentlyContinue)) {
                    Install-Module PSWindowsUpdate -Force -SkipPublisherCheck -Scope AllUsers | Out-Null
                }
                Import-Module PSWindowsUpdate -Force -ErrorAction Stop
                try {
                    Add-WUServiceManager -MicrosoftUpdate -Confirm:$false -ErrorAction SilentlyContinue | Out-Null
                } catch {}
                Write-Output 'OK'
            } catch {
                Write-Output ('ERROR: ' + $_.Exception.Message)
            }
2026-08-09 16:24:54.147 -05:00 [INF] (Thread 22) WindowsUpdateWorker: PSWindowsUpdate module OK.
2026-08-09 16:24:54.149 -05:00 [DBG] (Thread 22) WindowsUpdateWorker: running PS script: Import-Module PSWindowsUpdate -ErrorAction Stop
        $ProgressPreference = 'SilentlyContinue'

        # Force the Windows Update Agent to scan before installing.
        # Fixes 0x80248007 (WU_E_DS_NODATA) on fresh builds or machines
        # whose update data store has not been initialised yet.
        try {
            Start-Process -FilePath 'UsoClient.exe' `
                -ArgumentList 'StartScan' `
                -Wait -NoNewWindow -ErrorAction SilentlyContinue
            Start-Sleep -Seconds 30
        } catch {}

        # 2>&1 merges stderr into the pipeline mixing strings with update
        # objects -- we filter them out in the foreach loop below.
        $rawOutput = Install-WindowsUpdate `
            -MicrosoftUpdate `
            -AcceptAll `
            -IgnoreReboot `
            -Install `
            -ErrorAction Continue 2>&1

        # Use a hashtable keyed on Title to keep only the LAST result per update.
        # PSWindowsUpdate emits objects at multiple pipeline stages (search, download,
        # install); overwriting ensures we capture the final post-install ResultCode
        # rather than an early ResultCode=0 (NotStarted).
        $byKey = @{}

        foreach ($u in $rawOutput) {
            if ($null -eq $u -or $u -isnot [PSObject]) { continue }
            if (-not ($u.PSObject.Properties.Name -contains 'Title')) { continue }
            if ([string]::IsNullOrWhiteSpace($u.Title)) { continue }

            $resultCode = 0
            try { $resultCode = [int]$u.ResultCode } catch { $resultCode = 4 }
            $succeeded = ($resultCode -eq 2 -or $resultCode -eq 3)

            # ResultCode=0 means NotStarted — treat as Skipped, not Failed.
            $status = if ($succeeded) { 'Succeeded' } elseif ($resultCode -eq 0) { 'Skipped' } else { 'Failed' }

            $kb = ''
            try {
                if ($u.KBArticleIDs -and $u.KBArticleIDs.Count -gt 0) {
                    $kb = 'KB' + $u.KBArticleIDs[0]
                }
            } catch {}

            $needsReboot = $false
            try { $needsReboot = [bool]$u.RebootRequired } catch {}

            $byKey[$u.Title] = [PSCustomObject]@{
                Identifier     = $kb
                Title          = [string]$u.Title
                Status         = $status
                ErrorMessage   = if ($succeeded -or $resultCode -eq 0) { '' } else { 'ResultCode=' + $resultCode }
                RebootRequired = $needsReboot
                AttemptedAt    = (Get-Date -Format 'o')
            }
        }

        $results = @($byKey.Values)

        if ($results.Count -eq 0) {
            Write-Output '[]'
        } else {
            $results | ConvertTo-Json -Compress
        }
2026-08-09 16:25:59.049 -05:00 [INF] (Thread 7) WindowsUpdateWorker: no updates installed — system reboot is already pending.
2026-08-09 16:25:59.049 -05:00 [INF] (Thread 7) WindowsUpdateWorker: pass complete. Total=1 Succeeded=1 Failed=0 Skipped=0
2026-08-09 16:25:59.049 -05:00 [INF] (Thread 7) WingetWorker: skipping — last run was 2026-08-06T22:50:11.8754628Z (less than 7 days ago).
2026-08-09 16:25:59.049 -05:00 [INF] (Thread 7) UpdateOrchestrator: cycle complete. Total=1 Succeeded=1 Failed=0 RebootRequired=true
2026-08-09 16:25:59.049 -05:00 [INF] (Thread 7) UpdateOrchestrator: reboot required but today is not an allowed reboot day per RebootDoW — skipping notification until the next allowed day.
2026-08-09 16:25:59.050 -05:00 [INF] (Thread 7) UpdateBackgroundService: next cycle in "01:00:00".
2026-08-09 17:25:59.064 -05:00 [INF] (Thread 7) SelfUpdater: checking for updates. Current version: 1.26.586.697
2026-08-09 17:25:59.179 -05:00 [INF] (Thread 7) SelfUpdater: remote version = 1.26.586.697.
2026-08-09 17:25:59.179 -05:00 [INF] (Thread 7) SelfUpdater: already up to date.
2026-08-09 17:25:59.179 -05:00 [INF] (Thread 7) UpdateOrchestrator: === Update cycle starting ===
2026-08-09 17:25:59.179 -05:00 [INF] (Thread 7) WindowsUpdateWorker: starting update pass.
2026-08-09 17:25:59.179 -05:00 [INF] (Thread 7) WindowsUpdateWorker: verifying PSWindowsUpdate module.
2026-08-09 17:25:59.181 -05:00 [DBG] (Thread 7) WindowsUpdateWorker: running PS script: $ProgressPreference = 'SilentlyContinue'
            $ErrorActionPreference = 'Stop'
            try {
                if (-not (Get-PackageProvider -Name NuGet -ListAvailable -ErrorAction SilentlyContinue)) {
                    Install-PackageProvider -Name NuGet -MinimumVersion 2.8.5.201 -Force -Scope AllUsers | Out-Null
                }
                Set-PSRepository -Name PSGallery -InstallationPolicy Trusted -ErrorAction SilentlyContinue
                if (-not (Get-Module -ListAvailable -Name PSWindowsUpdate -ErrorAction SilentlyContinue)) {
                    Install-Module PSWindowsUpdate -Force -SkipPublisherCheck -Scope AllUsers | Out-Null
                }
                Import-Module PSWindowsUpdate -Force -ErrorAction Stop
                try {
                    Add-WUServiceManager -MicrosoftUpdate -Confirm:$false -ErrorAction SilentlyContinue | Out-Null
                } catch {}
                Write-Output 'OK'
            } catch {
                Write-Output ('ERROR: ' + $_.Exception.Message)
            }
2026-08-09 17:26:32.714 -05:00 [INF] (Thread 7) WindowsUpdateWorker: PSWindowsUpdate module OK.
2026-08-09 17:26:32.716 -05:00 [DBG] (Thread 7) WindowsUpdateWorker: running PS script: Import-Module PSWindowsUpdate -ErrorAction Stop
        $ProgressPreference = 'SilentlyContinue'

        # Force the Windows Update Agent to scan before installing.
        # Fixes 0x80248007 (WU_E_DS_NODATA) on fresh builds or machines
        # whose update data store has not been initialised yet.
        try {
            Start-Process -FilePath 'UsoClient.exe' `
                -ArgumentList 'StartScan' `
                -Wait -NoNewWindow -ErrorAction SilentlyContinue
            Start-Sleep -Seconds 30
        } catch {}

        # 2>&1 merges stderr into the pipeline mixing strings with update
        # objects -- we filter them out in the foreach loop below.
        $rawOutput = Install-WindowsUpdate `
            -MicrosoftUpdate `
            -AcceptAll `
            -IgnoreReboot `
            -Install `
            -ErrorAction Continue 2>&1

        # Use a hashtable keyed on Title to keep only the LAST result per update.
        # PSWindowsUpdate emits objects at multiple pipeline stages (search, download,
        # install); overwriting ensures we capture the final post-install ResultCode
        # rather than an early ResultCode=0 (NotStarted).
        $byKey = @{}

        foreach ($u in $rawOutput) {
            if ($null -eq $u -or $u -isnot [PSObject]) { continue }
            if (-not ($u.PSObject.Properties.Name -contains 'Title')) { continue }
            if ([string]::IsNullOrWhiteSpace($u.Title)) { continue }

            $resultCode = 0
            try { $resultCode = [int]$u.ResultCode } catch { $resultCode = 4 }
            $succeeded = ($resultCode -eq 2 -or $resultCode -eq 3)

            # ResultCode=0 means NotStarted — treat as Skipped, not Failed.
            $status = if ($succeeded) { 'Succeeded' } elseif ($resultCode -eq 0) { 'Skipped' } else { 'Failed' }

            $kb = ''
            try {
                if ($u.KBArticleIDs -and $u.KBArticleIDs.Count -gt 0) {
                    $kb = 'KB' + $u.KBArticleIDs[0]
                }
            } catch {}

            $needsReboot = $false
            try { $needsReboot = [bool]$u.RebootRequired } catch {}

            $byKey[$u.Title] = [PSCustomObject]@{
                Identifier     = $kb
                Title          = [string]$u.Title
                Status         = $status
                ErrorMessage   = if ($succeeded -or $resultCode -eq 0) { '' } else { 'ResultCode=' + $resultCode }
                RebootRequired = $needsReboot
                AttemptedAt    = (Get-Date -Format 'o')
            }
        }

        $results = @($byKey.Values)

        if ($results.Count -eq 0) {
            Write-Output '[]'
        } else {
            $results | ConvertTo-Json -Compress
        }
2026-08-09 17:27:41.338 -05:00 [INF] (Thread 18) WindowsUpdateWorker: no updates installed — system reboot is already pending.
2026-08-09 17:27:41.338 -05:00 [INF] (Thread 18) WindowsUpdateWorker: pass complete. Total=1 Succeeded=1 Failed=0 Skipped=0
2026-08-09 17:27:41.338 -05:00 [INF] (Thread 18) WingetWorker: skipping — last run was 2026-08-06T22:50:11.8754628Z (less than 7 days ago).
2026-08-09 17:27:41.338 -05:00 [INF] (Thread 18) UpdateOrchestrator: cycle complete. Total=1 Succeeded=1 Failed=0 RebootRequired=true
2026-08-09 17:27:41.339 -05:00 [INF] (Thread 18) UpdateOrchestrator: reboot required but today is not an allowed reboot day per RebootDoW — skipping notification until the next allowed day.
2026-08-09 17:27:41.339 -05:00 [INF] (Thread 18) UpdateBackgroundService: next cycle in "01:00:00".
2026-08-09 18:27:41.352 -05:00 [INF] (Thread 14) SelfUpdater: checking for updates. Current version: 1.26.586.697
2026-08-09 18:27:41.459 -05:00 [INF] (Thread 23) SelfUpdater: remote version = 1.26.586.697.
2026-08-09 18:27:41.459 -05:00 [INF] (Thread 23) SelfUpdater: already up to date.
2026-08-09 18:27:41.460 -05:00 [INF] (Thread 23) UpdateOrchestrator: === Update cycle starting ===
2026-08-09 18:27:41.460 -05:00 [INF] (Thread 23) WindowsUpdateWorker: starting update pass.
2026-08-09 18:27:41.460 -05:00 [INF] (Thread 23) WindowsUpdateWorker: verifying PSWindowsUpdate module.
2026-08-09 18:27:41.462 -05:00 [DBG] (Thread 3) WindowsUpdateWorker: running PS script: $ProgressPreference = 'SilentlyContinue'
            $ErrorActionPreference = 'Stop'
            try {
                if (-not (Get-PackageProvider -Name NuGet -ListAvailable -ErrorAction SilentlyContinue)) {
                    Install-PackageProvider -Name NuGet -MinimumVersion 2.8.5.201 -Force -Scope AllUsers | Out-Null
                }
                Set-PSRepository -Name PSGallery -InstallationPolicy Trusted -ErrorAction SilentlyContinue
                if (-not (Get-Module -ListAvailable -Name PSWindowsUpdate -ErrorAction SilentlyContinue)) {
                    Install-Module PSWindowsUpdate -Force -SkipPublisherCheck -Scope AllUsers | Out-Null
                }
                Import-Module PSWindowsUpdate -Force -ErrorAction Stop
                try {
                    Add-WUServiceManager -MicrosoftUpdate -Confirm:$false -ErrorAction SilentlyContinue | Out-Null
                } catch {}
                Write-Output 'OK'
            } catch {
                Write-Output ('ERROR: ' + $_.Exception.Message)
            }
2026-08-09 18:28:12.905 -05:00 [INF] (Thread 23) WindowsUpdateWorker: PSWindowsUpdate module OK.
2026-08-09 18:28:12.908 -05:00 [DBG] (Thread 23) WindowsUpdateWorker: running PS script: Import-Module PSWindowsUpdate -ErrorAction Stop
        $ProgressPreference = 'SilentlyContinue'

        # Force the Windows Update Agent to scan before installing.
        # Fixes 0x80248007 (WU_E_DS_NODATA) on fresh builds or machines
        # whose update data store has not been initialised yet.
        try {
            Start-Process -FilePath 'UsoClient.exe' `
                -ArgumentList 'StartScan' `
                -Wait -NoNewWindow -ErrorAction SilentlyContinue
            Start-Sleep -Seconds 30
        } catch {}

        # 2>&1 merges stderr into the pipeline mixing strings with update
        # objects -- we filter them out in the foreach loop below.
        $rawOutput = Install-WindowsUpdate `
            -MicrosoftUpdate `
            -AcceptAll `
            -IgnoreReboot `
            -Install `
            -ErrorAction Continue 2>&1

        # Use a hashtable keyed on Title to keep only the LAST result per update.
        # PSWindowsUpdate emits objects at multiple pipeline stages (search, download,
        # install); overwriting ensures we capture the final post-install ResultCode
        # rather than an early ResultCode=0 (NotStarted).
        $byKey = @{}

        foreach ($u in $rawOutput) {
            if ($null -eq $u -or $u -isnot [PSObject]) { continue }
            if (-not ($u.PSObject.Properties.Name -contains 'Title')) { continue }
            if ([string]::IsNullOrWhiteSpace($u.Title)) { continue }

            $resultCode = 0
            try { $resultCode = [int]$u.ResultCode } catch { $resultCode = 4 }
            $succeeded = ($resultCode -eq 2 -or $resultCode -eq 3)

            # ResultCode=0 means NotStarted — treat as Skipped, not Failed.
            $status = if ($succeeded) { 'Succeeded' } elseif ($resultCode -eq 0) { 'Skipped' } else { 'Failed' }

            $kb = ''
            try {
                if ($u.KBArticleIDs -and $u.KBArticleIDs.Count -gt 0) {
                    $kb = 'KB' + $u.KBArticleIDs[0]
                }
            } catch {}

            $needsReboot = $false
            try { $needsReboot = [bool]$u.RebootRequired } catch {}

            $byKey[$u.Title] = [PSCustomObject]@{
                Identifier     = $kb
                Title          = [string]$u.Title
                Status         = $status
                ErrorMessage   = if ($succeeded -or $resultCode -eq 0) { '' } else { 'ResultCode=' + $resultCode }
                RebootRequired = $needsReboot
                AttemptedAt    = (Get-Date -Format 'o')
            }
        }

        $results = @($byKey.Values)

        if ($results.Count -eq 0) {
            Write-Output '[]'
        } else {
            $results | ConvertTo-Json -Compress
        }
2026-08-09 18:29:20.810 -05:00 [INF] (Thread 14) WindowsUpdateWorker: no updates installed — system reboot is already pending.
2026-08-09 18:29:20.811 -05:00 [INF] (Thread 14) WindowsUpdateWorker: pass complete. Total=1 Succeeded=1 Failed=0 Skipped=0
2026-08-09 18:29:20.811 -05:00 [INF] (Thread 14) WingetWorker: skipping — last run was 2026-08-06T22:50:11.8754628Z (less than 7 days ago).
2026-08-09 18:29:20.811 -05:00 [INF] (Thread 14) UpdateOrchestrator: cycle complete. Total=1 Succeeded=1 Failed=0 RebootRequired=true
2026-08-09 18:29:20.811 -05:00 [INF] (Thread 14) UpdateOrchestrator: reboot required but today is not an allowed reboot day per RebootDoW — skipping notification until the next allowed day.
2026-08-09 18:29:20.812 -05:00 [INF] (Thread 14) UpdateBackgroundService: next cycle in "01:00:00".
2026-08-09 19:29:20.841 -05:00 [INF] (Thread 14) SelfUpdater: checking for updates. Current version: 1.26.586.697
2026-08-09 19:29:20.960 -05:00 [INF] (Thread 14) SelfUpdater: remote version = 1.26.586.697.
2026-08-09 19:29:20.960 -05:00 [INF] (Thread 14) SelfUpdater: already up to date.
2026-08-09 19:29:20.960 -05:00 [INF] (Thread 14) UpdateOrchestrator: === Update cycle starting ===
2026-08-09 19:29:20.960 -05:00 [INF] (Thread 14) WindowsUpdateWorker: starting update pass.
2026-08-09 19:29:20.960 -05:00 [INF] (Thread 14) WindowsUpdateWorker: verifying PSWindowsUpdate module.
2026-08-09 19:29:20.962 -05:00 [DBG] (Thread 14) WindowsUpdateWorker: running PS script: $ProgressPreference = 'SilentlyContinue'
            $ErrorActionPreference = 'Stop'
            try {
                if (-not (Get-PackageProvider -Name NuGet -ListAvailable -ErrorAction SilentlyContinue)) {
                    Install-PackageProvider -Name NuGet -MinimumVersion 2.8.5.201 -Force -Scope AllUsers | Out-Null
                }
                Set-PSRepository -Name PSGallery -InstallationPolicy Trusted -ErrorAction SilentlyContinue
                if (-not (Get-Module -ListAvailable -Name PSWindowsUpdate -ErrorAction SilentlyContinue)) {
                    Install-Module PSWindowsUpdate -Force -SkipPublisherCheck -Scope AllUsers | Out-Null
                }
                Import-Module PSWindowsUpdate -Force -ErrorAction Stop
                try {
                    Add-WUServiceManager -MicrosoftUpdate -Confirm:$false -ErrorAction SilentlyContinue | Out-Null
                } catch {}
                Write-Output 'OK'
            } catch {
                Write-Output ('ERROR: ' + $_.Exception.Message)
            }
2026-08-09 19:29:54.877 -05:00 [INF] (Thread 14) WindowsUpdateWorker: PSWindowsUpdate module OK.
2026-08-09 19:29:54.880 -05:00 [DBG] (Thread 14) WindowsUpdateWorker: running PS script: Import-Module PSWindowsUpdate -ErrorAction Stop
        $ProgressPreference = 'SilentlyContinue'

        # Force the Windows Update Agent to scan before installing.
        # Fixes 0x80248007 (WU_E_DS_NODATA) on fresh builds or machines
        # whose update data store has not been initialised yet.
        try {
            Start-Process -FilePath 'UsoClient.exe' `
                -ArgumentList 'StartScan' `
                -Wait -NoNewWindow -ErrorAction SilentlyContinue
            Start-Sleep -Seconds 30
        } catch {}

        # 2>&1 merges stderr into the pipeline mixing strings with update
        # objects -- we filter them out in the foreach loop below.
        $rawOutput = Install-WindowsUpdate `
            -MicrosoftUpdate `
            -AcceptAll `
            -IgnoreReboot `
            -Install `
            -ErrorAction Continue 2>&1

        # Use a hashtable keyed on Title to keep only the LAST result per update.
        # PSWindowsUpdate emits objects at multiple pipeline stages (search, download,
        # install); overwriting ensures we capture the final post-install ResultCode
        # rather than an early ResultCode=0 (NotStarted).
        $byKey = @{}

        foreach ($u in $rawOutput) {
            if ($null -eq $u -or $u -isnot [PSObject]) { continue }
            if (-not ($u.PSObject.Properties.Name -contains 'Title')) { continue }
            if ([string]::IsNullOrWhiteSpace($u.Title)) { continue }

            $resultCode = 0
            try { $resultCode = [int]$u.ResultCode } catch { $resultCode = 4 }
            $succeeded = ($resultCode -eq 2 -or $resultCode -eq 3)

            # ResultCode=0 means NotStarted — treat as Skipped, not Failed.
            $status = if ($succeeded) { 'Succeeded' } elseif ($resultCode -eq 0) { 'Skipped' } else { 'Failed' }

            $kb = ''
            try {
                if ($u.KBArticleIDs -and $u.KBArticleIDs.Count -gt 0) {
                    $kb = 'KB' + $u.KBArticleIDs[0]
                }
            } catch {}

            $needsReboot = $false
            try { $needsReboot = [bool]$u.RebootRequired } catch {}

            $byKey[$u.Title] = [PSCustomObject]@{
                Identifier     = $kb
                Title          = [string]$u.Title
                Status         = $status
                ErrorMessage   = if ($succeeded -or $resultCode -eq 0) { '' } else { 'ResultCode=' + $resultCode }
                RebootRequired = $needsReboot
                AttemptedAt    = (Get-Date -Format 'o')
            }
        }

        $results = @($byKey.Values)

        if ($results.Count -eq 0) {
            Write-Output '[]'
        } else {
            $results | ConvertTo-Json -Compress
        }
2026-08-09 19:30:56.476 -05:00 [INF] (Thread 3) WindowsUpdateWorker: no updates installed — system reboot is already pending.
2026-08-09 19:30:56.476 -05:00 [INF] (Thread 3) WindowsUpdateWorker: pass complete. Total=1 Succeeded=1 Failed=0 Skipped=0
2026-08-09 19:30:56.477 -05:00 [INF] (Thread 3) WingetWorker: skipping — last run was 2026-08-06T22:50:11.8754628Z (less than 7 days ago).
2026-08-09 19:30:56.477 -05:00 [INF] (Thread 3) UpdateOrchestrator: cycle complete. Total=1 Succeeded=1 Failed=0 RebootRequired=true
2026-08-09 19:30:56.477 -05:00 [INF] (Thread 3) UpdateOrchestrator: reboot required but today is not an allowed reboot day per RebootDoW — skipping notification until the next allowed day.
2026-08-09 19:30:56.477 -05:00 [INF] (Thread 3) UpdateBackgroundService: next cycle in "01:00:00".
2026-08-09 20:30:56.482 -05:00 [INF] (Thread 6) SelfUpdater: checking for updates. Current version: 1.26.586.697
2026-08-09 20:30:56.660 -05:00 [INF] (Thread 3) SelfUpdater: remote version = 1.26.586.697.
2026-08-09 20:30:56.660 -05:00 [INF] (Thread 3) SelfUpdater: already up to date.
2026-08-09 20:30:56.660 -05:00 [INF] (Thread 3) UpdateOrchestrator: === Update cycle starting ===
2026-08-09 20:30:56.660 -05:00 [INF] (Thread 3) WindowsUpdateWorker: starting update pass.
2026-08-09 20:30:56.660 -05:00 [INF] (Thread 3) WindowsUpdateWorker: verifying PSWindowsUpdate module.
2026-08-09 20:30:56.663 -05:00 [DBG] (Thread 3) WindowsUpdateWorker: running PS script: $ProgressPreference = 'SilentlyContinue'
            $ErrorActionPreference = 'Stop'
            try {
                if (-not (Get-PackageProvider -Name NuGet -ListAvailable -ErrorAction SilentlyContinue)) {
                    Install-PackageProvider -Name NuGet -MinimumVersion 2.8.5.201 -Force -Scope AllUsers | Out-Null
                }
                Set-PSRepository -Name PSGallery -InstallationPolicy Trusted -ErrorAction SilentlyContinue
                if (-not (Get-Module -ListAvailable -Name PSWindowsUpdate -ErrorAction SilentlyContinue)) {
                    Install-Module PSWindowsUpdate -Force -SkipPublisherCheck -Scope AllUsers | Out-Null
                }
                Import-Module PSWindowsUpdate -Force -ErrorAction Stop
                try {
                    Add-WUServiceManager -MicrosoftUpdate -Confirm:$false -ErrorAction SilentlyContinue | Out-Null
                } catch {}
                Write-Output 'OK'
            } catch {
                Write-Output ('ERROR: ' + $_.Exception.Message)
            }
2026-08-09 20:31:28.523 -05:00 [INF] (Thread 3) WindowsUpdateWorker: PSWindowsUpdate module OK.
2026-08-09 20:31:28.525 -05:00 [DBG] (Thread 3) WindowsUpdateWorker: running PS script: Import-Module PSWindowsUpdate -ErrorAction Stop
        $ProgressPreference = 'SilentlyContinue'

        # Force the Windows Update Agent to scan before installing.
        # Fixes 0x80248007 (WU_E_DS_NODATA) on fresh builds or machines
        # whose update data store has not been initialised yet.
        try {
            Start-Process -FilePath 'UsoClient.exe' `
                -ArgumentList 'StartScan' `
                -Wait -NoNewWindow -ErrorAction SilentlyContinue
            Start-Sleep -Seconds 30
        } catch {}

        # 2>&1 merges stderr into the pipeline mixing strings with update
        # objects -- we filter them out in the foreach loop below.
        $rawOutput = Install-WindowsUpdate `
            -MicrosoftUpdate `
            -AcceptAll `
            -IgnoreReboot `
            -Install `
            -ErrorAction Continue 2>&1

        # Use a hashtable keyed on Title to keep only the LAST result per update.
        # PSWindowsUpdate emits objects at multiple pipeline stages (search, download,
        # install); overwriting ensures we capture the final post-install ResultCode
        # rather than an early ResultCode=0 (NotStarted).
        $byKey = @{}

        foreach ($u in $rawOutput) {
            if ($null -eq $u -or $u -isnot [PSObject]) { continue }
            if (-not ($u.PSObject.Properties.Name -contains 'Title')) { continue }
            if ([string]::IsNullOrWhiteSpace($u.Title)) { continue }

            $resultCode = 0
            try { $resultCode = [int]$u.ResultCode } catch { $resultCode = 4 }
            $succeeded = ($resultCode -eq 2 -or $resultCode -eq 3)

            # ResultCode=0 means NotStarted — treat as Skipped, not Failed.
            $status = if ($succeeded) { 'Succeeded' } elseif ($resultCode -eq 0) { 'Skipped' } else { 'Failed' }

            $kb = ''
            try {
                if ($u.KBArticleIDs -and $u.KBArticleIDs.Count -gt 0) {
                    $kb = 'KB' + $u.KBArticleIDs[0]
                }
            } catch {}

            $needsReboot = $false
            try { $needsReboot = [bool]$u.RebootRequired } catch {}

            $byKey[$u.Title] = [PSCustomObject]@{
                Identifier     = $kb
                Title          = [string]$u.Title
                Status         = $status
                ErrorMessage   = if ($succeeded -or $resultCode -eq 0) { '' } else { 'ResultCode=' + $resultCode }
                RebootRequired = $needsReboot
                AttemptedAt    = (Get-Date -Format 'o')
            }
        }

        $results = @($byKey.Values)

        if ($results.Count -eq 0) {
            Write-Output '[]'
        } else {
            $results | ConvertTo-Json -Compress
        }
2026-08-09 20:32:28.868 -05:00 [INF] (Thread 6) WindowsUpdateWorker: no updates installed — system reboot is already pending.
2026-08-09 20:32:28.869 -05:00 [INF] (Thread 6) WindowsUpdateWorker: pass complete. Total=1 Succeeded=1 Failed=0 Skipped=0
2026-08-09 20:32:28.870 -05:00 [INF] (Thread 6) WingetWorker: skipping — last run was 2026-08-06T22:50:11.8754628Z (less than 7 days ago).
2026-08-09 20:32:28.870 -05:00 [INF] (Thread 6) UpdateOrchestrator: cycle complete. Total=1 Succeeded=1 Failed=0 RebootRequired=true
2026-08-09 20:32:28.871 -05:00 [INF] (Thread 6) UpdateOrchestrator: reboot required but today is not an allowed reboot day per RebootDoW — skipping notification until the next allowed day.
2026-08-09 20:32:28.871 -05:00 [INF] (Thread 6) UpdateBackgroundService: next cycle in "01:00:00".
2026-08-09 21:32:28.883 -05:00 [INF] (Thread 6) SelfUpdater: checking for updates. Current version: 1.26.586.697
2026-08-09 21:32:29.000 -05:00 [INF] (Thread 6) SelfUpdater: remote version = 1.26.586.697.
2026-08-09 21:32:29.000 -05:00 [INF] (Thread 6) SelfUpdater: already up to date.
2026-08-09 21:32:29.000 -05:00 [INF] (Thread 6) UpdateOrchestrator: === Update cycle starting ===
2026-08-09 21:32:29.000 -05:00 [INF] (Thread 6) WindowsUpdateWorker: starting update pass.
2026-08-09 21:32:29.001 -05:00 [INF] (Thread 6) WindowsUpdateWorker: verifying PSWindowsUpdate module.
2026-08-09 21:32:29.002 -05:00 [DBG] (Thread 6) WindowsUpdateWorker: running PS script: $ProgressPreference = 'SilentlyContinue'
            $ErrorActionPreference = 'Stop'
            try {
                if (-not (Get-PackageProvider -Name NuGet -ListAvailable -ErrorAction SilentlyContinue)) {
                    Install-PackageProvider -Name NuGet -MinimumVersion 2.8.5.201 -Force -Scope AllUsers | Out-Null
                }
                Set-PSRepository -Name PSGallery -InstallationPolicy Trusted -ErrorAction SilentlyContinue
                if (-not (Get-Module -ListAvailable -Name PSWindowsUpdate -ErrorAction SilentlyContinue)) {
                    Install-Module PSWindowsUpdate -Force -SkipPublisherCheck -Scope AllUsers | Out-Null
                }
                Import-Module PSWindowsUpdate -Force -ErrorAction Stop
                try {
                    Add-WUServiceManager -MicrosoftUpdate -Confirm:$false -ErrorAction SilentlyContinue | Out-Null
                } catch {}
                Write-Output 'OK'
            } catch {
                Write-Output ('ERROR: ' + $_.Exception.Message)
            }
2026-08-09 21:33:00.976 -05:00 [INF] (Thread 14) WindowsUpdateWorker: PSWindowsUpdate module OK.
2026-08-09 21:33:00.978 -05:00 [DBG] (Thread 14) WindowsUpdateWorker: running PS script: Import-Module PSWindowsUpdate -ErrorAction Stop
        $ProgressPreference = 'SilentlyContinue'

        # Force the Windows Update Agent to scan before installing.
        # Fixes 0x80248007 (WU_E_DS_NODATA) on fresh builds or machines
        # whose update data store has not been initialised yet.
        try {
            Start-Process -FilePath 'UsoClient.exe' `
                -ArgumentList 'StartScan' `
                -Wait -NoNewWindow -ErrorAction SilentlyContinue
            Start-Sleep -Seconds 30
        } catch {}

        # 2>&1 merges stderr into the pipeline mixing strings with update
        # objects -- we filter them out in the foreach loop below.
        $rawOutput = Install-WindowsUpdate `
            -MicrosoftUpdate `
            -AcceptAll `
            -IgnoreReboot `
            -Install `
            -ErrorAction Continue 2>&1

        # Use a hashtable keyed on Title to keep only the LAST result per update.
        # PSWindowsUpdate emits objects at multiple pipeline stages (search, download,
        # install); overwriting ensures we capture the final post-install ResultCode
        # rather than an early ResultCode=0 (NotStarted).
        $byKey = @{}

        foreach ($u in $rawOutput) {
            if ($null -eq $u -or $u -isnot [PSObject]) { continue }
            if (-not ($u.PSObject.Properties.Name -contains 'Title')) { continue }
            if ([string]::IsNullOrWhiteSpace($u.Title)) { continue }

            $resultCode = 0
            try { $resultCode = [int]$u.ResultCode } catch { $resultCode = 4 }
            $succeeded = ($resultCode -eq 2 -or $resultCode -eq 3)

            # ResultCode=0 means NotStarted — treat as Skipped, not Failed.
            $status = if ($succeeded) { 'Succeeded' } elseif ($resultCode -eq 0) { 'Skipped' } else { 'Failed' }

            $kb = ''
            try {
                if ($u.KBArticleIDs -and $u.KBArticleIDs.Count -gt 0) {
                    $kb = 'KB' + $u.KBArticleIDs[0]
                }
            } catch {}

            $needsReboot = $false
            try { $needsReboot = [bool]$u.RebootRequired } catch {}

            $byKey[$u.Title] = [PSCustomObject]@{
                Identifier     = $kb
                Title          = [string]$u.Title
                Status         = $status
                ErrorMessage   = if ($succeeded -or $resultCode -eq 0) { '' } else { 'ResultCode=' + $resultCode }
                RebootRequired = $needsReboot
                AttemptedAt    = (Get-Date -Format 'o')
            }
        }

        $results = @($byKey.Values)

        if ($results.Count -eq 0) {
            Write-Output '[]'
        } else {
            $results | ConvertTo-Json -Compress
        }
2026-08-09 21:34:06.338 -05:00 [INF] (Thread 10) WindowsUpdateWorker: no updates installed — system reboot is already pending.
2026-08-09 21:34:06.338 -05:00 [INF] (Thread 10) WindowsUpdateWorker: pass complete. Total=1 Succeeded=1 Failed=0 Skipped=0
2026-08-09 21:34:06.338 -05:00 [INF] (Thread 10) WingetWorker: skipping — last run was 2026-08-06T22:50:11.8754628Z (less than 7 days ago).
2026-08-09 21:34:06.338 -05:00 [INF] (Thread 10) UpdateOrchestrator: cycle complete. Total=1 Succeeded=1 Failed=0 RebootRequired=true
2026-08-09 21:34:06.338 -05:00 [INF] (Thread 10) UpdateOrchestrator: reboot required but today is not an allowed reboot day per RebootDoW — skipping notification until the next allowed day.
2026-08-09 21:34:06.338 -05:00 [INF] (Thread 10) UpdateBackgroundService: next cycle in "01:00:00".
2026-08-09 22:34:06.339 -05:00 [INF] (Thread 13) SelfUpdater: checking for updates. Current version: 1.26.586.697
2026-08-09 22:34:06.452 -05:00 [INF] (Thread 13) SelfUpdater: remote version = 1.26.586.697.
2026-08-09 22:34:06.452 -05:00 [INF] (Thread 13) SelfUpdater: already up to date.
2026-08-09 22:34:06.452 -05:00 [INF] (Thread 13) UpdateOrchestrator: === Update cycle starting ===
2026-08-09 22:34:06.453 -05:00 [INF] (Thread 13) WindowsUpdateWorker: starting update pass.
2026-08-09 22:34:06.453 -05:00 [INF] (Thread 13) WindowsUpdateWorker: verifying PSWindowsUpdate module.
2026-08-09 22:34:06.455 -05:00 [DBG] (Thread 13) WindowsUpdateWorker: running PS script: $ProgressPreference = 'SilentlyContinue'
            $ErrorActionPreference = 'Stop'
            try {
                if (-not (Get-PackageProvider -Name NuGet -ListAvailable -ErrorAction SilentlyContinue)) {
                    Install-PackageProvider -Name NuGet -MinimumVersion 2.8.5.201 -Force -Scope AllUsers | Out-Null
                }
                Set-PSRepository -Name PSGallery -InstallationPolicy Trusted -ErrorAction SilentlyContinue
                if (-not (Get-Module -ListAvailable -Name PSWindowsUpdate -ErrorAction SilentlyContinue)) {
                    Install-Module PSWindowsUpdate -Force -SkipPublisherCheck -Scope AllUsers | Out-Null
                }
                Import-Module PSWindowsUpdate -Force -ErrorAction Stop
                try {
                    Add-WUServiceManager -MicrosoftUpdate -Confirm:$false -ErrorAction SilentlyContinue | Out-Null
                } catch {}
                Write-Output 'OK'
            } catch {
                Write-Output ('ERROR: ' + $_.Exception.Message)
            }
2026-08-09 22:34:38.793 -05:00 [INF] (Thread 22) WindowsUpdateWorker: PSWindowsUpdate module OK.
2026-08-09 22:34:38.795 -05:00 [DBG] (Thread 22) WindowsUpdateWorker: running PS script: Import-Module PSWindowsUpdate -ErrorAction Stop
        $ProgressPreference = 'SilentlyContinue'

        # Force the Windows Update Agent to scan before installing.
        # Fixes 0x80248007 (WU_E_DS_NODATA) on fresh builds or machines
        # whose update data store has not been initialised yet.
        try {
            Start-Process -FilePath 'UsoClient.exe' `
                -ArgumentList 'StartScan' `
                -Wait -NoNewWindow -ErrorAction SilentlyContinue
            Start-Sleep -Seconds 30
        } catch {}

        # 2>&1 merges stderr into the pipeline mixing strings with update
        # objects -- we filter them out in the foreach loop below.
        $rawOutput = Install-WindowsUpdate `
            -MicrosoftUpdate `
            -AcceptAll `
            -IgnoreReboot `
            -Install `
            -ErrorAction Continue 2>&1

        # Use a hashtable keyed on Title to keep only the LAST result per update.
        # PSWindowsUpdate emits objects at multiple pipeline stages (search, download,
        # install); overwriting ensures we capture the final post-install ResultCode
        # rather than an early ResultCode=0 (NotStarted).
        $byKey = @{}

        foreach ($u in $rawOutput) {
            if ($null -eq $u -or $u -isnot [PSObject]) { continue }
            if (-not ($u.PSObject.Properties.Name -contains 'Title')) { continue }
            if ([string]::IsNullOrWhiteSpace($u.Title)) { continue }

            $resultCode = 0
            try { $resultCode = [int]$u.ResultCode } catch { $resultCode = 4 }
            $succeeded = ($resultCode -eq 2 -or $resultCode -eq 3)

            # ResultCode=0 means NotStarted — treat as Skipped, not Failed.
            $status = if ($succeeded) { 'Succeeded' } elseif ($resultCode -eq 0) { 'Skipped' } else { 'Failed' }

            $kb = ''
            try {
                if ($u.KBArticleIDs -and $u.KBArticleIDs.Count -gt 0) {
                    $kb = 'KB' + $u.KBArticleIDs[0]
                }
            } catch {}

            $needsReboot = $false
            try { $needsReboot = [bool]$u.RebootRequired } catch {}

            $byKey[$u.Title] = [PSCustomObject]@{
                Identifier     = $kb
                Title          = [string]$u.Title
                Status         = $status
                ErrorMessage   = if ($succeeded -or $resultCode -eq 0) { '' } else { 'ResultCode=' + $resultCode }
                RebootRequired = $needsReboot
                AttemptedAt    = (Get-Date -Format 'o')
            }
        }

        $results = @($byKey.Values)

        if ($results.Count -eq 0) {
            Write-Output '[]'
        } else {
            $results | ConvertTo-Json -Compress
        }
2026-08-09 22:35:41.255 -05:00 [INF] (Thread 19) WindowsUpdateWorker: no updates installed — system reboot is already pending.
2026-08-09 22:35:41.255 -05:00 [INF] (Thread 19) WindowsUpdateWorker: pass complete. Total=1 Succeeded=1 Failed=0 Skipped=0
2026-08-09 22:35:41.256 -05:00 [INF] (Thread 19) WingetWorker: skipping — last run was 2026-08-06T22:50:11.8754628Z (less than 7 days ago).
2026-08-09 22:35:41.256 -05:00 [INF] (Thread 19) UpdateOrchestrator: cycle complete. Total=1 Succeeded=1 Failed=0 RebootRequired=true
2026-08-09 22:35:41.256 -05:00 [INF] (Thread 19) UpdateOrchestrator: reboot required but today is not an allowed reboot day per RebootDoW — skipping notification until the next allowed day.
2026-08-09 22:35:41.256 -05:00 [INF] (Thread 19) UpdateBackgroundService: next cycle in "01:00:00".
2026-08-09 23:35:41.265 -05:00 [INF] (Thread 19) SelfUpdater: checking for updates. Current version: 1.26.586.697
2026-08-09 23:35:41.470 -05:00 [INF] (Thread 19) SelfUpdater: remote version = 1.26.586.697.
2026-08-09 23:35:41.471 -05:00 [INF] (Thread 19) SelfUpdater: already up to date.
2026-08-09 23:35:41.471 -05:00 [INF] (Thread 19) UpdateOrchestrator: === Update cycle starting ===
2026-08-09 23:35:41.471 -05:00 [INF] (Thread 19) WindowsUpdateWorker: starting update pass.
2026-08-09 23:35:41.471 -05:00 [INF] (Thread 19) WindowsUpdateWorker: verifying PSWindowsUpdate module.
2026-08-09 23:35:41.473 -05:00 [DBG] (Thread 19) WindowsUpdateWorker: running PS script: $ProgressPreference = 'SilentlyContinue'
            $ErrorActionPreference = 'Stop'
            try {
                if (-not (Get-PackageProvider -Name NuGet -ListAvailable -ErrorAction SilentlyContinue)) {
                    Install-PackageProvider -Name NuGet -MinimumVersion 2.8.5.201 -Force -Scope AllUsers | Out-Null
                }
                Set-PSRepository -Name PSGallery -InstallationPolicy Trusted -ErrorAction SilentlyContinue
                if (-not (Get-Module -ListAvailable -Name PSWindowsUpdate -ErrorAction SilentlyContinue)) {
                    Install-Module PSWindowsUpdate -Force -SkipPublisherCheck -Scope AllUsers | Out-Null
                }
                Import-Module PSWindowsUpdate -Force -ErrorAction Stop
                try {
                    Add-WUServiceManager -MicrosoftUpdate -Confirm:$false -ErrorAction SilentlyContinue | Out-Null
                } catch {}
                Write-Output 'OK'
            } catch {
                Write-Output ('ERROR: ' + $_.Exception.Message)
            }
2026-08-09 23:36:14.461 -05:00 [INF] (Thread 25) WindowsUpdateWorker: PSWindowsUpdate module OK.
2026-08-09 23:36:14.464 -05:00 [DBG] (Thread 25) WindowsUpdateWorker: running PS script: Import-Module PSWindowsUpdate -ErrorAction Stop
        $ProgressPreference = 'SilentlyContinue'

        # Force the Windows Update Agent to scan before installing.
        # Fixes 0x80248007 (WU_E_DS_NODATA) on fresh builds or machines
        # whose update data store has not been initialised yet.
        try {
            Start-Process -FilePath 'UsoClient.exe' `
                -ArgumentList 'StartScan' `
                -Wait -NoNewWindow -ErrorAction SilentlyContinue
            Start-Sleep -Seconds 30
        } catch {}

        # 2>&1 merges stderr into the pipeline mixing strings with update
        # objects -- we filter them out in the foreach loop below.
        $rawOutput = Install-WindowsUpdate `
            -MicrosoftUpdate `
            -AcceptAll `
            -IgnoreReboot `
            -Install `
            -ErrorAction Continue 2>&1

        # Use a hashtable keyed on Title to keep only the LAST result per update.
        # PSWindowsUpdate emits objects at multiple pipeline stages (search, download,
        # install); overwriting ensures we capture the final post-install ResultCode
        # rather than an early ResultCode=0 (NotStarted).
        $byKey = @{}

        foreach ($u in $rawOutput) {
            if ($null -eq $u -or $u -isnot [PSObject]) { continue }
            if (-not ($u.PSObject.Properties.Name -contains 'Title')) { continue }
            if ([string]::IsNullOrWhiteSpace($u.Title)) { continue }

            $resultCode = 0
            try { $resultCode = [int]$u.ResultCode } catch { $resultCode = 4 }
            $succeeded = ($resultCode -eq 2 -or $resultCode -eq 3)

            # ResultCode=0 means NotStarted — treat as Skipped, not Failed.
            $status = if ($succeeded) { 'Succeeded' } elseif ($resultCode -eq 0) { 'Skipped' } else { 'Failed' }

            $kb = ''
            try {
                if ($u.KBArticleIDs -and $u.KBArticleIDs.Count -gt 0) {
                    $kb = 'KB' + $u.KBArticleIDs[0]
                }
            } catch {}

            $needsReboot = $false
            try { $needsReboot = [bool]$u.RebootRequired } catch {}

            $byKey[$u.Title] = [PSCustomObject]@{
                Identifier     = $kb
                Title          = [string]$u.Title
                Status         = $status
                ErrorMessage   = if ($succeeded -or $resultCode -eq 0) { '' } else { 'ResultCode=' + $resultCode }
                RebootRequired = $needsReboot
                AttemptedAt    = (Get-Date -Format 'o')
            }
        }

        $results = @($byKey.Values)

        if ($results.Count -eq 0) {
            Write-Output '[]'
        } else {
            $results | ConvertTo-Json -Compress
        }
2026-08-09 23:37:21.161 -05:00 [INF] (Thread 26) WindowsUpdateWorker: no updates installed — system reboot is already pending.
2026-08-09 23:37:21.161 -05:00 [INF] (Thread 26) WindowsUpdateWorker: pass complete. Total=1 Succeeded=1 Failed=0 Skipped=0
2026-08-09 23:37:21.161 -05:00 [INF] (Thread 26) WingetWorker: skipping — last run was 2026-08-06T22:50:11.8754628Z (less than 7 days ago).
2026-08-09 23:37:21.161 -05:00 [INF] (Thread 26) UpdateOrchestrator: cycle complete. Total=1 Succeeded=1 Failed=0 RebootRequired=true
2026-08-09 23:37:21.162 -05:00 [INF] (Thread 26) UpdateOrchestrator: reboot required but today is not an allowed reboot day per RebootDoW — skipping notification until the next allowed day.
2026-08-09 23:37:21.162 -05:00 [INF] (Thread 26) UpdateBackgroundService: next cycle in "01:00:00".
