2026-08-13 00:19:03.974 -05:00 [INF] (Thread 18) WindowsUpdateWorker: no updates installed — system reboot is already pending.
2026-08-13 00:19:04.012 -05:00 [INF] (Thread 18) WindowsUpdateWorker: pass complete. Total=5 Succeeded=1 Failed=0 Skipped=4
2026-08-13 00:19:04.020 -05:00 [INF] (Thread 18) WingetWorker: skipping — last run was 2026-08-06T22:50:11.8754628Z (less than 7 days ago).
2026-08-13 00:19:04.020 -05:00 [INF] (Thread 18) UpdateOrchestrator: cycle complete. Total=5 Succeeded=1 Failed=0 RebootRequired=true
2026-08-13 00:19:04.020 -05:00 [INF] (Thread 18) UpdateOrchestrator: reboot required but last reboot was 54.7 hours ago — skipping notification until 3-day minimum has elapsed.
2026-08-13 00:19:04.021 -05:00 [INF] (Thread 18) UpdateBackgroundService: next cycle in "01:00:00".
2026-08-13 01:19:04.223 -05:00 [INF] (Thread 24) SelfUpdater: checking for updates. Current version: 1.26.586.697
2026-08-13 01:19:04.406 -05:00 [INF] (Thread 24) SelfUpdater: remote version = 1.26.586.697.
2026-08-13 01:19:04.407 -05:00 [INF] (Thread 24) SelfUpdater: already up to date.
2026-08-13 01:19:04.407 -05:00 [INF] (Thread 24) UpdateOrchestrator: === Update cycle starting ===
2026-08-13 01:19:04.407 -05:00 [INF] (Thread 24) WindowsUpdateWorker: starting update pass.
2026-08-13 01:19:04.407 -05:00 [INF] (Thread 24) WindowsUpdateWorker: verifying PSWindowsUpdate module.
2026-08-13 01:19:04.410 -05:00 [DBG] (Thread 24) WindowsUpdateWorker: running PS script: $ProgressPreference = 'SilentlyContinue'
            $ErrorActionPreference = 'Stop'
            try {
                if (-not (Get-PackageProvider -Name NuGet -ListAvailable -ErrorAction SilentlyContinue)) {
                    Install-PackageProvider -Name NuGet -MinimumVersion 2.8.5.201 -Force -Scope AllUsers | Out-Null
                }
                Set-PSRepository -Name PSGallery -InstallationPolicy Trusted -ErrorAction SilentlyContinue
                if (-not (Get-Module -ListAvailable -Name PSWindowsUpdate -ErrorAction SilentlyContinue)) {
                    Install-Module PSWindowsUpdate -Force -SkipPublisherCheck -Scope AllUsers | Out-Null
                }
                Import-Module PSWindowsUpdate -Force -ErrorAction Stop
                try {
                    Add-WUServiceManager -MicrosoftUpdate -Confirm:$false -ErrorAction SilentlyContinue | Out-Null
                } catch {}
                Write-Output 'OK'
            } catch {
                Write-Output ('ERROR: ' + $_.Exception.Message)
            }
2026-08-13 01:19:42.580 -05:00 [INF] (Thread 24) WindowsUpdateWorker: PSWindowsUpdate module OK.
2026-08-13 01:19:42.582 -05:00 [DBG] (Thread 24) WindowsUpdateWorker: running PS script: Import-Module PSWindowsUpdate -ErrorAction Stop
        $ProgressPreference = 'SilentlyContinue'

        # Force the Windows Update Agent to scan before installing.
        # Fixes 0x80248007 (WU_E_DS_NODATA) on fresh builds or machines
        # whose update data store has not been initialised yet.
        try {
            Start-Process -FilePath 'UsoClient.exe' `
                -ArgumentList 'StartScan' `
                -Wait -NoNewWindow -ErrorAction SilentlyContinue
            Start-Sleep -Seconds 30
        } catch {}

        # 2>&1 merges stderr into the pipeline mixing strings with update
        # objects -- we filter them out in the foreach loop below.
        $rawOutput = Install-WindowsUpdate `
            -MicrosoftUpdate `
            -AcceptAll `
            -IgnoreReboot `
            -Install `
            -ErrorAction Continue 2>&1

        # Use a hashtable keyed on Title to keep only the LAST result per update.
        # PSWindowsUpdate emits objects at multiple pipeline stages (search, download,
        # install); overwriting ensures we capture the final post-install ResultCode
        # rather than an early ResultCode=0 (NotStarted).
        $byKey = @{}

        foreach ($u in $rawOutput) {
            if ($null -eq $u -or $u -isnot [PSObject]) { continue }
            if (-not ($u.PSObject.Properties.Name -contains 'Title')) { continue }
            if ([string]::IsNullOrWhiteSpace($u.Title)) { continue }

            $resultCode = 0
            try { $resultCode = [int]$u.ResultCode } catch { $resultCode = 4 }
            $succeeded = ($resultCode -eq 2 -or $resultCode -eq 3)

            # ResultCode=0 means NotStarted — treat as Skipped, not Failed.
            $status = if ($succeeded) { 'Succeeded' } elseif ($resultCode -eq 0) { 'Skipped' } else { 'Failed' }

            $kb = ''
            try {
                if ($u.KBArticleIDs -and $u.KBArticleIDs.Count -gt 0) {
                    $kb = 'KB' + $u.KBArticleIDs[0]
                }
            } catch {}

            $needsReboot = $false
            try { $needsReboot = [bool]$u.RebootRequired } catch {}

            $byKey[$u.Title] = [PSCustomObject]@{
                Identifier     = $kb
                Title          = [string]$u.Title
                Status         = $status
                ErrorMessage   = if ($succeeded -or $resultCode -eq 0) { '' } else { 'ResultCode=' + $resultCode }
                RebootRequired = $needsReboot
                AttemptedAt    = (Get-Date -Format 'o')
            }
        }

        $results = @($byKey.Values)

        if ($results.Count -eq 0) {
            Write-Output '[]'
        } else {
            $results | ConvertTo-Json -Compress
        }
2026-08-13 01:33:20.471 -05:00 [INF] (Thread 24) WindowsUpdateWorker: no updates installed — system reboot is already pending.
2026-08-13 01:33:20.473 -05:00 [INF] (Thread 24) WindowsUpdateWorker: pass complete. Total=3 Succeeded=1 Failed=0 Skipped=2
2026-08-13 01:33:20.473 -05:00 [INF] (Thread 24) WingetWorker: skipping — last run was 2026-08-06T22:50:11.8754628Z (less than 7 days ago).
2026-08-13 01:33:20.473 -05:00 [INF] (Thread 24) UpdateOrchestrator: cycle complete. Total=3 Succeeded=1 Failed=0 RebootRequired=true
2026-08-13 01:33:20.474 -05:00 [INF] (Thread 24) UpdateOrchestrator: reboot required but last reboot was 56.0 hours ago — skipping notification until 3-day minimum has elapsed.
2026-08-13 01:33:20.474 -05:00 [INF] (Thread 24) UpdateBackgroundService: next cycle in "01:00:00".
2026-08-13 02:33:20.706 -05:00 [INF] (Thread 17) SelfUpdater: checking for updates. Current version: 1.26.586.697
2026-08-13 02:33:20.818 -05:00 [INF] (Thread 17) SelfUpdater: remote version = 1.26.586.697.
2026-08-13 02:33:20.818 -05:00 [INF] (Thread 17) SelfUpdater: already up to date.
2026-08-13 02:33:20.818 -05:00 [INF] (Thread 17) UpdateOrchestrator: === Update cycle starting ===
2026-08-13 02:33:20.818 -05:00 [INF] (Thread 17) WindowsUpdateWorker: starting update pass.
2026-08-13 02:33:20.818 -05:00 [INF] (Thread 17) WindowsUpdateWorker: verifying PSWindowsUpdate module.
2026-08-13 02:33:20.820 -05:00 [DBG] (Thread 17) WindowsUpdateWorker: running PS script: $ProgressPreference = 'SilentlyContinue'
            $ErrorActionPreference = 'Stop'
            try {
                if (-not (Get-PackageProvider -Name NuGet -ListAvailable -ErrorAction SilentlyContinue)) {
                    Install-PackageProvider -Name NuGet -MinimumVersion 2.8.5.201 -Force -Scope AllUsers | Out-Null
                }
                Set-PSRepository -Name PSGallery -InstallationPolicy Trusted -ErrorAction SilentlyContinue
                if (-not (Get-Module -ListAvailable -Name PSWindowsUpdate -ErrorAction SilentlyContinue)) {
                    Install-Module PSWindowsUpdate -Force -SkipPublisherCheck -Scope AllUsers | Out-Null
                }
                Import-Module PSWindowsUpdate -Force -ErrorAction Stop
                try {
                    Add-WUServiceManager -MicrosoftUpdate -Confirm:$false -ErrorAction SilentlyContinue | Out-Null
                } catch {}
                Write-Output 'OK'
            } catch {
                Write-Output ('ERROR: ' + $_.Exception.Message)
            }
2026-08-13 02:33:56.148 -05:00 [INF] (Thread 17) WindowsUpdateWorker: PSWindowsUpdate module OK.
2026-08-13 02:33:56.151 -05:00 [DBG] (Thread 17) WindowsUpdateWorker: running PS script: Import-Module PSWindowsUpdate -ErrorAction Stop
        $ProgressPreference = 'SilentlyContinue'

        # Force the Windows Update Agent to scan before installing.
        # Fixes 0x80248007 (WU_E_DS_NODATA) on fresh builds or machines
        # whose update data store has not been initialised yet.
        try {
            Start-Process -FilePath 'UsoClient.exe' `
                -ArgumentList 'StartScan' `
                -Wait -NoNewWindow -ErrorAction SilentlyContinue
            Start-Sleep -Seconds 30
        } catch {}

        # 2>&1 merges stderr into the pipeline mixing strings with update
        # objects -- we filter them out in the foreach loop below.
        $rawOutput = Install-WindowsUpdate `
            -MicrosoftUpdate `
            -AcceptAll `
            -IgnoreReboot `
            -Install `
            -ErrorAction Continue 2>&1

        # Use a hashtable keyed on Title to keep only the LAST result per update.
        # PSWindowsUpdate emits objects at multiple pipeline stages (search, download,
        # install); overwriting ensures we capture the final post-install ResultCode
        # rather than an early ResultCode=0 (NotStarted).
        $byKey = @{}

        foreach ($u in $rawOutput) {
            if ($null -eq $u -or $u -isnot [PSObject]) { continue }
            if (-not ($u.PSObject.Properties.Name -contains 'Title')) { continue }
            if ([string]::IsNullOrWhiteSpace($u.Title)) { continue }

            $resultCode = 0
            try { $resultCode = [int]$u.ResultCode } catch { $resultCode = 4 }
            $succeeded = ($resultCode -eq 2 -or $resultCode -eq 3)

            # ResultCode=0 means NotStarted — treat as Skipped, not Failed.
            $status = if ($succeeded) { 'Succeeded' } elseif ($resultCode -eq 0) { 'Skipped' } else { 'Failed' }

            $kb = ''
            try {
                if ($u.KBArticleIDs -and $u.KBArticleIDs.Count -gt 0) {
                    $kb = 'KB' + $u.KBArticleIDs[0]
                }
            } catch {}

            $needsReboot = $false
            try { $needsReboot = [bool]$u.RebootRequired } catch {}

            $byKey[$u.Title] = [PSCustomObject]@{
                Identifier     = $kb
                Title          = [string]$u.Title
                Status         = $status
                ErrorMessage   = if ($succeeded -or $resultCode -eq 0) { '' } else { 'ResultCode=' + $resultCode }
                RebootRequired = $needsReboot
                AttemptedAt    = (Get-Date -Format 'o')
            }
        }

        $results = @($byKey.Values)

        if ($results.Count -eq 0) {
            Write-Output '[]'
        } else {
            $results | ConvertTo-Json -Compress
        }
2026-08-13 02:47:11.768 -05:00 [INF] (Thread 19) WindowsUpdateWorker: no updates installed — system reboot is already pending.
2026-08-13 02:47:11.769 -05:00 [INF] (Thread 19) WindowsUpdateWorker: pass complete. Total=3 Succeeded=1 Failed=0 Skipped=2
2026-08-13 02:47:11.770 -05:00 [INF] (Thread 19) WingetWorker: skipping — last run was 2026-08-06T22:50:11.8754628Z (less than 7 days ago).
2026-08-13 02:47:11.770 -05:00 [INF] (Thread 19) UpdateOrchestrator: cycle complete. Total=3 Succeeded=1 Failed=0 RebootRequired=true
2026-08-13 02:47:11.770 -05:00 [INF] (Thread 19) UpdateOrchestrator: reboot required but last reboot was 57.2 hours ago — skipping notification until 3-day minimum has elapsed.
2026-08-13 02:47:11.770 -05:00 [INF] (Thread 19) UpdateBackgroundService: next cycle in "01:00:00".
2026-08-13 03:47:12.028 -05:00 [INF] (Thread 22) SelfUpdater: checking for updates. Current version: 1.26.586.697
2026-08-13 03:47:12.145 -05:00 [INF] (Thread 14) SelfUpdater: remote version = 1.26.586.697.
2026-08-13 03:47:12.145 -05:00 [INF] (Thread 14) SelfUpdater: already up to date.
2026-08-13 03:47:12.145 -05:00 [INF] (Thread 14) UpdateOrchestrator: === Update cycle starting ===
2026-08-13 03:47:12.145 -05:00 [INF] (Thread 14) WindowsUpdateWorker: starting update pass.
2026-08-13 03:47:12.145 -05:00 [INF] (Thread 14) WindowsUpdateWorker: verifying PSWindowsUpdate module.
2026-08-13 03:47:12.148 -05:00 [DBG] (Thread 14) WindowsUpdateWorker: running PS script: $ProgressPreference = 'SilentlyContinue'
            $ErrorActionPreference = 'Stop'
            try {
                if (-not (Get-PackageProvider -Name NuGet -ListAvailable -ErrorAction SilentlyContinue)) {
                    Install-PackageProvider -Name NuGet -MinimumVersion 2.8.5.201 -Force -Scope AllUsers | Out-Null
                }
                Set-PSRepository -Name PSGallery -InstallationPolicy Trusted -ErrorAction SilentlyContinue
                if (-not (Get-Module -ListAvailable -Name PSWindowsUpdate -ErrorAction SilentlyContinue)) {
                    Install-Module PSWindowsUpdate -Force -SkipPublisherCheck -Scope AllUsers | Out-Null
                }
                Import-Module PSWindowsUpdate -Force -ErrorAction Stop
                try {
                    Add-WUServiceManager -MicrosoftUpdate -Confirm:$false -ErrorAction SilentlyContinue | Out-Null
                } catch {}
                Write-Output 'OK'
            } catch {
                Write-Output ('ERROR: ' + $_.Exception.Message)
            }
2026-08-13 03:47:45.139 -05:00 [INF] (Thread 14) WindowsUpdateWorker: PSWindowsUpdate module OK.
2026-08-13 03:47:45.141 -05:00 [DBG] (Thread 14) WindowsUpdateWorker: running PS script: Import-Module PSWindowsUpdate -ErrorAction Stop
        $ProgressPreference = 'SilentlyContinue'

        # Force the Windows Update Agent to scan before installing.
        # Fixes 0x80248007 (WU_E_DS_NODATA) on fresh builds or machines
        # whose update data store has not been initialised yet.
        try {
            Start-Process -FilePath 'UsoClient.exe' `
                -ArgumentList 'StartScan' `
                -Wait -NoNewWindow -ErrorAction SilentlyContinue
            Start-Sleep -Seconds 30
        } catch {}

        # 2>&1 merges stderr into the pipeline mixing strings with update
        # objects -- we filter them out in the foreach loop below.
        $rawOutput = Install-WindowsUpdate `
            -MicrosoftUpdate `
            -AcceptAll `
            -IgnoreReboot `
            -Install `
            -ErrorAction Continue 2>&1

        # Use a hashtable keyed on Title to keep only the LAST result per update.
        # PSWindowsUpdate emits objects at multiple pipeline stages (search, download,
        # install); overwriting ensures we capture the final post-install ResultCode
        # rather than an early ResultCode=0 (NotStarted).
        $byKey = @{}

        foreach ($u in $rawOutput) {
            if ($null -eq $u -or $u -isnot [PSObject]) { continue }
            if (-not ($u.PSObject.Properties.Name -contains 'Title')) { continue }
            if ([string]::IsNullOrWhiteSpace($u.Title)) { continue }

            $resultCode = 0
            try { $resultCode = [int]$u.ResultCode } catch { $resultCode = 4 }
            $succeeded = ($resultCode -eq 2 -or $resultCode -eq 3)

            # ResultCode=0 means NotStarted — treat as Skipped, not Failed.
            $status = if ($succeeded) { 'Succeeded' } elseif ($resultCode -eq 0) { 'Skipped' } else { 'Failed' }

            $kb = ''
            try {
                if ($u.KBArticleIDs -and $u.KBArticleIDs.Count -gt 0) {
                    $kb = 'KB' + $u.KBArticleIDs[0]
                }
            } catch {}

            $needsReboot = $false
            try { $needsReboot = [bool]$u.RebootRequired } catch {}

            $byKey[$u.Title] = [PSCustomObject]@{
                Identifier     = $kb
                Title          = [string]$u.Title
                Status         = $status
                ErrorMessage   = if ($succeeded -or $resultCode -eq 0) { '' } else { 'ResultCode=' + $resultCode }
                RebootRequired = $needsReboot
                AttemptedAt    = (Get-Date -Format 'o')
            }
        }

        $results = @($byKey.Values)

        if ($results.Count -eq 0) {
            Write-Output '[]'
        } else {
            $results | ConvertTo-Json -Compress
        }
2026-08-13 04:00:48.882 -05:00 [INF] (Thread 14) WindowsUpdateWorker: no updates installed — system reboot is already pending.
2026-08-13 04:00:48.883 -05:00 [INF] (Thread 14) WindowsUpdateWorker: pass complete. Total=3 Succeeded=1 Failed=0 Skipped=2
2026-08-13 04:00:48.884 -05:00 [INF] (Thread 14) WingetWorker: skipping — last run was 2026-08-06T22:50:11.8754628Z (less than 7 days ago).
2026-08-13 04:00:48.884 -05:00 [INF] (Thread 14) UpdateOrchestrator: cycle complete. Total=3 Succeeded=1 Failed=0 RebootRequired=true
2026-08-13 04:00:48.884 -05:00 [INF] (Thread 14) UpdateOrchestrator: reboot required but last reboot was 58.4 hours ago — skipping notification until 3-day minimum has elapsed.
2026-08-13 04:00:48.884 -05:00 [INF] (Thread 14) UpdateBackgroundService: next cycle in "01:00:00".
2026-08-13 05:00:48.890 -05:00 [INF] (Thread 23) SelfUpdater: checking for updates. Current version: 1.26.586.697
2026-08-13 05:00:49.021 -05:00 [INF] (Thread 23) SelfUpdater: remote version = 1.26.586.697.
2026-08-13 05:00:49.021 -05:00 [INF] (Thread 23) SelfUpdater: already up to date.
2026-08-13 05:00:49.021 -05:00 [INF] (Thread 23) UpdateOrchestrator: === Update cycle starting ===
2026-08-13 05:00:49.021 -05:00 [INF] (Thread 23) WindowsUpdateWorker: starting update pass.
2026-08-13 05:00:49.021 -05:00 [INF] (Thread 23) WindowsUpdateWorker: verifying PSWindowsUpdate module.
2026-08-13 05:00:49.024 -05:00 [DBG] (Thread 23) WindowsUpdateWorker: running PS script: $ProgressPreference = 'SilentlyContinue'
            $ErrorActionPreference = 'Stop'
            try {
                if (-not (Get-PackageProvider -Name NuGet -ListAvailable -ErrorAction SilentlyContinue)) {
                    Install-PackageProvider -Name NuGet -MinimumVersion 2.8.5.201 -Force -Scope AllUsers | Out-Null
                }
                Set-PSRepository -Name PSGallery -InstallationPolicy Trusted -ErrorAction SilentlyContinue
                if (-not (Get-Module -ListAvailable -Name PSWindowsUpdate -ErrorAction SilentlyContinue)) {
                    Install-Module PSWindowsUpdate -Force -SkipPublisherCheck -Scope AllUsers | Out-Null
                }
                Import-Module PSWindowsUpdate -Force -ErrorAction Stop
                try {
                    Add-WUServiceManager -MicrosoftUpdate -Confirm:$false -ErrorAction SilentlyContinue | Out-Null
                } catch {}
                Write-Output 'OK'
            } catch {
                Write-Output ('ERROR: ' + $_.Exception.Message)
            }
2026-08-13 05:01:22.152 -05:00 [INF] (Thread 10) WindowsUpdateWorker: PSWindowsUpdate module OK.
2026-08-13 05:01:22.154 -05:00 [DBG] (Thread 10) WindowsUpdateWorker: running PS script: Import-Module PSWindowsUpdate -ErrorAction Stop
        $ProgressPreference = 'SilentlyContinue'

        # Force the Windows Update Agent to scan before installing.
        # Fixes 0x80248007 (WU_E_DS_NODATA) on fresh builds or machines
        # whose update data store has not been initialised yet.
        try {
            Start-Process -FilePath 'UsoClient.exe' `
                -ArgumentList 'StartScan' `
                -Wait -NoNewWindow -ErrorAction SilentlyContinue
            Start-Sleep -Seconds 30
        } catch {}

        # 2>&1 merges stderr into the pipeline mixing strings with update
        # objects -- we filter them out in the foreach loop below.
        $rawOutput = Install-WindowsUpdate `
            -MicrosoftUpdate `
            -AcceptAll `
            -IgnoreReboot `
            -Install `
            -ErrorAction Continue 2>&1

        # Use a hashtable keyed on Title to keep only the LAST result per update.
        # PSWindowsUpdate emits objects at multiple pipeline stages (search, download,
        # install); overwriting ensures we capture the final post-install ResultCode
        # rather than an early ResultCode=0 (NotStarted).
        $byKey = @{}

        foreach ($u in $rawOutput) {
            if ($null -eq $u -or $u -isnot [PSObject]) { continue }
            if (-not ($u.PSObject.Properties.Name -contains 'Title')) { continue }
            if ([string]::IsNullOrWhiteSpace($u.Title)) { continue }

            $resultCode = 0
            try { $resultCode = [int]$u.ResultCode } catch { $resultCode = 4 }
            $succeeded = ($resultCode -eq 2 -or $resultCode -eq 3)

            # ResultCode=0 means NotStarted — treat as Skipped, not Failed.
            $status = if ($succeeded) { 'Succeeded' } elseif ($resultCode -eq 0) { 'Skipped' } else { 'Failed' }

            $kb = ''
            try {
                if ($u.KBArticleIDs -and $u.KBArticleIDs.Count -gt 0) {
                    $kb = 'KB' + $u.KBArticleIDs[0]
                }
            } catch {}

            $needsReboot = $false
            try { $needsReboot = [bool]$u.RebootRequired } catch {}

            $byKey[$u.Title] = [PSCustomObject]@{
                Identifier     = $kb
                Title          = [string]$u.Title
                Status         = $status
                ErrorMessage   = if ($succeeded -or $resultCode -eq 0) { '' } else { 'ResultCode=' + $resultCode }
                RebootRequired = $needsReboot
                AttemptedAt    = (Get-Date -Format 'o')
            }
        }

        $results = @($byKey.Values)

        if ($results.Count -eq 0) {
            Write-Output '[]'
        } else {
            $results | ConvertTo-Json -Compress
        }
2026-08-13 05:14:17.454 -05:00 [INF] (Thread 23) WindowsUpdateWorker: no updates installed — system reboot is already pending.
2026-08-13 05:14:17.454 -05:00 [INF] (Thread 23) WindowsUpdateWorker: pass complete. Total=3 Succeeded=1 Failed=0 Skipped=2
2026-08-13 05:14:17.455 -05:00 [INF] (Thread 23) WingetWorker: skipping — last run was 2026-08-06T22:50:11.8754628Z (less than 7 days ago).
2026-08-13 05:14:17.455 -05:00 [INF] (Thread 23) UpdateOrchestrator: cycle complete. Total=3 Succeeded=1 Failed=0 RebootRequired=true
2026-08-13 05:14:17.455 -05:00 [INF] (Thread 23) UpdateOrchestrator: reboot required but last reboot was 59.6 hours ago — skipping notification until 3-day minimum has elapsed.
2026-08-13 05:14:17.455 -05:00 [INF] (Thread 23) UpdateBackgroundService: next cycle in "01:00:00".
2026-08-13 06:14:17.470 -05:00 [INF] (Thread 14) SelfUpdater: checking for updates. Current version: 1.26.586.697
2026-08-13 06:14:17.667 -05:00 [INF] (Thread 14) SelfUpdater: remote version = 1.26.586.697.
2026-08-13 06:14:17.667 -05:00 [INF] (Thread 14) SelfUpdater: already up to date.
2026-08-13 06:14:17.667 -05:00 [INF] (Thread 14) UpdateOrchestrator: === Update cycle starting ===
2026-08-13 06:14:17.667 -05:00 [INF] (Thread 14) WindowsUpdateWorker: starting update pass.
2026-08-13 06:14:17.667 -05:00 [INF] (Thread 14) WindowsUpdateWorker: verifying PSWindowsUpdate module.
2026-08-13 06:14:17.668 -05:00 [DBG] (Thread 14) WindowsUpdateWorker: running PS script: $ProgressPreference = 'SilentlyContinue'
            $ErrorActionPreference = 'Stop'
            try {
                if (-not (Get-PackageProvider -Name NuGet -ListAvailable -ErrorAction SilentlyContinue)) {
                    Install-PackageProvider -Name NuGet -MinimumVersion 2.8.5.201 -Force -Scope AllUsers | Out-Null
                }
                Set-PSRepository -Name PSGallery -InstallationPolicy Trusted -ErrorAction SilentlyContinue
                if (-not (Get-Module -ListAvailable -Name PSWindowsUpdate -ErrorAction SilentlyContinue)) {
                    Install-Module PSWindowsUpdate -Force -SkipPublisherCheck -Scope AllUsers | Out-Null
                }
                Import-Module PSWindowsUpdate -Force -ErrorAction Stop
                try {
                    Add-WUServiceManager -MicrosoftUpdate -Confirm:$false -ErrorAction SilentlyContinue | Out-Null
                } catch {}
                Write-Output 'OK'
            } catch {
                Write-Output ('ERROR: ' + $_.Exception.Message)
            }
2026-08-13 06:14:52.156 -05:00 [INF] (Thread 14) WindowsUpdateWorker: PSWindowsUpdate module OK.
2026-08-13 06:14:52.158 -05:00 [DBG] (Thread 14) WindowsUpdateWorker: running PS script: Import-Module PSWindowsUpdate -ErrorAction Stop
        $ProgressPreference = 'SilentlyContinue'

        # Force the Windows Update Agent to scan before installing.
        # Fixes 0x80248007 (WU_E_DS_NODATA) on fresh builds or machines
        # whose update data store has not been initialised yet.
        try {
            Start-Process -FilePath 'UsoClient.exe' `
                -ArgumentList 'StartScan' `
                -Wait -NoNewWindow -ErrorAction SilentlyContinue
            Start-Sleep -Seconds 30
        } catch {}

        # 2>&1 merges stderr into the pipeline mixing strings with update
        # objects -- we filter them out in the foreach loop below.
        $rawOutput = Install-WindowsUpdate `
            -MicrosoftUpdate `
            -AcceptAll `
            -IgnoreReboot `
            -Install `
            -ErrorAction Continue 2>&1

        # Use a hashtable keyed on Title to keep only the LAST result per update.
        # PSWindowsUpdate emits objects at multiple pipeline stages (search, download,
        # install); overwriting ensures we capture the final post-install ResultCode
        # rather than an early ResultCode=0 (NotStarted).
        $byKey = @{}

        foreach ($u in $rawOutput) {
            if ($null -eq $u -or $u -isnot [PSObject]) { continue }
            if (-not ($u.PSObject.Properties.Name -contains 'Title')) { continue }
            if ([string]::IsNullOrWhiteSpace($u.Title)) { continue }

            $resultCode = 0
            try { $resultCode = [int]$u.ResultCode } catch { $resultCode = 4 }
            $succeeded = ($resultCode -eq 2 -or $resultCode -eq 3)

            # ResultCode=0 means NotStarted — treat as Skipped, not Failed.
            $status = if ($succeeded) { 'Succeeded' } elseif ($resultCode -eq 0) { 'Skipped' } else { 'Failed' }

            $kb = ''
            try {
                if ($u.KBArticleIDs -and $u.KBArticleIDs.Count -gt 0) {
                    $kb = 'KB' + $u.KBArticleIDs[0]
                }
            } catch {}

            $needsReboot = $false
            try { $needsReboot = [bool]$u.RebootRequired } catch {}

            $byKey[$u.Title] = [PSCustomObject]@{
                Identifier     = $kb
                Title          = [string]$u.Title
                Status         = $status
                ErrorMessage   = if ($succeeded -or $resultCode -eq 0) { '' } else { 'ResultCode=' + $resultCode }
                RebootRequired = $needsReboot
                AttemptedAt    = (Get-Date -Format 'o')
            }
        }

        $results = @($byKey.Values)

        if ($results.Count -eq 0) {
            Write-Output '[]'
        } else {
            $results | ConvertTo-Json -Compress
        }
2026-08-13 06:27:48.308 -05:00 [INF] (Thread 18) WindowsUpdateWorker: no updates installed — system reboot is already pending.
2026-08-13 06:27:48.310 -05:00 [INF] (Thread 18) WindowsUpdateWorker: pass complete. Total=3 Succeeded=1 Failed=0 Skipped=2
2026-08-13 06:27:48.310 -05:00 [INF] (Thread 18) WingetWorker: skipping — last run was 2026-08-06T22:50:11.8754628Z (less than 7 days ago).
2026-08-13 06:27:48.310 -05:00 [INF] (Thread 18) UpdateOrchestrator: cycle complete. Total=3 Succeeded=1 Failed=0 RebootRequired=true
2026-08-13 06:27:48.311 -05:00 [INF] (Thread 18) UpdateOrchestrator: reboot required but last reboot was 60.9 hours ago — skipping notification until 3-day minimum has elapsed.
2026-08-13 06:27:48.311 -05:00 [INF] (Thread 18) UpdateBackgroundService: next cycle in "01:00:00".
2026-08-13 07:27:48.311 -05:00 [INF] (Thread 3) SelfUpdater: checking for updates. Current version: 1.26.586.697
2026-08-13 07:27:48.420 -05:00 [INF] (Thread 3) SelfUpdater: remote version = 1.26.586.697.
2026-08-13 07:27:48.420 -05:00 [INF] (Thread 3) SelfUpdater: already up to date.
2026-08-13 07:27:48.420 -05:00 [INF] (Thread 3) UpdateOrchestrator: === Update cycle starting ===
2026-08-13 07:27:48.420 -05:00 [INF] (Thread 3) WindowsUpdateWorker: starting update pass.
2026-08-13 07:27:48.420 -05:00 [INF] (Thread 3) WindowsUpdateWorker: verifying PSWindowsUpdate module.
2026-08-13 07:27:48.423 -05:00 [DBG] (Thread 3) WindowsUpdateWorker: running PS script: $ProgressPreference = 'SilentlyContinue'
            $ErrorActionPreference = 'Stop'
            try {
                if (-not (Get-PackageProvider -Name NuGet -ListAvailable -ErrorAction SilentlyContinue)) {
                    Install-PackageProvider -Name NuGet -MinimumVersion 2.8.5.201 -Force -Scope AllUsers | Out-Null
                }
                Set-PSRepository -Name PSGallery -InstallationPolicy Trusted -ErrorAction SilentlyContinue
                if (-not (Get-Module -ListAvailable -Name PSWindowsUpdate -ErrorAction SilentlyContinue)) {
                    Install-Module PSWindowsUpdate -Force -SkipPublisherCheck -Scope AllUsers | Out-Null
                }
                Import-Module PSWindowsUpdate -Force -ErrorAction Stop
                try {
                    Add-WUServiceManager -MicrosoftUpdate -Confirm:$false -ErrorAction SilentlyContinue | Out-Null
                } catch {}
                Write-Output 'OK'
            } catch {
                Write-Output ('ERROR: ' + $_.Exception.Message)
            }
2026-08-13 07:28:25.208 -05:00 [INF] (Thread 13) WindowsUpdateWorker: PSWindowsUpdate module OK.
2026-08-13 07:28:25.210 -05:00 [DBG] (Thread 13) WindowsUpdateWorker: running PS script: Import-Module PSWindowsUpdate -ErrorAction Stop
        $ProgressPreference = 'SilentlyContinue'

        # Force the Windows Update Agent to scan before installing.
        # Fixes 0x80248007 (WU_E_DS_NODATA) on fresh builds or machines
        # whose update data store has not been initialised yet.
        try {
            Start-Process -FilePath 'UsoClient.exe' `
                -ArgumentList 'StartScan' `
                -Wait -NoNewWindow -ErrorAction SilentlyContinue
            Start-Sleep -Seconds 30
        } catch {}

        # 2>&1 merges stderr into the pipeline mixing strings with update
        # objects -- we filter them out in the foreach loop below.
        $rawOutput = Install-WindowsUpdate `
            -MicrosoftUpdate `
            -AcceptAll `
            -IgnoreReboot `
            -Install `
            -ErrorAction Continue 2>&1

        # Use a hashtable keyed on Title to keep only the LAST result per update.
        # PSWindowsUpdate emits objects at multiple pipeline stages (search, download,
        # install); overwriting ensures we capture the final post-install ResultCode
        # rather than an early ResultCode=0 (NotStarted).
        $byKey = @{}

        foreach ($u in $rawOutput) {
            if ($null -eq $u -or $u -isnot [PSObject]) { continue }
            if (-not ($u.PSObject.Properties.Name -contains 'Title')) { continue }
            if ([string]::IsNullOrWhiteSpace($u.Title)) { continue }

            $resultCode = 0
            try { $resultCode = [int]$u.ResultCode } catch { $resultCode = 4 }
            $succeeded = ($resultCode -eq 2 -or $resultCode -eq 3)

            # ResultCode=0 means NotStarted — treat as Skipped, not Failed.
            $status = if ($succeeded) { 'Succeeded' } elseif ($resultCode -eq 0) { 'Skipped' } else { 'Failed' }

            $kb = ''
            try {
                if ($u.KBArticleIDs -and $u.KBArticleIDs.Count -gt 0) {
                    $kb = 'KB' + $u.KBArticleIDs[0]
                }
            } catch {}

            $needsReboot = $false
            try { $needsReboot = [bool]$u.RebootRequired } catch {}

            $byKey[$u.Title] = [PSCustomObject]@{
                Identifier     = $kb
                Title          = [string]$u.Title
                Status         = $status
                ErrorMessage   = if ($succeeded -or $resultCode -eq 0) { '' } else { 'ResultCode=' + $resultCode }
                RebootRequired = $needsReboot
                AttemptedAt    = (Get-Date -Format 'o')
            }
        }

        $results = @($byKey.Values)

        if ($results.Count -eq 0) {
            Write-Output '[]'
        } else {
            $results | ConvertTo-Json -Compress
        }
2026-08-13 07:50:19.620 -05:00 [INF] (Thread 3) WindowsUpdateWorker: no updates installed — system reboot is already pending.
2026-08-13 07:50:19.621 -05:00 [INF] (Thread 3) WindowsUpdateWorker: pass complete. Total=3 Succeeded=1 Failed=0 Skipped=2
2026-08-13 07:50:19.623 -05:00 [INF] (Thread 3) WingetWorker: skipping — last run was 2026-08-06T22:50:11.8754628Z (less than 7 days ago).
2026-08-13 07:50:19.623 -05:00 [INF] (Thread 3) UpdateOrchestrator: cycle complete. Total=3 Succeeded=1 Failed=0 RebootRequired=true
2026-08-13 07:50:19.624 -05:00 [INF] (Thread 3) UpdateOrchestrator: reboot required but last reboot was 62.2 hours ago — skipping notification until 3-day minimum has elapsed.
2026-08-13 07:50:19.624 -05:00 [INF] (Thread 3) UpdateBackgroundService: next cycle in "01:00:00".
2026-08-13 08:50:19.878 -05:00 [INF] (Thread 3) SelfUpdater: checking for updates. Current version: 1.26.586.697
2026-08-13 08:50:20.004 -05:00 [INF] (Thread 3) SelfUpdater: remote version = 1.26.586.697.
2026-08-13 08:50:20.004 -05:00 [INF] (Thread 3) SelfUpdater: already up to date.
2026-08-13 08:50:20.004 -05:00 [INF] (Thread 3) UpdateOrchestrator: === Update cycle starting ===
2026-08-13 08:50:20.004 -05:00 [INF] (Thread 3) WindowsUpdateWorker: starting update pass.
2026-08-13 08:50:20.004 -05:00 [INF] (Thread 3) WindowsUpdateWorker: verifying PSWindowsUpdate module.
2026-08-13 08:50:20.007 -05:00 [DBG] (Thread 7) WindowsUpdateWorker: running PS script: $ProgressPreference = 'SilentlyContinue'
            $ErrorActionPreference = 'Stop'
            try {
                if (-not (Get-PackageProvider -Name NuGet -ListAvailable -ErrorAction SilentlyContinue)) {
                    Install-PackageProvider -Name NuGet -MinimumVersion 2.8.5.201 -Force -Scope AllUsers | Out-Null
                }
                Set-PSRepository -Name PSGallery -InstallationPolicy Trusted -ErrorAction SilentlyContinue
                if (-not (Get-Module -ListAvailable -Name PSWindowsUpdate -ErrorAction SilentlyContinue)) {
                    Install-Module PSWindowsUpdate -Force -SkipPublisherCheck -Scope AllUsers | Out-Null
                }
                Import-Module PSWindowsUpdate -Force -ErrorAction Stop
                try {
                    Add-WUServiceManager -MicrosoftUpdate -Confirm:$false -ErrorAction SilentlyContinue | Out-Null
                } catch {}
                Write-Output 'OK'
            } catch {
                Write-Output ('ERROR: ' + $_.Exception.Message)
            }
2026-08-13 08:50:46.308 -05:00 [INF] (Thread 3) WindowsUpdateWorker: PSWindowsUpdate module OK.
2026-08-13 08:50:46.310 -05:00 [DBG] (Thread 3) WindowsUpdateWorker: running PS script: Import-Module PSWindowsUpdate -ErrorAction Stop
        $ProgressPreference = 'SilentlyContinue'

        # Force the Windows Update Agent to scan before installing.
        # Fixes 0x80248007 (WU_E_DS_NODATA) on fresh builds or machines
        # whose update data store has not been initialised yet.
        try {
            Start-Process -FilePath 'UsoClient.exe' `
                -ArgumentList 'StartScan' `
                -Wait -NoNewWindow -ErrorAction SilentlyContinue
            Start-Sleep -Seconds 30
        } catch {}

        # 2>&1 merges stderr into the pipeline mixing strings with update
        # objects -- we filter them out in the foreach loop below.
        $rawOutput = Install-WindowsUpdate `
            -MicrosoftUpdate `
            -AcceptAll `
            -IgnoreReboot `
            -Install `
            -ErrorAction Continue 2>&1

        # Use a hashtable keyed on Title to keep only the LAST result per update.
        # PSWindowsUpdate emits objects at multiple pipeline stages (search, download,
        # install); overwriting ensures we capture the final post-install ResultCode
        # rather than an early ResultCode=0 (NotStarted).
        $byKey = @{}

        foreach ($u in $rawOutput) {
            if ($null -eq $u -or $u -isnot [PSObject]) { continue }
            if (-not ($u.PSObject.Properties.Name -contains 'Title')) { continue }
            if ([string]::IsNullOrWhiteSpace($u.Title)) { continue }

            $resultCode = 0
            try { $resultCode = [int]$u.ResultCode } catch { $resultCode = 4 }
            $succeeded = ($resultCode -eq 2 -or $resultCode -eq 3)

            # ResultCode=0 means NotStarted — treat as Skipped, not Failed.
            $status = if ($succeeded) { 'Succeeded' } elseif ($resultCode -eq 0) { 'Skipped' } else { 'Failed' }

            $kb = ''
            try {
                if ($u.KBArticleIDs -and $u.KBArticleIDs.Count -gt 0) {
                    $kb = 'KB' + $u.KBArticleIDs[0]
                }
            } catch {}

            $needsReboot = $false
            try { $needsReboot = [bool]$u.RebootRequired } catch {}

            $byKey[$u.Title] = [PSCustomObject]@{
                Identifier     = $kb
                Title          = [string]$u.Title
                Status         = $status
                ErrorMessage   = if ($succeeded -or $resultCode -eq 0) { '' } else { 'ResultCode=' + $resultCode }
                RebootRequired = $needsReboot
                AttemptedAt    = (Get-Date -Format 'o')
            }
        }

        $results = @($byKey.Values)

        if ($results.Count -eq 0) {
            Write-Output '[]'
        } else {
            $results | ConvertTo-Json -Compress
        }
2026-08-13 09:04:04.951 -05:00 [INF] (Thread 12) WindowsUpdateWorker: no updates installed — system reboot is already pending.
2026-08-13 09:04:04.951 -05:00 [INF] (Thread 12) WindowsUpdateWorker: pass complete. Total=3 Succeeded=1 Failed=0 Skipped=2
2026-08-13 09:04:04.969 -05:00 [INF] (Thread 12) WingetWorker: skipping — last run was 2026-08-06T22:50:11.8754628Z (less than 7 days ago).
2026-08-13 09:04:04.970 -05:00 [INF] (Thread 12) UpdateOrchestrator: cycle complete. Total=3 Succeeded=1 Failed=0 RebootRequired=true
2026-08-13 09:04:04.970 -05:00 [INF] (Thread 12) UpdateOrchestrator: reboot required but last reboot was 63.5 hours ago — skipping notification until 3-day minimum has elapsed.
2026-08-13 09:04:04.970 -05:00 [INF] (Thread 12) UpdateBackgroundService: next cycle in "01:00:00".
2026-08-13 10:04:04.980 -05:00 [INF] (Thread 22) SelfUpdater: checking for updates. Current version: 1.26.586.697
2026-08-13 10:04:05.157 -05:00 [INF] (Thread 7) SelfUpdater: remote version = 1.26.586.697.
2026-08-13 10:04:05.157 -05:00 [INF] (Thread 7) SelfUpdater: already up to date.
2026-08-13 10:04:05.157 -05:00 [INF] (Thread 7) UpdateOrchestrator: === Update cycle starting ===
2026-08-13 10:04:05.157 -05:00 [INF] (Thread 7) WindowsUpdateWorker: starting update pass.
2026-08-13 10:04:05.157 -05:00 [INF] (Thread 7) WindowsUpdateWorker: verifying PSWindowsUpdate module.
2026-08-13 10:04:05.159 -05:00 [DBG] (Thread 7) WindowsUpdateWorker: running PS script: $ProgressPreference = 'SilentlyContinue'
            $ErrorActionPreference = 'Stop'
            try {
                if (-not (Get-PackageProvider -Name NuGet -ListAvailable -ErrorAction SilentlyContinue)) {
                    Install-PackageProvider -Name NuGet -MinimumVersion 2.8.5.201 -Force -Scope AllUsers | Out-Null
                }
                Set-PSRepository -Name PSGallery -InstallationPolicy Trusted -ErrorAction SilentlyContinue
                if (-not (Get-Module -ListAvailable -Name PSWindowsUpdate -ErrorAction SilentlyContinue)) {
                    Install-Module PSWindowsUpdate -Force -SkipPublisherCheck -Scope AllUsers | Out-Null
                }
                Import-Module PSWindowsUpdate -Force -ErrorAction Stop
                try {
                    Add-WUServiceManager -MicrosoftUpdate -Confirm:$false -ErrorAction SilentlyContinue | Out-Null
                } catch {}
                Write-Output 'OK'
            } catch {
                Write-Output ('ERROR: ' + $_.Exception.Message)
            }
2026-08-13 10:04:31.366 -05:00 [INF] (Thread 7) WindowsUpdateWorker: PSWindowsUpdate module OK.
2026-08-13 10:04:31.369 -05:00 [DBG] (Thread 7) WindowsUpdateWorker: running PS script: Import-Module PSWindowsUpdate -ErrorAction Stop
        $ProgressPreference = 'SilentlyContinue'

        # Force the Windows Update Agent to scan before installing.
        # Fixes 0x80248007 (WU_E_DS_NODATA) on fresh builds or machines
        # whose update data store has not been initialised yet.
        try {
            Start-Process -FilePath 'UsoClient.exe' `
                -ArgumentList 'StartScan' `
                -Wait -NoNewWindow -ErrorAction SilentlyContinue
            Start-Sleep -Seconds 30
        } catch {}

        # 2>&1 merges stderr into the pipeline mixing strings with update
        # objects -- we filter them out in the foreach loop below.
        $rawOutput = Install-WindowsUpdate `
            -MicrosoftUpdate `
            -AcceptAll `
            -IgnoreReboot `
            -Install `
            -ErrorAction Continue 2>&1

        # Use a hashtable keyed on Title to keep only the LAST result per update.
        # PSWindowsUpdate emits objects at multiple pipeline stages (search, download,
        # install); overwriting ensures we capture the final post-install ResultCode
        # rather than an early ResultCode=0 (NotStarted).
        $byKey = @{}

        foreach ($u in $rawOutput) {
            if ($null -eq $u -or $u -isnot [PSObject]) { continue }
            if (-not ($u.PSObject.Properties.Name -contains 'Title')) { continue }
            if ([string]::IsNullOrWhiteSpace($u.Title)) { continue }

            $resultCode = 0
            try { $resultCode = [int]$u.ResultCode } catch { $resultCode = 4 }
            $succeeded = ($resultCode -eq 2 -or $resultCode -eq 3)

            # ResultCode=0 means NotStarted — treat as Skipped, not Failed.
            $status = if ($succeeded) { 'Succeeded' } elseif ($resultCode -eq 0) { 'Skipped' } else { 'Failed' }

            $kb = ''
            try {
                if ($u.KBArticleIDs -and $u.KBArticleIDs.Count -gt 0) {
                    $kb = 'KB' + $u.KBArticleIDs[0]
                }
            } catch {}

            $needsReboot = $false
            try { $needsReboot = [bool]$u.RebootRequired } catch {}

            $byKey[$u.Title] = [PSCustomObject]@{
                Identifier     = $kb
                Title          = [string]$u.Title
                Status         = $status
                ErrorMessage   = if ($succeeded -or $resultCode -eq 0) { '' } else { 'ResultCode=' + $resultCode }
                RebootRequired = $needsReboot
                AttemptedAt    = (Get-Date -Format 'o')
            }
        }

        $results = @($byKey.Values)

        if ($results.Count -eq 0) {
            Write-Output '[]'
        } else {
            $results | ConvertTo-Json -Compress
        }
2026-08-13 10:18:00.584 -05:00 [INF] (Thread 22) WindowsUpdateWorker: no updates installed — system reboot is already pending.
2026-08-13 10:18:00.585 -05:00 [INF] (Thread 22) WindowsUpdateWorker: pass complete. Total=3 Succeeded=1 Failed=0 Skipped=2
2026-08-13 10:18:00.585 -05:00 [INF] (Thread 22) WingetWorker: skipping — last run was 2026-08-06T22:50:11.8754628Z (less than 7 days ago).
2026-08-13 10:18:00.585 -05:00 [INF] (Thread 22) UpdateOrchestrator: cycle complete. Total=3 Succeeded=1 Failed=0 RebootRequired=true
2026-08-13 10:18:00.586 -05:00 [INF] (Thread 22) UpdateOrchestrator: reboot required but last reboot was 64.7 hours ago — skipping notification until 3-day minimum has elapsed.
2026-08-13 10:18:00.586 -05:00 [INF] (Thread 22) UpdateBackgroundService: next cycle in "01:00:00".
2026-08-13 11:18:00.782 -05:00 [INF] (Thread 10) SelfUpdater: checking for updates. Current version: 1.26.586.697
2026-08-13 11:18:00.935 -05:00 [INF] (Thread 10) SelfUpdater: remote version = 1.26.586.697.
2026-08-13 11:18:00.935 -05:00 [INF] (Thread 10) SelfUpdater: already up to date.
2026-08-13 11:18:00.935 -05:00 [INF] (Thread 10) UpdateOrchestrator: === Update cycle starting ===
2026-08-13 11:18:00.935 -05:00 [INF] (Thread 10) WindowsUpdateWorker: starting update pass.
2026-08-13 11:18:00.935 -05:00 [INF] (Thread 10) WindowsUpdateWorker: verifying PSWindowsUpdate module.
2026-08-13 11:18:00.938 -05:00 [DBG] (Thread 10) WindowsUpdateWorker: running PS script: $ProgressPreference = 'SilentlyContinue'
            $ErrorActionPreference = 'Stop'
            try {
                if (-not (Get-PackageProvider -Name NuGet -ListAvailable -ErrorAction SilentlyContinue)) {
                    Install-PackageProvider -Name NuGet -MinimumVersion 2.8.5.201 -Force -Scope AllUsers | Out-Null
                }
                Set-PSRepository -Name PSGallery -InstallationPolicy Trusted -ErrorAction SilentlyContinue
                if (-not (Get-Module -ListAvailable -Name PSWindowsUpdate -ErrorAction SilentlyContinue)) {
                    Install-Module PSWindowsUpdate -Force -SkipPublisherCheck -Scope AllUsers | Out-Null
                }
                Import-Module PSWindowsUpdate -Force -ErrorAction Stop
                try {
                    Add-WUServiceManager -MicrosoftUpdate -Confirm:$false -ErrorAction SilentlyContinue | Out-Null
                } catch {}
                Write-Output 'OK'
            } catch {
                Write-Output ('ERROR: ' + $_.Exception.Message)
            }
2026-08-13 11:18:26.787 -05:00 [INF] (Thread 10) WindowsUpdateWorker: PSWindowsUpdate module OK.
2026-08-13 11:18:26.790 -05:00 [DBG] (Thread 10) WindowsUpdateWorker: running PS script: Import-Module PSWindowsUpdate -ErrorAction Stop
        $ProgressPreference = 'SilentlyContinue'

        # Force the Windows Update Agent to scan before installing.
        # Fixes 0x80248007 (WU_E_DS_NODATA) on fresh builds or machines
        # whose update data store has not been initialised yet.
        try {
            Start-Process -FilePath 'UsoClient.exe' `
                -ArgumentList 'StartScan' `
                -Wait -NoNewWindow -ErrorAction SilentlyContinue
            Start-Sleep -Seconds 30
        } catch {}

        # 2>&1 merges stderr into the pipeline mixing strings with update
        # objects -- we filter them out in the foreach loop below.
        $rawOutput = Install-WindowsUpdate `
            -MicrosoftUpdate `
            -AcceptAll `
            -IgnoreReboot `
            -Install `
            -ErrorAction Continue 2>&1

        # Use a hashtable keyed on Title to keep only the LAST result per update.
        # PSWindowsUpdate emits objects at multiple pipeline stages (search, download,
        # install); overwriting ensures we capture the final post-install ResultCode
        # rather than an early ResultCode=0 (NotStarted).
        $byKey = @{}

        foreach ($u in $rawOutput) {
            if ($null -eq $u -or $u -isnot [PSObject]) { continue }
            if (-not ($u.PSObject.Properties.Name -contains 'Title')) { continue }
            if ([string]::IsNullOrWhiteSpace($u.Title)) { continue }

            $resultCode = 0
            try { $resultCode = [int]$u.ResultCode } catch { $resultCode = 4 }
            $succeeded = ($resultCode -eq 2 -or $resultCode -eq 3)

            # ResultCode=0 means NotStarted — treat as Skipped, not Failed.
            $status = if ($succeeded) { 'Succeeded' } elseif ($resultCode -eq 0) { 'Skipped' } else { 'Failed' }

            $kb = ''
            try {
                if ($u.KBArticleIDs -and $u.KBArticleIDs.Count -gt 0) {
                    $kb = 'KB' + $u.KBArticleIDs[0]
                }
            } catch {}

            $needsReboot = $false
            try { $needsReboot = [bool]$u.RebootRequired } catch {}

            $byKey[$u.Title] = [PSCustomObject]@{
                Identifier     = $kb
                Title          = [string]$u.Title
                Status         = $status
                ErrorMessage   = if ($succeeded -or $resultCode -eq 0) { '' } else { 'ResultCode=' + $resultCode }
                RebootRequired = $needsReboot
                AttemptedAt    = (Get-Date -Format 'o')
            }
        }

        $results = @($byKey.Values)

        if ($results.Count -eq 0) {
            Write-Output '[]'
        } else {
            $results | ConvertTo-Json -Compress
        }
2026-08-13 11:32:44.008 -05:00 [INF] (Thread 6) WindowsUpdateWorker: no updates installed — system reboot is already pending.
2026-08-13 11:32:44.008 -05:00 [INF] (Thread 6) WindowsUpdateWorker: pass complete. Total=3 Succeeded=1 Failed=0 Skipped=2
2026-08-13 11:32:44.010 -05:00 [INF] (Thread 6) WingetWorker: skipping — last run was 2026-08-06T22:50:11.8754628Z (less than 7 days ago).
2026-08-13 11:32:44.010 -05:00 [INF] (Thread 6) UpdateOrchestrator: cycle complete. Total=3 Succeeded=1 Failed=0 RebootRequired=true
2026-08-13 11:32:44.011 -05:00 [INF] (Thread 6) UpdateOrchestrator: reboot required but last reboot was 65.9 hours ago — skipping notification until 3-day minimum has elapsed.
2026-08-13 11:32:44.011 -05:00 [INF] (Thread 6) UpdateBackgroundService: next cycle in "01:00:00".
2026-08-13 12:32:44.024 -05:00 [INF] (Thread 10) SelfUpdater: checking for updates. Current version: 1.26.586.697
2026-08-13 12:32:44.150 -05:00 [INF] (Thread 14) SelfUpdater: remote version = 1.26.586.697.
2026-08-13 12:32:44.150 -05:00 [INF] (Thread 14) SelfUpdater: already up to date.
2026-08-13 12:32:44.150 -05:00 [INF] (Thread 14) UpdateOrchestrator: === Update cycle starting ===
2026-08-13 12:32:44.150 -05:00 [INF] (Thread 14) WindowsUpdateWorker: starting update pass.
2026-08-13 12:32:44.150 -05:00 [INF] (Thread 14) WindowsUpdateWorker: verifying PSWindowsUpdate module.
2026-08-13 12:32:44.152 -05:00 [DBG] (Thread 14) WindowsUpdateWorker: running PS script: $ProgressPreference = 'SilentlyContinue'
            $ErrorActionPreference = 'Stop'
            try {
                if (-not (Get-PackageProvider -Name NuGet -ListAvailable -ErrorAction SilentlyContinue)) {
                    Install-PackageProvider -Name NuGet -MinimumVersion 2.8.5.201 -Force -Scope AllUsers | Out-Null
                }
                Set-PSRepository -Name PSGallery -InstallationPolicy Trusted -ErrorAction SilentlyContinue
                if (-not (Get-Module -ListAvailable -Name PSWindowsUpdate -ErrorAction SilentlyContinue)) {
                    Install-Module PSWindowsUpdate -Force -SkipPublisherCheck -Scope AllUsers | Out-Null
                }
                Import-Module PSWindowsUpdate -Force -ErrorAction Stop
                try {
                    Add-WUServiceManager -MicrosoftUpdate -Confirm:$false -ErrorAction SilentlyContinue | Out-Null
                } catch {}
                Write-Output 'OK'
            } catch {
                Write-Output ('ERROR: ' + $_.Exception.Message)
            }
2026-08-13 12:33:11.866 -05:00 [INF] (Thread 14) WindowsUpdateWorker: PSWindowsUpdate module OK.
2026-08-13 12:33:11.868 -05:00 [DBG] (Thread 14) WindowsUpdateWorker: running PS script: Import-Module PSWindowsUpdate -ErrorAction Stop
        $ProgressPreference = 'SilentlyContinue'

        # Force the Windows Update Agent to scan before installing.
        # Fixes 0x80248007 (WU_E_DS_NODATA) on fresh builds or machines
        # whose update data store has not been initialised yet.
        try {
            Start-Process -FilePath 'UsoClient.exe' `
                -ArgumentList 'StartScan' `
                -Wait -NoNewWindow -ErrorAction SilentlyContinue
            Start-Sleep -Seconds 30
        } catch {}

        # 2>&1 merges stderr into the pipeline mixing strings with update
        # objects -- we filter them out in the foreach loop below.
        $rawOutput = Install-WindowsUpdate `
            -MicrosoftUpdate `
            -AcceptAll `
            -IgnoreReboot `
            -Install `
            -ErrorAction Continue 2>&1

        # Use a hashtable keyed on Title to keep only the LAST result per update.
        # PSWindowsUpdate emits objects at multiple pipeline stages (search, download,
        # install); overwriting ensures we capture the final post-install ResultCode
        # rather than an early ResultCode=0 (NotStarted).
        $byKey = @{}

        foreach ($u in $rawOutput) {
            if ($null -eq $u -or $u -isnot [PSObject]) { continue }
            if (-not ($u.PSObject.Properties.Name -contains 'Title')) { continue }
            if ([string]::IsNullOrWhiteSpace($u.Title)) { continue }

            $resultCode = 0
            try { $resultCode = [int]$u.ResultCode } catch { $resultCode = 4 }
            $succeeded = ($resultCode -eq 2 -or $resultCode -eq 3)

            # ResultCode=0 means NotStarted — treat as Skipped, not Failed.
            $status = if ($succeeded) { 'Succeeded' } elseif ($resultCode -eq 0) { 'Skipped' } else { 'Failed' }

            $kb = ''
            try {
                if ($u.KBArticleIDs -and $u.KBArticleIDs.Count -gt 0) {
                    $kb = 'KB' + $u.KBArticleIDs[0]
                }
            } catch {}

            $needsReboot = $false
            try { $needsReboot = [bool]$u.RebootRequired } catch {}

            $byKey[$u.Title] = [PSCustomObject]@{
                Identifier     = $kb
                Title          = [string]$u.Title
                Status         = $status
                ErrorMessage   = if ($succeeded -or $resultCode -eq 0) { '' } else { 'ResultCode=' + $resultCode }
                RebootRequired = $needsReboot
                AttemptedAt    = (Get-Date -Format 'o')
            }
        }

        $results = @($byKey.Values)

        if ($results.Count -eq 0) {
            Write-Output '[]'
        } else {
            $results | ConvertTo-Json -Compress
        }
2026-08-13 12:46:19.385 -05:00 [INF] (Thread 22) WindowsUpdateWorker: no updates installed — system reboot is already pending.
2026-08-13 12:46:19.385 -05:00 [INF] (Thread 22) WindowsUpdateWorker: pass complete. Total=3 Succeeded=1 Failed=0 Skipped=2
2026-08-13 12:46:19.385 -05:00 [INF] (Thread 22) WingetWorker: skipping — last run was 2026-08-06T22:50:11.8754628Z (less than 7 days ago).
2026-08-13 12:46:19.385 -05:00 [INF] (Thread 22) UpdateOrchestrator: cycle complete. Total=3 Succeeded=1 Failed=0 RebootRequired=true
2026-08-13 12:46:19.386 -05:00 [INF] (Thread 22) UpdateOrchestrator: reboot required but last reboot was 67.2 hours ago — skipping notification until 3-day minimum has elapsed.
2026-08-13 12:46:19.386 -05:00 [INF] (Thread 22) UpdateBackgroundService: next cycle in "01:00:00".
2026-08-13 13:46:19.627 -05:00 [INF] (Thread 17) SelfUpdater: checking for updates. Current version: 1.26.586.697
2026-08-13 13:46:19.789 -05:00 [INF] (Thread 17) SelfUpdater: remote version = 1.26.586.697.
2026-08-13 13:46:19.789 -05:00 [INF] (Thread 17) SelfUpdater: already up to date.
2026-08-13 13:46:19.789 -05:00 [INF] (Thread 17) UpdateOrchestrator: === Update cycle starting ===
2026-08-13 13:46:19.789 -05:00 [INF] (Thread 17) WindowsUpdateWorker: starting update pass.
2026-08-13 13:46:19.789 -05:00 [INF] (Thread 17) WindowsUpdateWorker: verifying PSWindowsUpdate module.
2026-08-13 13:46:19.792 -05:00 [DBG] (Thread 17) WindowsUpdateWorker: running PS script: $ProgressPreference = 'SilentlyContinue'
            $ErrorActionPreference = 'Stop'
            try {
                if (-not (Get-PackageProvider -Name NuGet -ListAvailable -ErrorAction SilentlyContinue)) {
                    Install-PackageProvider -Name NuGet -MinimumVersion 2.8.5.201 -Force -Scope AllUsers | Out-Null
                }
                Set-PSRepository -Name PSGallery -InstallationPolicy Trusted -ErrorAction SilentlyContinue
                if (-not (Get-Module -ListAvailable -Name PSWindowsUpdate -ErrorAction SilentlyContinue)) {
                    Install-Module PSWindowsUpdate -Force -SkipPublisherCheck -Scope AllUsers | Out-Null
                }
                Import-Module PSWindowsUpdate -Force -ErrorAction Stop
                try {
                    Add-WUServiceManager -MicrosoftUpdate -Confirm:$false -ErrorAction SilentlyContinue | Out-Null
                } catch {}
                Write-Output 'OK'
            } catch {
                Write-Output ('ERROR: ' + $_.Exception.Message)
            }
2026-08-13 13:47:00.617 -05:00 [INF] (Thread 17) WindowsUpdateWorker: PSWindowsUpdate module OK.
2026-08-13 13:47:00.621 -05:00 [DBG] (Thread 17) WindowsUpdateWorker: running PS script: Import-Module PSWindowsUpdate -ErrorAction Stop
        $ProgressPreference = 'SilentlyContinue'

        # Force the Windows Update Agent to scan before installing.
        # Fixes 0x80248007 (WU_E_DS_NODATA) on fresh builds or machines
        # whose update data store has not been initialised yet.
        try {
            Start-Process -FilePath 'UsoClient.exe' `
                -ArgumentList 'StartScan' `
                -Wait -NoNewWindow -ErrorAction SilentlyContinue
            Start-Sleep -Seconds 30
        } catch {}

        # 2>&1 merges stderr into the pipeline mixing strings with update
        # objects -- we filter them out in the foreach loop below.
        $rawOutput = Install-WindowsUpdate `
            -MicrosoftUpdate `
            -AcceptAll `
            -IgnoreReboot `
            -Install `
            -ErrorAction Continue 2>&1

        # Use a hashtable keyed on Title to keep only the LAST result per update.
        # PSWindowsUpdate emits objects at multiple pipeline stages (search, download,
        # install); overwriting ensures we capture the final post-install ResultCode
        # rather than an early ResultCode=0 (NotStarted).
        $byKey = @{}

        foreach ($u in $rawOutput) {
            if ($null -eq $u -or $u -isnot [PSObject]) { continue }
            if (-not ($u.PSObject.Properties.Name -contains 'Title')) { continue }
            if ([string]::IsNullOrWhiteSpace($u.Title)) { continue }

            $resultCode = 0
            try { $resultCode = [int]$u.ResultCode } catch { $resultCode = 4 }
            $succeeded = ($resultCode -eq 2 -or $resultCode -eq 3)

            # ResultCode=0 means NotStarted — treat as Skipped, not Failed.
            $status = if ($succeeded) { 'Succeeded' } elseif ($resultCode -eq 0) { 'Skipped' } else { 'Failed' }

            $kb = ''
            try {
                if ($u.KBArticleIDs -and $u.KBArticleIDs.Count -gt 0) {
                    $kb = 'KB' + $u.KBArticleIDs[0]
                }
            } catch {}

            $needsReboot = $false
            try { $needsReboot = [bool]$u.RebootRequired } catch {}

            $byKey[$u.Title] = [PSCustomObject]@{
                Identifier     = $kb
                Title          = [string]$u.Title
                Status         = $status
                ErrorMessage   = if ($succeeded -or $resultCode -eq 0) { '' } else { 'ResultCode=' + $resultCode }
                RebootRequired = $needsReboot
                AttemptedAt    = (Get-Date -Format 'o')
            }
        }

        $results = @($byKey.Values)

        if ($results.Count -eq 0) {
            Write-Output '[]'
        } else {
            $results | ConvertTo-Json -Compress
        }
2026-08-13 14:00:39.821 -05:00 [INF] (Thread 7) WindowsUpdateWorker: no updates installed — system reboot is already pending.
2026-08-13 14:00:39.822 -05:00 [INF] (Thread 7) WindowsUpdateWorker: pass complete. Total=3 Succeeded=1 Failed=0 Skipped=2
2026-08-13 14:00:39.823 -05:00 [INF] (Thread 7) WingetWorker: skipping — last run was 2026-08-06T22:50:11.8754628Z (less than 7 days ago).
2026-08-13 14:00:39.823 -05:00 [INF] (Thread 7) UpdateOrchestrator: cycle complete. Total=3 Succeeded=1 Failed=0 RebootRequired=true
2026-08-13 14:00:39.823 -05:00 [INF] (Thread 7) UpdateOrchestrator: reboot required but last reboot was 68.4 hours ago — skipping notification until 3-day minimum has elapsed.
2026-08-13 14:00:39.823 -05:00 [INF] (Thread 7) UpdateBackgroundService: next cycle in "01:00:00".
2026-08-13 15:00:39.831 -05:00 [INF] (Thread 13) SelfUpdater: checking for updates. Current version: 1.26.586.697
2026-08-13 15:00:39.988 -05:00 [INF] (Thread 18) SelfUpdater: remote version = 1.26.586.697.
2026-08-13 15:00:39.988 -05:00 [INF] (Thread 18) SelfUpdater: already up to date.
2026-08-13 15:00:39.988 -05:00 [INF] (Thread 18) UpdateOrchestrator: === Update cycle starting ===
2026-08-13 15:00:39.988 -05:00 [INF] (Thread 18) WindowsUpdateWorker: starting update pass.
2026-08-13 15:00:39.988 -05:00 [INF] (Thread 18) WindowsUpdateWorker: verifying PSWindowsUpdate module.
2026-08-13 15:00:39.991 -05:00 [DBG] (Thread 18) WindowsUpdateWorker: running PS script: $ProgressPreference = 'SilentlyContinue'
            $ErrorActionPreference = 'Stop'
            try {
                if (-not (Get-PackageProvider -Name NuGet -ListAvailable -ErrorAction SilentlyContinue)) {
                    Install-PackageProvider -Name NuGet -MinimumVersion 2.8.5.201 -Force -Scope AllUsers | Out-Null
                }
                Set-PSRepository -Name PSGallery -InstallationPolicy Trusted -ErrorAction SilentlyContinue
                if (-not (Get-Module -ListAvailable -Name PSWindowsUpdate -ErrorAction SilentlyContinue)) {
                    Install-Module PSWindowsUpdate -Force -SkipPublisherCheck -Scope AllUsers | Out-Null
                }
                Import-Module PSWindowsUpdate -Force -ErrorAction Stop
                try {
                    Add-WUServiceManager -MicrosoftUpdate -Confirm:$false -ErrorAction SilentlyContinue | Out-Null
                } catch {}
                Write-Output 'OK'
            } catch {
                Write-Output ('ERROR: ' + $_.Exception.Message)
            }
2026-08-13 15:01:06.472 -05:00 [INF] (Thread 13) WindowsUpdateWorker: PSWindowsUpdate module OK.
2026-08-13 15:01:06.475 -05:00 [DBG] (Thread 13) WindowsUpdateWorker: running PS script: Import-Module PSWindowsUpdate -ErrorAction Stop
        $ProgressPreference = 'SilentlyContinue'

        # Force the Windows Update Agent to scan before installing.
        # Fixes 0x80248007 (WU_E_DS_NODATA) on fresh builds or machines
        # whose update data store has not been initialised yet.
        try {
            Start-Process -FilePath 'UsoClient.exe' `
                -ArgumentList 'StartScan' `
                -Wait -NoNewWindow -ErrorAction SilentlyContinue
            Start-Sleep -Seconds 30
        } catch {}

        # 2>&1 merges stderr into the pipeline mixing strings with update
        # objects -- we filter them out in the foreach loop below.
        $rawOutput = Install-WindowsUpdate `
            -MicrosoftUpdate `
            -AcceptAll `
            -IgnoreReboot `
            -Install `
            -ErrorAction Continue 2>&1

        # Use a hashtable keyed on Title to keep only the LAST result per update.
        # PSWindowsUpdate emits objects at multiple pipeline stages (search, download,
        # install); overwriting ensures we capture the final post-install ResultCode
        # rather than an early ResultCode=0 (NotStarted).
        $byKey = @{}

        foreach ($u in $rawOutput) {
            if ($null -eq $u -or $u -isnot [PSObject]) { continue }
            if (-not ($u.PSObject.Properties.Name -contains 'Title')) { continue }
            if ([string]::IsNullOrWhiteSpace($u.Title)) { continue }

            $resultCode = 0
            try { $resultCode = [int]$u.ResultCode } catch { $resultCode = 4 }
            $succeeded = ($resultCode -eq 2 -or $resultCode -eq 3)

            # ResultCode=0 means NotStarted — treat as Skipped, not Failed.
            $status = if ($succeeded) { 'Succeeded' } elseif ($resultCode -eq 0) { 'Skipped' } else { 'Failed' }

            $kb = ''
            try {
                if ($u.KBArticleIDs -and $u.KBArticleIDs.Count -gt 0) {
                    $kb = 'KB' + $u.KBArticleIDs[0]
                }
            } catch {}

            $needsReboot = $false
            try { $needsReboot = [bool]$u.RebootRequired } catch {}

            $byKey[$u.Title] = [PSCustomObject]@{
                Identifier     = $kb
                Title          = [string]$u.Title
                Status         = $status
                ErrorMessage   = if ($succeeded -or $resultCode -eq 0) { '' } else { 'ResultCode=' + $resultCode }
                RebootRequired = $needsReboot
                AttemptedAt    = (Get-Date -Format 'o')
            }
        }

        $results = @($byKey.Values)

        if ($results.Count -eq 0) {
            Write-Output '[]'
        } else {
            $results | ConvertTo-Json -Compress
        }
2026-08-13 15:14:21.971 -05:00 [INF] (Thread 12) WindowsUpdateWorker: no updates installed — system reboot is already pending.
2026-08-13 15:14:21.971 -05:00 [INF] (Thread 12) WindowsUpdateWorker: pass complete. Total=3 Succeeded=1 Failed=0 Skipped=2
2026-08-13 15:14:21.972 -05:00 [INF] (Thread 12) WingetWorker: skipping — last run was 2026-08-06T22:50:11.8754628Z (less than 7 days ago).
2026-08-13 15:14:21.972 -05:00 [INF] (Thread 12) UpdateOrchestrator: cycle complete. Total=3 Succeeded=1 Failed=0 RebootRequired=true
2026-08-13 15:14:21.973 -05:00 [INF] (Thread 12) UpdateOrchestrator: reboot required but last reboot was 69.6 hours ago — skipping notification until 3-day minimum has elapsed.
2026-08-13 15:14:21.973 -05:00 [INF] (Thread 12) UpdateBackgroundService: next cycle in "01:00:00".
2026-08-13 16:14:21.988 -05:00 [INF] (Thread 7) SelfUpdater: checking for updates. Current version: 1.26.586.697
2026-08-13 16:14:22.200 -05:00 [INF] (Thread 7) SelfUpdater: remote version = 1.26.586.697.
2026-08-13 16:14:22.200 -05:00 [INF] (Thread 7) SelfUpdater: already up to date.
2026-08-13 16:14:22.200 -05:00 [INF] (Thread 7) UpdateOrchestrator: === Update cycle starting ===
2026-08-13 16:14:22.200 -05:00 [INF] (Thread 7) WindowsUpdateWorker: starting update pass.
2026-08-13 16:14:22.200 -05:00 [INF] (Thread 7) WindowsUpdateWorker: verifying PSWindowsUpdate module.
2026-08-13 16:14:22.204 -05:00 [DBG] (Thread 6) WindowsUpdateWorker: running PS script: $ProgressPreference = 'SilentlyContinue'
            $ErrorActionPreference = 'Stop'
            try {
                if (-not (Get-PackageProvider -Name NuGet -ListAvailable -ErrorAction SilentlyContinue)) {
                    Install-PackageProvider -Name NuGet -MinimumVersion 2.8.5.201 -Force -Scope AllUsers | Out-Null
                }
                Set-PSRepository -Name PSGallery -InstallationPolicy Trusted -ErrorAction SilentlyContinue
                if (-not (Get-Module -ListAvailable -Name PSWindowsUpdate -ErrorAction SilentlyContinue)) {
                    Install-Module PSWindowsUpdate -Force -SkipPublisherCheck -Scope AllUsers | Out-Null
                }
                Import-Module PSWindowsUpdate -Force -ErrorAction Stop
                try {
                    Add-WUServiceManager -MicrosoftUpdate -Confirm:$false -ErrorAction SilentlyContinue | Out-Null
                } catch {}
                Write-Output 'OK'
            } catch {
                Write-Output ('ERROR: ' + $_.Exception.Message)
            }
2026-08-13 16:14:50.476 -05:00 [INF] (Thread 7) WindowsUpdateWorker: PSWindowsUpdate module OK.
2026-08-13 16:14:50.480 -05:00 [DBG] (Thread 7) WindowsUpdateWorker: running PS script: Import-Module PSWindowsUpdate -ErrorAction Stop
        $ProgressPreference = 'SilentlyContinue'

        # Force the Windows Update Agent to scan before installing.
        # Fixes 0x80248007 (WU_E_DS_NODATA) on fresh builds or machines
        # whose update data store has not been initialised yet.
        try {
            Start-Process -FilePath 'UsoClient.exe' `
                -ArgumentList 'StartScan' `
                -Wait -NoNewWindow -ErrorAction SilentlyContinue
            Start-Sleep -Seconds 30
        } catch {}

        # 2>&1 merges stderr into the pipeline mixing strings with update
        # objects -- we filter them out in the foreach loop below.
        $rawOutput = Install-WindowsUpdate `
            -MicrosoftUpdate `
            -AcceptAll `
            -IgnoreReboot `
            -Install `
            -ErrorAction Continue 2>&1

        # Use a hashtable keyed on Title to keep only the LAST result per update.
        # PSWindowsUpdate emits objects at multiple pipeline stages (search, download,
        # install); overwriting ensures we capture the final post-install ResultCode
        # rather than an early ResultCode=0 (NotStarted).
        $byKey = @{}

        foreach ($u in $rawOutput) {
            if ($null -eq $u -or $u -isnot [PSObject]) { continue }
            if (-not ($u.PSObject.Properties.Name -contains 'Title')) { continue }
            if ([string]::IsNullOrWhiteSpace($u.Title)) { continue }

            $resultCode = 0
            try { $resultCode = [int]$u.ResultCode } catch { $resultCode = 4 }
            $succeeded = ($resultCode -eq 2 -or $resultCode -eq 3)

            # ResultCode=0 means NotStarted — treat as Skipped, not Failed.
            $status = if ($succeeded) { 'Succeeded' } elseif ($resultCode -eq 0) { 'Skipped' } else { 'Failed' }

            $kb = ''
            try {
                if ($u.KBArticleIDs -and $u.KBArticleIDs.Count -gt 0) {
                    $kb = 'KB' + $u.KBArticleIDs[0]
                }
            } catch {}

            $needsReboot = $false
            try { $needsReboot = [bool]$u.RebootRequired } catch {}

            $byKey[$u.Title] = [PSCustomObject]@{
                Identifier     = $kb
                Title          = [string]$u.Title
                Status         = $status
                ErrorMessage   = if ($succeeded -or $resultCode -eq 0) { '' } else { 'ResultCode=' + $resultCode }
                RebootRequired = $needsReboot
                AttemptedAt    = (Get-Date -Format 'o')
            }
        }

        $results = @($byKey.Values)

        if ($results.Count -eq 0) {
            Write-Output '[]'
        } else {
            $results | ConvertTo-Json -Compress
        }
2026-08-13 16:28:59.664 -05:00 [INF] (Thread 12) WindowsUpdateWorker: no updates installed — system reboot is already pending.
2026-08-13 16:28:59.665 -05:00 [INF] (Thread 12) WindowsUpdateWorker: pass complete. Total=3 Succeeded=1 Failed=0 Skipped=2
2026-08-13 16:28:59.666 -05:00 [INF] (Thread 12) WingetWorker: skipping — last run was 2026-08-06T22:50:11.8754628Z (less than 7 days ago).
2026-08-13 16:28:59.666 -05:00 [INF] (Thread 12) UpdateOrchestrator: cycle complete. Total=3 Succeeded=1 Failed=0 RebootRequired=true
2026-08-13 16:28:59.666 -05:00 [INF] (Thread 12) UpdateOrchestrator: reboot required but last reboot was 70.9 hours ago — skipping notification until 3-day minimum has elapsed.
2026-08-13 16:28:59.666 -05:00 [INF] (Thread 12) UpdateBackgroundService: next cycle in "01:00:00".
2026-08-13 17:28:59.897 -05:00 [INF] (Thread 12) SelfUpdater: checking for updates. Current version: 1.26.586.697
2026-08-13 17:29:00.052 -05:00 [INF] (Thread 13) SelfUpdater: remote version = 1.26.586.697.
2026-08-13 17:29:00.052 -05:00 [INF] (Thread 13) SelfUpdater: already up to date.
2026-08-13 17:29:00.052 -05:00 [INF] (Thread 13) UpdateOrchestrator: === Update cycle starting ===
2026-08-13 17:29:00.052 -05:00 [INF] (Thread 13) WindowsUpdateWorker: starting update pass.
2026-08-13 17:29:00.052 -05:00 [INF] (Thread 13) WindowsUpdateWorker: verifying PSWindowsUpdate module.
2026-08-13 17:29:00.055 -05:00 [DBG] (Thread 13) WindowsUpdateWorker: running PS script: $ProgressPreference = 'SilentlyContinue'
            $ErrorActionPreference = 'Stop'
            try {
                if (-not (Get-PackageProvider -Name NuGet -ListAvailable -ErrorAction SilentlyContinue)) {
                    Install-PackageProvider -Name NuGet -MinimumVersion 2.8.5.201 -Force -Scope AllUsers | Out-Null
                }
                Set-PSRepository -Name PSGallery -InstallationPolicy Trusted -ErrorAction SilentlyContinue
                if (-not (Get-Module -ListAvailable -Name PSWindowsUpdate -ErrorAction SilentlyContinue)) {
                    Install-Module PSWindowsUpdate -Force -SkipPublisherCheck -Scope AllUsers | Out-Null
                }
                Import-Module PSWindowsUpdate -Force -ErrorAction Stop
                try {
                    Add-WUServiceManager -MicrosoftUpdate -Confirm:$false -ErrorAction SilentlyContinue | Out-Null
                } catch {}
                Write-Output 'OK'
            } catch {
                Write-Output ('ERROR: ' + $_.Exception.Message)
            }
2026-08-13 17:30:02.931 -05:00 [INF] (Thread 22) WindowsUpdateWorker: PSWindowsUpdate module OK.
2026-08-13 17:30:02.934 -05:00 [DBG] (Thread 22) WindowsUpdateWorker: running PS script: Import-Module PSWindowsUpdate -ErrorAction Stop
        $ProgressPreference = 'SilentlyContinue'

        # Force the Windows Update Agent to scan before installing.
        # Fixes 0x80248007 (WU_E_DS_NODATA) on fresh builds or machines
        # whose update data store has not been initialised yet.
        try {
            Start-Process -FilePath 'UsoClient.exe' `
                -ArgumentList 'StartScan' `
                -Wait -NoNewWindow -ErrorAction SilentlyContinue
            Start-Sleep -Seconds 30
        } catch {}

        # 2>&1 merges stderr into the pipeline mixing strings with update
        # objects -- we filter them out in the foreach loop below.
        $rawOutput = Install-WindowsUpdate `
            -MicrosoftUpdate `
            -AcceptAll `
            -IgnoreReboot `
            -Install `
            -ErrorAction Continue 2>&1

        # Use a hashtable keyed on Title to keep only the LAST result per update.
        # PSWindowsUpdate emits objects at multiple pipeline stages (search, download,
        # install); overwriting ensures we capture the final post-install ResultCode
        # rather than an early ResultCode=0 (NotStarted).
        $byKey = @{}

        foreach ($u in $rawOutput) {
            if ($null -eq $u -or $u -isnot [PSObject]) { continue }
            if (-not ($u.PSObject.Properties.Name -contains 'Title')) { continue }
            if ([string]::IsNullOrWhiteSpace($u.Title)) { continue }

            $resultCode = 0
            try { $resultCode = [int]$u.ResultCode } catch { $resultCode = 4 }
            $succeeded = ($resultCode -eq 2 -or $resultCode -eq 3)

            # ResultCode=0 means NotStarted — treat as Skipped, not Failed.
            $status = if ($succeeded) { 'Succeeded' } elseif ($resultCode -eq 0) { 'Skipped' } else { 'Failed' }

            $kb = ''
            try {
                if ($u.KBArticleIDs -and $u.KBArticleIDs.Count -gt 0) {
                    $kb = 'KB' + $u.KBArticleIDs[0]
                }
            } catch {}

            $needsReboot = $false
            try { $needsReboot = [bool]$u.RebootRequired } catch {}

            $byKey[$u.Title] = [PSCustomObject]@{
                Identifier     = $kb
                Title          = [string]$u.Title
                Status         = $status
                ErrorMessage   = if ($succeeded -or $resultCode -eq 0) { '' } else { 'ResultCode=' + $resultCode }
                RebootRequired = $needsReboot
                AttemptedAt    = (Get-Date -Format 'o')
            }
        }

        $results = @($byKey.Values)

        if ($results.Count -eq 0) {
            Write-Output '[]'
        } else {
            $results | ConvertTo-Json -Compress
        }
2026-08-13 17:51:02.294 -05:00 [INF] (Thread 13) WindowsUpdateWorker: no updates installed — system reboot is already pending.
2026-08-13 17:51:02.295 -05:00 [INF] (Thread 13) WindowsUpdateWorker: pass complete. Total=3 Succeeded=1 Failed=0 Skipped=2
2026-08-13 17:51:02.297 -05:00 [INF] (Thread 13) WingetWorker: starting upgrade pass.
2026-08-13 17:51:02.731 -05:00 [DBG] (Thread 13) WingetWorker: using winget at C:\Program Files\WindowsApps\Microsoft.DesktopAppInstaller_1.29.280.0_x64__8wekyb3d8bbwe\winget.exe
2026-08-13 17:51:02.732 -05:00 [DBG] (Thread 13) WingetWorker: winget upgrade --include-unknown --accept-source-agreements
2026-08-13 17:51:09.655 -05:00 [INF] (Thread 13) WingetWorker: 2 package(s) queued for upgrade.
2026-08-13 17:51:09.663 -05:00 [INF] (Thread 13) WingetWorker: upgrading package 'PaperCutSoftware.GhostTrap'.
2026-08-13 17:51:09.870 -05:00 [DBG] (Thread 13) WingetWorker: using winget at C:\Program Files\WindowsApps\Microsoft.DesktopAppInstaller_1.29.280.0_x64__8wekyb3d8bbwe\winget.exe
2026-08-13 17:51:09.870 -05:00 [DBG] (Thread 13) WingetWorker: winget upgrade --id "PaperCutSoftware.GhostTrap" --silent --accept-source-agreements --accept-package-agreements --include-unknown
2026-08-13 17:52:03.129 -05:00 [INF] (Thread 13) WingetWorker: 'PaperCutSoftware.GhostTrap' upgraded successfully. RebootRequired=false
2026-08-13 17:52:03.135 -05:00 [INF] (Thread 13) WingetWorker: upgrading package 'Microsoft.PowerShell'.
2026-08-13 17:52:03.332 -05:00 [DBG] (Thread 13) WingetWorker: using winget at C:\Program Files\WindowsApps\Microsoft.DesktopAppInstaller_1.29.280.0_x64__8wekyb3d8bbwe\winget.exe
2026-08-13 17:52:03.332 -05:00 [DBG] (Thread 13) WingetWorker: winget upgrade --id "Microsoft.PowerShell" --silent --accept-source-agreements --accept-package-agreements --include-unknown
2026-08-13 17:52:07.159 -05:00 [WRN] (Thread 22) WingetWorker: 'Microsoft.PowerShell' upgrade failed (exit -1978335090). Stderr: 
2026-08-13 17:52:07.164 -05:00 [INF] (Thread 22) WingetWorker: pass complete. Succeeded=1 Failed=1 Skipped=0
2026-08-13 17:52:07.180 -05:00 [INF] (Thread 22) UpdateOrchestrator: cycle complete. Total=5 Succeeded=2 Failed=1 RebootRequired=true
2026-08-13 17:52:07.180 -05:00 [INF] (Thread 22) UpdateOrchestrator: reboot is required — notifying logged-in user.
2026-08-13 17:52:07.257 -05:00 [INF] (Thread 22) PipeServer: pipe created — launching notifier.
2026-08-13 17:52:07.292 -05:00 [INF] (Thread 22) UserProcessLauncher: launching 'C:\Program Files\CapTG Updater\UpdateNotifier.exe' as active user.
2026-08-13 17:52:07.315 -05:00 [DBG] (Thread 22) UserProcessLauncher: console session 1 has a valid user token.
2026-08-13 17:52:07.318 -05:00 [DBG] (Thread 22) UserProcessLauncher: using session ID = 1.
2026-08-13 17:52:07.516 -05:00 [INF] (Thread 22) UserProcessLauncher: 'C:\Program Files\CapTG Updater\UpdateNotifier.exe' launched in session 1.
2026-08-13 17:52:07.517 -05:00 [DBG] (Thread 22) PipeServer: waiting for notifier to connect.
2026-08-13 17:53:07.546 -05:00 [WRN] (Thread 12) PipeServer: notifier did not connect within 60 seconds.
2026-08-13 17:53:07.548 -05:00 [WRN] (Thread 12) PipeServer: no response received — retrying notification in 15 minutes.
2026-08-13 18:08:07.556 -05:00 [INF] (Thread 22) PipeServer: pipe created — launching notifier.
2026-08-13 18:08:07.592 -05:00 [WRN] (Thread 22) PipeServer: killed stale notifier process (PID 34988).
2026-08-13 18:08:07.592 -05:00 [INF] (Thread 22) UserProcessLauncher: launching 'C:\Program Files\CapTG Updater\UpdateNotifier.exe' as active user.
2026-08-13 18:08:07.592 -05:00 [DBG] (Thread 22) UserProcessLauncher: console session 1 has a valid user token.
2026-08-13 18:08:07.592 -05:00 [DBG] (Thread 22) UserProcessLauncher: using session ID = 1.
2026-08-13 18:08:07.611 -05:00 [INF] (Thread 22) UserProcessLauncher: 'C:\Program Files\CapTG Updater\UpdateNotifier.exe' launched in session 1.
2026-08-13 18:08:07.612 -05:00 [DBG] (Thread 22) PipeServer: waiting for notifier to connect.
2026-08-13 18:09:07.626 -05:00 [WRN] (Thread 22) PipeServer: notifier did not connect within 60 seconds.
2026-08-13 18:09:07.626 -05:00 [WRN] (Thread 22) PipeServer: no response received — retrying notification in 15 minutes.
2026-08-13 18:24:07.631 -05:00 [INF] (Thread 22) PipeServer: pipe created — launching notifier.
2026-08-13 18:24:07.651 -05:00 [WRN] (Thread 22) PipeServer: killed stale notifier process (PID 16520).
2026-08-13 18:24:07.651 -05:00 [INF] (Thread 22) UserProcessLauncher: launching 'C:\Program Files\CapTG Updater\UpdateNotifier.exe' as active user.
2026-08-13 18:24:07.653 -05:00 [DBG] (Thread 22) UserProcessLauncher: console session 1 has a valid user token.
2026-08-13 18:24:07.653 -05:00 [DBG] (Thread 22) UserProcessLauncher: using session ID = 1.
2026-08-13 18:24:07.675 -05:00 [INF] (Thread 22) UserProcessLauncher: 'C:\Program Files\CapTG Updater\UpdateNotifier.exe' launched in session 1.
2026-08-13 18:24:07.675 -05:00 [DBG] (Thread 22) PipeServer: waiting for notifier to connect.
2026-08-13 18:25:07.692 -05:00 [WRN] (Thread 22) PipeServer: notifier did not connect within 60 seconds.
2026-08-13 18:25:07.692 -05:00 [WRN] (Thread 22) PipeServer: no response received — retrying notification in 15 minutes.
2026-08-13 18:40:07.702 -05:00 [INF] (Thread 22) PipeServer: pipe created — launching notifier.
2026-08-13 18:40:07.720 -05:00 [WRN] (Thread 22) PipeServer: killed stale notifier process (PID 40596).
2026-08-13 18:40:07.721 -05:00 [INF] (Thread 22) UserProcessLauncher: launching 'C:\Program Files\CapTG Updater\UpdateNotifier.exe' as active user.
2026-08-13 18:40:07.722 -05:00 [DBG] (Thread 22) UserProcessLauncher: console session 1 has a valid user token.
2026-08-13 18:40:07.722 -05:00 [DBG] (Thread 22) UserProcessLauncher: using session ID = 1.
2026-08-13 18:40:07.749 -05:00 [INF] (Thread 22) UserProcessLauncher: 'C:\Program Files\CapTG Updater\UpdateNotifier.exe' launched in session 1.
2026-08-13 18:40:07.750 -05:00 [DBG] (Thread 22) PipeServer: waiting for notifier to connect.
2026-08-13 18:41:07.756 -05:00 [WRN] (Thread 18) PipeServer: notifier did not connect within 60 seconds.
2026-08-13 18:41:07.756 -05:00 [WRN] (Thread 18) PipeServer: no response received — retrying notification in 15 minutes.
2026-08-13 18:56:07.763 -05:00 [INF] (Thread 10) PipeServer: pipe created — launching notifier.
2026-08-13 18:56:07.772 -05:00 [WRN] (Thread 10) PipeServer: killed stale notifier process (PID 28760).
2026-08-13 18:56:07.772 -05:00 [INF] (Thread 10) UserProcessLauncher: launching 'C:\Program Files\CapTG Updater\UpdateNotifier.exe' as active user.
2026-08-13 18:56:07.773 -05:00 [DBG] (Thread 10) UserProcessLauncher: console session 1 has a valid user token.
2026-08-13 18:56:07.773 -05:00 [DBG] (Thread 10) UserProcessLauncher: using session ID = 1.
2026-08-13 18:56:07.806 -05:00 [INF] (Thread 10) UserProcessLauncher: 'C:\Program Files\CapTG Updater\UpdateNotifier.exe' launched in session 1.
2026-08-13 18:56:07.806 -05:00 [DBG] (Thread 10) PipeServer: waiting for notifier to connect.
2026-08-13 18:57:07.810 -05:00 [WRN] (Thread 22) PipeServer: notifier did not connect within 60 seconds.
2026-08-13 18:57:07.810 -05:00 [WRN] (Thread 22) PipeServer: no response received — retrying notification in 15 minutes.
2026-08-13 19:12:07.825 -05:00 [INF] (Thread 22) PipeServer: pipe created — launching notifier.
2026-08-13 19:12:07.861 -05:00 [WRN] (Thread 22) PipeServer: killed stale notifier process (PID 38812).
2026-08-13 19:12:07.861 -05:00 [INF] (Thread 22) UserProcessLauncher: launching 'C:\Program Files\CapTG Updater\UpdateNotifier.exe' as active user.
2026-08-13 19:12:07.862 -05:00 [DBG] (Thread 22) UserProcessLauncher: console session 1 has a valid user token.
2026-08-13 19:12:07.862 -05:00 [DBG] (Thread 22) UserProcessLauncher: using session ID = 1.
2026-08-13 19:12:07.890 -05:00 [INF] (Thread 22) UserProcessLauncher: 'C:\Program Files\CapTG Updater\UpdateNotifier.exe' launched in session 1.
2026-08-13 19:12:07.891 -05:00 [DBG] (Thread 22) PipeServer: waiting for notifier to connect.
2026-08-13 19:13:07.916 -05:00 [WRN] (Thread 10) PipeServer: notifier did not connect within 60 seconds.
2026-08-13 19:13:07.917 -05:00 [WRN] (Thread 10) PipeServer: no response received — retrying notification in 15 minutes.
2026-08-13 19:28:07.928 -05:00 [INF] (Thread 10) PipeServer: pipe created — launching notifier.
2026-08-13 19:28:07.944 -05:00 [WRN] (Thread 10) PipeServer: killed stale notifier process (PID 38188).
2026-08-13 19:28:07.945 -05:00 [INF] (Thread 10) UserProcessLauncher: launching 'C:\Program Files\CapTG Updater\UpdateNotifier.exe' as active user.
2026-08-13 19:28:07.948 -05:00 [DBG] (Thread 10) UserProcessLauncher: console session 1 has a valid user token.
2026-08-13 19:28:07.948 -05:00 [DBG] (Thread 10) UserProcessLauncher: using session ID = 1.
2026-08-13 19:28:07.966 -05:00 [INF] (Thread 10) UserProcessLauncher: 'C:\Program Files\CapTG Updater\UpdateNotifier.exe' launched in session 1.
2026-08-13 19:28:07.966 -05:00 [DBG] (Thread 10) PipeServer: waiting for notifier to connect.
2026-08-13 19:29:07.982 -05:00 [WRN] (Thread 10) PipeServer: notifier did not connect within 60 seconds.
2026-08-13 19:29:07.982 -05:00 [WRN] (Thread 10) PipeServer: no response received — retrying notification in 15 minutes.
2026-08-13 19:44:07.990 -05:00 [INF] (Thread 17) PipeServer: pipe created — launching notifier.
2026-08-13 19:44:08.000 -05:00 [WRN] (Thread 17) PipeServer: killed stale notifier process (PID 32532).
2026-08-13 19:44:08.000 -05:00 [INF] (Thread 17) UserProcessLauncher: launching 'C:\Program Files\CapTG Updater\UpdateNotifier.exe' as active user.
2026-08-13 19:44:08.001 -05:00 [DBG] (Thread 17) UserProcessLauncher: console session 1 has a valid user token.
2026-08-13 19:44:08.001 -05:00 [DBG] (Thread 17) UserProcessLauncher: using session ID = 1.
2026-08-13 19:44:08.021 -05:00 [INF] (Thread 17) UserProcessLauncher: 'C:\Program Files\CapTG Updater\UpdateNotifier.exe' launched in session 1.
2026-08-13 19:44:08.021 -05:00 [DBG] (Thread 17) PipeServer: waiting for notifier to connect.
2026-08-13 19:45:08.031 -05:00 [WRN] (Thread 10) PipeServer: notifier did not connect within 60 seconds.
2026-08-13 19:45:08.031 -05:00 [WRN] (Thread 10) PipeServer: no response received — retrying notification in 15 minutes.
2026-08-13 20:00:08.038 -05:00 [INF] (Thread 17) PipeServer: pipe created — launching notifier.
2026-08-13 20:00:08.082 -05:00 [WRN] (Thread 17) PipeServer: killed stale notifier process (PID 29884).
2026-08-13 20:00:08.083 -05:00 [INF] (Thread 17) UserProcessLauncher: launching 'C:\Program Files\CapTG Updater\UpdateNotifier.exe' as active user.
2026-08-13 20:00:08.086 -05:00 [DBG] (Thread 17) UserProcessLauncher: console session 1 has a valid user token.
2026-08-13 20:00:08.086 -05:00 [DBG] (Thread 17) UserProcessLauncher: using session ID = 1.
2026-08-13 20:00:08.116 -05:00 [INF] (Thread 17) UserProcessLauncher: 'C:\Program Files\CapTG Updater\UpdateNotifier.exe' launched in session 1.
2026-08-13 20:00:08.116 -05:00 [DBG] (Thread 17) PipeServer: waiting for notifier to connect.
2026-08-13 20:01:08.121 -05:00 [WRN] (Thread 10) PipeServer: notifier did not connect within 60 seconds.
2026-08-13 20:01:08.122 -05:00 [WRN] (Thread 10) PipeServer: no response received — retrying notification in 15 minutes.
2026-08-13 20:16:08.151 -05:00 [INF] (Thread 3) PipeServer: pipe created — launching notifier.
2026-08-13 20:16:08.161 -05:00 [WRN] (Thread 3) PipeServer: killed stale notifier process (PID 28720).
2026-08-13 20:16:08.161 -05:00 [INF] (Thread 3) UserProcessLauncher: launching 'C:\Program Files\CapTG Updater\UpdateNotifier.exe' as active user.
2026-08-13 20:16:08.161 -05:00 [DBG] (Thread 3) UserProcessLauncher: console session 1 has a valid user token.
2026-08-13 20:16:08.161 -05:00 [DBG] (Thread 3) UserProcessLauncher: using session ID = 1.
2026-08-13 20:16:08.185 -05:00 [INF] (Thread 3) UserProcessLauncher: 'C:\Program Files\CapTG Updater\UpdateNotifier.exe' launched in session 1.
2026-08-13 20:16:08.185 -05:00 [DBG] (Thread 3) PipeServer: waiting for notifier to connect.
2026-08-13 20:17:08.215 -05:00 [WRN] (Thread 10) PipeServer: notifier did not connect within 60 seconds.
2026-08-13 20:17:08.215 -05:00 [WRN] (Thread 10) PipeServer: no response received — retrying notification in 15 minutes.
2026-08-13 20:32:08.219 -05:00 [INF] (Thread 3) PipeServer: pipe created — launching notifier.
2026-08-13 20:32:08.233 -05:00 [WRN] (Thread 3) PipeServer: killed stale notifier process (PID 25188).
2026-08-13 20:32:08.233 -05:00 [INF] (Thread 3) UserProcessLauncher: launching 'C:\Program Files\CapTG Updater\UpdateNotifier.exe' as active user.
2026-08-13 20:32:08.234 -05:00 [DBG] (Thread 3) UserProcessLauncher: console session 1 has a valid user token.
2026-08-13 20:32:08.234 -05:00 [DBG] (Thread 3) UserProcessLauncher: using session ID = 1.
2026-08-13 20:32:08.261 -05:00 [INF] (Thread 3) UserProcessLauncher: 'C:\Program Files\CapTG Updater\UpdateNotifier.exe' launched in session 1.
2026-08-13 20:32:08.261 -05:00 [DBG] (Thread 3) PipeServer: waiting for notifier to connect.
2026-08-13 20:33:08.273 -05:00 [WRN] (Thread 3) PipeServer: notifier did not connect within 60 seconds.
2026-08-13 20:33:08.273 -05:00 [WRN] (Thread 3) PipeServer: no response received — retrying notification in 15 minutes.
2026-08-13 20:48:08.282 -05:00 [INF] (Thread 7) PipeServer: pipe created — launching notifier.
2026-08-13 20:48:08.300 -05:00 [WRN] (Thread 7) PipeServer: killed stale notifier process (PID 35536).
2026-08-13 20:48:08.301 -05:00 [INF] (Thread 7) UserProcessLauncher: launching 'C:\Program Files\CapTG Updater\UpdateNotifier.exe' as active user.
2026-08-13 20:48:08.305 -05:00 [DBG] (Thread 7) UserProcessLauncher: console session 1 has a valid user token.
2026-08-13 20:48:08.305 -05:00 [DBG] (Thread 7) UserProcessLauncher: using session ID = 1.
2026-08-13 20:48:08.329 -05:00 [INF] (Thread 7) UserProcessLauncher: 'C:\Program Files\CapTG Updater\UpdateNotifier.exe' launched in session 1.
2026-08-13 20:48:08.329 -05:00 [DBG] (Thread 7) PipeServer: waiting for notifier to connect.
2026-08-13 20:49:08.339 -05:00 [WRN] (Thread 7) PipeServer: notifier did not connect within 60 seconds.
2026-08-13 20:49:08.339 -05:00 [WRN] (Thread 7) PipeServer: no response received — retrying notification in 15 minutes.
2026-08-13 21:04:08.352 -05:00 [INF] (Thread 18) PipeServer: pipe created — launching notifier.
2026-08-13 21:04:08.362 -05:00 [WRN] (Thread 18) PipeServer: killed stale notifier process (PID 36216).
2026-08-13 21:04:08.362 -05:00 [INF] (Thread 18) UserProcessLauncher: launching 'C:\Program Files\CapTG Updater\UpdateNotifier.exe' as active user.
2026-08-13 21:04:08.363 -05:00 [DBG] (Thread 18) UserProcessLauncher: console session 1 has a valid user token.
2026-08-13 21:04:08.363 -05:00 [DBG] (Thread 18) UserProcessLauncher: using session ID = 1.
2026-08-13 21:04:08.387 -05:00 [INF] (Thread 18) UserProcessLauncher: 'C:\Program Files\CapTG Updater\UpdateNotifier.exe' launched in session 1.
2026-08-13 21:04:08.387 -05:00 [DBG] (Thread 18) PipeServer: waiting for notifier to connect.
2026-08-13 21:05:08.389 -05:00 [WRN] (Thread 3) PipeServer: notifier did not connect within 60 seconds.
2026-08-13 21:05:08.390 -05:00 [WRN] (Thread 3) PipeServer: no response received — retrying notification in 15 minutes.
2026-08-13 21:20:08.397 -05:00 [INF] (Thread 18) PipeServer: pipe created — launching notifier.
2026-08-13 21:20:08.416 -05:00 [WRN] (Thread 18) PipeServer: killed stale notifier process (PID 18916).
2026-08-13 21:20:08.416 -05:00 [INF] (Thread 18) UserProcessLauncher: launching 'C:\Program Files\CapTG Updater\UpdateNotifier.exe' as active user.
2026-08-13 21:20:08.421 -05:00 [DBG] (Thread 18) UserProcessLauncher: console session 1 has a valid user token.
2026-08-13 21:20:08.421 -05:00 [DBG] (Thread 18) UserProcessLauncher: using session ID = 1.
2026-08-13 21:20:08.440 -05:00 [INF] (Thread 18) UserProcessLauncher: 'C:\Program Files\CapTG Updater\UpdateNotifier.exe' launched in session 1.
2026-08-13 21:20:08.440 -05:00 [DBG] (Thread 18) PipeServer: waiting for notifier to connect.
2026-08-13 21:21:08.462 -05:00 [WRN] (Thread 14) PipeServer: notifier did not connect within 60 seconds.
2026-08-13 21:21:08.462 -05:00 [WRN] (Thread 14) PipeServer: no response received — retrying notification in 15 minutes.
2026-08-13 21:36:08.475 -05:00 [INF] (Thread 14) PipeServer: pipe created — launching notifier.
2026-08-13 21:36:08.495 -05:00 [WRN] (Thread 14) PipeServer: killed stale notifier process (PID 9360).
2026-08-13 21:36:08.495 -05:00 [INF] (Thread 14) UserProcessLauncher: launching 'C:\Program Files\CapTG Updater\UpdateNotifier.exe' as active user.
2026-08-13 21:36:08.497 -05:00 [DBG] (Thread 14) UserProcessLauncher: console session 1 has a valid user token.
2026-08-13 21:36:08.497 -05:00 [DBG] (Thread 14) UserProcessLauncher: using session ID = 1.
2026-08-13 21:36:08.521 -05:00 [INF] (Thread 14) UserProcessLauncher: 'C:\Program Files\CapTG Updater\UpdateNotifier.exe' launched in session 1.
2026-08-13 21:36:08.521 -05:00 [DBG] (Thread 14) PipeServer: waiting for notifier to connect.
2026-08-13 21:37:08.529 -05:00 [WRN] (Thread 18) PipeServer: notifier did not connect within 60 seconds.
2026-08-13 21:37:08.529 -05:00 [WRN] (Thread 18) PipeServer: no response received — retrying notification in 15 minutes.
2026-08-13 21:52:08.537 -05:00 [INF] (Thread 22) PipeServer: pipe created — launching notifier.
2026-08-13 21:52:08.574 -05:00 [WRN] (Thread 22) PipeServer: killed stale notifier process (PID 9032).
2026-08-13 21:52:08.574 -05:00 [INF] (Thread 22) UserProcessLauncher: launching 'C:\Program Files\CapTG Updater\UpdateNotifier.exe' as active user.
2026-08-13 21:52:08.576 -05:00 [DBG] (Thread 22) UserProcessLauncher: console session 1 has a valid user token.
2026-08-13 21:52:08.577 -05:00 [DBG] (Thread 22) UserProcessLauncher: using session ID = 1.
2026-08-13 21:52:08.604 -05:00 [INF] (Thread 22) UserProcessLauncher: 'C:\Program Files\CapTG Updater\UpdateNotifier.exe' launched in session 1.
2026-08-13 21:52:08.604 -05:00 [DBG] (Thread 22) PipeServer: waiting for notifier to connect.
2026-08-13 21:53:08.613 -05:00 [WRN] (Thread 19) PipeServer: notifier did not connect within 60 seconds.
2026-08-13 21:53:08.613 -05:00 [WRN] (Thread 19) PipeServer: no response received — retrying notification in 15 minutes.
2026-08-13 22:08:08.625 -05:00 [INF] (Thread 22) PipeServer: pipe created — launching notifier.
2026-08-13 22:08:08.642 -05:00 [WRN] (Thread 22) PipeServer: killed stale notifier process (PID 23272).
2026-08-13 22:08:08.642 -05:00 [INF] (Thread 22) UserProcessLauncher: launching 'C:\Program Files\CapTG Updater\UpdateNotifier.exe' as active user.
2026-08-13 22:08:08.645 -05:00 [DBG] (Thread 22) UserProcessLauncher: console session 1 has a valid user token.
2026-08-13 22:08:08.646 -05:00 [DBG] (Thread 22) UserProcessLauncher: using session ID = 1.
2026-08-13 22:08:08.681 -05:00 [INF] (Thread 22) UserProcessLauncher: 'C:\Program Files\CapTG Updater\UpdateNotifier.exe' launched in session 1.
2026-08-13 22:08:08.681 -05:00 [DBG] (Thread 22) PipeServer: waiting for notifier to connect.
2026-08-13 22:09:08.683 -05:00 [WRN] (Thread 22) PipeServer: notifier did not connect within 60 seconds.
2026-08-13 22:09:08.683 -05:00 [WRN] (Thread 22) PipeServer: no response received — retrying notification in 15 minutes.
2026-08-13 22:24:08.690 -05:00 [INF] (Thread 22) PipeServer: pipe created — launching notifier.
2026-08-13 22:24:08.707 -05:00 [WRN] (Thread 22) PipeServer: killed stale notifier process (PID 39440).
2026-08-13 22:24:08.708 -05:00 [INF] (Thread 22) UserProcessLauncher: launching 'C:\Program Files\CapTG Updater\UpdateNotifier.exe' as active user.
2026-08-13 22:24:08.712 -05:00 [DBG] (Thread 22) UserProcessLauncher: console session 1 has a valid user token.
2026-08-13 22:24:08.712 -05:00 [DBG] (Thread 22) UserProcessLauncher: using session ID = 1.
2026-08-13 22:24:08.737 -05:00 [INF] (Thread 22) UserProcessLauncher: 'C:\Program Files\CapTG Updater\UpdateNotifier.exe' launched in session 1.
2026-08-13 22:24:08.737 -05:00 [DBG] (Thread 22) PipeServer: waiting for notifier to connect.
2026-08-13 22:25:08.752 -05:00 [WRN] (Thread 22) PipeServer: notifier did not connect within 60 seconds.
2026-08-13 22:25:08.752 -05:00 [WRN] (Thread 22) PipeServer: no response received — retrying notification in 15 minutes.
2026-08-13 22:40:08.761 -05:00 [INF] (Thread 22) PipeServer: pipe created — launching notifier.
2026-08-13 22:40:08.771 -05:00 [WRN] (Thread 22) PipeServer: killed stale notifier process (PID 30552).
2026-08-13 22:40:08.771 -05:00 [INF] (Thread 22) UserProcessLauncher: launching 'C:\Program Files\CapTG Updater\UpdateNotifier.exe' as active user.
2026-08-13 22:40:08.772 -05:00 [DBG] (Thread 22) UserProcessLauncher: console session 1 has a valid user token.
2026-08-13 22:40:08.772 -05:00 [DBG] (Thread 22) UserProcessLauncher: using session ID = 1.
2026-08-13 22:40:08.791 -05:00 [INF] (Thread 22) UserProcessLauncher: 'C:\Program Files\CapTG Updater\UpdateNotifier.exe' launched in session 1.
2026-08-13 22:40:08.791 -05:00 [DBG] (Thread 22) PipeServer: waiting for notifier to connect.
2026-08-13 22:41:08.792 -05:00 [WRN] (Thread 22) PipeServer: notifier did not connect within 60 seconds.
2026-08-13 22:41:08.793 -05:00 [WRN] (Thread 22) PipeServer: no response received — retrying notification in 15 minutes.
2026-08-13 22:56:08.802 -05:00 [INF] (Thread 14) PipeServer: pipe created — launching notifier.
2026-08-13 22:56:08.820 -05:00 [WRN] (Thread 14) PipeServer: killed stale notifier process (PID 37456).
2026-08-13 22:56:08.820 -05:00 [INF] (Thread 14) UserProcessLauncher: launching 'C:\Program Files\CapTG Updater\UpdateNotifier.exe' as active user.
2026-08-13 22:56:08.821 -05:00 [DBG] (Thread 14) UserProcessLauncher: console session 1 has a valid user token.
2026-08-13 22:56:08.821 -05:00 [DBG] (Thread 14) UserProcessLauncher: using session ID = 1.
2026-08-13 22:56:08.845 -05:00 [INF] (Thread 14) UserProcessLauncher: 'C:\Program Files\CapTG Updater\UpdateNotifier.exe' launched in session 1.
2026-08-13 22:56:08.846 -05:00 [DBG] (Thread 14) PipeServer: waiting for notifier to connect.
2026-08-13 22:57:08.848 -05:00 [WRN] (Thread 14) PipeServer: notifier did not connect within 60 seconds.
2026-08-13 22:57:08.849 -05:00 [WRN] (Thread 14) PipeServer: no response received — retrying notification in 15 minutes.
2026-08-13 23:12:08.852 -05:00 [INF] (Thread 14) PipeServer: pipe created — launching notifier.
2026-08-13 23:12:08.871 -05:00 [WRN] (Thread 14) PipeServer: killed stale notifier process (PID 13908).
2026-08-13 23:12:08.871 -05:00 [INF] (Thread 14) UserProcessLauncher: launching 'C:\Program Files\CapTG Updater\UpdateNotifier.exe' as active user.
2026-08-13 23:12:08.874 -05:00 [DBG] (Thread 14) UserProcessLauncher: console session 1 has a valid user token.
2026-08-13 23:12:08.874 -05:00 [DBG] (Thread 14) UserProcessLauncher: using session ID = 1.
2026-08-13 23:12:08.899 -05:00 [INF] (Thread 14) UserProcessLauncher: 'C:\Program Files\CapTG Updater\UpdateNotifier.exe' launched in session 1.
2026-08-13 23:12:08.899 -05:00 [DBG] (Thread 14) PipeServer: waiting for notifier to connect.
2026-08-13 23:13:08.913 -05:00 [WRN] (Thread 18) PipeServer: notifier did not connect within 60 seconds.
2026-08-13 23:13:08.913 -05:00 [WRN] (Thread 18) PipeServer: no response received — retrying notification in 15 minutes.
2026-08-13 23:28:08.919 -05:00 [INF] (Thread 14) PipeServer: pipe created — launching notifier.
2026-08-13 23:28:08.928 -05:00 [WRN] (Thread 14) PipeServer: killed stale notifier process (PID 38924).
2026-08-13 23:28:08.928 -05:00 [INF] (Thread 14) UserProcessLauncher: launching 'C:\Program Files\CapTG Updater\UpdateNotifier.exe' as active user.
2026-08-13 23:28:08.928 -05:00 [DBG] (Thread 14) UserProcessLauncher: console session 1 has a valid user token.
2026-08-13 23:28:08.928 -05:00 [DBG] (Thread 14) UserProcessLauncher: using session ID = 1.
2026-08-13 23:28:08.942 -05:00 [INF] (Thread 14) UserProcessLauncher: 'C:\Program Files\CapTG Updater\UpdateNotifier.exe' launched in session 1.
2026-08-13 23:28:08.942 -05:00 [DBG] (Thread 14) PipeServer: waiting for notifier to connect.
2026-08-13 23:29:08.949 -05:00 [WRN] (Thread 14) PipeServer: notifier did not connect within 60 seconds.
2026-08-13 23:29:08.949 -05:00 [WRN] (Thread 14) PipeServer: no response received — retrying notification in 15 minutes.
2026-08-13 23:44:08.952 -05:00 [INF] (Thread 14) PipeServer: pipe created — launching notifier.
2026-08-13 23:44:08.974 -05:00 [WRN] (Thread 14) PipeServer: killed stale notifier process (PID 30724).
2026-08-13 23:44:08.974 -05:00 [INF] (Thread 14) UserProcessLauncher: launching 'C:\Program Files\CapTG Updater\UpdateNotifier.exe' as active user.
2026-08-13 23:44:08.977 -05:00 [DBG] (Thread 14) UserProcessLauncher: console session 1 has a valid user token.
2026-08-13 23:44:08.977 -05:00 [DBG] (Thread 14) UserProcessLauncher: using session ID = 1.
2026-08-13 23:44:08.995 -05:00 [INF] (Thread 14) UserProcessLauncher: 'C:\Program Files\CapTG Updater\UpdateNotifier.exe' launched in session 1.
2026-08-13 23:44:08.995 -05:00 [DBG] (Thread 14) PipeServer: waiting for notifier to connect.
2026-08-13 23:45:09.004 -05:00 [WRN] (Thread 14) PipeServer: notifier did not connect within 60 seconds.
2026-08-13 23:45:09.005 -05:00 [WRN] (Thread 14) PipeServer: no response received — retrying notification in 15 minutes.
