2026-08-12 00:37:19.889 -05:00 [INF] (Thread 19) SelfUpdater: checking for updates. Current version: 1.26.586.697
2026-08-12 00:37:20.079 -05:00 [INF] (Thread 12) SelfUpdater: remote version = 1.26.586.697.
2026-08-12 00:37:20.079 -05:00 [INF] (Thread 12) SelfUpdater: already up to date.
2026-08-12 00:37:20.079 -05:00 [INF] (Thread 12) UpdateOrchestrator: === Update cycle starting ===
2026-08-12 00:37:20.079 -05:00 [INF] (Thread 12) WindowsUpdateWorker: starting update pass.
2026-08-12 00:37:20.079 -05:00 [INF] (Thread 12) WindowsUpdateWorker: verifying PSWindowsUpdate module.
2026-08-12 00:37:20.082 -05:00 [DBG] (Thread 12) WindowsUpdateWorker: running PS script: $ProgressPreference = 'SilentlyContinue'
            $ErrorActionPreference = 'Stop'
            try {
                if (-not (Get-PackageProvider -Name NuGet -ListAvailable -ErrorAction SilentlyContinue)) {
                    Install-PackageProvider -Name NuGet -MinimumVersion 2.8.5.201 -Force -Scope AllUsers | Out-Null
                }
                Set-PSRepository -Name PSGallery -InstallationPolicy Trusted -ErrorAction SilentlyContinue
                if (-not (Get-Module -ListAvailable -Name PSWindowsUpdate -ErrorAction SilentlyContinue)) {
                    Install-Module PSWindowsUpdate -Force -SkipPublisherCheck -Scope AllUsers | Out-Null
                }
                Import-Module PSWindowsUpdate -Force -ErrorAction Stop
                try {
                    Add-WUServiceManager -MicrosoftUpdate -Confirm:$false -ErrorAction SilentlyContinue | Out-Null
                } catch {}
                Write-Output 'OK'
            } catch {
                Write-Output ('ERROR: ' + $_.Exception.Message)
            }
2026-08-12 00:37:56.258 -05:00 [INF] (Thread 19) WindowsUpdateWorker: PSWindowsUpdate module OK.
2026-08-12 00:37:56.260 -05:00 [DBG] (Thread 19) WindowsUpdateWorker: running PS script: Import-Module PSWindowsUpdate -ErrorAction Stop
        $ProgressPreference = 'SilentlyContinue'

        # Force the Windows Update Agent to scan before installing.
        # Fixes 0x80248007 (WU_E_DS_NODATA) on fresh builds or machines
        # whose update data store has not been initialised yet.
        try {
            Start-Process -FilePath 'UsoClient.exe' `
                -ArgumentList 'StartScan' `
                -Wait -NoNewWindow -ErrorAction SilentlyContinue
            Start-Sleep -Seconds 30
        } catch {}

        # 2>&1 merges stderr into the pipeline mixing strings with update
        # objects -- we filter them out in the foreach loop below.
        $rawOutput = Install-WindowsUpdate `
            -MicrosoftUpdate `
            -AcceptAll `
            -IgnoreReboot `
            -Install `
            -ErrorAction Continue 2>&1

        # Use a hashtable keyed on Title to keep only the LAST result per update.
        # PSWindowsUpdate emits objects at multiple pipeline stages (search, download,
        # install); overwriting ensures we capture the final post-install ResultCode
        # rather than an early ResultCode=0 (NotStarted).
        $byKey = @{}

        foreach ($u in $rawOutput) {
            if ($null -eq $u -or $u -isnot [PSObject]) { continue }
            if (-not ($u.PSObject.Properties.Name -contains 'Title')) { continue }
            if ([string]::IsNullOrWhiteSpace($u.Title)) { continue }

            $resultCode = 0
            try { $resultCode = [int]$u.ResultCode } catch { $resultCode = 4 }
            $succeeded = ($resultCode -eq 2 -or $resultCode -eq 3)

            # ResultCode=0 means NotStarted — treat as Skipped, not Failed.
            $status = if ($succeeded) { 'Succeeded' } elseif ($resultCode -eq 0) { 'Skipped' } else { 'Failed' }

            $kb = ''
            try {
                if ($u.KBArticleIDs -and $u.KBArticleIDs.Count -gt 0) {
                    $kb = 'KB' + $u.KBArticleIDs[0]
                }
            } catch {}

            $needsReboot = $false
            try { $needsReboot = [bool]$u.RebootRequired } catch {}

            $byKey[$u.Title] = [PSCustomObject]@{
                Identifier     = $kb
                Title          = [string]$u.Title
                Status         = $status
                ErrorMessage   = if ($succeeded -or $resultCode -eq 0) { '' } else { 'ResultCode=' + $resultCode }
                RebootRequired = $needsReboot
                AttemptedAt    = (Get-Date -Format 'o')
            }
        }

        $results = @($byKey.Values)

        if ($results.Count -eq 0) {
            Write-Output '[]'
        } else {
            $results | ConvertTo-Json -Compress
        }
2026-08-12 00:51:29.864 -05:00 [INF] (Thread 19) WindowsUpdateWorker: no updates installed — system reboot is already pending.
2026-08-12 00:51:29.865 -05:00 [INF] (Thread 19) WindowsUpdateWorker: pass complete. Total=3 Succeeded=1 Failed=0 Skipped=2
2026-08-12 00:51:29.872 -05:00 [INF] (Thread 19) WingetWorker: skipping — last run was 2026-08-06T22:50:11.8754628Z (less than 7 days ago).
2026-08-12 00:51:29.872 -05:00 [INF] (Thread 19) UpdateOrchestrator: cycle complete. Total=3 Succeeded=1 Failed=0 RebootRequired=true
2026-08-12 00:51:29.873 -05:00 [INF] (Thread 19) UpdateOrchestrator: reboot required but last reboot was 31.3 hours ago — skipping notification until 3-day minimum has elapsed.
2026-08-12 00:51:29.873 -05:00 [INF] (Thread 19) UpdateBackgroundService: next cycle in "01:00:00".
2026-08-12 01:51:29.880 -05:00 [INF] (Thread 12) SelfUpdater: checking for updates. Current version: 1.26.586.697
2026-08-12 01:51:30.001 -05:00 [INF] (Thread 12) SelfUpdater: remote version = 1.26.586.697.
2026-08-12 01:51:30.001 -05:00 [INF] (Thread 12) SelfUpdater: already up to date.
2026-08-12 01:51:30.001 -05:00 [INF] (Thread 12) UpdateOrchestrator: === Update cycle starting ===
2026-08-12 01:51:30.001 -05:00 [INF] (Thread 12) WindowsUpdateWorker: starting update pass.
2026-08-12 01:51:30.001 -05:00 [INF] (Thread 12) WindowsUpdateWorker: verifying PSWindowsUpdate module.
2026-08-12 01:51:30.004 -05:00 [DBG] (Thread 12) WindowsUpdateWorker: running PS script: $ProgressPreference = 'SilentlyContinue'
            $ErrorActionPreference = 'Stop'
            try {
                if (-not (Get-PackageProvider -Name NuGet -ListAvailable -ErrorAction SilentlyContinue)) {
                    Install-PackageProvider -Name NuGet -MinimumVersion 2.8.5.201 -Force -Scope AllUsers | Out-Null
                }
                Set-PSRepository -Name PSGallery -InstallationPolicy Trusted -ErrorAction SilentlyContinue
                if (-not (Get-Module -ListAvailable -Name PSWindowsUpdate -ErrorAction SilentlyContinue)) {
                    Install-Module PSWindowsUpdate -Force -SkipPublisherCheck -Scope AllUsers | Out-Null
                }
                Import-Module PSWindowsUpdate -Force -ErrorAction Stop
                try {
                    Add-WUServiceManager -MicrosoftUpdate -Confirm:$false -ErrorAction SilentlyContinue | Out-Null
                } catch {}
                Write-Output 'OK'
            } catch {
                Write-Output ('ERROR: ' + $_.Exception.Message)
            }
2026-08-12 01:52:03.544 -05:00 [INF] (Thread 19) WindowsUpdateWorker: PSWindowsUpdate module OK.
2026-08-12 01:52:03.547 -05:00 [DBG] (Thread 19) WindowsUpdateWorker: running PS script: Import-Module PSWindowsUpdate -ErrorAction Stop
        $ProgressPreference = 'SilentlyContinue'

        # Force the Windows Update Agent to scan before installing.
        # Fixes 0x80248007 (WU_E_DS_NODATA) on fresh builds or machines
        # whose update data store has not been initialised yet.
        try {
            Start-Process -FilePath 'UsoClient.exe' `
                -ArgumentList 'StartScan' `
                -Wait -NoNewWindow -ErrorAction SilentlyContinue
            Start-Sleep -Seconds 30
        } catch {}

        # 2>&1 merges stderr into the pipeline mixing strings with update
        # objects -- we filter them out in the foreach loop below.
        $rawOutput = Install-WindowsUpdate `
            -MicrosoftUpdate `
            -AcceptAll `
            -IgnoreReboot `
            -Install `
            -ErrorAction Continue 2>&1

        # Use a hashtable keyed on Title to keep only the LAST result per update.
        # PSWindowsUpdate emits objects at multiple pipeline stages (search, download,
        # install); overwriting ensures we capture the final post-install ResultCode
        # rather than an early ResultCode=0 (NotStarted).
        $byKey = @{}

        foreach ($u in $rawOutput) {
            if ($null -eq $u -or $u -isnot [PSObject]) { continue }
            if (-not ($u.PSObject.Properties.Name -contains 'Title')) { continue }
            if ([string]::IsNullOrWhiteSpace($u.Title)) { continue }

            $resultCode = 0
            try { $resultCode = [int]$u.ResultCode } catch { $resultCode = 4 }
            $succeeded = ($resultCode -eq 2 -or $resultCode -eq 3)

            # ResultCode=0 means NotStarted — treat as Skipped, not Failed.
            $status = if ($succeeded) { 'Succeeded' } elseif ($resultCode -eq 0) { 'Skipped' } else { 'Failed' }

            $kb = ''
            try {
                if ($u.KBArticleIDs -and $u.KBArticleIDs.Count -gt 0) {
                    $kb = 'KB' + $u.KBArticleIDs[0]
                }
            } catch {}

            $needsReboot = $false
            try { $needsReboot = [bool]$u.RebootRequired } catch {}

            $byKey[$u.Title] = [PSCustomObject]@{
                Identifier     = $kb
                Title          = [string]$u.Title
                Status         = $status
                ErrorMessage   = if ($succeeded -or $resultCode -eq 0) { '' } else { 'ResultCode=' + $resultCode }
                RebootRequired = $needsReboot
                AttemptedAt    = (Get-Date -Format 'o')
            }
        }

        $results = @($byKey.Values)

        if ($results.Count -eq 0) {
            Write-Output '[]'
        } else {
            $results | ConvertTo-Json -Compress
        }
2026-08-12 02:05:14.532 -05:00 [INF] (Thread 16) WindowsUpdateWorker: no updates installed — system reboot is already pending.
2026-08-12 02:05:14.533 -05:00 [INF] (Thread 16) WindowsUpdateWorker: pass complete. Total=3 Succeeded=1 Failed=0 Skipped=2
2026-08-12 02:05:14.534 -05:00 [INF] (Thread 16) WingetWorker: skipping — last run was 2026-08-06T22:50:11.8754628Z (less than 7 days ago).
2026-08-12 02:05:14.534 -05:00 [INF] (Thread 16) UpdateOrchestrator: cycle complete. Total=3 Succeeded=1 Failed=0 RebootRequired=true
2026-08-12 02:05:14.534 -05:00 [INF] (Thread 16) UpdateOrchestrator: reboot required but last reboot was 32.5 hours ago — skipping notification until 3-day minimum has elapsed.
2026-08-12 02:05:14.534 -05:00 [INF] (Thread 16) UpdateBackgroundService: next cycle in "01:00:00".
2026-08-12 03:05:14.544 -05:00 [INF] (Thread 18) SelfUpdater: checking for updates. Current version: 1.26.586.697
2026-08-12 03:05:14.767 -05:00 [INF] (Thread 12) SelfUpdater: remote version = 1.26.586.697.
2026-08-12 03:05:14.767 -05:00 [INF] (Thread 12) SelfUpdater: already up to date.
2026-08-12 03:05:14.767 -05:00 [INF] (Thread 12) UpdateOrchestrator: === Update cycle starting ===
2026-08-12 03:05:14.767 -05:00 [INF] (Thread 12) WindowsUpdateWorker: starting update pass.
2026-08-12 03:05:14.767 -05:00 [INF] (Thread 12) WindowsUpdateWorker: verifying PSWindowsUpdate module.
2026-08-12 03:05:14.770 -05:00 [DBG] (Thread 16) WindowsUpdateWorker: running PS script: $ProgressPreference = 'SilentlyContinue'
            $ErrorActionPreference = 'Stop'
            try {
                if (-not (Get-PackageProvider -Name NuGet -ListAvailable -ErrorAction SilentlyContinue)) {
                    Install-PackageProvider -Name NuGet -MinimumVersion 2.8.5.201 -Force -Scope AllUsers | Out-Null
                }
                Set-PSRepository -Name PSGallery -InstallationPolicy Trusted -ErrorAction SilentlyContinue
                if (-not (Get-Module -ListAvailable -Name PSWindowsUpdate -ErrorAction SilentlyContinue)) {
                    Install-Module PSWindowsUpdate -Force -SkipPublisherCheck -Scope AllUsers | Out-Null
                }
                Import-Module PSWindowsUpdate -Force -ErrorAction Stop
                try {
                    Add-WUServiceManager -MicrosoftUpdate -Confirm:$false -ErrorAction SilentlyContinue | Out-Null
                } catch {}
                Write-Output 'OK'
            } catch {
                Write-Output ('ERROR: ' + $_.Exception.Message)
            }
2026-08-12 03:05:56.537 -05:00 [INF] (Thread 18) WindowsUpdateWorker: PSWindowsUpdate module OK.
2026-08-12 03:05:56.553 -05:00 [DBG] (Thread 18) WindowsUpdateWorker: running PS script: Import-Module PSWindowsUpdate -ErrorAction Stop
        $ProgressPreference = 'SilentlyContinue'

        # Force the Windows Update Agent to scan before installing.
        # Fixes 0x80248007 (WU_E_DS_NODATA) on fresh builds or machines
        # whose update data store has not been initialised yet.
        try {
            Start-Process -FilePath 'UsoClient.exe' `
                -ArgumentList 'StartScan' `
                -Wait -NoNewWindow -ErrorAction SilentlyContinue
            Start-Sleep -Seconds 30
        } catch {}

        # 2>&1 merges stderr into the pipeline mixing strings with update
        # objects -- we filter them out in the foreach loop below.
        $rawOutput = Install-WindowsUpdate `
            -MicrosoftUpdate `
            -AcceptAll `
            -IgnoreReboot `
            -Install `
            -ErrorAction Continue 2>&1

        # Use a hashtable keyed on Title to keep only the LAST result per update.
        # PSWindowsUpdate emits objects at multiple pipeline stages (search, download,
        # install); overwriting ensures we capture the final post-install ResultCode
        # rather than an early ResultCode=0 (NotStarted).
        $byKey = @{}

        foreach ($u in $rawOutput) {
            if ($null -eq $u -or $u -isnot [PSObject]) { continue }
            if (-not ($u.PSObject.Properties.Name -contains 'Title')) { continue }
            if ([string]::IsNullOrWhiteSpace($u.Title)) { continue }

            $resultCode = 0
            try { $resultCode = [int]$u.ResultCode } catch { $resultCode = 4 }
            $succeeded = ($resultCode -eq 2 -or $resultCode -eq 3)

            # ResultCode=0 means NotStarted — treat as Skipped, not Failed.
            $status = if ($succeeded) { 'Succeeded' } elseif ($resultCode -eq 0) { 'Skipped' } else { 'Failed' }

            $kb = ''
            try {
                if ($u.KBArticleIDs -and $u.KBArticleIDs.Count -gt 0) {
                    $kb = 'KB' + $u.KBArticleIDs[0]
                }
            } catch {}

            $needsReboot = $false
            try { $needsReboot = [bool]$u.RebootRequired } catch {}

            $byKey[$u.Title] = [PSCustomObject]@{
                Identifier     = $kb
                Title          = [string]$u.Title
                Status         = $status
                ErrorMessage   = if ($succeeded -or $resultCode -eq 0) { '' } else { 'ResultCode=' + $resultCode }
                RebootRequired = $needsReboot
                AttemptedAt    = (Get-Date -Format 'o')
            }
        }

        $results = @($byKey.Values)

        if ($results.Count -eq 0) {
            Write-Output '[]'
        } else {
            $results | ConvertTo-Json -Compress
        }
2026-08-12 03:19:16.477 -05:00 [INF] (Thread 6) WindowsUpdateWorker: no updates installed — system reboot is already pending.
2026-08-12 03:19:16.477 -05:00 [INF] (Thread 6) WindowsUpdateWorker: pass complete. Total=3 Succeeded=1 Failed=0 Skipped=2
2026-08-12 03:19:16.478 -05:00 [INF] (Thread 6) WingetWorker: skipping — last run was 2026-08-06T22:50:11.8754628Z (less than 7 days ago).
2026-08-12 03:19:16.478 -05:00 [INF] (Thread 6) UpdateOrchestrator: cycle complete. Total=3 Succeeded=1 Failed=0 RebootRequired=true
2026-08-12 03:19:16.478 -05:00 [INF] (Thread 6) UpdateOrchestrator: reboot required but last reboot was 33.7 hours ago — skipping notification until 3-day minimum has elapsed.
2026-08-12 03:19:16.478 -05:00 [INF] (Thread 6) UpdateBackgroundService: next cycle in "01:00:00".
2026-08-12 04:19:17.266 -05:00 [INF] (Thread 9) SelfUpdater: checking for updates. Current version: 1.26.586.697
2026-08-12 04:19:17.453 -05:00 [INF] (Thread 19) SelfUpdater: remote version = 1.26.586.697.
2026-08-12 04:19:17.453 -05:00 [INF] (Thread 19) SelfUpdater: already up to date.
2026-08-12 04:19:17.453 -05:00 [INF] (Thread 19) UpdateOrchestrator: === Update cycle starting ===
2026-08-12 04:19:17.453 -05:00 [INF] (Thread 19) WindowsUpdateWorker: starting update pass.
2026-08-12 04:19:17.453 -05:00 [INF] (Thread 19) WindowsUpdateWorker: verifying PSWindowsUpdate module.
2026-08-12 04:19:17.456 -05:00 [DBG] (Thread 19) WindowsUpdateWorker: running PS script: $ProgressPreference = 'SilentlyContinue'
            $ErrorActionPreference = 'Stop'
            try {
                if (-not (Get-PackageProvider -Name NuGet -ListAvailable -ErrorAction SilentlyContinue)) {
                    Install-PackageProvider -Name NuGet -MinimumVersion 2.8.5.201 -Force -Scope AllUsers | Out-Null
                }
                Set-PSRepository -Name PSGallery -InstallationPolicy Trusted -ErrorAction SilentlyContinue
                if (-not (Get-Module -ListAvailable -Name PSWindowsUpdate -ErrorAction SilentlyContinue)) {
                    Install-Module PSWindowsUpdate -Force -SkipPublisherCheck -Scope AllUsers | Out-Null
                }
                Import-Module PSWindowsUpdate -Force -ErrorAction Stop
                try {
                    Add-WUServiceManager -MicrosoftUpdate -Confirm:$false -ErrorAction SilentlyContinue | Out-Null
                } catch {}
                Write-Output 'OK'
            } catch {
                Write-Output ('ERROR: ' + $_.Exception.Message)
            }
2026-08-12 04:19:49.721 -05:00 [INF] (Thread 9) WindowsUpdateWorker: PSWindowsUpdate module OK.
2026-08-12 04:19:49.723 -05:00 [DBG] (Thread 9) WindowsUpdateWorker: running PS script: Import-Module PSWindowsUpdate -ErrorAction Stop
        $ProgressPreference = 'SilentlyContinue'

        # Force the Windows Update Agent to scan before installing.
        # Fixes 0x80248007 (WU_E_DS_NODATA) on fresh builds or machines
        # whose update data store has not been initialised yet.
        try {
            Start-Process -FilePath 'UsoClient.exe' `
                -ArgumentList 'StartScan' `
                -Wait -NoNewWindow -ErrorAction SilentlyContinue
            Start-Sleep -Seconds 30
        } catch {}

        # 2>&1 merges stderr into the pipeline mixing strings with update
        # objects -- we filter them out in the foreach loop below.
        $rawOutput = Install-WindowsUpdate `
            -MicrosoftUpdate `
            -AcceptAll `
            -IgnoreReboot `
            -Install `
            -ErrorAction Continue 2>&1

        # Use a hashtable keyed on Title to keep only the LAST result per update.
        # PSWindowsUpdate emits objects at multiple pipeline stages (search, download,
        # install); overwriting ensures we capture the final post-install ResultCode
        # rather than an early ResultCode=0 (NotStarted).
        $byKey = @{}

        foreach ($u in $rawOutput) {
            if ($null -eq $u -or $u -isnot [PSObject]) { continue }
            if (-not ($u.PSObject.Properties.Name -contains 'Title')) { continue }
            if ([string]::IsNullOrWhiteSpace($u.Title)) { continue }

            $resultCode = 0
            try { $resultCode = [int]$u.ResultCode } catch { $resultCode = 4 }
            $succeeded = ($resultCode -eq 2 -or $resultCode -eq 3)

            # ResultCode=0 means NotStarted — treat as Skipped, not Failed.
            $status = if ($succeeded) { 'Succeeded' } elseif ($resultCode -eq 0) { 'Skipped' } else { 'Failed' }

            $kb = ''
            try {
                if ($u.KBArticleIDs -and $u.KBArticleIDs.Count -gt 0) {
                    $kb = 'KB' + $u.KBArticleIDs[0]
                }
            } catch {}

            $needsReboot = $false
            try { $needsReboot = [bool]$u.RebootRequired } catch {}

            $byKey[$u.Title] = [PSCustomObject]@{
                Identifier     = $kb
                Title          = [string]$u.Title
                Status         = $status
                ErrorMessage   = if ($succeeded -or $resultCode -eq 0) { '' } else { 'ResultCode=' + $resultCode }
                RebootRequired = $needsReboot
                AttemptedAt    = (Get-Date -Format 'o')
            }
        }

        $results = @($byKey.Values)

        if ($results.Count -eq 0) {
            Write-Output '[]'
        } else {
            $results | ConvertTo-Json -Compress
        }
2026-08-12 04:32:46.976 -05:00 [INF] (Thread 7) WindowsUpdateWorker: no updates installed — system reboot is already pending.
2026-08-12 04:32:46.976 -05:00 [INF] (Thread 7) WindowsUpdateWorker: pass complete. Total=3 Succeeded=1 Failed=0 Skipped=2
2026-08-12 04:32:46.977 -05:00 [INF] (Thread 7) WingetWorker: skipping — last run was 2026-08-06T22:50:11.8754628Z (less than 7 days ago).
2026-08-12 04:32:46.977 -05:00 [INF] (Thread 7) UpdateOrchestrator: cycle complete. Total=3 Succeeded=1 Failed=0 RebootRequired=true
2026-08-12 04:32:46.977 -05:00 [INF] (Thread 7) UpdateOrchestrator: reboot required but last reboot was 34.9 hours ago — skipping notification until 3-day minimum has elapsed.
2026-08-12 04:32:46.978 -05:00 [INF] (Thread 7) UpdateBackgroundService: next cycle in "01:00:00".
2026-08-12 05:32:46.980 -05:00 [INF] (Thread 7) SelfUpdater: checking for updates. Current version: 1.26.586.697
2026-08-12 05:32:47.146 -05:00 [INF] (Thread 7) SelfUpdater: remote version = 1.26.586.697.
2026-08-12 05:32:47.146 -05:00 [INF] (Thread 7) SelfUpdater: already up to date.
2026-08-12 05:32:47.146 -05:00 [INF] (Thread 7) UpdateOrchestrator: === Update cycle starting ===
2026-08-12 05:32:47.146 -05:00 [INF] (Thread 7) WindowsUpdateWorker: starting update pass.
2026-08-12 05:32:47.146 -05:00 [INF] (Thread 7) WindowsUpdateWorker: verifying PSWindowsUpdate module.
2026-08-12 05:32:47.148 -05:00 [DBG] (Thread 7) WindowsUpdateWorker: running PS script: $ProgressPreference = 'SilentlyContinue'
            $ErrorActionPreference = 'Stop'
            try {
                if (-not (Get-PackageProvider -Name NuGet -ListAvailable -ErrorAction SilentlyContinue)) {
                    Install-PackageProvider -Name NuGet -MinimumVersion 2.8.5.201 -Force -Scope AllUsers | Out-Null
                }
                Set-PSRepository -Name PSGallery -InstallationPolicy Trusted -ErrorAction SilentlyContinue
                if (-not (Get-Module -ListAvailable -Name PSWindowsUpdate -ErrorAction SilentlyContinue)) {
                    Install-Module PSWindowsUpdate -Force -SkipPublisherCheck -Scope AllUsers | Out-Null
                }
                Import-Module PSWindowsUpdate -Force -ErrorAction Stop
                try {
                    Add-WUServiceManager -MicrosoftUpdate -Confirm:$false -ErrorAction SilentlyContinue | Out-Null
                } catch {}
                Write-Output 'OK'
            } catch {
                Write-Output ('ERROR: ' + $_.Exception.Message)
            }
2026-08-12 05:33:19.032 -05:00 [INF] (Thread 7) WindowsUpdateWorker: PSWindowsUpdate module OK.
2026-08-12 05:33:19.034 -05:00 [DBG] (Thread 7) WindowsUpdateWorker: running PS script: Import-Module PSWindowsUpdate -ErrorAction Stop
        $ProgressPreference = 'SilentlyContinue'

        # Force the Windows Update Agent to scan before installing.
        # Fixes 0x80248007 (WU_E_DS_NODATA) on fresh builds or machines
        # whose update data store has not been initialised yet.
        try {
            Start-Process -FilePath 'UsoClient.exe' `
                -ArgumentList 'StartScan' `
                -Wait -NoNewWindow -ErrorAction SilentlyContinue
            Start-Sleep -Seconds 30
        } catch {}

        # 2>&1 merges stderr into the pipeline mixing strings with update
        # objects -- we filter them out in the foreach loop below.
        $rawOutput = Install-WindowsUpdate `
            -MicrosoftUpdate `
            -AcceptAll `
            -IgnoreReboot `
            -Install `
            -ErrorAction Continue 2>&1

        # Use a hashtable keyed on Title to keep only the LAST result per update.
        # PSWindowsUpdate emits objects at multiple pipeline stages (search, download,
        # install); overwriting ensures we capture the final post-install ResultCode
        # rather than an early ResultCode=0 (NotStarted).
        $byKey = @{}

        foreach ($u in $rawOutput) {
            if ($null -eq $u -or $u -isnot [PSObject]) { continue }
            if (-not ($u.PSObject.Properties.Name -contains 'Title')) { continue }
            if ([string]::IsNullOrWhiteSpace($u.Title)) { continue }

            $resultCode = 0
            try { $resultCode = [int]$u.ResultCode } catch { $resultCode = 4 }
            $succeeded = ($resultCode -eq 2 -or $resultCode -eq 3)

            # ResultCode=0 means NotStarted — treat as Skipped, not Failed.
            $status = if ($succeeded) { 'Succeeded' } elseif ($resultCode -eq 0) { 'Skipped' } else { 'Failed' }

            $kb = ''
            try {
                if ($u.KBArticleIDs -and $u.KBArticleIDs.Count -gt 0) {
                    $kb = 'KB' + $u.KBArticleIDs[0]
                }
            } catch {}

            $needsReboot = $false
            try { $needsReboot = [bool]$u.RebootRequired } catch {}

            $byKey[$u.Title] = [PSCustomObject]@{
                Identifier     = $kb
                Title          = [string]$u.Title
                Status         = $status
                ErrorMessage   = if ($succeeded -or $resultCode -eq 0) { '' } else { 'ResultCode=' + $resultCode }
                RebootRequired = $needsReboot
                AttemptedAt    = (Get-Date -Format 'o')
            }
        }

        $results = @($byKey.Values)

        if ($results.Count -eq 0) {
            Write-Output '[]'
        } else {
            $results | ConvertTo-Json -Compress
        }
2026-08-12 05:46:25.423 -05:00 [INF] (Thread 6) WindowsUpdateWorker: no updates installed — system reboot is already pending.
2026-08-12 05:46:25.423 -05:00 [INF] (Thread 6) WindowsUpdateWorker: pass complete. Total=3 Succeeded=1 Failed=0 Skipped=2
2026-08-12 05:46:25.424 -05:00 [INF] (Thread 6) WingetWorker: skipping — last run was 2026-08-06T22:50:11.8754628Z (less than 7 days ago).
2026-08-12 05:46:25.424 -05:00 [INF] (Thread 6) UpdateOrchestrator: cycle complete. Total=3 Succeeded=1 Failed=0 RebootRequired=true
2026-08-12 05:46:25.424 -05:00 [INF] (Thread 6) UpdateOrchestrator: reboot required but last reboot was 36.2 hours ago — skipping notification until 3-day minimum has elapsed.
2026-08-12 05:46:25.424 -05:00 [INF] (Thread 6) UpdateBackgroundService: next cycle in "01:00:00".
2026-08-12 06:46:25.436 -05:00 [INF] (Thread 13) SelfUpdater: checking for updates. Current version: 1.26.586.697
2026-08-12 06:46:25.561 -05:00 [INF] (Thread 6) SelfUpdater: remote version = 1.26.586.697.
2026-08-12 06:46:25.561 -05:00 [INF] (Thread 6) SelfUpdater: already up to date.
2026-08-12 06:46:25.561 -05:00 [INF] (Thread 6) UpdateOrchestrator: === Update cycle starting ===
2026-08-12 06:46:25.561 -05:00 [INF] (Thread 6) WindowsUpdateWorker: starting update pass.
2026-08-12 06:46:25.561 -05:00 [INF] (Thread 6) WindowsUpdateWorker: verifying PSWindowsUpdate module.
2026-08-12 06:46:25.564 -05:00 [DBG] (Thread 6) WindowsUpdateWorker: running PS script: $ProgressPreference = 'SilentlyContinue'
            $ErrorActionPreference = 'Stop'
            try {
                if (-not (Get-PackageProvider -Name NuGet -ListAvailable -ErrorAction SilentlyContinue)) {
                    Install-PackageProvider -Name NuGet -MinimumVersion 2.8.5.201 -Force -Scope AllUsers | Out-Null
                }
                Set-PSRepository -Name PSGallery -InstallationPolicy Trusted -ErrorAction SilentlyContinue
                if (-not (Get-Module -ListAvailable -Name PSWindowsUpdate -ErrorAction SilentlyContinue)) {
                    Install-Module PSWindowsUpdate -Force -SkipPublisherCheck -Scope AllUsers | Out-Null
                }
                Import-Module PSWindowsUpdate -Force -ErrorAction Stop
                try {
                    Add-WUServiceManager -MicrosoftUpdate -Confirm:$false -ErrorAction SilentlyContinue | Out-Null
                } catch {}
                Write-Output 'OK'
            } catch {
                Write-Output ('ERROR: ' + $_.Exception.Message)
            }
2026-08-12 06:47:00.860 -05:00 [INF] (Thread 17) WindowsUpdateWorker: PSWindowsUpdate module OK.
2026-08-12 06:47:00.862 -05:00 [DBG] (Thread 17) WindowsUpdateWorker: running PS script: Import-Module PSWindowsUpdate -ErrorAction Stop
        $ProgressPreference = 'SilentlyContinue'

        # Force the Windows Update Agent to scan before installing.
        # Fixes 0x80248007 (WU_E_DS_NODATA) on fresh builds or machines
        # whose update data store has not been initialised yet.
        try {
            Start-Process -FilePath 'UsoClient.exe' `
                -ArgumentList 'StartScan' `
                -Wait -NoNewWindow -ErrorAction SilentlyContinue
            Start-Sleep -Seconds 30
        } catch {}

        # 2>&1 merges stderr into the pipeline mixing strings with update
        # objects -- we filter them out in the foreach loop below.
        $rawOutput = Install-WindowsUpdate `
            -MicrosoftUpdate `
            -AcceptAll `
            -IgnoreReboot `
            -Install `
            -ErrorAction Continue 2>&1

        # Use a hashtable keyed on Title to keep only the LAST result per update.
        # PSWindowsUpdate emits objects at multiple pipeline stages (search, download,
        # install); overwriting ensures we capture the final post-install ResultCode
        # rather than an early ResultCode=0 (NotStarted).
        $byKey = @{}

        foreach ($u in $rawOutput) {
            if ($null -eq $u -or $u -isnot [PSObject]) { continue }
            if (-not ($u.PSObject.Properties.Name -contains 'Title')) { continue }
            if ([string]::IsNullOrWhiteSpace($u.Title)) { continue }

            $resultCode = 0
            try { $resultCode = [int]$u.ResultCode } catch { $resultCode = 4 }
            $succeeded = ($resultCode -eq 2 -or $resultCode -eq 3)

            # ResultCode=0 means NotStarted — treat as Skipped, not Failed.
            $status = if ($succeeded) { 'Succeeded' } elseif ($resultCode -eq 0) { 'Skipped' } else { 'Failed' }

            $kb = ''
            try {
                if ($u.KBArticleIDs -and $u.KBArticleIDs.Count -gt 0) {
                    $kb = 'KB' + $u.KBArticleIDs[0]
                }
            } catch {}

            $needsReboot = $false
            try { $needsReboot = [bool]$u.RebootRequired } catch {}

            $byKey[$u.Title] = [PSCustomObject]@{
                Identifier     = $kb
                Title          = [string]$u.Title
                Status         = $status
                ErrorMessage   = if ($succeeded -or $resultCode -eq 0) { '' } else { 'ResultCode=' + $resultCode }
                RebootRequired = $needsReboot
                AttemptedAt    = (Get-Date -Format 'o')
            }
        }

        $results = @($byKey.Values)

        if ($results.Count -eq 0) {
            Write-Output '[]'
        } else {
            $results | ConvertTo-Json -Compress
        }
2026-08-12 06:59:54.122 -05:00 [INF] (Thread 17) WindowsUpdateWorker: no updates installed — system reboot is already pending.
2026-08-12 06:59:54.122 -05:00 [INF] (Thread 17) WindowsUpdateWorker: pass complete. Total=3 Succeeded=1 Failed=0 Skipped=2
2026-08-12 06:59:54.123 -05:00 [INF] (Thread 17) WingetWorker: skipping — last run was 2026-08-06T22:50:11.8754628Z (less than 7 days ago).
2026-08-12 06:59:54.123 -05:00 [INF] (Thread 17) UpdateOrchestrator: cycle complete. Total=3 Succeeded=1 Failed=0 RebootRequired=true
2026-08-12 06:59:54.123 -05:00 [INF] (Thread 17) UpdateOrchestrator: reboot required but last reboot was 37.4 hours ago — skipping notification until 3-day minimum has elapsed.
2026-08-12 06:59:54.124 -05:00 [INF] (Thread 17) UpdateBackgroundService: next cycle in "01:00:00".
2026-08-12 07:59:54.137 -05:00 [INF] (Thread 17) SelfUpdater: checking for updates. Current version: 1.26.586.697
2026-08-12 07:59:54.277 -05:00 [INF] (Thread 12) SelfUpdater: remote version = 1.26.586.697.
2026-08-12 07:59:54.277 -05:00 [INF] (Thread 12) SelfUpdater: already up to date.
2026-08-12 07:59:54.277 -05:00 [INF] (Thread 12) UpdateOrchestrator: === Update cycle starting ===
2026-08-12 07:59:54.277 -05:00 [INF] (Thread 12) WindowsUpdateWorker: starting update pass.
2026-08-12 07:59:54.277 -05:00 [INF] (Thread 12) WindowsUpdateWorker: verifying PSWindowsUpdate module.
2026-08-12 07:59:54.280 -05:00 [DBG] (Thread 12) WindowsUpdateWorker: running PS script: $ProgressPreference = 'SilentlyContinue'
            $ErrorActionPreference = 'Stop'
            try {
                if (-not (Get-PackageProvider -Name NuGet -ListAvailable -ErrorAction SilentlyContinue)) {
                    Install-PackageProvider -Name NuGet -MinimumVersion 2.8.5.201 -Force -Scope AllUsers | Out-Null
                }
                Set-PSRepository -Name PSGallery -InstallationPolicy Trusted -ErrorAction SilentlyContinue
                if (-not (Get-Module -ListAvailable -Name PSWindowsUpdate -ErrorAction SilentlyContinue)) {
                    Install-Module PSWindowsUpdate -Force -SkipPublisherCheck -Scope AllUsers | Out-Null
                }
                Import-Module PSWindowsUpdate -Force -ErrorAction Stop
                try {
                    Add-WUServiceManager -MicrosoftUpdate -Confirm:$false -ErrorAction SilentlyContinue | Out-Null
                } catch {}
                Write-Output 'OK'
            } catch {
                Write-Output ('ERROR: ' + $_.Exception.Message)
            }
2026-08-12 08:00:27.100 -05:00 [INF] (Thread 12) WindowsUpdateWorker: PSWindowsUpdate module OK.
2026-08-12 08:00:27.103 -05:00 [DBG] (Thread 12) WindowsUpdateWorker: running PS script: Import-Module PSWindowsUpdate -ErrorAction Stop
        $ProgressPreference = 'SilentlyContinue'

        # Force the Windows Update Agent to scan before installing.
        # Fixes 0x80248007 (WU_E_DS_NODATA) on fresh builds or machines
        # whose update data store has not been initialised yet.
        try {
            Start-Process -FilePath 'UsoClient.exe' `
                -ArgumentList 'StartScan' `
                -Wait -NoNewWindow -ErrorAction SilentlyContinue
            Start-Sleep -Seconds 30
        } catch {}

        # 2>&1 merges stderr into the pipeline mixing strings with update
        # objects -- we filter them out in the foreach loop below.
        $rawOutput = Install-WindowsUpdate `
            -MicrosoftUpdate `
            -AcceptAll `
            -IgnoreReboot `
            -Install `
            -ErrorAction Continue 2>&1

        # Use a hashtable keyed on Title to keep only the LAST result per update.
        # PSWindowsUpdate emits objects at multiple pipeline stages (search, download,
        # install); overwriting ensures we capture the final post-install ResultCode
        # rather than an early ResultCode=0 (NotStarted).
        $byKey = @{}

        foreach ($u in $rawOutput) {
            if ($null -eq $u -or $u -isnot [PSObject]) { continue }
            if (-not ($u.PSObject.Properties.Name -contains 'Title')) { continue }
            if ([string]::IsNullOrWhiteSpace($u.Title)) { continue }

            $resultCode = 0
            try { $resultCode = [int]$u.ResultCode } catch { $resultCode = 4 }
            $succeeded = ($resultCode -eq 2 -or $resultCode -eq 3)

            # ResultCode=0 means NotStarted — treat as Skipped, not Failed.
            $status = if ($succeeded) { 'Succeeded' } elseif ($resultCode -eq 0) { 'Skipped' } else { 'Failed' }

            $kb = ''
            try {
                if ($u.KBArticleIDs -and $u.KBArticleIDs.Count -gt 0) {
                    $kb = 'KB' + $u.KBArticleIDs[0]
                }
            } catch {}

            $needsReboot = $false
            try { $needsReboot = [bool]$u.RebootRequired } catch {}

            $byKey[$u.Title] = [PSCustomObject]@{
                Identifier     = $kb
                Title          = [string]$u.Title
                Status         = $status
                ErrorMessage   = if ($succeeded -or $resultCode -eq 0) { '' } else { 'ResultCode=' + $resultCode }
                RebootRequired = $needsReboot
                AttemptedAt    = (Get-Date -Format 'o')
            }
        }

        $results = @($byKey.Values)

        if ($results.Count -eq 0) {
            Write-Output '[]'
        } else {
            $results | ConvertTo-Json -Compress
        }
2026-08-12 08:13:46.276 -05:00 [INF] (Thread 17) WindowsUpdateWorker: no updates installed — system reboot is already pending.
2026-08-12 08:13:46.276 -05:00 [INF] (Thread 17) WindowsUpdateWorker: pass complete. Total=3 Succeeded=1 Failed=0 Skipped=2
2026-08-12 08:13:46.277 -05:00 [INF] (Thread 17) WingetWorker: skipping — last run was 2026-08-06T22:50:11.8754628Z (less than 7 days ago).
2026-08-12 08:13:46.277 -05:00 [INF] (Thread 17) UpdateOrchestrator: cycle complete. Total=3 Succeeded=1 Failed=0 RebootRequired=true
2026-08-12 08:13:46.277 -05:00 [INF] (Thread 17) UpdateOrchestrator: reboot required but last reboot was 38.6 hours ago — skipping notification until 3-day minimum has elapsed.
2026-08-12 08:13:46.277 -05:00 [INF] (Thread 17) UpdateBackgroundService: next cycle in "01:00:00".
2026-08-12 09:13:46.520 -05:00 [INF] (Thread 7) SelfUpdater: checking for updates. Current version: 1.26.586.697
2026-08-12 09:13:47.071 -05:00 [INF] (Thread 10) SelfUpdater: remote version = 1.26.586.697.
2026-08-12 09:13:47.071 -05:00 [INF] (Thread 10) SelfUpdater: already up to date.
2026-08-12 09:13:47.071 -05:00 [INF] (Thread 10) UpdateOrchestrator: === Update cycle starting ===
2026-08-12 09:13:47.071 -05:00 [INF] (Thread 10) WindowsUpdateWorker: starting update pass.
2026-08-12 09:13:47.071 -05:00 [INF] (Thread 10) WindowsUpdateWorker: verifying PSWindowsUpdate module.
2026-08-12 09:13:47.074 -05:00 [DBG] (Thread 10) WindowsUpdateWorker: running PS script: $ProgressPreference = 'SilentlyContinue'
            $ErrorActionPreference = 'Stop'
            try {
                if (-not (Get-PackageProvider -Name NuGet -ListAvailable -ErrorAction SilentlyContinue)) {
                    Install-PackageProvider -Name NuGet -MinimumVersion 2.8.5.201 -Force -Scope AllUsers | Out-Null
                }
                Set-PSRepository -Name PSGallery -InstallationPolicy Trusted -ErrorAction SilentlyContinue
                if (-not (Get-Module -ListAvailable -Name PSWindowsUpdate -ErrorAction SilentlyContinue)) {
                    Install-Module PSWindowsUpdate -Force -SkipPublisherCheck -Scope AllUsers | Out-Null
                }
                Import-Module PSWindowsUpdate -Force -ErrorAction Stop
                try {
                    Add-WUServiceManager -MicrosoftUpdate -Confirm:$false -ErrorAction SilentlyContinue | Out-Null
                } catch {}
                Write-Output 'OK'
            } catch {
                Write-Output ('ERROR: ' + $_.Exception.Message)
            }
2026-08-12 09:14:26.196 -05:00 [INF] (Thread 7) WindowsUpdateWorker: PSWindowsUpdate module OK.
2026-08-12 09:14:26.199 -05:00 [DBG] (Thread 7) WindowsUpdateWorker: running PS script: Import-Module PSWindowsUpdate -ErrorAction Stop
        $ProgressPreference = 'SilentlyContinue'

        # Force the Windows Update Agent to scan before installing.
        # Fixes 0x80248007 (WU_E_DS_NODATA) on fresh builds or machines
        # whose update data store has not been initialised yet.
        try {
            Start-Process -FilePath 'UsoClient.exe' `
                -ArgumentList 'StartScan' `
                -Wait -NoNewWindow -ErrorAction SilentlyContinue
            Start-Sleep -Seconds 30
        } catch {}

        # 2>&1 merges stderr into the pipeline mixing strings with update
        # objects -- we filter them out in the foreach loop below.
        $rawOutput = Install-WindowsUpdate `
            -MicrosoftUpdate `
            -AcceptAll `
            -IgnoreReboot `
            -Install `
            -ErrorAction Continue 2>&1

        # Use a hashtable keyed on Title to keep only the LAST result per update.
        # PSWindowsUpdate emits objects at multiple pipeline stages (search, download,
        # install); overwriting ensures we capture the final post-install ResultCode
        # rather than an early ResultCode=0 (NotStarted).
        $byKey = @{}

        foreach ($u in $rawOutput) {
            if ($null -eq $u -or $u -isnot [PSObject]) { continue }
            if (-not ($u.PSObject.Properties.Name -contains 'Title')) { continue }
            if ([string]::IsNullOrWhiteSpace($u.Title)) { continue }

            $resultCode = 0
            try { $resultCode = [int]$u.ResultCode } catch { $resultCode = 4 }
            $succeeded = ($resultCode -eq 2 -or $resultCode -eq 3)

            # ResultCode=0 means NotStarted — treat as Skipped, not Failed.
            $status = if ($succeeded) { 'Succeeded' } elseif ($resultCode -eq 0) { 'Skipped' } else { 'Failed' }

            $kb = ''
            try {
                if ($u.KBArticleIDs -and $u.KBArticleIDs.Count -gt 0) {
                    $kb = 'KB' + $u.KBArticleIDs[0]
                }
            } catch {}

            $needsReboot = $false
            try { $needsReboot = [bool]$u.RebootRequired } catch {}

            $byKey[$u.Title] = [PSCustomObject]@{
                Identifier     = $kb
                Title          = [string]$u.Title
                Status         = $status
                ErrorMessage   = if ($succeeded -or $resultCode -eq 0) { '' } else { 'ResultCode=' + $resultCode }
                RebootRequired = $needsReboot
                AttemptedAt    = (Get-Date -Format 'o')
            }
        }

        $results = @($byKey.Values)

        if ($results.Count -eq 0) {
            Write-Output '[]'
        } else {
            $results | ConvertTo-Json -Compress
        }
2026-08-12 09:27:32.827 -05:00 [INF] (Thread 10) WindowsUpdateWorker: no updates installed — system reboot is already pending.
2026-08-12 09:27:32.830 -05:00 [INF] (Thread 10) WindowsUpdateWorker: pass complete. Total=3 Succeeded=1 Failed=0 Skipped=2
2026-08-12 09:27:32.831 -05:00 [INF] (Thread 10) WingetWorker: skipping — last run was 2026-08-06T22:50:11.8754628Z (less than 7 days ago).
2026-08-12 09:27:32.831 -05:00 [INF] (Thread 10) UpdateOrchestrator: cycle complete. Total=3 Succeeded=1 Failed=0 RebootRequired=true
2026-08-12 09:27:32.832 -05:00 [INF] (Thread 10) UpdateOrchestrator: reboot required but last reboot was 39.9 hours ago — skipping notification until 3-day minimum has elapsed.
2026-08-12 09:27:32.832 -05:00 [INF] (Thread 10) UpdateBackgroundService: next cycle in "01:00:00".
2026-08-12 10:27:32.845 -05:00 [INF] (Thread 17) SelfUpdater: checking for updates. Current version: 1.26.586.697
2026-08-12 10:27:33.060 -05:00 [INF] (Thread 16) SelfUpdater: remote version = 1.26.586.697.
2026-08-12 10:27:33.060 -05:00 [INF] (Thread 16) SelfUpdater: already up to date.
2026-08-12 10:27:33.060 -05:00 [INF] (Thread 16) UpdateOrchestrator: === Update cycle starting ===
2026-08-12 10:27:33.061 -05:00 [INF] (Thread 16) WindowsUpdateWorker: starting update pass.
2026-08-12 10:27:33.061 -05:00 [INF] (Thread 16) WindowsUpdateWorker: verifying PSWindowsUpdate module.
2026-08-12 10:27:33.066 -05:00 [DBG] (Thread 16) WindowsUpdateWorker: running PS script: $ProgressPreference = 'SilentlyContinue'
            $ErrorActionPreference = 'Stop'
            try {
                if (-not (Get-PackageProvider -Name NuGet -ListAvailable -ErrorAction SilentlyContinue)) {
                    Install-PackageProvider -Name NuGet -MinimumVersion 2.8.5.201 -Force -Scope AllUsers | Out-Null
                }
                Set-PSRepository -Name PSGallery -InstallationPolicy Trusted -ErrorAction SilentlyContinue
                if (-not (Get-Module -ListAvailable -Name PSWindowsUpdate -ErrorAction SilentlyContinue)) {
                    Install-Module PSWindowsUpdate -Force -SkipPublisherCheck -Scope AllUsers | Out-Null
                }
                Import-Module PSWindowsUpdate -Force -ErrorAction Stop
                try {
                    Add-WUServiceManager -MicrosoftUpdate -Confirm:$false -ErrorAction SilentlyContinue | Out-Null
                } catch {}
                Write-Output 'OK'
            } catch {
                Write-Output ('ERROR: ' + $_.Exception.Message)
            }
2026-08-12 10:28:02.505 -05:00 [INF] (Thread 12) WindowsUpdateWorker: PSWindowsUpdate module OK.
2026-08-12 10:28:02.508 -05:00 [DBG] (Thread 12) WindowsUpdateWorker: running PS script: Import-Module PSWindowsUpdate -ErrorAction Stop
        $ProgressPreference = 'SilentlyContinue'

        # Force the Windows Update Agent to scan before installing.
        # Fixes 0x80248007 (WU_E_DS_NODATA) on fresh builds or machines
        # whose update data store has not been initialised yet.
        try {
            Start-Process -FilePath 'UsoClient.exe' `
                -ArgumentList 'StartScan' `
                -Wait -NoNewWindow -ErrorAction SilentlyContinue
            Start-Sleep -Seconds 30
        } catch {}

        # 2>&1 merges stderr into the pipeline mixing strings with update
        # objects -- we filter them out in the foreach loop below.
        $rawOutput = Install-WindowsUpdate `
            -MicrosoftUpdate `
            -AcceptAll `
            -IgnoreReboot `
            -Install `
            -ErrorAction Continue 2>&1

        # Use a hashtable keyed on Title to keep only the LAST result per update.
        # PSWindowsUpdate emits objects at multiple pipeline stages (search, download,
        # install); overwriting ensures we capture the final post-install ResultCode
        # rather than an early ResultCode=0 (NotStarted).
        $byKey = @{}

        foreach ($u in $rawOutput) {
            if ($null -eq $u -or $u -isnot [PSObject]) { continue }
            if (-not ($u.PSObject.Properties.Name -contains 'Title')) { continue }
            if ([string]::IsNullOrWhiteSpace($u.Title)) { continue }

            $resultCode = 0
            try { $resultCode = [int]$u.ResultCode } catch { $resultCode = 4 }
            $succeeded = ($resultCode -eq 2 -or $resultCode -eq 3)

            # ResultCode=0 means NotStarted — treat as Skipped, not Failed.
            $status = if ($succeeded) { 'Succeeded' } elseif ($resultCode -eq 0) { 'Skipped' } else { 'Failed' }

            $kb = ''
            try {
                if ($u.KBArticleIDs -and $u.KBArticleIDs.Count -gt 0) {
                    $kb = 'KB' + $u.KBArticleIDs[0]
                }
            } catch {}

            $needsReboot = $false
            try { $needsReboot = [bool]$u.RebootRequired } catch {}

            $byKey[$u.Title] = [PSCustomObject]@{
                Identifier     = $kb
                Title          = [string]$u.Title
                Status         = $status
                ErrorMessage   = if ($succeeded -or $resultCode -eq 0) { '' } else { 'ResultCode=' + $resultCode }
                RebootRequired = $needsReboot
                AttemptedAt    = (Get-Date -Format 'o')
            }
        }

        $results = @($byKey.Values)

        if ($results.Count -eq 0) {
            Write-Output '[]'
        } else {
            $results | ConvertTo-Json -Compress
        }
2026-08-12 10:40:45.209 -05:00 [INF] (Thread 17) WindowsUpdateWorker: no updates installed — system reboot is already pending.
2026-08-12 10:40:45.210 -05:00 [INF] (Thread 17) WindowsUpdateWorker: pass complete. Total=3 Succeeded=1 Failed=0 Skipped=2
2026-08-12 10:40:45.212 -05:00 [INF] (Thread 17) WingetWorker: skipping — last run was 2026-08-06T22:50:11.8754628Z (less than 7 days ago).
2026-08-12 10:40:45.212 -05:00 [INF] (Thread 17) UpdateOrchestrator: cycle complete. Total=3 Succeeded=1 Failed=0 RebootRequired=true
2026-08-12 10:40:45.213 -05:00 [INF] (Thread 17) UpdateOrchestrator: reboot required but last reboot was 41.1 hours ago — skipping notification until 3-day minimum has elapsed.
2026-08-12 10:40:45.213 -05:00 [INF] (Thread 17) UpdateBackgroundService: next cycle in "01:00:00".
2026-08-12 11:40:45.218 -05:00 [INF] (Thread 16) SelfUpdater: checking for updates. Current version: 1.26.586.697
2026-08-12 11:40:45.381 -05:00 [INF] (Thread 16) SelfUpdater: remote version = 1.26.586.697.
2026-08-12 11:40:45.381 -05:00 [INF] (Thread 16) SelfUpdater: already up to date.
2026-08-12 11:40:45.381 -05:00 [INF] (Thread 16) UpdateOrchestrator: === Update cycle starting ===
2026-08-12 11:40:45.381 -05:00 [INF] (Thread 16) WindowsUpdateWorker: starting update pass.
2026-08-12 11:40:45.381 -05:00 [INF] (Thread 16) WindowsUpdateWorker: verifying PSWindowsUpdate module.
2026-08-12 11:40:45.384 -05:00 [DBG] (Thread 16) WindowsUpdateWorker: running PS script: $ProgressPreference = 'SilentlyContinue'
            $ErrorActionPreference = 'Stop'
            try {
                if (-not (Get-PackageProvider -Name NuGet -ListAvailable -ErrorAction SilentlyContinue)) {
                    Install-PackageProvider -Name NuGet -MinimumVersion 2.8.5.201 -Force -Scope AllUsers | Out-Null
                }
                Set-PSRepository -Name PSGallery -InstallationPolicy Trusted -ErrorAction SilentlyContinue
                if (-not (Get-Module -ListAvailable -Name PSWindowsUpdate -ErrorAction SilentlyContinue)) {
                    Install-Module PSWindowsUpdate -Force -SkipPublisherCheck -Scope AllUsers | Out-Null
                }
                Import-Module PSWindowsUpdate -Force -ErrorAction Stop
                try {
                    Add-WUServiceManager -MicrosoftUpdate -Confirm:$false -ErrorAction SilentlyContinue | Out-Null
                } catch {}
                Write-Output 'OK'
            } catch {
                Write-Output ('ERROR: ' + $_.Exception.Message)
            }
2026-08-12 11:41:14.022 -05:00 [INF] (Thread 12) WindowsUpdateWorker: PSWindowsUpdate module OK.
2026-08-12 11:41:14.026 -05:00 [DBG] (Thread 12) WindowsUpdateWorker: running PS script: Import-Module PSWindowsUpdate -ErrorAction Stop
        $ProgressPreference = 'SilentlyContinue'

        # Force the Windows Update Agent to scan before installing.
        # Fixes 0x80248007 (WU_E_DS_NODATA) on fresh builds or machines
        # whose update data store has not been initialised yet.
        try {
            Start-Process -FilePath 'UsoClient.exe' `
                -ArgumentList 'StartScan' `
                -Wait -NoNewWindow -ErrorAction SilentlyContinue
            Start-Sleep -Seconds 30
        } catch {}

        # 2>&1 merges stderr into the pipeline mixing strings with update
        # objects -- we filter them out in the foreach loop below.
        $rawOutput = Install-WindowsUpdate `
            -MicrosoftUpdate `
            -AcceptAll `
            -IgnoreReboot `
            -Install `
            -ErrorAction Continue 2>&1

        # Use a hashtable keyed on Title to keep only the LAST result per update.
        # PSWindowsUpdate emits objects at multiple pipeline stages (search, download,
        # install); overwriting ensures we capture the final post-install ResultCode
        # rather than an early ResultCode=0 (NotStarted).
        $byKey = @{}

        foreach ($u in $rawOutput) {
            if ($null -eq $u -or $u -isnot [PSObject]) { continue }
            if (-not ($u.PSObject.Properties.Name -contains 'Title')) { continue }
            if ([string]::IsNullOrWhiteSpace($u.Title)) { continue }

            $resultCode = 0
            try { $resultCode = [int]$u.ResultCode } catch { $resultCode = 4 }
            $succeeded = ($resultCode -eq 2 -or $resultCode -eq 3)

            # ResultCode=0 means NotStarted — treat as Skipped, not Failed.
            $status = if ($succeeded) { 'Succeeded' } elseif ($resultCode -eq 0) { 'Skipped' } else { 'Failed' }

            $kb = ''
            try {
                if ($u.KBArticleIDs -and $u.KBArticleIDs.Count -gt 0) {
                    $kb = 'KB' + $u.KBArticleIDs[0]
                }
            } catch {}

            $needsReboot = $false
            try { $needsReboot = [bool]$u.RebootRequired } catch {}

            $byKey[$u.Title] = [PSCustomObject]@{
                Identifier     = $kb
                Title          = [string]$u.Title
                Status         = $status
                ErrorMessage   = if ($succeeded -or $resultCode -eq 0) { '' } else { 'ResultCode=' + $resultCode }
                RebootRequired = $needsReboot
                AttemptedAt    = (Get-Date -Format 'o')
            }
        }

        $results = @($byKey.Values)

        if ($results.Count -eq 0) {
            Write-Output '[]'
        } else {
            $results | ConvertTo-Json -Compress
        }
2026-08-12 11:54:53.709 -05:00 [INF] (Thread 16) WindowsUpdateWorker: no updates installed — system reboot is already pending.
2026-08-12 11:54:53.710 -05:00 [INF] (Thread 16) WindowsUpdateWorker: pass complete. Total=3 Succeeded=1 Failed=0 Skipped=2
2026-08-12 11:54:53.712 -05:00 [INF] (Thread 16) WingetWorker: skipping — last run was 2026-08-06T22:50:11.8754628Z (less than 7 days ago).
2026-08-12 11:54:53.712 -05:00 [INF] (Thread 16) UpdateOrchestrator: cycle complete. Total=3 Succeeded=1 Failed=0 RebootRequired=true
2026-08-12 11:54:53.713 -05:00 [INF] (Thread 16) UpdateOrchestrator: reboot required but last reboot was 42.3 hours ago — skipping notification until 3-day minimum has elapsed.
2026-08-12 11:54:53.713 -05:00 [INF] (Thread 16) UpdateBackgroundService: next cycle in "01:00:00".
2026-08-12 12:54:53.976 -05:00 [INF] (Thread 9) SelfUpdater: checking for updates. Current version: 1.26.586.697
2026-08-12 12:54:54.130 -05:00 [INF] (Thread 9) SelfUpdater: remote version = 1.26.586.697.
2026-08-12 12:54:54.130 -05:00 [INF] (Thread 9) SelfUpdater: already up to date.
2026-08-12 12:54:54.130 -05:00 [INF] (Thread 9) UpdateOrchestrator: === Update cycle starting ===
2026-08-12 12:54:54.130 -05:00 [INF] (Thread 9) WindowsUpdateWorker: starting update pass.
2026-08-12 12:54:54.131 -05:00 [INF] (Thread 9) WindowsUpdateWorker: verifying PSWindowsUpdate module.
2026-08-12 12:54:54.132 -05:00 [DBG] (Thread 9) WindowsUpdateWorker: running PS script: $ProgressPreference = 'SilentlyContinue'
            $ErrorActionPreference = 'Stop'
            try {
                if (-not (Get-PackageProvider -Name NuGet -ListAvailable -ErrorAction SilentlyContinue)) {
                    Install-PackageProvider -Name NuGet -MinimumVersion 2.8.5.201 -Force -Scope AllUsers | Out-Null
                }
                Set-PSRepository -Name PSGallery -InstallationPolicy Trusted -ErrorAction SilentlyContinue
                if (-not (Get-Module -ListAvailable -Name PSWindowsUpdate -ErrorAction SilentlyContinue)) {
                    Install-Module PSWindowsUpdate -Force -SkipPublisherCheck -Scope AllUsers | Out-Null
                }
                Import-Module PSWindowsUpdate -Force -ErrorAction Stop
                try {
                    Add-WUServiceManager -MicrosoftUpdate -Confirm:$false -ErrorAction SilentlyContinue | Out-Null
                } catch {}
                Write-Output 'OK'
            } catch {
                Write-Output ('ERROR: ' + $_.Exception.Message)
            }
2026-08-12 12:55:24.551 -05:00 [INF] (Thread 12) WindowsUpdateWorker: PSWindowsUpdate module OK.
2026-08-12 12:55:24.554 -05:00 [DBG] (Thread 12) WindowsUpdateWorker: running PS script: Import-Module PSWindowsUpdate -ErrorAction Stop
        $ProgressPreference = 'SilentlyContinue'

        # Force the Windows Update Agent to scan before installing.
        # Fixes 0x80248007 (WU_E_DS_NODATA) on fresh builds or machines
        # whose update data store has not been initialised yet.
        try {
            Start-Process -FilePath 'UsoClient.exe' `
                -ArgumentList 'StartScan' `
                -Wait -NoNewWindow -ErrorAction SilentlyContinue
            Start-Sleep -Seconds 30
        } catch {}

        # 2>&1 merges stderr into the pipeline mixing strings with update
        # objects -- we filter them out in the foreach loop below.
        $rawOutput = Install-WindowsUpdate `
            -MicrosoftUpdate `
            -AcceptAll `
            -IgnoreReboot `
            -Install `
            -ErrorAction Continue 2>&1

        # Use a hashtable keyed on Title to keep only the LAST result per update.
        # PSWindowsUpdate emits objects at multiple pipeline stages (search, download,
        # install); overwriting ensures we capture the final post-install ResultCode
        # rather than an early ResultCode=0 (NotStarted).
        $byKey = @{}

        foreach ($u in $rawOutput) {
            if ($null -eq $u -or $u -isnot [PSObject]) { continue }
            if (-not ($u.PSObject.Properties.Name -contains 'Title')) { continue }
            if ([string]::IsNullOrWhiteSpace($u.Title)) { continue }

            $resultCode = 0
            try { $resultCode = [int]$u.ResultCode } catch { $resultCode = 4 }
            $succeeded = ($resultCode -eq 2 -or $resultCode -eq 3)

            # ResultCode=0 means NotStarted — treat as Skipped, not Failed.
            $status = if ($succeeded) { 'Succeeded' } elseif ($resultCode -eq 0) { 'Skipped' } else { 'Failed' }

            $kb = ''
            try {
                if ($u.KBArticleIDs -and $u.KBArticleIDs.Count -gt 0) {
                    $kb = 'KB' + $u.KBArticleIDs[0]
                }
            } catch {}

            $needsReboot = $false
            try { $needsReboot = [bool]$u.RebootRequired } catch {}

            $byKey[$u.Title] = [PSCustomObject]@{
                Identifier     = $kb
                Title          = [string]$u.Title
                Status         = $status
                ErrorMessage   = if ($succeeded -or $resultCode -eq 0) { '' } else { 'ResultCode=' + $resultCode }
                RebootRequired = $needsReboot
                AttemptedAt    = (Get-Date -Format 'o')
            }
        }

        $results = @($byKey.Values)

        if ($results.Count -eq 0) {
            Write-Output '[]'
        } else {
            $results | ConvertTo-Json -Compress
        }
2026-08-12 13:09:01.964 -05:00 [INF] (Thread 16) WindowsUpdateWorker: no updates installed — system reboot is already pending.
2026-08-12 13:09:01.965 -05:00 [INF] (Thread 16) WindowsUpdateWorker: pass complete. Total=3 Succeeded=1 Failed=0 Skipped=2
2026-08-12 13:09:01.967 -05:00 [INF] (Thread 16) WingetWorker: skipping — last run was 2026-08-06T22:50:11.8754628Z (less than 7 days ago).
2026-08-12 13:09:01.967 -05:00 [INF] (Thread 16) UpdateOrchestrator: cycle complete. Total=3 Succeeded=1 Failed=0 RebootRequired=true
2026-08-12 13:09:01.967 -05:00 [INF] (Thread 16) UpdateOrchestrator: reboot required but last reboot was 43.5 hours ago — skipping notification until 3-day minimum has elapsed.
2026-08-12 13:09:01.968 -05:00 [INF] (Thread 16) UpdateBackgroundService: next cycle in "01:00:00".
2026-08-12 14:09:02.243 -05:00 [INF] (Thread 7) SelfUpdater: checking for updates. Current version: 1.26.586.697
2026-08-12 14:09:02.410 -05:00 [INF] (Thread 7) SelfUpdater: remote version = 1.26.586.697.
2026-08-12 14:09:02.410 -05:00 [INF] (Thread 7) SelfUpdater: already up to date.
2026-08-12 14:09:02.410 -05:00 [INF] (Thread 7) UpdateOrchestrator: === Update cycle starting ===
2026-08-12 14:09:02.410 -05:00 [INF] (Thread 7) WindowsUpdateWorker: starting update pass.
2026-08-12 14:09:02.410 -05:00 [INF] (Thread 7) WindowsUpdateWorker: verifying PSWindowsUpdate module.
2026-08-12 14:09:02.413 -05:00 [DBG] (Thread 7) WindowsUpdateWorker: running PS script: $ProgressPreference = 'SilentlyContinue'
            $ErrorActionPreference = 'Stop'
            try {
                if (-not (Get-PackageProvider -Name NuGet -ListAvailable -ErrorAction SilentlyContinue)) {
                    Install-PackageProvider -Name NuGet -MinimumVersion 2.8.5.201 -Force -Scope AllUsers | Out-Null
                }
                Set-PSRepository -Name PSGallery -InstallationPolicy Trusted -ErrorAction SilentlyContinue
                if (-not (Get-Module -ListAvailable -Name PSWindowsUpdate -ErrorAction SilentlyContinue)) {
                    Install-Module PSWindowsUpdate -Force -SkipPublisherCheck -Scope AllUsers | Out-Null
                }
                Import-Module PSWindowsUpdate -Force -ErrorAction Stop
                try {
                    Add-WUServiceManager -MicrosoftUpdate -Confirm:$false -ErrorAction SilentlyContinue | Out-Null
                } catch {}
                Write-Output 'OK'
            } catch {
                Write-Output ('ERROR: ' + $_.Exception.Message)
            }
2026-08-12 14:09:39.150 -05:00 [INF] (Thread 3) WindowsUpdateWorker: PSWindowsUpdate module OK.
2026-08-12 14:09:39.153 -05:00 [DBG] (Thread 3) WindowsUpdateWorker: running PS script: Import-Module PSWindowsUpdate -ErrorAction Stop
        $ProgressPreference = 'SilentlyContinue'

        # Force the Windows Update Agent to scan before installing.
        # Fixes 0x80248007 (WU_E_DS_NODATA) on fresh builds or machines
        # whose update data store has not been initialised yet.
        try {
            Start-Process -FilePath 'UsoClient.exe' `
                -ArgumentList 'StartScan' `
                -Wait -NoNewWindow -ErrorAction SilentlyContinue
            Start-Sleep -Seconds 30
        } catch {}

        # 2>&1 merges stderr into the pipeline mixing strings with update
        # objects -- we filter them out in the foreach loop below.
        $rawOutput = Install-WindowsUpdate `
            -MicrosoftUpdate `
            -AcceptAll `
            -IgnoreReboot `
            -Install `
            -ErrorAction Continue 2>&1

        # Use a hashtable keyed on Title to keep only the LAST result per update.
        # PSWindowsUpdate emits objects at multiple pipeline stages (search, download,
        # install); overwriting ensures we capture the final post-install ResultCode
        # rather than an early ResultCode=0 (NotStarted).
        $byKey = @{}

        foreach ($u in $rawOutput) {
            if ($null -eq $u -or $u -isnot [PSObject]) { continue }
            if (-not ($u.PSObject.Properties.Name -contains 'Title')) { continue }
            if ([string]::IsNullOrWhiteSpace($u.Title)) { continue }

            $resultCode = 0
            try { $resultCode = [int]$u.ResultCode } catch { $resultCode = 4 }
            $succeeded = ($resultCode -eq 2 -or $resultCode -eq 3)

            # ResultCode=0 means NotStarted — treat as Skipped, not Failed.
            $status = if ($succeeded) { 'Succeeded' } elseif ($resultCode -eq 0) { 'Skipped' } else { 'Failed' }

            $kb = ''
            try {
                if ($u.KBArticleIDs -and $u.KBArticleIDs.Count -gt 0) {
                    $kb = 'KB' + $u.KBArticleIDs[0]
                }
            } catch {}

            $needsReboot = $false
            try { $needsReboot = [bool]$u.RebootRequired } catch {}

            $byKey[$u.Title] = [PSCustomObject]@{
                Identifier     = $kb
                Title          = [string]$u.Title
                Status         = $status
                ErrorMessage   = if ($succeeded -or $resultCode -eq 0) { '' } else { 'ResultCode=' + $resultCode }
                RebootRequired = $needsReboot
                AttemptedAt    = (Get-Date -Format 'o')
            }
        }

        $results = @($byKey.Values)

        if ($results.Count -eq 0) {
            Write-Output '[]'
        } else {
            $results | ConvertTo-Json -Compress
        }
2026-08-12 14:22:55.337 -05:00 [INF] (Thread 7) WindowsUpdateWorker: no updates installed — system reboot is already pending.
2026-08-12 14:22:55.337 -05:00 [INF] (Thread 7) WindowsUpdateWorker: pass complete. Total=3 Succeeded=1 Failed=0 Skipped=2
2026-08-12 14:22:55.338 -05:00 [INF] (Thread 7) WingetWorker: skipping — last run was 2026-08-06T22:50:11.8754628Z (less than 7 days ago).
2026-08-12 14:22:55.338 -05:00 [INF] (Thread 7) UpdateOrchestrator: cycle complete. Total=3 Succeeded=1 Failed=0 RebootRequired=true
2026-08-12 14:22:55.338 -05:00 [INF] (Thread 7) UpdateOrchestrator: reboot required but last reboot was 44.8 hours ago — skipping notification until 3-day minimum has elapsed.
2026-08-12 14:22:55.338 -05:00 [INF] (Thread 7) UpdateBackgroundService: next cycle in "01:00:00".
2026-08-12 15:22:55.340 -05:00 [INF] (Thread 6) SelfUpdater: checking for updates. Current version: 1.26.586.697
2026-08-12 15:22:55.568 -05:00 [INF] (Thread 6) SelfUpdater: remote version = 1.26.586.697.
2026-08-12 15:22:55.568 -05:00 [INF] (Thread 6) SelfUpdater: already up to date.
2026-08-12 15:22:55.568 -05:00 [INF] (Thread 6) UpdateOrchestrator: === Update cycle starting ===
2026-08-12 15:22:55.568 -05:00 [INF] (Thread 6) WindowsUpdateWorker: starting update pass.
2026-08-12 15:22:55.568 -05:00 [INF] (Thread 6) WindowsUpdateWorker: verifying PSWindowsUpdate module.
2026-08-12 15:22:55.571 -05:00 [DBG] (Thread 6) WindowsUpdateWorker: running PS script: $ProgressPreference = 'SilentlyContinue'
            $ErrorActionPreference = 'Stop'
            try {
                if (-not (Get-PackageProvider -Name NuGet -ListAvailable -ErrorAction SilentlyContinue)) {
                    Install-PackageProvider -Name NuGet -MinimumVersion 2.8.5.201 -Force -Scope AllUsers | Out-Null
                }
                Set-PSRepository -Name PSGallery -InstallationPolicy Trusted -ErrorAction SilentlyContinue
                if (-not (Get-Module -ListAvailable -Name PSWindowsUpdate -ErrorAction SilentlyContinue)) {
                    Install-Module PSWindowsUpdate -Force -SkipPublisherCheck -Scope AllUsers | Out-Null
                }
                Import-Module PSWindowsUpdate -Force -ErrorAction Stop
                try {
                    Add-WUServiceManager -MicrosoftUpdate -Confirm:$false -ErrorAction SilentlyContinue | Out-Null
                } catch {}
                Write-Output 'OK'
            } catch {
                Write-Output ('ERROR: ' + $_.Exception.Message)
            }
2026-08-12 15:23:49.243 -05:00 [INF] (Thread 6) WindowsUpdateWorker: PSWindowsUpdate module OK.
2026-08-12 15:23:49.246 -05:00 [DBG] (Thread 6) WindowsUpdateWorker: running PS script: Import-Module PSWindowsUpdate -ErrorAction Stop
        $ProgressPreference = 'SilentlyContinue'

        # Force the Windows Update Agent to scan before installing.
        # Fixes 0x80248007 (WU_E_DS_NODATA) on fresh builds or machines
        # whose update data store has not been initialised yet.
        try {
            Start-Process -FilePath 'UsoClient.exe' `
                -ArgumentList 'StartScan' `
                -Wait -NoNewWindow -ErrorAction SilentlyContinue
            Start-Sleep -Seconds 30
        } catch {}

        # 2>&1 merges stderr into the pipeline mixing strings with update
        # objects -- we filter them out in the foreach loop below.
        $rawOutput = Install-WindowsUpdate `
            -MicrosoftUpdate `
            -AcceptAll `
            -IgnoreReboot `
            -Install `
            -ErrorAction Continue 2>&1

        # Use a hashtable keyed on Title to keep only the LAST result per update.
        # PSWindowsUpdate emits objects at multiple pipeline stages (search, download,
        # install); overwriting ensures we capture the final post-install ResultCode
        # rather than an early ResultCode=0 (NotStarted).
        $byKey = @{}

        foreach ($u in $rawOutput) {
            if ($null -eq $u -or $u -isnot [PSObject]) { continue }
            if (-not ($u.PSObject.Properties.Name -contains 'Title')) { continue }
            if ([string]::IsNullOrWhiteSpace($u.Title)) { continue }

            $resultCode = 0
            try { $resultCode = [int]$u.ResultCode } catch { $resultCode = 4 }
            $succeeded = ($resultCode -eq 2 -or $resultCode -eq 3)

            # ResultCode=0 means NotStarted — treat as Skipped, not Failed.
            $status = if ($succeeded) { 'Succeeded' } elseif ($resultCode -eq 0) { 'Skipped' } else { 'Failed' }

            $kb = ''
            try {
                if ($u.KBArticleIDs -and $u.KBArticleIDs.Count -gt 0) {
                    $kb = 'KB' + $u.KBArticleIDs[0]
                }
            } catch {}

            $needsReboot = $false
            try { $needsReboot = [bool]$u.RebootRequired } catch {}

            $byKey[$u.Title] = [PSCustomObject]@{
                Identifier     = $kb
                Title          = [string]$u.Title
                Status         = $status
                ErrorMessage   = if ($succeeded -or $resultCode -eq 0) { '' } else { 'ResultCode=' + $resultCode }
                RebootRequired = $needsReboot
                AttemptedAt    = (Get-Date -Format 'o')
            }
        }

        $results = @($byKey.Values)

        if ($results.Count -eq 0) {
            Write-Output '[]'
        } else {
            $results | ConvertTo-Json -Compress
        }
2026-08-12 15:37:03.988 -05:00 [INF] (Thread 6) WindowsUpdateWorker: no updates installed — system reboot is already pending.
2026-08-12 15:37:03.988 -05:00 [INF] (Thread 6) WindowsUpdateWorker: pass complete. Total=3 Succeeded=1 Failed=0 Skipped=2
2026-08-12 15:37:03.989 -05:00 [INF] (Thread 6) WingetWorker: skipping — last run was 2026-08-06T22:50:11.8754628Z (less than 7 days ago).
2026-08-12 15:37:03.989 -05:00 [INF] (Thread 6) UpdateOrchestrator: cycle complete. Total=3 Succeeded=1 Failed=0 RebootRequired=true
2026-08-12 15:37:03.989 -05:00 [INF] (Thread 6) UpdateOrchestrator: reboot required but last reboot was 46.0 hours ago — skipping notification until 3-day minimum has elapsed.
2026-08-12 15:37:03.989 -05:00 [INF] (Thread 6) UpdateBackgroundService: next cycle in "01:00:00".
2026-08-12 16:37:04.778 -05:00 [INF] (Thread 17) SelfUpdater: checking for updates. Current version: 1.26.586.697
2026-08-12 16:37:04.985 -05:00 [INF] (Thread 13) SelfUpdater: remote version = 1.26.586.697.
2026-08-12 16:37:04.985 -05:00 [INF] (Thread 13) SelfUpdater: already up to date.
2026-08-12 16:37:04.986 -05:00 [INF] (Thread 13) UpdateOrchestrator: === Update cycle starting ===
2026-08-12 16:37:04.986 -05:00 [INF] (Thread 13) WindowsUpdateWorker: starting update pass.
2026-08-12 16:37:04.986 -05:00 [INF] (Thread 13) WindowsUpdateWorker: verifying PSWindowsUpdate module.
2026-08-12 16:37:04.988 -05:00 [DBG] (Thread 13) WindowsUpdateWorker: running PS script: $ProgressPreference = 'SilentlyContinue'
            $ErrorActionPreference = 'Stop'
            try {
                if (-not (Get-PackageProvider -Name NuGet -ListAvailable -ErrorAction SilentlyContinue)) {
                    Install-PackageProvider -Name NuGet -MinimumVersion 2.8.5.201 -Force -Scope AllUsers | Out-Null
                }
                Set-PSRepository -Name PSGallery -InstallationPolicy Trusted -ErrorAction SilentlyContinue
                if (-not (Get-Module -ListAvailable -Name PSWindowsUpdate -ErrorAction SilentlyContinue)) {
                    Install-Module PSWindowsUpdate -Force -SkipPublisherCheck -Scope AllUsers | Out-Null
                }
                Import-Module PSWindowsUpdate -Force -ErrorAction Stop
                try {
                    Add-WUServiceManager -MicrosoftUpdate -Confirm:$false -ErrorAction SilentlyContinue | Out-Null
                } catch {}
                Write-Output 'OK'
            } catch {
                Write-Output ('ERROR: ' + $_.Exception.Message)
            }
2026-08-12 16:37:33.420 -05:00 [INF] (Thread 13) WindowsUpdateWorker: PSWindowsUpdate module OK.
2026-08-12 16:37:33.422 -05:00 [DBG] (Thread 13) WindowsUpdateWorker: running PS script: Import-Module PSWindowsUpdate -ErrorAction Stop
        $ProgressPreference = 'SilentlyContinue'

        # Force the Windows Update Agent to scan before installing.
        # Fixes 0x80248007 (WU_E_DS_NODATA) on fresh builds or machines
        # whose update data store has not been initialised yet.
        try {
            Start-Process -FilePath 'UsoClient.exe' `
                -ArgumentList 'StartScan' `
                -Wait -NoNewWindow -ErrorAction SilentlyContinue
            Start-Sleep -Seconds 30
        } catch {}

        # 2>&1 merges stderr into the pipeline mixing strings with update
        # objects -- we filter them out in the foreach loop below.
        $rawOutput = Install-WindowsUpdate `
            -MicrosoftUpdate `
            -AcceptAll `
            -IgnoreReboot `
            -Install `
            -ErrorAction Continue 2>&1

        # Use a hashtable keyed on Title to keep only the LAST result per update.
        # PSWindowsUpdate emits objects at multiple pipeline stages (search, download,
        # install); overwriting ensures we capture the final post-install ResultCode
        # rather than an early ResultCode=0 (NotStarted).
        $byKey = @{}

        foreach ($u in $rawOutput) {
            if ($null -eq $u -or $u -isnot [PSObject]) { continue }
            if (-not ($u.PSObject.Properties.Name -contains 'Title')) { continue }
            if ([string]::IsNullOrWhiteSpace($u.Title)) { continue }

            $resultCode = 0
            try { $resultCode = [int]$u.ResultCode } catch { $resultCode = 4 }
            $succeeded = ($resultCode -eq 2 -or $resultCode -eq 3)

            # ResultCode=0 means NotStarted — treat as Skipped, not Failed.
            $status = if ($succeeded) { 'Succeeded' } elseif ($resultCode -eq 0) { 'Skipped' } else { 'Failed' }

            $kb = ''
            try {
                if ($u.KBArticleIDs -and $u.KBArticleIDs.Count -gt 0) {
                    $kb = 'KB' + $u.KBArticleIDs[0]
                }
            } catch {}

            $needsReboot = $false
            try { $needsReboot = [bool]$u.RebootRequired } catch {}

            $byKey[$u.Title] = [PSCustomObject]@{
                Identifier     = $kb
                Title          = [string]$u.Title
                Status         = $status
                ErrorMessage   = if ($succeeded -or $resultCode -eq 0) { '' } else { 'ResultCode=' + $resultCode }
                RebootRequired = $needsReboot
                AttemptedAt    = (Get-Date -Format 'o')
            }
        }

        $results = @($byKey.Values)

        if ($results.Count -eq 0) {
            Write-Output '[]'
        } else {
            $results | ConvertTo-Json -Compress
        }
2026-08-12 16:49:34.781 -05:00 [INF] (Thread 19) WindowsUpdateWorker: no updates installed — system reboot is already pending.
2026-08-12 16:49:34.782 -05:00 [INF] (Thread 19) WindowsUpdateWorker: pass complete. Total=3 Succeeded=1 Failed=0 Skipped=2
2026-08-12 16:49:34.784 -05:00 [INF] (Thread 19) WingetWorker: skipping — last run was 2026-08-06T22:50:11.8754628Z (less than 7 days ago).
2026-08-12 16:49:34.784 -05:00 [INF] (Thread 19) UpdateOrchestrator: cycle complete. Total=3 Succeeded=1 Failed=0 RebootRequired=true
2026-08-12 16:49:34.785 -05:00 [INF] (Thread 19) UpdateOrchestrator: reboot required but last reboot was 47.2 hours ago — skipping notification until 3-day minimum has elapsed.
2026-08-12 16:49:34.785 -05:00 [INF] (Thread 19) UpdateBackgroundService: next cycle in "01:00:00".
2026-08-12 17:49:34.816 -05:00 [INF] (Thread 13) SelfUpdater: checking for updates. Current version: 1.26.586.697
2026-08-12 17:49:34.966 -05:00 [INF] (Thread 10) SelfUpdater: remote version = 1.26.586.697.
2026-08-12 17:49:34.966 -05:00 [INF] (Thread 10) SelfUpdater: already up to date.
2026-08-12 17:49:34.966 -05:00 [INF] (Thread 10) UpdateOrchestrator: === Update cycle starting ===
2026-08-12 17:49:34.966 -05:00 [INF] (Thread 10) WindowsUpdateWorker: starting update pass.
2026-08-12 17:49:34.966 -05:00 [INF] (Thread 10) WindowsUpdateWorker: verifying PSWindowsUpdate module.
2026-08-12 17:49:34.969 -05:00 [DBG] (Thread 17) WindowsUpdateWorker: running PS script: $ProgressPreference = 'SilentlyContinue'
            $ErrorActionPreference = 'Stop'
            try {
                if (-not (Get-PackageProvider -Name NuGet -ListAvailable -ErrorAction SilentlyContinue)) {
                    Install-PackageProvider -Name NuGet -MinimumVersion 2.8.5.201 -Force -Scope AllUsers | Out-Null
                }
                Set-PSRepository -Name PSGallery -InstallationPolicy Trusted -ErrorAction SilentlyContinue
                if (-not (Get-Module -ListAvailable -Name PSWindowsUpdate -ErrorAction SilentlyContinue)) {
                    Install-Module PSWindowsUpdate -Force -SkipPublisherCheck -Scope AllUsers | Out-Null
                }
                Import-Module PSWindowsUpdate -Force -ErrorAction Stop
                try {
                    Add-WUServiceManager -MicrosoftUpdate -Confirm:$false -ErrorAction SilentlyContinue | Out-Null
                } catch {}
                Write-Output 'OK'
            } catch {
                Write-Output ('ERROR: ' + $_.Exception.Message)
            }
2026-08-12 17:50:05.029 -05:00 [INF] (Thread 13) WindowsUpdateWorker: PSWindowsUpdate module OK.
2026-08-12 17:50:05.032 -05:00 [DBG] (Thread 13) WindowsUpdateWorker: running PS script: Import-Module PSWindowsUpdate -ErrorAction Stop
        $ProgressPreference = 'SilentlyContinue'

        # Force the Windows Update Agent to scan before installing.
        # Fixes 0x80248007 (WU_E_DS_NODATA) on fresh builds or machines
        # whose update data store has not been initialised yet.
        try {
            Start-Process -FilePath 'UsoClient.exe' `
                -ArgumentList 'StartScan' `
                -Wait -NoNewWindow -ErrorAction SilentlyContinue
            Start-Sleep -Seconds 30
        } catch {}

        # 2>&1 merges stderr into the pipeline mixing strings with update
        # objects -- we filter them out in the foreach loop below.
        $rawOutput = Install-WindowsUpdate `
            -MicrosoftUpdate `
            -AcceptAll `
            -IgnoreReboot `
            -Install `
            -ErrorAction Continue 2>&1

        # Use a hashtable keyed on Title to keep only the LAST result per update.
        # PSWindowsUpdate emits objects at multiple pipeline stages (search, download,
        # install); overwriting ensures we capture the final post-install ResultCode
        # rather than an early ResultCode=0 (NotStarted).
        $byKey = @{}

        foreach ($u in $rawOutput) {
            if ($null -eq $u -or $u -isnot [PSObject]) { continue }
            if (-not ($u.PSObject.Properties.Name -contains 'Title')) { continue }
            if ([string]::IsNullOrWhiteSpace($u.Title)) { continue }

            $resultCode = 0
            try { $resultCode = [int]$u.ResultCode } catch { $resultCode = 4 }
            $succeeded = ($resultCode -eq 2 -or $resultCode -eq 3)

            # ResultCode=0 means NotStarted — treat as Skipped, not Failed.
            $status = if ($succeeded) { 'Succeeded' } elseif ($resultCode -eq 0) { 'Skipped' } else { 'Failed' }

            $kb = ''
            try {
                if ($u.KBArticleIDs -and $u.KBArticleIDs.Count -gt 0) {
                    $kb = 'KB' + $u.KBArticleIDs[0]
                }
            } catch {}

            $needsReboot = $false
            try { $needsReboot = [bool]$u.RebootRequired } catch {}

            $byKey[$u.Title] = [PSCustomObject]@{
                Identifier     = $kb
                Title          = [string]$u.Title
                Status         = $status
                ErrorMessage   = if ($succeeded -or $resultCode -eq 0) { '' } else { 'ResultCode=' + $resultCode }
                RebootRequired = $needsReboot
                AttemptedAt    = (Get-Date -Format 'o')
            }
        }

        $results = @($byKey.Values)

        if ($results.Count -eq 0) {
            Write-Output '[]'
        } else {
            $results | ConvertTo-Json -Compress
        }
2026-08-12 18:02:58.804 -05:00 [INF] (Thread 10) WindowsUpdateWorker: no updates installed — system reboot is already pending.
2026-08-12 18:02:58.804 -05:00 [INF] (Thread 10) WindowsUpdateWorker: pass complete. Total=3 Succeeded=1 Failed=0 Skipped=2
2026-08-12 18:02:58.805 -05:00 [INF] (Thread 10) WingetWorker: skipping — last run was 2026-08-06T22:50:11.8754628Z (less than 7 days ago).
2026-08-12 18:02:58.806 -05:00 [INF] (Thread 10) UpdateOrchestrator: cycle complete. Total=3 Succeeded=1 Failed=0 RebootRequired=true
2026-08-12 18:02:58.806 -05:00 [INF] (Thread 10) UpdateOrchestrator: reboot required but last reboot was 48.4 hours ago — skipping notification until 3-day minimum has elapsed.
2026-08-12 18:02:58.807 -05:00 [INF] (Thread 10) UpdateBackgroundService: next cycle in "01:00:00".
2026-08-12 19:02:59.072 -05:00 [INF] (Thread 17) SelfUpdater: checking for updates. Current version: 1.26.586.697
2026-08-12 19:02:59.292 -05:00 [INF] (Thread 10) SelfUpdater: remote version = 1.26.586.697.
2026-08-12 19:02:59.292 -05:00 [INF] (Thread 10) SelfUpdater: already up to date.
2026-08-12 19:02:59.292 -05:00 [INF] (Thread 10) UpdateOrchestrator: === Update cycle starting ===
2026-08-12 19:02:59.292 -05:00 [INF] (Thread 10) WindowsUpdateWorker: starting update pass.
2026-08-12 19:02:59.292 -05:00 [INF] (Thread 10) WindowsUpdateWorker: verifying PSWindowsUpdate module.
2026-08-12 19:02:59.294 -05:00 [DBG] (Thread 10) WindowsUpdateWorker: running PS script: $ProgressPreference = 'SilentlyContinue'
            $ErrorActionPreference = 'Stop'
            try {
                if (-not (Get-PackageProvider -Name NuGet -ListAvailable -ErrorAction SilentlyContinue)) {
                    Install-PackageProvider -Name NuGet -MinimumVersion 2.8.5.201 -Force -Scope AllUsers | Out-Null
                }
                Set-PSRepository -Name PSGallery -InstallationPolicy Trusted -ErrorAction SilentlyContinue
                if (-not (Get-Module -ListAvailable -Name PSWindowsUpdate -ErrorAction SilentlyContinue)) {
                    Install-Module PSWindowsUpdate -Force -SkipPublisherCheck -Scope AllUsers | Out-Null
                }
                Import-Module PSWindowsUpdate -Force -ErrorAction Stop
                try {
                    Add-WUServiceManager -MicrosoftUpdate -Confirm:$false -ErrorAction SilentlyContinue | Out-Null
                } catch {}
                Write-Output 'OK'
            } catch {
                Write-Output ('ERROR: ' + $_.Exception.Message)
            }
2026-08-12 19:03:37.419 -05:00 [INF] (Thread 19) WindowsUpdateWorker: PSWindowsUpdate module OK.
2026-08-12 19:03:37.422 -05:00 [DBG] (Thread 19) WindowsUpdateWorker: running PS script: Import-Module PSWindowsUpdate -ErrorAction Stop
        $ProgressPreference = 'SilentlyContinue'

        # Force the Windows Update Agent to scan before installing.
        # Fixes 0x80248007 (WU_E_DS_NODATA) on fresh builds or machines
        # whose update data store has not been initialised yet.
        try {
            Start-Process -FilePath 'UsoClient.exe' `
                -ArgumentList 'StartScan' `
                -Wait -NoNewWindow -ErrorAction SilentlyContinue
            Start-Sleep -Seconds 30
        } catch {}

        # 2>&1 merges stderr into the pipeline mixing strings with update
        # objects -- we filter them out in the foreach loop below.
        $rawOutput = Install-WindowsUpdate `
            -MicrosoftUpdate `
            -AcceptAll `
            -IgnoreReboot `
            -Install `
            -ErrorAction Continue 2>&1

        # Use a hashtable keyed on Title to keep only the LAST result per update.
        # PSWindowsUpdate emits objects at multiple pipeline stages (search, download,
        # install); overwriting ensures we capture the final post-install ResultCode
        # rather than an early ResultCode=0 (NotStarted).
        $byKey = @{}

        foreach ($u in $rawOutput) {
            if ($null -eq $u -or $u -isnot [PSObject]) { continue }
            if (-not ($u.PSObject.Properties.Name -contains 'Title')) { continue }
            if ([string]::IsNullOrWhiteSpace($u.Title)) { continue }

            $resultCode = 0
            try { $resultCode = [int]$u.ResultCode } catch { $resultCode = 4 }
            $succeeded = ($resultCode -eq 2 -or $resultCode -eq 3)

            # ResultCode=0 means NotStarted — treat as Skipped, not Failed.
            $status = if ($succeeded) { 'Succeeded' } elseif ($resultCode -eq 0) { 'Skipped' } else { 'Failed' }

            $kb = ''
            try {
                if ($u.KBArticleIDs -and $u.KBArticleIDs.Count -gt 0) {
                    $kb = 'KB' + $u.KBArticleIDs[0]
                }
            } catch {}

            $needsReboot = $false
            try { $needsReboot = [bool]$u.RebootRequired } catch {}

            $byKey[$u.Title] = [PSCustomObject]@{
                Identifier     = $kb
                Title          = [string]$u.Title
                Status         = $status
                ErrorMessage   = if ($succeeded -or $resultCode -eq 0) { '' } else { 'ResultCode=' + $resultCode }
                RebootRequired = $needsReboot
                AttemptedAt    = (Get-Date -Format 'o')
            }
        }

        $results = @($byKey.Values)

        if ($results.Count -eq 0) {
            Write-Output '[]'
        } else {
            $results | ConvertTo-Json -Compress
        }
2026-08-12 19:17:21.742 -05:00 [INF] (Thread 10) WindowsUpdateWorker: no updates installed — system reboot is already pending.
2026-08-12 19:17:21.743 -05:00 [INF] (Thread 10) WindowsUpdateWorker: pass complete. Total=3 Succeeded=1 Failed=0 Skipped=2
2026-08-12 19:17:21.744 -05:00 [INF] (Thread 10) WingetWorker: skipping — last run was 2026-08-06T22:50:11.8754628Z (less than 7 days ago).
2026-08-12 19:17:21.744 -05:00 [INF] (Thread 10) UpdateOrchestrator: cycle complete. Total=3 Succeeded=1 Failed=0 RebootRequired=true
2026-08-12 19:17:21.744 -05:00 [INF] (Thread 10) UpdateOrchestrator: reboot required but last reboot was 49.7 hours ago — skipping notification until 3-day minimum has elapsed.
2026-08-12 19:17:21.744 -05:00 [INF] (Thread 10) UpdateBackgroundService: next cycle in "01:00:00".
2026-08-12 20:17:21.762 -05:00 [INF] (Thread 20) SelfUpdater: checking for updates. Current version: 1.26.586.697
2026-08-12 20:17:21.891 -05:00 [INF] (Thread 20) SelfUpdater: remote version = 1.26.586.697.
2026-08-12 20:17:21.891 -05:00 [INF] (Thread 20) SelfUpdater: already up to date.
2026-08-12 20:17:21.891 -05:00 [INF] (Thread 20) UpdateOrchestrator: === Update cycle starting ===
2026-08-12 20:17:21.891 -05:00 [INF] (Thread 20) WindowsUpdateWorker: starting update pass.
2026-08-12 20:17:21.891 -05:00 [INF] (Thread 20) WindowsUpdateWorker: verifying PSWindowsUpdate module.
2026-08-12 20:17:21.895 -05:00 [DBG] (Thread 20) WindowsUpdateWorker: running PS script: $ProgressPreference = 'SilentlyContinue'
            $ErrorActionPreference = 'Stop'
            try {
                if (-not (Get-PackageProvider -Name NuGet -ListAvailable -ErrorAction SilentlyContinue)) {
                    Install-PackageProvider -Name NuGet -MinimumVersion 2.8.5.201 -Force -Scope AllUsers | Out-Null
                }
                Set-PSRepository -Name PSGallery -InstallationPolicy Trusted -ErrorAction SilentlyContinue
                if (-not (Get-Module -ListAvailable -Name PSWindowsUpdate -ErrorAction SilentlyContinue)) {
                    Install-Module PSWindowsUpdate -Force -SkipPublisherCheck -Scope AllUsers | Out-Null
                }
                Import-Module PSWindowsUpdate -Force -ErrorAction Stop
                try {
                    Add-WUServiceManager -MicrosoftUpdate -Confirm:$false -ErrorAction SilentlyContinue | Out-Null
                } catch {}
                Write-Output 'OK'
            } catch {
                Write-Output ('ERROR: ' + $_.Exception.Message)
            }
2026-08-12 20:17:59.124 -05:00 [INF] (Thread 23) WindowsUpdateWorker: PSWindowsUpdate module OK.
2026-08-12 20:17:59.127 -05:00 [DBG] (Thread 23) WindowsUpdateWorker: running PS script: Import-Module PSWindowsUpdate -ErrorAction Stop
        $ProgressPreference = 'SilentlyContinue'

        # Force the Windows Update Agent to scan before installing.
        # Fixes 0x80248007 (WU_E_DS_NODATA) on fresh builds or machines
        # whose update data store has not been initialised yet.
        try {
            Start-Process -FilePath 'UsoClient.exe' `
                -ArgumentList 'StartScan' `
                -Wait -NoNewWindow -ErrorAction SilentlyContinue
            Start-Sleep -Seconds 30
        } catch {}

        # 2>&1 merges stderr into the pipeline mixing strings with update
        # objects -- we filter them out in the foreach loop below.
        $rawOutput = Install-WindowsUpdate `
            -MicrosoftUpdate `
            -AcceptAll `
            -IgnoreReboot `
            -Install `
            -ErrorAction Continue 2>&1

        # Use a hashtable keyed on Title to keep only the LAST result per update.
        # PSWindowsUpdate emits objects at multiple pipeline stages (search, download,
        # install); overwriting ensures we capture the final post-install ResultCode
        # rather than an early ResultCode=0 (NotStarted).
        $byKey = @{}

        foreach ($u in $rawOutput) {
            if ($null -eq $u -or $u -isnot [PSObject]) { continue }
            if (-not ($u.PSObject.Properties.Name -contains 'Title')) { continue }
            if ([string]::IsNullOrWhiteSpace($u.Title)) { continue }

            $resultCode = 0
            try { $resultCode = [int]$u.ResultCode } catch { $resultCode = 4 }
            $succeeded = ($resultCode -eq 2 -or $resultCode -eq 3)

            # ResultCode=0 means NotStarted — treat as Skipped, not Failed.
            $status = if ($succeeded) { 'Succeeded' } elseif ($resultCode -eq 0) { 'Skipped' } else { 'Failed' }

            $kb = ''
            try {
                if ($u.KBArticleIDs -and $u.KBArticleIDs.Count -gt 0) {
                    $kb = 'KB' + $u.KBArticleIDs[0]
                }
            } catch {}

            $needsReboot = $false
            try { $needsReboot = [bool]$u.RebootRequired } catch {}

            $byKey[$u.Title] = [PSCustomObject]@{
                Identifier     = $kb
                Title          = [string]$u.Title
                Status         = $status
                ErrorMessage   = if ($succeeded -or $resultCode -eq 0) { '' } else { 'ResultCode=' + $resultCode }
                RebootRequired = $needsReboot
                AttemptedAt    = (Get-Date -Format 'o')
            }
        }

        $results = @($byKey.Values)

        if ($results.Count -eq 0) {
            Write-Output '[]'
        } else {
            $results | ConvertTo-Json -Compress
        }
2026-08-12 20:31:44.055 -05:00 [INF] (Thread 20) WindowsUpdateWorker: no updates installed — system reboot is already pending.
2026-08-12 20:31:44.056 -05:00 [INF] (Thread 20) WindowsUpdateWorker: pass complete. Total=3 Succeeded=1 Failed=0 Skipped=2
2026-08-12 20:31:44.057 -05:00 [INF] (Thread 20) WingetWorker: skipping — last run was 2026-08-06T22:50:11.8754628Z (less than 7 days ago).
2026-08-12 20:31:44.057 -05:00 [INF] (Thread 20) UpdateOrchestrator: cycle complete. Total=3 Succeeded=1 Failed=0 RebootRequired=true
2026-08-12 20:31:44.057 -05:00 [INF] (Thread 20) UpdateOrchestrator: reboot required but last reboot was 50.9 hours ago — skipping notification until 3-day minimum has elapsed.
2026-08-12 20:31:44.058 -05:00 [INF] (Thread 20) UpdateBackgroundService: next cycle in "01:00:00".
2026-08-12 21:31:44.300 -05:00 [INF] (Thread 25) SelfUpdater: checking for updates. Current version: 1.26.586.697
2026-08-12 21:31:44.436 -05:00 [INF] (Thread 18) SelfUpdater: remote version = 1.26.586.697.
2026-08-12 21:31:44.436 -05:00 [INF] (Thread 18) SelfUpdater: already up to date.
2026-08-12 21:31:44.436 -05:00 [INF] (Thread 18) UpdateOrchestrator: === Update cycle starting ===
2026-08-12 21:31:44.436 -05:00 [INF] (Thread 18) WindowsUpdateWorker: starting update pass.
2026-08-12 21:31:44.436 -05:00 [INF] (Thread 18) WindowsUpdateWorker: verifying PSWindowsUpdate module.
2026-08-12 21:31:44.440 -05:00 [DBG] (Thread 18) WindowsUpdateWorker: running PS script: $ProgressPreference = 'SilentlyContinue'
            $ErrorActionPreference = 'Stop'
            try {
                if (-not (Get-PackageProvider -Name NuGet -ListAvailable -ErrorAction SilentlyContinue)) {
                    Install-PackageProvider -Name NuGet -MinimumVersion 2.8.5.201 -Force -Scope AllUsers | Out-Null
                }
                Set-PSRepository -Name PSGallery -InstallationPolicy Trusted -ErrorAction SilentlyContinue
                if (-not (Get-Module -ListAvailable -Name PSWindowsUpdate -ErrorAction SilentlyContinue)) {
                    Install-Module PSWindowsUpdate -Force -SkipPublisherCheck -Scope AllUsers | Out-Null
                }
                Import-Module PSWindowsUpdate -Force -ErrorAction Stop
                try {
                    Add-WUServiceManager -MicrosoftUpdate -Confirm:$false -ErrorAction SilentlyContinue | Out-Null
                } catch {}
                Write-Output 'OK'
            } catch {
                Write-Output ('ERROR: ' + $_.Exception.Message)
            }
2026-08-12 21:32:19.964 -05:00 [INF] (Thread 23) WindowsUpdateWorker: PSWindowsUpdate module OK.
2026-08-12 21:32:19.966 -05:00 [DBG] (Thread 23) WindowsUpdateWorker: running PS script: Import-Module PSWindowsUpdate -ErrorAction Stop
        $ProgressPreference = 'SilentlyContinue'

        # Force the Windows Update Agent to scan before installing.
        # Fixes 0x80248007 (WU_E_DS_NODATA) on fresh builds or machines
        # whose update data store has not been initialised yet.
        try {
            Start-Process -FilePath 'UsoClient.exe' `
                -ArgumentList 'StartScan' `
                -Wait -NoNewWindow -ErrorAction SilentlyContinue
            Start-Sleep -Seconds 30
        } catch {}

        # 2>&1 merges stderr into the pipeline mixing strings with update
        # objects -- we filter them out in the foreach loop below.
        $rawOutput = Install-WindowsUpdate `
            -MicrosoftUpdate `
            -AcceptAll `
            -IgnoreReboot `
            -Install `
            -ErrorAction Continue 2>&1

        # Use a hashtable keyed on Title to keep only the LAST result per update.
        # PSWindowsUpdate emits objects at multiple pipeline stages (search, download,
        # install); overwriting ensures we capture the final post-install ResultCode
        # rather than an early ResultCode=0 (NotStarted).
        $byKey = @{}

        foreach ($u in $rawOutput) {
            if ($null -eq $u -or $u -isnot [PSObject]) { continue }
            if (-not ($u.PSObject.Properties.Name -contains 'Title')) { continue }
            if ([string]::IsNullOrWhiteSpace($u.Title)) { continue }

            $resultCode = 0
            try { $resultCode = [int]$u.ResultCode } catch { $resultCode = 4 }
            $succeeded = ($resultCode -eq 2 -or $resultCode -eq 3)

            # ResultCode=0 means NotStarted — treat as Skipped, not Failed.
            $status = if ($succeeded) { 'Succeeded' } elseif ($resultCode -eq 0) { 'Skipped' } else { 'Failed' }

            $kb = ''
            try {
                if ($u.KBArticleIDs -and $u.KBArticleIDs.Count -gt 0) {
                    $kb = 'KB' + $u.KBArticleIDs[0]
                }
            } catch {}

            $needsReboot = $false
            try { $needsReboot = [bool]$u.RebootRequired } catch {}

            $byKey[$u.Title] = [PSCustomObject]@{
                Identifier     = $kb
                Title          = [string]$u.Title
                Status         = $status
                ErrorMessage   = if ($succeeded -or $resultCode -eq 0) { '' } else { 'ResultCode=' + $resultCode }
                RebootRequired = $needsReboot
                AttemptedAt    = (Get-Date -Format 'o')
            }
        }

        $results = @($byKey.Values)

        if ($results.Count -eq 0) {
            Write-Output '[]'
        } else {
            $results | ConvertTo-Json -Compress
        }
2026-08-12 21:45:16.498 -05:00 [INF] (Thread 25) WindowsUpdateWorker: no updates installed — system reboot is already pending.
2026-08-12 21:45:16.499 -05:00 [INF] (Thread 25) WindowsUpdateWorker: pass complete. Total=3 Succeeded=1 Failed=0 Skipped=2
2026-08-12 21:45:16.500 -05:00 [INF] (Thread 25) WingetWorker: skipping — last run was 2026-08-06T22:50:11.8754628Z (less than 7 days ago).
2026-08-12 21:45:16.500 -05:00 [INF] (Thread 25) UpdateOrchestrator: cycle complete. Total=3 Succeeded=1 Failed=0 RebootRequired=true
2026-08-12 21:45:16.501 -05:00 [INF] (Thread 25) UpdateOrchestrator: reboot required but last reboot was 52.1 hours ago — skipping notification until 3-day minimum has elapsed.
2026-08-12 21:45:16.502 -05:00 [INF] (Thread 25) UpdateBackgroundService: next cycle in "01:00:00".
2026-08-12 22:45:16.706 -05:00 [INF] (Thread 21) SelfUpdater: checking for updates. Current version: 1.26.586.697
2026-08-12 22:45:16.857 -05:00 [INF] (Thread 20) SelfUpdater: remote version = 1.26.586.697.
2026-08-12 22:45:16.857 -05:00 [INF] (Thread 20) SelfUpdater: already up to date.
2026-08-12 22:45:16.857 -05:00 [INF] (Thread 20) UpdateOrchestrator: === Update cycle starting ===
2026-08-12 22:45:16.857 -05:00 [INF] (Thread 20) WindowsUpdateWorker: starting update pass.
2026-08-12 22:45:16.857 -05:00 [INF] (Thread 20) WindowsUpdateWorker: verifying PSWindowsUpdate module.
2026-08-12 22:45:16.859 -05:00 [DBG] (Thread 20) WindowsUpdateWorker: running PS script: $ProgressPreference = 'SilentlyContinue'
            $ErrorActionPreference = 'Stop'
            try {
                if (-not (Get-PackageProvider -Name NuGet -ListAvailable -ErrorAction SilentlyContinue)) {
                    Install-PackageProvider -Name NuGet -MinimumVersion 2.8.5.201 -Force -Scope AllUsers | Out-Null
                }
                Set-PSRepository -Name PSGallery -InstallationPolicy Trusted -ErrorAction SilentlyContinue
                if (-not (Get-Module -ListAvailable -Name PSWindowsUpdate -ErrorAction SilentlyContinue)) {
                    Install-Module PSWindowsUpdate -Force -SkipPublisherCheck -Scope AllUsers | Out-Null
                }
                Import-Module PSWindowsUpdate -Force -ErrorAction Stop
                try {
                    Add-WUServiceManager -MicrosoftUpdate -Confirm:$false -ErrorAction SilentlyContinue | Out-Null
                } catch {}
                Write-Output 'OK'
            } catch {
                Write-Output ('ERROR: ' + $_.Exception.Message)
            }
2026-08-12 22:45:50.341 -05:00 [INF] (Thread 21) WindowsUpdateWorker: PSWindowsUpdate module OK.
2026-08-12 22:45:50.345 -05:00 [DBG] (Thread 21) WindowsUpdateWorker: running PS script: Import-Module PSWindowsUpdate -ErrorAction Stop
        $ProgressPreference = 'SilentlyContinue'

        # Force the Windows Update Agent to scan before installing.
        # Fixes 0x80248007 (WU_E_DS_NODATA) on fresh builds or machines
        # whose update data store has not been initialised yet.
        try {
            Start-Process -FilePath 'UsoClient.exe' `
                -ArgumentList 'StartScan' `
                -Wait -NoNewWindow -ErrorAction SilentlyContinue
            Start-Sleep -Seconds 30
        } catch {}

        # 2>&1 merges stderr into the pipeline mixing strings with update
        # objects -- we filter them out in the foreach loop below.
        $rawOutput = Install-WindowsUpdate `
            -MicrosoftUpdate `
            -AcceptAll `
            -IgnoreReboot `
            -Install `
            -ErrorAction Continue 2>&1

        # Use a hashtable keyed on Title to keep only the LAST result per update.
        # PSWindowsUpdate emits objects at multiple pipeline stages (search, download,
        # install); overwriting ensures we capture the final post-install ResultCode
        # rather than an early ResultCode=0 (NotStarted).
        $byKey = @{}

        foreach ($u in $rawOutput) {
            if ($null -eq $u -or $u -isnot [PSObject]) { continue }
            if (-not ($u.PSObject.Properties.Name -contains 'Title')) { continue }
            if ([string]::IsNullOrWhiteSpace($u.Title)) { continue }

            $resultCode = 0
            try { $resultCode = [int]$u.ResultCode } catch { $resultCode = 4 }
            $succeeded = ($resultCode -eq 2 -or $resultCode -eq 3)

            # ResultCode=0 means NotStarted — treat as Skipped, not Failed.
            $status = if ($succeeded) { 'Succeeded' } elseif ($resultCode -eq 0) { 'Skipped' } else { 'Failed' }

            $kb = ''
            try {
                if ($u.KBArticleIDs -and $u.KBArticleIDs.Count -gt 0) {
                    $kb = 'KB' + $u.KBArticleIDs[0]
                }
            } catch {}

            $needsReboot = $false
            try { $needsReboot = [bool]$u.RebootRequired } catch {}

            $byKey[$u.Title] = [PSCustomObject]@{
                Identifier     = $kb
                Title          = [string]$u.Title
                Status         = $status
                ErrorMessage   = if ($succeeded -or $resultCode -eq 0) { '' } else { 'ResultCode=' + $resultCode }
                RebootRequired = $needsReboot
                AttemptedAt    = (Get-Date -Format 'o')
            }
        }

        $results = @($byKey.Values)

        if ($results.Count -eq 0) {
            Write-Output '[]'
        } else {
            $results | ConvertTo-Json -Compress
        }
2026-08-12 22:58:53.539 -05:00 [INF] (Thread 21) WindowsUpdateWorker: no updates installed — system reboot is already pending.
2026-08-12 22:58:53.540 -05:00 [INF] (Thread 21) WindowsUpdateWorker: pass complete. Total=3 Succeeded=1 Failed=0 Skipped=2
2026-08-12 22:58:53.540 -05:00 [INF] (Thread 21) WingetWorker: skipping — last run was 2026-08-06T22:50:11.8754628Z (less than 7 days ago).
2026-08-12 22:58:53.540 -05:00 [INF] (Thread 21) UpdateOrchestrator: cycle complete. Total=3 Succeeded=1 Failed=0 RebootRequired=true
2026-08-12 22:58:53.541 -05:00 [INF] (Thread 21) UpdateOrchestrator: reboot required but last reboot was 53.4 hours ago — skipping notification until 3-day minimum has elapsed.
2026-08-12 22:58:53.541 -05:00 [INF] (Thread 21) UpdateBackgroundService: next cycle in "01:00:00".
2026-08-12 23:58:53.544 -05:00 [INF] (Thread 22) SelfUpdater: checking for updates. Current version: 1.26.586.697
2026-08-12 23:58:53.704 -05:00 [INF] (Thread 18) SelfUpdater: remote version = 1.26.586.697.
2026-08-12 23:58:53.705 -05:00 [INF] (Thread 18) SelfUpdater: already up to date.
2026-08-12 23:58:53.705 -05:00 [INF] (Thread 18) UpdateOrchestrator: === Update cycle starting ===
2026-08-12 23:58:53.705 -05:00 [INF] (Thread 18) WindowsUpdateWorker: starting update pass.
2026-08-12 23:58:53.705 -05:00 [INF] (Thread 18) WindowsUpdateWorker: verifying PSWindowsUpdate module.
2026-08-12 23:58:53.708 -05:00 [DBG] (Thread 18) WindowsUpdateWorker: running PS script: $ProgressPreference = 'SilentlyContinue'
            $ErrorActionPreference = 'Stop'
            try {
                if (-not (Get-PackageProvider -Name NuGet -ListAvailable -ErrorAction SilentlyContinue)) {
                    Install-PackageProvider -Name NuGet -MinimumVersion 2.8.5.201 -Force -Scope AllUsers | Out-Null
                }
                Set-PSRepository -Name PSGallery -InstallationPolicy Trusted -ErrorAction SilentlyContinue
                if (-not (Get-Module -ListAvailable -Name PSWindowsUpdate -ErrorAction SilentlyContinue)) {
                    Install-Module PSWindowsUpdate -Force -SkipPublisherCheck -Scope AllUsers | Out-Null
                }
                Import-Module PSWindowsUpdate -Force -ErrorAction Stop
                try {
                    Add-WUServiceManager -MicrosoftUpdate -Confirm:$false -ErrorAction SilentlyContinue | Out-Null
                } catch {}
                Write-Output 'OK'
            } catch {
                Write-Output ('ERROR: ' + $_.Exception.Message)
            }
2026-08-12 23:59:28.698 -05:00 [INF] (Thread 26) WindowsUpdateWorker: PSWindowsUpdate module OK.
2026-08-12 23:59:28.700 -05:00 [DBG] (Thread 26) WindowsUpdateWorker: running PS script: Import-Module PSWindowsUpdate -ErrorAction Stop
        $ProgressPreference = 'SilentlyContinue'

        # Force the Windows Update Agent to scan before installing.
        # Fixes 0x80248007 (WU_E_DS_NODATA) on fresh builds or machines
        # whose update data store has not been initialised yet.
        try {
            Start-Process -FilePath 'UsoClient.exe' `
                -ArgumentList 'StartScan' `
                -Wait -NoNewWindow -ErrorAction SilentlyContinue
            Start-Sleep -Seconds 30
        } catch {}

        # 2>&1 merges stderr into the pipeline mixing strings with update
        # objects -- we filter them out in the foreach loop below.
        $rawOutput = Install-WindowsUpdate `
            -MicrosoftUpdate `
            -AcceptAll `
            -IgnoreReboot `
            -Install `
            -ErrorAction Continue 2>&1

        # Use a hashtable keyed on Title to keep only the LAST result per update.
        # PSWindowsUpdate emits objects at multiple pipeline stages (search, download,
        # install); overwriting ensures we capture the final post-install ResultCode
        # rather than an early ResultCode=0 (NotStarted).
        $byKey = @{}

        foreach ($u in $rawOutput) {
            if ($null -eq $u -or $u -isnot [PSObject]) { continue }
            if (-not ($u.PSObject.Properties.Name -contains 'Title')) { continue }
            if ([string]::IsNullOrWhiteSpace($u.Title)) { continue }

            $resultCode = 0
            try { $resultCode = [int]$u.ResultCode } catch { $resultCode = 4 }
            $succeeded = ($resultCode -eq 2 -or $resultCode -eq 3)

            # ResultCode=0 means NotStarted — treat as Skipped, not Failed.
            $status = if ($succeeded) { 'Succeeded' } elseif ($resultCode -eq 0) { 'Skipped' } else { 'Failed' }

            $kb = ''
            try {
                if ($u.KBArticleIDs -and $u.KBArticleIDs.Count -gt 0) {
                    $kb = 'KB' + $u.KBArticleIDs[0]
                }
            } catch {}

            $needsReboot = $false
            try { $needsReboot = [bool]$u.RebootRequired } catch {}

            $byKey[$u.Title] = [PSCustomObject]@{
                Identifier     = $kb
                Title          = [string]$u.Title
                Status         = $status
                ErrorMessage   = if ($succeeded -or $resultCode -eq 0) { '' } else { 'ResultCode=' + $resultCode }
                RebootRequired = $needsReboot
                AttemptedAt    = (Get-Date -Format 'o')
            }
        }

        $results = @($byKey.Values)

        if ($results.Count -eq 0) {
            Write-Output '[]'
        } else {
            $results | ConvertTo-Json -Compress
        }
