2026-08-08 00:18:32.545 -05:00 [INF] (Thread 19) SelfUpdater: checking for updates. Current version: 1.26.586.697
2026-08-08 00:18:32.701 -05:00 [INF] (Thread 19) SelfUpdater: remote version = 1.26.586.697.
2026-08-08 00:18:32.701 -05:00 [INF] (Thread 19) SelfUpdater: already up to date.
2026-08-08 00:18:32.701 -05:00 [INF] (Thread 19) UpdateOrchestrator: === Update cycle starting ===
2026-08-08 00:18:32.701 -05:00 [INF] (Thread 19) WindowsUpdateWorker: starting update pass.
2026-08-08 00:18:32.701 -05:00 [INF] (Thread 19) WindowsUpdateWorker: verifying PSWindowsUpdate module.
2026-08-08 00:18:32.705 -05:00 [DBG] (Thread 19) WindowsUpdateWorker: running PS script: $ProgressPreference = 'SilentlyContinue'
            $ErrorActionPreference = 'Stop'
            try {
                if (-not (Get-PackageProvider -Name NuGet -ListAvailable -ErrorAction SilentlyContinue)) {
                    Install-PackageProvider -Name NuGet -MinimumVersion 2.8.5.201 -Force -Scope AllUsers | Out-Null
                }
                Set-PSRepository -Name PSGallery -InstallationPolicy Trusted -ErrorAction SilentlyContinue
                if (-not (Get-Module -ListAvailable -Name PSWindowsUpdate -ErrorAction SilentlyContinue)) {
                    Install-Module PSWindowsUpdate -Force -SkipPublisherCheck -Scope AllUsers | Out-Null
                }
                Import-Module PSWindowsUpdate -Force -ErrorAction Stop
                try {
                    Add-WUServiceManager -MicrosoftUpdate -Confirm:$false -ErrorAction SilentlyContinue | Out-Null
                } catch {}
                Write-Output 'OK'
            } catch {
                Write-Output ('ERROR: ' + $_.Exception.Message)
            }
2026-08-08 00:19:04.726 -05:00 [INF] (Thread 19) WindowsUpdateWorker: PSWindowsUpdate module OK.
2026-08-08 00:19:04.729 -05:00 [DBG] (Thread 19) WindowsUpdateWorker: running PS script: Import-Module PSWindowsUpdate -ErrorAction Stop
        $ProgressPreference = 'SilentlyContinue'

        # Force the Windows Update Agent to scan before installing.
        # Fixes 0x80248007 (WU_E_DS_NODATA) on fresh builds or machines
        # whose update data store has not been initialised yet.
        try {
            Start-Process -FilePath 'UsoClient.exe' `
                -ArgumentList 'StartScan' `
                -Wait -NoNewWindow -ErrorAction SilentlyContinue
            Start-Sleep -Seconds 30
        } catch {}

        # 2>&1 merges stderr into the pipeline mixing strings with update
        # objects -- we filter them out in the foreach loop below.
        $rawOutput = Install-WindowsUpdate `
            -MicrosoftUpdate `
            -AcceptAll `
            -IgnoreReboot `
            -Install `
            -ErrorAction Continue 2>&1

        # Use a hashtable keyed on Title to keep only the LAST result per update.
        # PSWindowsUpdate emits objects at multiple pipeline stages (search, download,
        # install); overwriting ensures we capture the final post-install ResultCode
        # rather than an early ResultCode=0 (NotStarted).
        $byKey = @{}

        foreach ($u in $rawOutput) {
            if ($null -eq $u -or $u -isnot [PSObject]) { continue }
            if (-not ($u.PSObject.Properties.Name -contains 'Title')) { continue }
            if ([string]::IsNullOrWhiteSpace($u.Title)) { continue }

            $resultCode = 0
            try { $resultCode = [int]$u.ResultCode } catch { $resultCode = 4 }
            $succeeded = ($resultCode -eq 2 -or $resultCode -eq 3)

            # ResultCode=0 means NotStarted — treat as Skipped, not Failed.
            $status = if ($succeeded) { 'Succeeded' } elseif ($resultCode -eq 0) { 'Skipped' } else { 'Failed' }

            $kb = ''
            try {
                if ($u.KBArticleIDs -and $u.KBArticleIDs.Count -gt 0) {
                    $kb = 'KB' + $u.KBArticleIDs[0]
                }
            } catch {}

            $needsReboot = $false
            try { $needsReboot = [bool]$u.RebootRequired } catch {}

            $byKey[$u.Title] = [PSCustomObject]@{
                Identifier     = $kb
                Title          = [string]$u.Title
                Status         = $status
                ErrorMessage   = if ($succeeded -or $resultCode -eq 0) { '' } else { 'ResultCode=' + $resultCode }
                RebootRequired = $needsReboot
                AttemptedAt    = (Get-Date -Format 'o')
            }
        }

        $results = @($byKey.Values)

        if ($results.Count -eq 0) {
            Write-Output '[]'
        } else {
            $results | ConvertTo-Json -Compress
        }
2026-08-08 00:20:08.688 -05:00 [INF] (Thread 16) WindowsUpdateWorker: no updates installed — system reboot is already pending.
2026-08-08 00:20:08.688 -05:00 [INF] (Thread 16) WindowsUpdateWorker: pass complete. Total=1 Succeeded=1 Failed=0 Skipped=0
2026-08-08 00:20:08.694 -05:00 [INF] (Thread 16) WingetWorker: skipping — last run was 2026-08-06T22:50:11.8754628Z (less than 7 days ago).
2026-08-08 00:20:08.694 -05:00 [INF] (Thread 16) UpdateOrchestrator: cycle complete. Total=1 Succeeded=1 Failed=0 RebootRequired=true
2026-08-08 00:20:08.694 -05:00 [INF] (Thread 16) UpdateOrchestrator: reboot required but today is not an allowed reboot day per RebootDoW — skipping notification until the next allowed day.
2026-08-08 00:20:08.696 -05:00 [INF] (Thread 16) UpdateBackgroundService: next cycle in "01:00:00".
2026-08-08 01:20:08.710 -05:00 [INF] (Thread 16) SelfUpdater: checking for updates. Current version: 1.26.586.697
2026-08-08 01:20:08.869 -05:00 [INF] (Thread 16) SelfUpdater: remote version = 1.26.586.697.
2026-08-08 01:20:08.869 -05:00 [INF] (Thread 16) SelfUpdater: already up to date.
2026-08-08 01:20:08.869 -05:00 [INF] (Thread 16) UpdateOrchestrator: === Update cycle starting ===
2026-08-08 01:20:08.869 -05:00 [INF] (Thread 16) WindowsUpdateWorker: starting update pass.
2026-08-08 01:20:08.869 -05:00 [INF] (Thread 16) WindowsUpdateWorker: verifying PSWindowsUpdate module.
2026-08-08 01:20:08.872 -05:00 [DBG] (Thread 16) WindowsUpdateWorker: running PS script: $ProgressPreference = 'SilentlyContinue'
            $ErrorActionPreference = 'Stop'
            try {
                if (-not (Get-PackageProvider -Name NuGet -ListAvailable -ErrorAction SilentlyContinue)) {
                    Install-PackageProvider -Name NuGet -MinimumVersion 2.8.5.201 -Force -Scope AllUsers | Out-Null
                }
                Set-PSRepository -Name PSGallery -InstallationPolicy Trusted -ErrorAction SilentlyContinue
                if (-not (Get-Module -ListAvailable -Name PSWindowsUpdate -ErrorAction SilentlyContinue)) {
                    Install-Module PSWindowsUpdate -Force -SkipPublisherCheck -Scope AllUsers | Out-Null
                }
                Import-Module PSWindowsUpdate -Force -ErrorAction Stop
                try {
                    Add-WUServiceManager -MicrosoftUpdate -Confirm:$false -ErrorAction SilentlyContinue | Out-Null
                } catch {}
                Write-Output 'OK'
            } catch {
                Write-Output ('ERROR: ' + $_.Exception.Message)
            }
2026-08-08 01:20:40.945 -05:00 [INF] (Thread 23) WindowsUpdateWorker: PSWindowsUpdate module OK.
2026-08-08 01:20:40.948 -05:00 [DBG] (Thread 23) WindowsUpdateWorker: running PS script: Import-Module PSWindowsUpdate -ErrorAction Stop
        $ProgressPreference = 'SilentlyContinue'

        # Force the Windows Update Agent to scan before installing.
        # Fixes 0x80248007 (WU_E_DS_NODATA) on fresh builds or machines
        # whose update data store has not been initialised yet.
        try {
            Start-Process -FilePath 'UsoClient.exe' `
                -ArgumentList 'StartScan' `
                -Wait -NoNewWindow -ErrorAction SilentlyContinue
            Start-Sleep -Seconds 30
        } catch {}

        # 2>&1 merges stderr into the pipeline mixing strings with update
        # objects -- we filter them out in the foreach loop below.
        $rawOutput = Install-WindowsUpdate `
            -MicrosoftUpdate `
            -AcceptAll `
            -IgnoreReboot `
            -Install `
            -ErrorAction Continue 2>&1

        # Use a hashtable keyed on Title to keep only the LAST result per update.
        # PSWindowsUpdate emits objects at multiple pipeline stages (search, download,
        # install); overwriting ensures we capture the final post-install ResultCode
        # rather than an early ResultCode=0 (NotStarted).
        $byKey = @{}

        foreach ($u in $rawOutput) {
            if ($null -eq $u -or $u -isnot [PSObject]) { continue }
            if (-not ($u.PSObject.Properties.Name -contains 'Title')) { continue }
            if ([string]::IsNullOrWhiteSpace($u.Title)) { continue }

            $resultCode = 0
            try { $resultCode = [int]$u.ResultCode } catch { $resultCode = 4 }
            $succeeded = ($resultCode -eq 2 -or $resultCode -eq 3)

            # ResultCode=0 means NotStarted — treat as Skipped, not Failed.
            $status = if ($succeeded) { 'Succeeded' } elseif ($resultCode -eq 0) { 'Skipped' } else { 'Failed' }

            $kb = ''
            try {
                if ($u.KBArticleIDs -and $u.KBArticleIDs.Count -gt 0) {
                    $kb = 'KB' + $u.KBArticleIDs[0]
                }
            } catch {}

            $needsReboot = $false
            try { $needsReboot = [bool]$u.RebootRequired } catch {}

            $byKey[$u.Title] = [PSCustomObject]@{
                Identifier     = $kb
                Title          = [string]$u.Title
                Status         = $status
                ErrorMessage   = if ($succeeded -or $resultCode -eq 0) { '' } else { 'ResultCode=' + $resultCode }
                RebootRequired = $needsReboot
                AttemptedAt    = (Get-Date -Format 'o')
            }
        }

        $results = @($byKey.Values)

        if ($results.Count -eq 0) {
            Write-Output '[]'
        } else {
            $results | ConvertTo-Json -Compress
        }
2026-08-08 01:21:43.115 -05:00 [INF] (Thread 23) WindowsUpdateWorker: no updates installed — system reboot is already pending.
2026-08-08 01:21:43.116 -05:00 [INF] (Thread 23) WindowsUpdateWorker: pass complete. Total=1 Succeeded=1 Failed=0 Skipped=0
2026-08-08 01:21:43.116 -05:00 [INF] (Thread 23) WingetWorker: skipping — last run was 2026-08-06T22:50:11.8754628Z (less than 7 days ago).
2026-08-08 01:21:43.116 -05:00 [INF] (Thread 23) UpdateOrchestrator: cycle complete. Total=1 Succeeded=1 Failed=0 RebootRequired=true
2026-08-08 01:21:43.117 -05:00 [INF] (Thread 23) UpdateOrchestrator: reboot required but today is not an allowed reboot day per RebootDoW — skipping notification until the next allowed day.
2026-08-08 01:21:43.117 -05:00 [INF] (Thread 23) UpdateBackgroundService: next cycle in "01:00:00".
2026-08-08 02:21:43.119 -05:00 [INF] (Thread 25) SelfUpdater: checking for updates. Current version: 1.26.586.697
2026-08-08 02:21:43.281 -05:00 [INF] (Thread 25) SelfUpdater: remote version = 1.26.586.697.
2026-08-08 02:21:43.281 -05:00 [INF] (Thread 25) SelfUpdater: already up to date.
2026-08-08 02:21:43.281 -05:00 [INF] (Thread 25) UpdateOrchestrator: === Update cycle starting ===
2026-08-08 02:21:43.281 -05:00 [INF] (Thread 25) WindowsUpdateWorker: starting update pass.
2026-08-08 02:21:43.281 -05:00 [INF] (Thread 25) WindowsUpdateWorker: verifying PSWindowsUpdate module.
2026-08-08 02:21:43.284 -05:00 [DBG] (Thread 25) WindowsUpdateWorker: running PS script: $ProgressPreference = 'SilentlyContinue'
            $ErrorActionPreference = 'Stop'
            try {
                if (-not (Get-PackageProvider -Name NuGet -ListAvailable -ErrorAction SilentlyContinue)) {
                    Install-PackageProvider -Name NuGet -MinimumVersion 2.8.5.201 -Force -Scope AllUsers | Out-Null
                }
                Set-PSRepository -Name PSGallery -InstallationPolicy Trusted -ErrorAction SilentlyContinue
                if (-not (Get-Module -ListAvailable -Name PSWindowsUpdate -ErrorAction SilentlyContinue)) {
                    Install-Module PSWindowsUpdate -Force -SkipPublisherCheck -Scope AllUsers | Out-Null
                }
                Import-Module PSWindowsUpdate -Force -ErrorAction Stop
                try {
                    Add-WUServiceManager -MicrosoftUpdate -Confirm:$false -ErrorAction SilentlyContinue | Out-Null
                } catch {}
                Write-Output 'OK'
            } catch {
                Write-Output ('ERROR: ' + $_.Exception.Message)
            }
2026-08-08 02:22:15.340 -05:00 [INF] (Thread 28) WindowsUpdateWorker: PSWindowsUpdate module OK.
2026-08-08 02:22:15.342 -05:00 [DBG] (Thread 28) WindowsUpdateWorker: running PS script: Import-Module PSWindowsUpdate -ErrorAction Stop
        $ProgressPreference = 'SilentlyContinue'

        # Force the Windows Update Agent to scan before installing.
        # Fixes 0x80248007 (WU_E_DS_NODATA) on fresh builds or machines
        # whose update data store has not been initialised yet.
        try {
            Start-Process -FilePath 'UsoClient.exe' `
                -ArgumentList 'StartScan' `
                -Wait -NoNewWindow -ErrorAction SilentlyContinue
            Start-Sleep -Seconds 30
        } catch {}

        # 2>&1 merges stderr into the pipeline mixing strings with update
        # objects -- we filter them out in the foreach loop below.
        $rawOutput = Install-WindowsUpdate `
            -MicrosoftUpdate `
            -AcceptAll `
            -IgnoreReboot `
            -Install `
            -ErrorAction Continue 2>&1

        # Use a hashtable keyed on Title to keep only the LAST result per update.
        # PSWindowsUpdate emits objects at multiple pipeline stages (search, download,
        # install); overwriting ensures we capture the final post-install ResultCode
        # rather than an early ResultCode=0 (NotStarted).
        $byKey = @{}

        foreach ($u in $rawOutput) {
            if ($null -eq $u -or $u -isnot [PSObject]) { continue }
            if (-not ($u.PSObject.Properties.Name -contains 'Title')) { continue }
            if ([string]::IsNullOrWhiteSpace($u.Title)) { continue }

            $resultCode = 0
            try { $resultCode = [int]$u.ResultCode } catch { $resultCode = 4 }
            $succeeded = ($resultCode -eq 2 -or $resultCode -eq 3)

            # ResultCode=0 means NotStarted — treat as Skipped, not Failed.
            $status = if ($succeeded) { 'Succeeded' } elseif ($resultCode -eq 0) { 'Skipped' } else { 'Failed' }

            $kb = ''
            try {
                if ($u.KBArticleIDs -and $u.KBArticleIDs.Count -gt 0) {
                    $kb = 'KB' + $u.KBArticleIDs[0]
                }
            } catch {}

            $needsReboot = $false
            try { $needsReboot = [bool]$u.RebootRequired } catch {}

            $byKey[$u.Title] = [PSCustomObject]@{
                Identifier     = $kb
                Title          = [string]$u.Title
                Status         = $status
                ErrorMessage   = if ($succeeded -or $resultCode -eq 0) { '' } else { 'ResultCode=' + $resultCode }
                RebootRequired = $needsReboot
                AttemptedAt    = (Get-Date -Format 'o')
            }
        }

        $results = @($byKey.Values)

        if ($results.Count -eq 0) {
            Write-Output '[]'
        } else {
            $results | ConvertTo-Json -Compress
        }
2026-08-08 02:23:33.104 -05:00 [INF] (Thread 31) WindowsUpdateWorker: no updates installed — system reboot is already pending.
2026-08-08 02:23:33.104 -05:00 [INF] (Thread 31) WindowsUpdateWorker: pass complete. Total=1 Succeeded=1 Failed=0 Skipped=0
2026-08-08 02:23:33.105 -05:00 [INF] (Thread 31) WingetWorker: skipping — last run was 2026-08-06T22:50:11.8754628Z (less than 7 days ago).
2026-08-08 02:23:33.105 -05:00 [INF] (Thread 31) UpdateOrchestrator: cycle complete. Total=1 Succeeded=1 Failed=0 RebootRequired=true
2026-08-08 02:23:33.105 -05:00 [INF] (Thread 31) UpdateOrchestrator: reboot required but today is not an allowed reboot day per RebootDoW — skipping notification until the next allowed day.
2026-08-08 02:23:33.105 -05:00 [INF] (Thread 31) UpdateBackgroundService: next cycle in "01:00:00".
2026-08-08 03:23:36.830 -05:00 [INF] (Thread 32) SelfUpdater: checking for updates. Current version: 1.26.586.697
2026-08-08 03:23:37.015 -05:00 [INF] (Thread 33) SelfUpdater: remote version = 1.26.586.697.
2026-08-08 03:23:37.015 -05:00 [INF] (Thread 33) SelfUpdater: already up to date.
2026-08-08 03:23:37.015 -05:00 [INF] (Thread 33) UpdateOrchestrator: === Update cycle starting ===
2026-08-08 03:23:37.015 -05:00 [INF] (Thread 33) WindowsUpdateWorker: starting update pass.
2026-08-08 03:23:37.015 -05:00 [INF] (Thread 33) WindowsUpdateWorker: verifying PSWindowsUpdate module.
2026-08-08 03:23:37.018 -05:00 [DBG] (Thread 33) WindowsUpdateWorker: running PS script: $ProgressPreference = 'SilentlyContinue'
            $ErrorActionPreference = 'Stop'
            try {
                if (-not (Get-PackageProvider -Name NuGet -ListAvailable -ErrorAction SilentlyContinue)) {
                    Install-PackageProvider -Name NuGet -MinimumVersion 2.8.5.201 -Force -Scope AllUsers | Out-Null
                }
                Set-PSRepository -Name PSGallery -InstallationPolicy Trusted -ErrorAction SilentlyContinue
                if (-not (Get-Module -ListAvailable -Name PSWindowsUpdate -ErrorAction SilentlyContinue)) {
                    Install-Module PSWindowsUpdate -Force -SkipPublisherCheck -Scope AllUsers | Out-Null
                }
                Import-Module PSWindowsUpdate -Force -ErrorAction Stop
                try {
                    Add-WUServiceManager -MicrosoftUpdate -Confirm:$false -ErrorAction SilentlyContinue | Out-Null
                } catch {}
                Write-Output 'OK'
            } catch {
                Write-Output ('ERROR: ' + $_.Exception.Message)
            }
2026-08-08 03:24:10.071 -05:00 [INF] (Thread 30) WindowsUpdateWorker: PSWindowsUpdate module OK.
2026-08-08 03:24:10.075 -05:00 [DBG] (Thread 30) WindowsUpdateWorker: running PS script: Import-Module PSWindowsUpdate -ErrorAction Stop
        $ProgressPreference = 'SilentlyContinue'

        # Force the Windows Update Agent to scan before installing.
        # Fixes 0x80248007 (WU_E_DS_NODATA) on fresh builds or machines
        # whose update data store has not been initialised yet.
        try {
            Start-Process -FilePath 'UsoClient.exe' `
                -ArgumentList 'StartScan' `
                -Wait -NoNewWindow -ErrorAction SilentlyContinue
            Start-Sleep -Seconds 30
        } catch {}

        # 2>&1 merges stderr into the pipeline mixing strings with update
        # objects -- we filter them out in the foreach loop below.
        $rawOutput = Install-WindowsUpdate `
            -MicrosoftUpdate `
            -AcceptAll `
            -IgnoreReboot `
            -Install `
            -ErrorAction Continue 2>&1

        # Use a hashtable keyed on Title to keep only the LAST result per update.
        # PSWindowsUpdate emits objects at multiple pipeline stages (search, download,
        # install); overwriting ensures we capture the final post-install ResultCode
        # rather than an early ResultCode=0 (NotStarted).
        $byKey = @{}

        foreach ($u in $rawOutput) {
            if ($null -eq $u -or $u -isnot [PSObject]) { continue }
            if (-not ($u.PSObject.Properties.Name -contains 'Title')) { continue }
            if ([string]::IsNullOrWhiteSpace($u.Title)) { continue }

            $resultCode = 0
            try { $resultCode = [int]$u.ResultCode } catch { $resultCode = 4 }
            $succeeded = ($resultCode -eq 2 -or $resultCode -eq 3)

            # ResultCode=0 means NotStarted — treat as Skipped, not Failed.
            $status = if ($succeeded) { 'Succeeded' } elseif ($resultCode -eq 0) { 'Skipped' } else { 'Failed' }

            $kb = ''
            try {
                if ($u.KBArticleIDs -and $u.KBArticleIDs.Count -gt 0) {
                    $kb = 'KB' + $u.KBArticleIDs[0]
                }
            } catch {}

            $needsReboot = $false
            try { $needsReboot = [bool]$u.RebootRequired } catch {}

            $byKey[$u.Title] = [PSCustomObject]@{
                Identifier     = $kb
                Title          = [string]$u.Title
                Status         = $status
                ErrorMessage   = if ($succeeded -or $resultCode -eq 0) { '' } else { 'ResultCode=' + $resultCode }
                RebootRequired = $needsReboot
                AttemptedAt    = (Get-Date -Format 'o')
            }
        }

        $results = @($byKey.Values)

        if ($results.Count -eq 0) {
            Write-Output '[]'
        } else {
            $results | ConvertTo-Json -Compress
        }
2026-08-08 03:25:18.883 -05:00 [INF] (Thread 32) WindowsUpdateWorker: no updates installed — system reboot is already pending.
2026-08-08 03:25:18.884 -05:00 [INF] (Thread 32) WindowsUpdateWorker: pass complete. Total=1 Succeeded=1 Failed=0 Skipped=0
2026-08-08 03:25:18.885 -05:00 [INF] (Thread 32) WingetWorker: skipping — last run was 2026-08-06T22:50:11.8754628Z (less than 7 days ago).
2026-08-08 03:25:18.885 -05:00 [INF] (Thread 32) UpdateOrchestrator: cycle complete. Total=1 Succeeded=1 Failed=0 RebootRequired=true
2026-08-08 03:25:18.885 -05:00 [INF] (Thread 32) UpdateOrchestrator: reboot required but today is not an allowed reboot day per RebootDoW — skipping notification until the next allowed day.
2026-08-08 03:25:18.885 -05:00 [INF] (Thread 32) UpdateBackgroundService: next cycle in "01:00:00".
2026-08-08 04:25:18.896 -05:00 [INF] (Thread 31) SelfUpdater: checking for updates. Current version: 1.26.586.697
2026-08-08 04:25:19.089 -05:00 [INF] (Thread 27) SelfUpdater: remote version = 1.26.586.697.
2026-08-08 04:25:19.089 -05:00 [INF] (Thread 27) SelfUpdater: already up to date.
2026-08-08 04:25:19.089 -05:00 [INF] (Thread 27) UpdateOrchestrator: === Update cycle starting ===
2026-08-08 04:25:19.089 -05:00 [INF] (Thread 27) WindowsUpdateWorker: starting update pass.
2026-08-08 04:25:19.089 -05:00 [INF] (Thread 27) WindowsUpdateWorker: verifying PSWindowsUpdate module.
2026-08-08 04:25:19.091 -05:00 [DBG] (Thread 27) WindowsUpdateWorker: running PS script: $ProgressPreference = 'SilentlyContinue'
            $ErrorActionPreference = 'Stop'
            try {
                if (-not (Get-PackageProvider -Name NuGet -ListAvailable -ErrorAction SilentlyContinue)) {
                    Install-PackageProvider -Name NuGet -MinimumVersion 2.8.5.201 -Force -Scope AllUsers | Out-Null
                }
                Set-PSRepository -Name PSGallery -InstallationPolicy Trusted -ErrorAction SilentlyContinue
                if (-not (Get-Module -ListAvailable -Name PSWindowsUpdate -ErrorAction SilentlyContinue)) {
                    Install-Module PSWindowsUpdate -Force -SkipPublisherCheck -Scope AllUsers | Out-Null
                }
                Import-Module PSWindowsUpdate -Force -ErrorAction Stop
                try {
                    Add-WUServiceManager -MicrosoftUpdate -Confirm:$false -ErrorAction SilentlyContinue | Out-Null
                } catch {}
                Write-Output 'OK'
            } catch {
                Write-Output ('ERROR: ' + $_.Exception.Message)
            }
2026-08-08 04:25:52.569 -05:00 [INF] (Thread 31) WindowsUpdateWorker: PSWindowsUpdate module OK.
2026-08-08 04:25:52.571 -05:00 [DBG] (Thread 31) WindowsUpdateWorker: running PS script: Import-Module PSWindowsUpdate -ErrorAction Stop
        $ProgressPreference = 'SilentlyContinue'

        # Force the Windows Update Agent to scan before installing.
        # Fixes 0x80248007 (WU_E_DS_NODATA) on fresh builds or machines
        # whose update data store has not been initialised yet.
        try {
            Start-Process -FilePath 'UsoClient.exe' `
                -ArgumentList 'StartScan' `
                -Wait -NoNewWindow -ErrorAction SilentlyContinue
            Start-Sleep -Seconds 30
        } catch {}

        # 2>&1 merges stderr into the pipeline mixing strings with update
        # objects -- we filter them out in the foreach loop below.
        $rawOutput = Install-WindowsUpdate `
            -MicrosoftUpdate `
            -AcceptAll `
            -IgnoreReboot `
            -Install `
            -ErrorAction Continue 2>&1

        # Use a hashtable keyed on Title to keep only the LAST result per update.
        # PSWindowsUpdate emits objects at multiple pipeline stages (search, download,
        # install); overwriting ensures we capture the final post-install ResultCode
        # rather than an early ResultCode=0 (NotStarted).
        $byKey = @{}

        foreach ($u in $rawOutput) {
            if ($null -eq $u -or $u -isnot [PSObject]) { continue }
            if (-not ($u.PSObject.Properties.Name -contains 'Title')) { continue }
            if ([string]::IsNullOrWhiteSpace($u.Title)) { continue }

            $resultCode = 0
            try { $resultCode = [int]$u.ResultCode } catch { $resultCode = 4 }
            $succeeded = ($resultCode -eq 2 -or $resultCode -eq 3)

            # ResultCode=0 means NotStarted — treat as Skipped, not Failed.
            $status = if ($succeeded) { 'Succeeded' } elseif ($resultCode -eq 0) { 'Skipped' } else { 'Failed' }

            $kb = ''
            try {
                if ($u.KBArticleIDs -and $u.KBArticleIDs.Count -gt 0) {
                    $kb = 'KB' + $u.KBArticleIDs[0]
                }
            } catch {}

            $needsReboot = $false
            try { $needsReboot = [bool]$u.RebootRequired } catch {}

            $byKey[$u.Title] = [PSCustomObject]@{
                Identifier     = $kb
                Title          = [string]$u.Title
                Status         = $status
                ErrorMessage   = if ($succeeded -or $resultCode -eq 0) { '' } else { 'ResultCode=' + $resultCode }
                RebootRequired = $needsReboot
                AttemptedAt    = (Get-Date -Format 'o')
            }
        }

        $results = @($byKey.Values)

        if ($results.Count -eq 0) {
            Write-Output '[]'
        } else {
            $results | ConvertTo-Json -Compress
        }
2026-08-08 04:26:54.299 -05:00 [INF] (Thread 33) WindowsUpdateWorker: no updates installed — system reboot is already pending.
2026-08-08 04:26:54.299 -05:00 [INF] (Thread 33) WindowsUpdateWorker: pass complete. Total=1 Succeeded=1 Failed=0 Skipped=0
2026-08-08 04:26:54.300 -05:00 [INF] (Thread 33) WingetWorker: skipping — last run was 2026-08-06T22:50:11.8754628Z (less than 7 days ago).
2026-08-08 04:26:54.300 -05:00 [INF] (Thread 33) UpdateOrchestrator: cycle complete. Total=1 Succeeded=1 Failed=0 RebootRequired=true
2026-08-08 04:26:54.300 -05:00 [INF] (Thread 33) UpdateOrchestrator: reboot required but today is not an allowed reboot day per RebootDoW — skipping notification until the next allowed day.
2026-08-08 04:26:54.300 -05:00 [INF] (Thread 33) UpdateBackgroundService: next cycle in "01:00:00".
2026-08-08 05:26:54.305 -05:00 [INF] (Thread 31) SelfUpdater: checking for updates. Current version: 1.26.586.697
2026-08-08 05:26:54.417 -05:00 [INF] (Thread 24) SelfUpdater: remote version = 1.26.586.697.
2026-08-08 05:26:54.417 -05:00 [INF] (Thread 24) SelfUpdater: already up to date.
2026-08-08 05:26:54.418 -05:00 [INF] (Thread 24) UpdateOrchestrator: === Update cycle starting ===
2026-08-08 05:26:54.418 -05:00 [INF] (Thread 24) WindowsUpdateWorker: starting update pass.
2026-08-08 05:26:54.418 -05:00 [INF] (Thread 24) WindowsUpdateWorker: verifying PSWindowsUpdate module.
2026-08-08 05:26:54.420 -05:00 [DBG] (Thread 24) WindowsUpdateWorker: running PS script: $ProgressPreference = 'SilentlyContinue'
            $ErrorActionPreference = 'Stop'
            try {
                if (-not (Get-PackageProvider -Name NuGet -ListAvailable -ErrorAction SilentlyContinue)) {
                    Install-PackageProvider -Name NuGet -MinimumVersion 2.8.5.201 -Force -Scope AllUsers | Out-Null
                }
                Set-PSRepository -Name PSGallery -InstallationPolicy Trusted -ErrorAction SilentlyContinue
                if (-not (Get-Module -ListAvailable -Name PSWindowsUpdate -ErrorAction SilentlyContinue)) {
                    Install-Module PSWindowsUpdate -Force -SkipPublisherCheck -Scope AllUsers | Out-Null
                }
                Import-Module PSWindowsUpdate -Force -ErrorAction Stop
                try {
                    Add-WUServiceManager -MicrosoftUpdate -Confirm:$false -ErrorAction SilentlyContinue | Out-Null
                } catch {}
                Write-Output 'OK'
            } catch {
                Write-Output ('ERROR: ' + $_.Exception.Message)
            }
2026-08-08 05:27:27.966 -05:00 [INF] (Thread 31) WindowsUpdateWorker: PSWindowsUpdate module OK.
2026-08-08 05:27:27.968 -05:00 [DBG] (Thread 31) WindowsUpdateWorker: running PS script: Import-Module PSWindowsUpdate -ErrorAction Stop
        $ProgressPreference = 'SilentlyContinue'

        # Force the Windows Update Agent to scan before installing.
        # Fixes 0x80248007 (WU_E_DS_NODATA) on fresh builds or machines
        # whose update data store has not been initialised yet.
        try {
            Start-Process -FilePath 'UsoClient.exe' `
                -ArgumentList 'StartScan' `
                -Wait -NoNewWindow -ErrorAction SilentlyContinue
            Start-Sleep -Seconds 30
        } catch {}

        # 2>&1 merges stderr into the pipeline mixing strings with update
        # objects -- we filter them out in the foreach loop below.
        $rawOutput = Install-WindowsUpdate `
            -MicrosoftUpdate `
            -AcceptAll `
            -IgnoreReboot `
            -Install `
            -ErrorAction Continue 2>&1

        # Use a hashtable keyed on Title to keep only the LAST result per update.
        # PSWindowsUpdate emits objects at multiple pipeline stages (search, download,
        # install); overwriting ensures we capture the final post-install ResultCode
        # rather than an early ResultCode=0 (NotStarted).
        $byKey = @{}

        foreach ($u in $rawOutput) {
            if ($null -eq $u -or $u -isnot [PSObject]) { continue }
            if (-not ($u.PSObject.Properties.Name -contains 'Title')) { continue }
            if ([string]::IsNullOrWhiteSpace($u.Title)) { continue }

            $resultCode = 0
            try { $resultCode = [int]$u.ResultCode } catch { $resultCode = 4 }
            $succeeded = ($resultCode -eq 2 -or $resultCode -eq 3)

            # ResultCode=0 means NotStarted — treat as Skipped, not Failed.
            $status = if ($succeeded) { 'Succeeded' } elseif ($resultCode -eq 0) { 'Skipped' } else { 'Failed' }

            $kb = ''
            try {
                if ($u.KBArticleIDs -and $u.KBArticleIDs.Count -gt 0) {
                    $kb = 'KB' + $u.KBArticleIDs[0]
                }
            } catch {}

            $needsReboot = $false
            try { $needsReboot = [bool]$u.RebootRequired } catch {}

            $byKey[$u.Title] = [PSCustomObject]@{
                Identifier     = $kb
                Title          = [string]$u.Title
                Status         = $status
                ErrorMessage   = if ($succeeded -or $resultCode -eq 0) { '' } else { 'ResultCode=' + $resultCode }
                RebootRequired = $needsReboot
                AttemptedAt    = (Get-Date -Format 'o')
            }
        }

        $results = @($byKey.Values)

        if ($results.Count -eq 0) {
            Write-Output '[]'
        } else {
            $results | ConvertTo-Json -Compress
        }
2026-08-08 05:28:28.678 -05:00 [INF] (Thread 24) WindowsUpdateWorker: no updates installed — system reboot is already pending.
2026-08-08 05:28:28.678 -05:00 [INF] (Thread 24) WindowsUpdateWorker: pass complete. Total=1 Succeeded=1 Failed=0 Skipped=0
2026-08-08 05:28:28.679 -05:00 [INF] (Thread 24) WingetWorker: skipping — last run was 2026-08-06T22:50:11.8754628Z (less than 7 days ago).
2026-08-08 05:28:28.679 -05:00 [INF] (Thread 24) UpdateOrchestrator: cycle complete. Total=1 Succeeded=1 Failed=0 RebootRequired=true
2026-08-08 05:28:28.680 -05:00 [INF] (Thread 24) UpdateOrchestrator: reboot required but today is not an allowed reboot day per RebootDoW — skipping notification until the next allowed day.
2026-08-08 05:28:28.680 -05:00 [INF] (Thread 24) UpdateBackgroundService: next cycle in "01:00:00".
2026-08-08 06:28:28.684 -05:00 [INF] (Thread 22) SelfUpdater: checking for updates. Current version: 1.26.586.697
2026-08-08 06:28:28.838 -05:00 [INF] (Thread 21) SelfUpdater: remote version = 1.26.586.697.
2026-08-08 06:28:28.838 -05:00 [INF] (Thread 21) SelfUpdater: already up to date.
2026-08-08 06:28:28.838 -05:00 [INF] (Thread 21) UpdateOrchestrator: === Update cycle starting ===
2026-08-08 06:28:28.838 -05:00 [INF] (Thread 21) WindowsUpdateWorker: starting update pass.
2026-08-08 06:28:28.838 -05:00 [INF] (Thread 21) WindowsUpdateWorker: verifying PSWindowsUpdate module.
2026-08-08 06:28:28.841 -05:00 [DBG] (Thread 21) WindowsUpdateWorker: running PS script: $ProgressPreference = 'SilentlyContinue'
            $ErrorActionPreference = 'Stop'
            try {
                if (-not (Get-PackageProvider -Name NuGet -ListAvailable -ErrorAction SilentlyContinue)) {
                    Install-PackageProvider -Name NuGet -MinimumVersion 2.8.5.201 -Force -Scope AllUsers | Out-Null
                }
                Set-PSRepository -Name PSGallery -InstallationPolicy Trusted -ErrorAction SilentlyContinue
                if (-not (Get-Module -ListAvailable -Name PSWindowsUpdate -ErrorAction SilentlyContinue)) {
                    Install-Module PSWindowsUpdate -Force -SkipPublisherCheck -Scope AllUsers | Out-Null
                }
                Import-Module PSWindowsUpdate -Force -ErrorAction Stop
                try {
                    Add-WUServiceManager -MicrosoftUpdate -Confirm:$false -ErrorAction SilentlyContinue | Out-Null
                } catch {}
                Write-Output 'OK'
            } catch {
                Write-Output ('ERROR: ' + $_.Exception.Message)
            }
2026-08-08 06:29:01.782 -05:00 [INF] (Thread 21) WindowsUpdateWorker: PSWindowsUpdate module OK.
2026-08-08 06:29:01.785 -05:00 [DBG] (Thread 21) WindowsUpdateWorker: running PS script: Import-Module PSWindowsUpdate -ErrorAction Stop
        $ProgressPreference = 'SilentlyContinue'

        # Force the Windows Update Agent to scan before installing.
        # Fixes 0x80248007 (WU_E_DS_NODATA) on fresh builds or machines
        # whose update data store has not been initialised yet.
        try {
            Start-Process -FilePath 'UsoClient.exe' `
                -ArgumentList 'StartScan' `
                -Wait -NoNewWindow -ErrorAction SilentlyContinue
            Start-Sleep -Seconds 30
        } catch {}

        # 2>&1 merges stderr into the pipeline mixing strings with update
        # objects -- we filter them out in the foreach loop below.
        $rawOutput = Install-WindowsUpdate `
            -MicrosoftUpdate `
            -AcceptAll `
            -IgnoreReboot `
            -Install `
            -ErrorAction Continue 2>&1

        # Use a hashtable keyed on Title to keep only the LAST result per update.
        # PSWindowsUpdate emits objects at multiple pipeline stages (search, download,
        # install); overwriting ensures we capture the final post-install ResultCode
        # rather than an early ResultCode=0 (NotStarted).
        $byKey = @{}

        foreach ($u in $rawOutput) {
            if ($null -eq $u -or $u -isnot [PSObject]) { continue }
            if (-not ($u.PSObject.Properties.Name -contains 'Title')) { continue }
            if ([string]::IsNullOrWhiteSpace($u.Title)) { continue }

            $resultCode = 0
            try { $resultCode = [int]$u.ResultCode } catch { $resultCode = 4 }
            $succeeded = ($resultCode -eq 2 -or $resultCode -eq 3)

            # ResultCode=0 means NotStarted — treat as Skipped, not Failed.
            $status = if ($succeeded) { 'Succeeded' } elseif ($resultCode -eq 0) { 'Skipped' } else { 'Failed' }

            $kb = ''
            try {
                if ($u.KBArticleIDs -and $u.KBArticleIDs.Count -gt 0) {
                    $kb = 'KB' + $u.KBArticleIDs[0]
                }
            } catch {}

            $needsReboot = $false
            try { $needsReboot = [bool]$u.RebootRequired } catch {}

            $byKey[$u.Title] = [PSCustomObject]@{
                Identifier     = $kb
                Title          = [string]$u.Title
                Status         = $status
                ErrorMessage   = if ($succeeded -or $resultCode -eq 0) { '' } else { 'ResultCode=' + $resultCode }
                RebootRequired = $needsReboot
                AttemptedAt    = (Get-Date -Format 'o')
            }
        }

        $results = @($byKey.Values)

        if ($results.Count -eq 0) {
            Write-Output '[]'
        } else {
            $results | ConvertTo-Json -Compress
        }
2026-08-08 06:30:14.326 -05:00 [INF] (Thread 16) WindowsUpdateWorker: no updates installed — system reboot is already pending.
2026-08-08 06:30:14.326 -05:00 [INF] (Thread 16) WindowsUpdateWorker: pass complete. Total=1 Succeeded=1 Failed=0 Skipped=0
2026-08-08 06:30:14.327 -05:00 [INF] (Thread 16) WingetWorker: skipping — last run was 2026-08-06T22:50:11.8754628Z (less than 7 days ago).
2026-08-08 06:30:14.327 -05:00 [INF] (Thread 16) UpdateOrchestrator: cycle complete. Total=1 Succeeded=1 Failed=0 RebootRequired=true
2026-08-08 06:30:14.327 -05:00 [INF] (Thread 16) UpdateOrchestrator: reboot required but today is not an allowed reboot day per RebootDoW — skipping notification until the next allowed day.
2026-08-08 06:30:14.327 -05:00 [INF] (Thread 16) UpdateBackgroundService: next cycle in "01:00:00".
2026-08-08 07:30:14.329 -05:00 [INF] (Thread 26) SelfUpdater: checking for updates. Current version: 1.26.586.697
2026-08-08 07:30:14.477 -05:00 [INF] (Thread 24) SelfUpdater: remote version = 1.26.586.697.
2026-08-08 07:30:14.477 -05:00 [INF] (Thread 24) SelfUpdater: already up to date.
2026-08-08 07:30:14.477 -05:00 [INF] (Thread 24) UpdateOrchestrator: === Update cycle starting ===
2026-08-08 07:30:14.477 -05:00 [INF] (Thread 24) WindowsUpdateWorker: starting update pass.
2026-08-08 07:30:14.477 -05:00 [INF] (Thread 24) WindowsUpdateWorker: verifying PSWindowsUpdate module.
2026-08-08 07:30:14.480 -05:00 [DBG] (Thread 24) WindowsUpdateWorker: running PS script: $ProgressPreference = 'SilentlyContinue'
            $ErrorActionPreference = 'Stop'
            try {
                if (-not (Get-PackageProvider -Name NuGet -ListAvailable -ErrorAction SilentlyContinue)) {
                    Install-PackageProvider -Name NuGet -MinimumVersion 2.8.5.201 -Force -Scope AllUsers | Out-Null
                }
                Set-PSRepository -Name PSGallery -InstallationPolicy Trusted -ErrorAction SilentlyContinue
                if (-not (Get-Module -ListAvailable -Name PSWindowsUpdate -ErrorAction SilentlyContinue)) {
                    Install-Module PSWindowsUpdate -Force -SkipPublisherCheck -Scope AllUsers | Out-Null
                }
                Import-Module PSWindowsUpdate -Force -ErrorAction Stop
                try {
                    Add-WUServiceManager -MicrosoftUpdate -Confirm:$false -ErrorAction SilentlyContinue | Out-Null
                } catch {}
                Write-Output 'OK'
            } catch {
                Write-Output ('ERROR: ' + $_.Exception.Message)
            }
2026-08-08 07:30:46.302 -05:00 [INF] (Thread 26) WindowsUpdateWorker: PSWindowsUpdate module OK.
2026-08-08 07:30:46.304 -05:00 [DBG] (Thread 26) WindowsUpdateWorker: running PS script: Import-Module PSWindowsUpdate -ErrorAction Stop
        $ProgressPreference = 'SilentlyContinue'

        # Force the Windows Update Agent to scan before installing.
        # Fixes 0x80248007 (WU_E_DS_NODATA) on fresh builds or machines
        # whose update data store has not been initialised yet.
        try {
            Start-Process -FilePath 'UsoClient.exe' `
                -ArgumentList 'StartScan' `
                -Wait -NoNewWindow -ErrorAction SilentlyContinue
            Start-Sleep -Seconds 30
        } catch {}

        # 2>&1 merges stderr into the pipeline mixing strings with update
        # objects -- we filter them out in the foreach loop below.
        $rawOutput = Install-WindowsUpdate `
            -MicrosoftUpdate `
            -AcceptAll `
            -IgnoreReboot `
            -Install `
            -ErrorAction Continue 2>&1

        # Use a hashtable keyed on Title to keep only the LAST result per update.
        # PSWindowsUpdate emits objects at multiple pipeline stages (search, download,
        # install); overwriting ensures we capture the final post-install ResultCode
        # rather than an early ResultCode=0 (NotStarted).
        $byKey = @{}

        foreach ($u in $rawOutput) {
            if ($null -eq $u -or $u -isnot [PSObject]) { continue }
            if (-not ($u.PSObject.Properties.Name -contains 'Title')) { continue }
            if ([string]::IsNullOrWhiteSpace($u.Title)) { continue }

            $resultCode = 0
            try { $resultCode = [int]$u.ResultCode } catch { $resultCode = 4 }
            $succeeded = ($resultCode -eq 2 -or $resultCode -eq 3)

            # ResultCode=0 means NotStarted — treat as Skipped, not Failed.
            $status = if ($succeeded) { 'Succeeded' } elseif ($resultCode -eq 0) { 'Skipped' } else { 'Failed' }

            $kb = ''
            try {
                if ($u.KBArticleIDs -and $u.KBArticleIDs.Count -gt 0) {
                    $kb = 'KB' + $u.KBArticleIDs[0]
                }
            } catch {}

            $needsReboot = $false
            try { $needsReboot = [bool]$u.RebootRequired } catch {}

            $byKey[$u.Title] = [PSCustomObject]@{
                Identifier     = $kb
                Title          = [string]$u.Title
                Status         = $status
                ErrorMessage   = if ($succeeded -or $resultCode -eq 0) { '' } else { 'ResultCode=' + $resultCode }
                RebootRequired = $needsReboot
                AttemptedAt    = (Get-Date -Format 'o')
            }
        }

        $results = @($byKey.Values)

        if ($results.Count -eq 0) {
            Write-Output '[]'
        } else {
            $results | ConvertTo-Json -Compress
        }
2026-08-08 07:31:48.951 -05:00 [INF] (Thread 27) WindowsUpdateWorker: no updates installed — system reboot is already pending.
2026-08-08 07:31:48.951 -05:00 [INF] (Thread 27) WindowsUpdateWorker: pass complete. Total=1 Succeeded=1 Failed=0 Skipped=0
2026-08-08 07:31:48.952 -05:00 [INF] (Thread 27) WingetWorker: skipping — last run was 2026-08-06T22:50:11.8754628Z (less than 7 days ago).
2026-08-08 07:31:48.952 -05:00 [INF] (Thread 27) UpdateOrchestrator: cycle complete. Total=1 Succeeded=1 Failed=0 RebootRequired=true
2026-08-08 07:31:48.952 -05:00 [INF] (Thread 27) UpdateOrchestrator: reboot required but today is not an allowed reboot day per RebootDoW — skipping notification until the next allowed day.
2026-08-08 07:31:48.952 -05:00 [INF] (Thread 27) UpdateBackgroundService: next cycle in "01:00:00".
2026-08-08 08:31:48.963 -05:00 [INF] (Thread 26) SelfUpdater: checking for updates. Current version: 1.26.586.697
2026-08-08 08:31:49.140 -05:00 [INF] (Thread 26) SelfUpdater: remote version = 1.26.586.697.
2026-08-08 08:31:49.140 -05:00 [INF] (Thread 26) SelfUpdater: already up to date.
2026-08-08 08:31:49.140 -05:00 [INF] (Thread 26) UpdateOrchestrator: === Update cycle starting ===
2026-08-08 08:31:49.140 -05:00 [INF] (Thread 26) WindowsUpdateWorker: starting update pass.
2026-08-08 08:31:49.140 -05:00 [INF] (Thread 26) WindowsUpdateWorker: verifying PSWindowsUpdate module.
2026-08-08 08:31:49.143 -05:00 [DBG] (Thread 26) WindowsUpdateWorker: running PS script: $ProgressPreference = 'SilentlyContinue'
            $ErrorActionPreference = 'Stop'
            try {
                if (-not (Get-PackageProvider -Name NuGet -ListAvailable -ErrorAction SilentlyContinue)) {
                    Install-PackageProvider -Name NuGet -MinimumVersion 2.8.5.201 -Force -Scope AllUsers | Out-Null
                }
                Set-PSRepository -Name PSGallery -InstallationPolicy Trusted -ErrorAction SilentlyContinue
                if (-not (Get-Module -ListAvailable -Name PSWindowsUpdate -ErrorAction SilentlyContinue)) {
                    Install-Module PSWindowsUpdate -Force -SkipPublisherCheck -Scope AllUsers | Out-Null
                }
                Import-Module PSWindowsUpdate -Force -ErrorAction Stop
                try {
                    Add-WUServiceManager -MicrosoftUpdate -Confirm:$false -ErrorAction SilentlyContinue | Out-Null
                } catch {}
                Write-Output 'OK'
            } catch {
                Write-Output ('ERROR: ' + $_.Exception.Message)
            }
2026-08-08 08:32:21.020 -05:00 [INF] (Thread 26) WindowsUpdateWorker: PSWindowsUpdate module OK.
2026-08-08 08:32:21.021 -05:00 [DBG] (Thread 26) WindowsUpdateWorker: running PS script: Import-Module PSWindowsUpdate -ErrorAction Stop
        $ProgressPreference = 'SilentlyContinue'

        # Force the Windows Update Agent to scan before installing.
        # Fixes 0x80248007 (WU_E_DS_NODATA) on fresh builds or machines
        # whose update data store has not been initialised yet.
        try {
            Start-Process -FilePath 'UsoClient.exe' `
                -ArgumentList 'StartScan' `
                -Wait -NoNewWindow -ErrorAction SilentlyContinue
            Start-Sleep -Seconds 30
        } catch {}

        # 2>&1 merges stderr into the pipeline mixing strings with update
        # objects -- we filter them out in the foreach loop below.
        $rawOutput = Install-WindowsUpdate `
            -MicrosoftUpdate `
            -AcceptAll `
            -IgnoreReboot `
            -Install `
            -ErrorAction Continue 2>&1

        # Use a hashtable keyed on Title to keep only the LAST result per update.
        # PSWindowsUpdate emits objects at multiple pipeline stages (search, download,
        # install); overwriting ensures we capture the final post-install ResultCode
        # rather than an early ResultCode=0 (NotStarted).
        $byKey = @{}

        foreach ($u in $rawOutput) {
            if ($null -eq $u -or $u -isnot [PSObject]) { continue }
            if (-not ($u.PSObject.Properties.Name -contains 'Title')) { continue }
            if ([string]::IsNullOrWhiteSpace($u.Title)) { continue }

            $resultCode = 0
            try { $resultCode = [int]$u.ResultCode } catch { $resultCode = 4 }
            $succeeded = ($resultCode -eq 2 -or $resultCode -eq 3)

            # ResultCode=0 means NotStarted — treat as Skipped, not Failed.
            $status = if ($succeeded) { 'Succeeded' } elseif ($resultCode -eq 0) { 'Skipped' } else { 'Failed' }

            $kb = ''
            try {
                if ($u.KBArticleIDs -and $u.KBArticleIDs.Count -gt 0) {
                    $kb = 'KB' + $u.KBArticleIDs[0]
                }
            } catch {}

            $needsReboot = $false
            try { $needsReboot = [bool]$u.RebootRequired } catch {}

            $byKey[$u.Title] = [PSCustomObject]@{
                Identifier     = $kb
                Title          = [string]$u.Title
                Status         = $status
                ErrorMessage   = if ($succeeded -or $resultCode -eq 0) { '' } else { 'ResultCode=' + $resultCode }
                RebootRequired = $needsReboot
                AttemptedAt    = (Get-Date -Format 'o')
            }
        }

        $results = @($byKey.Values)

        if ($results.Count -eq 0) {
            Write-Output '[]'
        } else {
            $results | ConvertTo-Json -Compress
        }
2026-08-08 08:33:29.582 -05:00 [INF] (Thread 32) WindowsUpdateWorker: no updates installed — system reboot is already pending.
2026-08-08 08:33:29.582 -05:00 [INF] (Thread 32) WindowsUpdateWorker: pass complete. Total=1 Succeeded=1 Failed=0 Skipped=0
2026-08-08 08:33:29.582 -05:00 [INF] (Thread 32) WingetWorker: skipping — last run was 2026-08-06T22:50:11.8754628Z (less than 7 days ago).
2026-08-08 08:33:29.582 -05:00 [INF] (Thread 32) UpdateOrchestrator: cycle complete. Total=1 Succeeded=1 Failed=0 RebootRequired=true
2026-08-08 08:33:29.583 -05:00 [INF] (Thread 32) UpdateOrchestrator: reboot required but today is not an allowed reboot day per RebootDoW — skipping notification until the next allowed day.
2026-08-08 08:33:29.583 -05:00 [INF] (Thread 32) UpdateBackgroundService: next cycle in "01:00:00".
2026-08-08 09:33:29.594 -05:00 [INF] (Thread 28) SelfUpdater: checking for updates. Current version: 1.26.586.697
2026-08-08 09:33:29.710 -05:00 [INF] (Thread 28) SelfUpdater: remote version = 1.26.586.697.
2026-08-08 09:33:29.710 -05:00 [INF] (Thread 28) SelfUpdater: already up to date.
2026-08-08 09:33:29.710 -05:00 [INF] (Thread 28) UpdateOrchestrator: === Update cycle starting ===
2026-08-08 09:33:29.710 -05:00 [INF] (Thread 28) WindowsUpdateWorker: starting update pass.
2026-08-08 09:33:29.710 -05:00 [INF] (Thread 28) WindowsUpdateWorker: verifying PSWindowsUpdate module.
2026-08-08 09:33:29.713 -05:00 [DBG] (Thread 28) WindowsUpdateWorker: running PS script: $ProgressPreference = 'SilentlyContinue'
            $ErrorActionPreference = 'Stop'
            try {
                if (-not (Get-PackageProvider -Name NuGet -ListAvailable -ErrorAction SilentlyContinue)) {
                    Install-PackageProvider -Name NuGet -MinimumVersion 2.8.5.201 -Force -Scope AllUsers | Out-Null
                }
                Set-PSRepository -Name PSGallery -InstallationPolicy Trusted -ErrorAction SilentlyContinue
                if (-not (Get-Module -ListAvailable -Name PSWindowsUpdate -ErrorAction SilentlyContinue)) {
                    Install-Module PSWindowsUpdate -Force -SkipPublisherCheck -Scope AllUsers | Out-Null
                }
                Import-Module PSWindowsUpdate -Force -ErrorAction Stop
                try {
                    Add-WUServiceManager -MicrosoftUpdate -Confirm:$false -ErrorAction SilentlyContinue | Out-Null
                } catch {}
                Write-Output 'OK'
            } catch {
                Write-Output ('ERROR: ' + $_.Exception.Message)
            }
2026-08-08 09:34:07.548 -05:00 [INF] (Thread 23) WindowsUpdateWorker: PSWindowsUpdate module OK.
2026-08-08 09:34:07.550 -05:00 [DBG] (Thread 23) WindowsUpdateWorker: running PS script: Import-Module PSWindowsUpdate -ErrorAction Stop
        $ProgressPreference = 'SilentlyContinue'

        # Force the Windows Update Agent to scan before installing.
        # Fixes 0x80248007 (WU_E_DS_NODATA) on fresh builds or machines
        # whose update data store has not been initialised yet.
        try {
            Start-Process -FilePath 'UsoClient.exe' `
                -ArgumentList 'StartScan' `
                -Wait -NoNewWindow -ErrorAction SilentlyContinue
            Start-Sleep -Seconds 30
        } catch {}

        # 2>&1 merges stderr into the pipeline mixing strings with update
        # objects -- we filter them out in the foreach loop below.
        $rawOutput = Install-WindowsUpdate `
            -MicrosoftUpdate `
            -AcceptAll `
            -IgnoreReboot `
            -Install `
            -ErrorAction Continue 2>&1

        # Use a hashtable keyed on Title to keep only the LAST result per update.
        # PSWindowsUpdate emits objects at multiple pipeline stages (search, download,
        # install); overwriting ensures we capture the final post-install ResultCode
        # rather than an early ResultCode=0 (NotStarted).
        $byKey = @{}

        foreach ($u in $rawOutput) {
            if ($null -eq $u -or $u -isnot [PSObject]) { continue }
            if (-not ($u.PSObject.Properties.Name -contains 'Title')) { continue }
            if ([string]::IsNullOrWhiteSpace($u.Title)) { continue }

            $resultCode = 0
            try { $resultCode = [int]$u.ResultCode } catch { $resultCode = 4 }
            $succeeded = ($resultCode -eq 2 -or $resultCode -eq 3)

            # ResultCode=0 means NotStarted — treat as Skipped, not Failed.
            $status = if ($succeeded) { 'Succeeded' } elseif ($resultCode -eq 0) { 'Skipped' } else { 'Failed' }

            $kb = ''
            try {
                if ($u.KBArticleIDs -and $u.KBArticleIDs.Count -gt 0) {
                    $kb = 'KB' + $u.KBArticleIDs[0]
                }
            } catch {}

            $needsReboot = $false
            try { $needsReboot = [bool]$u.RebootRequired } catch {}

            $byKey[$u.Title] = [PSCustomObject]@{
                Identifier     = $kb
                Title          = [string]$u.Title
                Status         = $status
                ErrorMessage   = if ($succeeded -or $resultCode -eq 0) { '' } else { 'ResultCode=' + $resultCode }
                RebootRequired = $needsReboot
                AttemptedAt    = (Get-Date -Format 'o')
            }
        }

        $results = @($byKey.Values)

        if ($results.Count -eq 0) {
            Write-Output '[]'
        } else {
            $results | ConvertTo-Json -Compress
        }
2026-08-08 09:35:17.820 -05:00 [INF] (Thread 28) WindowsUpdateWorker: no updates installed — system reboot is already pending.
2026-08-08 09:35:17.820 -05:00 [INF] (Thread 28) WindowsUpdateWorker: pass complete. Total=1 Succeeded=1 Failed=0 Skipped=0
2026-08-08 09:35:17.821 -05:00 [INF] (Thread 28) WingetWorker: skipping — last run was 2026-08-06T22:50:11.8754628Z (less than 7 days ago).
2026-08-08 09:35:17.821 -05:00 [INF] (Thread 28) UpdateOrchestrator: cycle complete. Total=1 Succeeded=1 Failed=0 RebootRequired=true
2026-08-08 09:35:17.821 -05:00 [INF] (Thread 28) UpdateOrchestrator: reboot required but today is not an allowed reboot day per RebootDoW — skipping notification until the next allowed day.
2026-08-08 09:35:17.821 -05:00 [INF] (Thread 28) UpdateBackgroundService: next cycle in "01:00:00".
2026-08-08 10:35:18.034 -05:00 [INF] (Thread 29) SelfUpdater: checking for updates. Current version: 1.26.586.697
2026-08-08 10:35:18.147 -05:00 [INF] (Thread 26) SelfUpdater: remote version = 1.26.586.697.
2026-08-08 10:35:18.147 -05:00 [INF] (Thread 26) SelfUpdater: already up to date.
2026-08-08 10:35:18.147 -05:00 [INF] (Thread 26) UpdateOrchestrator: === Update cycle starting ===
2026-08-08 10:35:18.147 -05:00 [INF] (Thread 26) WindowsUpdateWorker: starting update pass.
2026-08-08 10:35:18.147 -05:00 [INF] (Thread 26) WindowsUpdateWorker: verifying PSWindowsUpdate module.
2026-08-08 10:35:18.150 -05:00 [DBG] (Thread 26) WindowsUpdateWorker: running PS script: $ProgressPreference = 'SilentlyContinue'
            $ErrorActionPreference = 'Stop'
            try {
                if (-not (Get-PackageProvider -Name NuGet -ListAvailable -ErrorAction SilentlyContinue)) {
                    Install-PackageProvider -Name NuGet -MinimumVersion 2.8.5.201 -Force -Scope AllUsers | Out-Null
                }
                Set-PSRepository -Name PSGallery -InstallationPolicy Trusted -ErrorAction SilentlyContinue
                if (-not (Get-Module -ListAvailable -Name PSWindowsUpdate -ErrorAction SilentlyContinue)) {
                    Install-Module PSWindowsUpdate -Force -SkipPublisherCheck -Scope AllUsers | Out-Null
                }
                Import-Module PSWindowsUpdate -Force -ErrorAction Stop
                try {
                    Add-WUServiceManager -MicrosoftUpdate -Confirm:$false -ErrorAction SilentlyContinue | Out-Null
                } catch {}
                Write-Output 'OK'
            } catch {
                Write-Output ('ERROR: ' + $_.Exception.Message)
            }
2026-08-08 10:35:52.610 -05:00 [INF] (Thread 28) WindowsUpdateWorker: PSWindowsUpdate module OK.
2026-08-08 10:35:52.613 -05:00 [DBG] (Thread 28) WindowsUpdateWorker: running PS script: Import-Module PSWindowsUpdate -ErrorAction Stop
        $ProgressPreference = 'SilentlyContinue'

        # Force the Windows Update Agent to scan before installing.
        # Fixes 0x80248007 (WU_E_DS_NODATA) on fresh builds or machines
        # whose update data store has not been initialised yet.
        try {
            Start-Process -FilePath 'UsoClient.exe' `
                -ArgumentList 'StartScan' `
                -Wait -NoNewWindow -ErrorAction SilentlyContinue
            Start-Sleep -Seconds 30
        } catch {}

        # 2>&1 merges stderr into the pipeline mixing strings with update
        # objects -- we filter them out in the foreach loop below.
        $rawOutput = Install-WindowsUpdate `
            -MicrosoftUpdate `
            -AcceptAll `
            -IgnoreReboot `
            -Install `
            -ErrorAction Continue 2>&1

        # Use a hashtable keyed on Title to keep only the LAST result per update.
        # PSWindowsUpdate emits objects at multiple pipeline stages (search, download,
        # install); overwriting ensures we capture the final post-install ResultCode
        # rather than an early ResultCode=0 (NotStarted).
        $byKey = @{}

        foreach ($u in $rawOutput) {
            if ($null -eq $u -or $u -isnot [PSObject]) { continue }
            if (-not ($u.PSObject.Properties.Name -contains 'Title')) { continue }
            if ([string]::IsNullOrWhiteSpace($u.Title)) { continue }

            $resultCode = 0
            try { $resultCode = [int]$u.ResultCode } catch { $resultCode = 4 }
            $succeeded = ($resultCode -eq 2 -or $resultCode -eq 3)

            # ResultCode=0 means NotStarted — treat as Skipped, not Failed.
            $status = if ($succeeded) { 'Succeeded' } elseif ($resultCode -eq 0) { 'Skipped' } else { 'Failed' }

            $kb = ''
            try {
                if ($u.KBArticleIDs -and $u.KBArticleIDs.Count -gt 0) {
                    $kb = 'KB' + $u.KBArticleIDs[0]
                }
            } catch {}

            $needsReboot = $false
            try { $needsReboot = [bool]$u.RebootRequired } catch {}

            $byKey[$u.Title] = [PSCustomObject]@{
                Identifier     = $kb
                Title          = [string]$u.Title
                Status         = $status
                ErrorMessage   = if ($succeeded -or $resultCode -eq 0) { '' } else { 'ResultCode=' + $resultCode }
                RebootRequired = $needsReboot
                AttemptedAt    = (Get-Date -Format 'o')
            }
        }

        $results = @($byKey.Values)

        if ($results.Count -eq 0) {
            Write-Output '[]'
        } else {
            $results | ConvertTo-Json -Compress
        }
2026-08-08 10:37:21.966 -05:00 [INF] (Thread 28) WindowsUpdateWorker: no updates installed — system reboot is already pending.
2026-08-08 10:37:21.966 -05:00 [INF] (Thread 28) WindowsUpdateWorker: pass complete. Total=1 Succeeded=1 Failed=0 Skipped=0
2026-08-08 10:37:21.967 -05:00 [INF] (Thread 28) WingetWorker: skipping — last run was 2026-08-06T22:50:11.8754628Z (less than 7 days ago).
2026-08-08 10:37:21.967 -05:00 [INF] (Thread 28) UpdateOrchestrator: cycle complete. Total=1 Succeeded=1 Failed=0 RebootRequired=true
2026-08-08 10:37:21.967 -05:00 [INF] (Thread 28) UpdateOrchestrator: reboot required but today is not an allowed reboot day per RebootDoW — skipping notification until the next allowed day.
2026-08-08 10:37:21.967 -05:00 [INF] (Thread 28) UpdateBackgroundService: next cycle in "01:00:00".
2026-08-08 11:37:21.981 -05:00 [INF] (Thread 27) SelfUpdater: checking for updates. Current version: 1.26.586.697
2026-08-08 11:37:22.171 -05:00 [INF] (Thread 27) SelfUpdater: remote version = 1.26.586.697.
2026-08-08 11:37:22.171 -05:00 [INF] (Thread 27) SelfUpdater: already up to date.
2026-08-08 11:37:22.171 -05:00 [INF] (Thread 27) UpdateOrchestrator: === Update cycle starting ===
2026-08-08 11:37:22.171 -05:00 [INF] (Thread 27) WindowsUpdateWorker: starting update pass.
2026-08-08 11:37:22.171 -05:00 [INF] (Thread 27) WindowsUpdateWorker: verifying PSWindowsUpdate module.
2026-08-08 11:37:22.174 -05:00 [DBG] (Thread 27) WindowsUpdateWorker: running PS script: $ProgressPreference = 'SilentlyContinue'
            $ErrorActionPreference = 'Stop'
            try {
                if (-not (Get-PackageProvider -Name NuGet -ListAvailable -ErrorAction SilentlyContinue)) {
                    Install-PackageProvider -Name NuGet -MinimumVersion 2.8.5.201 -Force -Scope AllUsers | Out-Null
                }
                Set-PSRepository -Name PSGallery -InstallationPolicy Trusted -ErrorAction SilentlyContinue
                if (-not (Get-Module -ListAvailable -Name PSWindowsUpdate -ErrorAction SilentlyContinue)) {
                    Install-Module PSWindowsUpdate -Force -SkipPublisherCheck -Scope AllUsers | Out-Null
                }
                Import-Module PSWindowsUpdate -Force -ErrorAction Stop
                try {
                    Add-WUServiceManager -MicrosoftUpdate -Confirm:$false -ErrorAction SilentlyContinue | Out-Null
                } catch {}
                Write-Output 'OK'
            } catch {
                Write-Output ('ERROR: ' + $_.Exception.Message)
            }
2026-08-08 11:37:53.883 -05:00 [INF] (Thread 27) WindowsUpdateWorker: PSWindowsUpdate module OK.
2026-08-08 11:37:53.885 -05:00 [DBG] (Thread 27) WindowsUpdateWorker: running PS script: Import-Module PSWindowsUpdate -ErrorAction Stop
        $ProgressPreference = 'SilentlyContinue'

        # Force the Windows Update Agent to scan before installing.
        # Fixes 0x80248007 (WU_E_DS_NODATA) on fresh builds or machines
        # whose update data store has not been initialised yet.
        try {
            Start-Process -FilePath 'UsoClient.exe' `
                -ArgumentList 'StartScan' `
                -Wait -NoNewWindow -ErrorAction SilentlyContinue
            Start-Sleep -Seconds 30
        } catch {}

        # 2>&1 merges stderr into the pipeline mixing strings with update
        # objects -- we filter them out in the foreach loop below.
        $rawOutput = Install-WindowsUpdate `
            -MicrosoftUpdate `
            -AcceptAll `
            -IgnoreReboot `
            -Install `
            -ErrorAction Continue 2>&1

        # Use a hashtable keyed on Title to keep only the LAST result per update.
        # PSWindowsUpdate emits objects at multiple pipeline stages (search, download,
        # install); overwriting ensures we capture the final post-install ResultCode
        # rather than an early ResultCode=0 (NotStarted).
        $byKey = @{}

        foreach ($u in $rawOutput) {
            if ($null -eq $u -or $u -isnot [PSObject]) { continue }
            if (-not ($u.PSObject.Properties.Name -contains 'Title')) { continue }
            if ([string]::IsNullOrWhiteSpace($u.Title)) { continue }

            $resultCode = 0
            try { $resultCode = [int]$u.ResultCode } catch { $resultCode = 4 }
            $succeeded = ($resultCode -eq 2 -or $resultCode -eq 3)

            # ResultCode=0 means NotStarted — treat as Skipped, not Failed.
            $status = if ($succeeded) { 'Succeeded' } elseif ($resultCode -eq 0) { 'Skipped' } else { 'Failed' }

            $kb = ''
            try {
                if ($u.KBArticleIDs -and $u.KBArticleIDs.Count -gt 0) {
                    $kb = 'KB' + $u.KBArticleIDs[0]
                }
            } catch {}

            $needsReboot = $false
            try { $needsReboot = [bool]$u.RebootRequired } catch {}

            $byKey[$u.Title] = [PSCustomObject]@{
                Identifier     = $kb
                Title          = [string]$u.Title
                Status         = $status
                ErrorMessage   = if ($succeeded -or $resultCode -eq 0) { '' } else { 'ResultCode=' + $resultCode }
                RebootRequired = $needsReboot
                AttemptedAt    = (Get-Date -Format 'o')
            }
        }

        $results = @($byKey.Values)

        if ($results.Count -eq 0) {
            Write-Output '[]'
        } else {
            $results | ConvertTo-Json -Compress
        }
2026-08-08 11:39:00.155 -05:00 [INF] (Thread 28) WindowsUpdateWorker: no updates installed — system reboot is already pending.
2026-08-08 11:39:00.155 -05:00 [INF] (Thread 28) WindowsUpdateWorker: pass complete. Total=1 Succeeded=1 Failed=0 Skipped=0
2026-08-08 11:39:00.156 -05:00 [INF] (Thread 28) WingetWorker: skipping — last run was 2026-08-06T22:50:11.8754628Z (less than 7 days ago).
2026-08-08 11:39:00.156 -05:00 [INF] (Thread 28) UpdateOrchestrator: cycle complete. Total=1 Succeeded=1 Failed=0 RebootRequired=true
2026-08-08 11:39:00.156 -05:00 [INF] (Thread 28) UpdateOrchestrator: reboot required but today is not an allowed reboot day per RebootDoW — skipping notification until the next allowed day.
2026-08-08 11:39:00.156 -05:00 [INF] (Thread 28) UpdateBackgroundService: next cycle in "01:00:00".
2026-08-08 12:39:00.363 -05:00 [INF] (Thread 28) SelfUpdater: checking for updates. Current version: 1.26.586.697
2026-08-08 12:39:00.503 -05:00 [INF] (Thread 18) SelfUpdater: remote version = 1.26.586.697.
2026-08-08 12:39:00.503 -05:00 [INF] (Thread 18) SelfUpdater: already up to date.
2026-08-08 12:39:00.503 -05:00 [INF] (Thread 18) UpdateOrchestrator: === Update cycle starting ===
2026-08-08 12:39:00.503 -05:00 [INF] (Thread 18) WindowsUpdateWorker: starting update pass.
2026-08-08 12:39:00.503 -05:00 [INF] (Thread 18) WindowsUpdateWorker: verifying PSWindowsUpdate module.
2026-08-08 12:39:00.506 -05:00 [DBG] (Thread 18) WindowsUpdateWorker: running PS script: $ProgressPreference = 'SilentlyContinue'
            $ErrorActionPreference = 'Stop'
            try {
                if (-not (Get-PackageProvider -Name NuGet -ListAvailable -ErrorAction SilentlyContinue)) {
                    Install-PackageProvider -Name NuGet -MinimumVersion 2.8.5.201 -Force -Scope AllUsers | Out-Null
                }
                Set-PSRepository -Name PSGallery -InstallationPolicy Trusted -ErrorAction SilentlyContinue
                if (-not (Get-Module -ListAvailable -Name PSWindowsUpdate -ErrorAction SilentlyContinue)) {
                    Install-Module PSWindowsUpdate -Force -SkipPublisherCheck -Scope AllUsers | Out-Null
                }
                Import-Module PSWindowsUpdate -Force -ErrorAction Stop
                try {
                    Add-WUServiceManager -MicrosoftUpdate -Confirm:$false -ErrorAction SilentlyContinue | Out-Null
                } catch {}
                Write-Output 'OK'
            } catch {
                Write-Output ('ERROR: ' + $_.Exception.Message)
            }
2026-08-08 12:39:32.588 -05:00 [INF] (Thread 28) WindowsUpdateWorker: PSWindowsUpdate module OK.
2026-08-08 12:39:32.590 -05:00 [DBG] (Thread 28) WindowsUpdateWorker: running PS script: Import-Module PSWindowsUpdate -ErrorAction Stop
        $ProgressPreference = 'SilentlyContinue'

        # Force the Windows Update Agent to scan before installing.
        # Fixes 0x80248007 (WU_E_DS_NODATA) on fresh builds or machines
        # whose update data store has not been initialised yet.
        try {
            Start-Process -FilePath 'UsoClient.exe' `
                -ArgumentList 'StartScan' `
                -Wait -NoNewWindow -ErrorAction SilentlyContinue
            Start-Sleep -Seconds 30
        } catch {}

        # 2>&1 merges stderr into the pipeline mixing strings with update
        # objects -- we filter them out in the foreach loop below.
        $rawOutput = Install-WindowsUpdate `
            -MicrosoftUpdate `
            -AcceptAll `
            -IgnoreReboot `
            -Install `
            -ErrorAction Continue 2>&1

        # Use a hashtable keyed on Title to keep only the LAST result per update.
        # PSWindowsUpdate emits objects at multiple pipeline stages (search, download,
        # install); overwriting ensures we capture the final post-install ResultCode
        # rather than an early ResultCode=0 (NotStarted).
        $byKey = @{}

        foreach ($u in $rawOutput) {
            if ($null -eq $u -or $u -isnot [PSObject]) { continue }
            if (-not ($u.PSObject.Properties.Name -contains 'Title')) { continue }
            if ([string]::IsNullOrWhiteSpace($u.Title)) { continue }

            $resultCode = 0
            try { $resultCode = [int]$u.ResultCode } catch { $resultCode = 4 }
            $succeeded = ($resultCode -eq 2 -or $resultCode -eq 3)

            # ResultCode=0 means NotStarted — treat as Skipped, not Failed.
            $status = if ($succeeded) { 'Succeeded' } elseif ($resultCode -eq 0) { 'Skipped' } else { 'Failed' }

            $kb = ''
            try {
                if ($u.KBArticleIDs -and $u.KBArticleIDs.Count -gt 0) {
                    $kb = 'KB' + $u.KBArticleIDs[0]
                }
            } catch {}

            $needsReboot = $false
            try { $needsReboot = [bool]$u.RebootRequired } catch {}

            $byKey[$u.Title] = [PSCustomObject]@{
                Identifier     = $kb
                Title          = [string]$u.Title
                Status         = $status
                ErrorMessage   = if ($succeeded -or $resultCode -eq 0) { '' } else { 'ResultCode=' + $resultCode }
                RebootRequired = $needsReboot
                AttemptedAt    = (Get-Date -Format 'o')
            }
        }

        $results = @($byKey.Values)

        if ($results.Count -eq 0) {
            Write-Output '[]'
        } else {
            $results | ConvertTo-Json -Compress
        }
2026-08-08 12:40:32.070 -05:00 [INF] (Thread 21) WindowsUpdateWorker: no updates installed — system reboot is already pending.
2026-08-08 12:40:32.070 -05:00 [INF] (Thread 21) WindowsUpdateWorker: pass complete. Total=1 Succeeded=1 Failed=0 Skipped=0
2026-08-08 12:40:32.071 -05:00 [INF] (Thread 21) WingetWorker: skipping — last run was 2026-08-06T22:50:11.8754628Z (less than 7 days ago).
2026-08-08 12:40:32.072 -05:00 [INF] (Thread 21) UpdateOrchestrator: cycle complete. Total=1 Succeeded=1 Failed=0 RebootRequired=true
2026-08-08 12:40:32.072 -05:00 [INF] (Thread 21) UpdateOrchestrator: reboot required but today is not an allowed reboot day per RebootDoW — skipping notification until the next allowed day.
2026-08-08 12:40:32.072 -05:00 [INF] (Thread 21) UpdateBackgroundService: next cycle in "01:00:00".
2026-08-08 13:40:32.078 -05:00 [INF] (Thread 7) SelfUpdater: checking for updates. Current version: 1.26.586.697
2026-08-08 13:40:32.220 -05:00 [INF] (Thread 22) SelfUpdater: remote version = 1.26.586.697.
2026-08-08 13:40:32.220 -05:00 [INF] (Thread 22) SelfUpdater: already up to date.
2026-08-08 13:40:32.220 -05:00 [INF] (Thread 22) UpdateOrchestrator: === Update cycle starting ===
2026-08-08 13:40:32.220 -05:00 [INF] (Thread 22) WindowsUpdateWorker: starting update pass.
2026-08-08 13:40:32.220 -05:00 [INF] (Thread 22) WindowsUpdateWorker: verifying PSWindowsUpdate module.
2026-08-08 13:40:32.223 -05:00 [DBG] (Thread 22) WindowsUpdateWorker: running PS script: $ProgressPreference = 'SilentlyContinue'
            $ErrorActionPreference = 'Stop'
            try {
                if (-not (Get-PackageProvider -Name NuGet -ListAvailable -ErrorAction SilentlyContinue)) {
                    Install-PackageProvider -Name NuGet -MinimumVersion 2.8.5.201 -Force -Scope AllUsers | Out-Null
                }
                Set-PSRepository -Name PSGallery -InstallationPolicy Trusted -ErrorAction SilentlyContinue
                if (-not (Get-Module -ListAvailable -Name PSWindowsUpdate -ErrorAction SilentlyContinue)) {
                    Install-Module PSWindowsUpdate -Force -SkipPublisherCheck -Scope AllUsers | Out-Null
                }
                Import-Module PSWindowsUpdate -Force -ErrorAction Stop
                try {
                    Add-WUServiceManager -MicrosoftUpdate -Confirm:$false -ErrorAction SilentlyContinue | Out-Null
                } catch {}
                Write-Output 'OK'
            } catch {
                Write-Output ('ERROR: ' + $_.Exception.Message)
            }
2026-08-08 13:41:06.157 -05:00 [INF] (Thread 22) WindowsUpdateWorker: PSWindowsUpdate module OK.
2026-08-08 13:41:06.160 -05:00 [DBG] (Thread 22) WindowsUpdateWorker: running PS script: Import-Module PSWindowsUpdate -ErrorAction Stop
        $ProgressPreference = 'SilentlyContinue'

        # Force the Windows Update Agent to scan before installing.
        # Fixes 0x80248007 (WU_E_DS_NODATA) on fresh builds or machines
        # whose update data store has not been initialised yet.
        try {
            Start-Process -FilePath 'UsoClient.exe' `
                -ArgumentList 'StartScan' `
                -Wait -NoNewWindow -ErrorAction SilentlyContinue
            Start-Sleep -Seconds 30
        } catch {}

        # 2>&1 merges stderr into the pipeline mixing strings with update
        # objects -- we filter them out in the foreach loop below.
        $rawOutput = Install-WindowsUpdate `
            -MicrosoftUpdate `
            -AcceptAll `
            -IgnoreReboot `
            -Install `
            -ErrorAction Continue 2>&1

        # Use a hashtable keyed on Title to keep only the LAST result per update.
        # PSWindowsUpdate emits objects at multiple pipeline stages (search, download,
        # install); overwriting ensures we capture the final post-install ResultCode
        # rather than an early ResultCode=0 (NotStarted).
        $byKey = @{}

        foreach ($u in $rawOutput) {
            if ($null -eq $u -or $u -isnot [PSObject]) { continue }
            if (-not ($u.PSObject.Properties.Name -contains 'Title')) { continue }
            if ([string]::IsNullOrWhiteSpace($u.Title)) { continue }

            $resultCode = 0
            try { $resultCode = [int]$u.ResultCode } catch { $resultCode = 4 }
            $succeeded = ($resultCode -eq 2 -or $resultCode -eq 3)

            # ResultCode=0 means NotStarted — treat as Skipped, not Failed.
            $status = if ($succeeded) { 'Succeeded' } elseif ($resultCode -eq 0) { 'Skipped' } else { 'Failed' }

            $kb = ''
            try {
                if ($u.KBArticleIDs -and $u.KBArticleIDs.Count -gt 0) {
                    $kb = 'KB' + $u.KBArticleIDs[0]
                }
            } catch {}

            $needsReboot = $false
            try { $needsReboot = [bool]$u.RebootRequired } catch {}

            $byKey[$u.Title] = [PSCustomObject]@{
                Identifier     = $kb
                Title          = [string]$u.Title
                Status         = $status
                ErrorMessage   = if ($succeeded -or $resultCode -eq 0) { '' } else { 'ResultCode=' + $resultCode }
                RebootRequired = $needsReboot
                AttemptedAt    = (Get-Date -Format 'o')
            }
        }

        $results = @($byKey.Values)

        if ($results.Count -eq 0) {
            Write-Output '[]'
        } else {
            $results | ConvertTo-Json -Compress
        }
2026-08-08 13:42:17.333 -05:00 [INF] (Thread 17) WindowsUpdateWorker: no updates installed — system reboot is already pending.
2026-08-08 13:42:17.333 -05:00 [INF] (Thread 17) WindowsUpdateWorker: pass complete. Total=1 Succeeded=1 Failed=0 Skipped=0
2026-08-08 13:42:17.334 -05:00 [INF] (Thread 17) WingetWorker: skipping — last run was 2026-08-06T22:50:11.8754628Z (less than 7 days ago).
2026-08-08 13:42:17.334 -05:00 [INF] (Thread 17) UpdateOrchestrator: cycle complete. Total=1 Succeeded=1 Failed=0 RebootRequired=true
2026-08-08 13:42:17.334 -05:00 [INF] (Thread 17) UpdateOrchestrator: reboot required but today is not an allowed reboot day per RebootDoW — skipping notification until the next allowed day.
2026-08-08 13:42:17.334 -05:00 [INF] (Thread 17) UpdateBackgroundService: next cycle in "01:00:00".
2026-08-08 14:42:17.347 -05:00 [INF] (Thread 3) SelfUpdater: checking for updates. Current version: 1.26.586.697
2026-08-08 14:42:17.511 -05:00 [INF] (Thread 3) SelfUpdater: remote version = 1.26.586.697.
2026-08-08 14:42:17.511 -05:00 [INF] (Thread 3) SelfUpdater: already up to date.
2026-08-08 14:42:17.511 -05:00 [INF] (Thread 3) UpdateOrchestrator: === Update cycle starting ===
2026-08-08 14:42:17.511 -05:00 [INF] (Thread 3) WindowsUpdateWorker: starting update pass.
2026-08-08 14:42:17.511 -05:00 [INF] (Thread 3) WindowsUpdateWorker: verifying PSWindowsUpdate module.
2026-08-08 14:42:17.515 -05:00 [DBG] (Thread 3) WindowsUpdateWorker: running PS script: $ProgressPreference = 'SilentlyContinue'
            $ErrorActionPreference = 'Stop'
            try {
                if (-not (Get-PackageProvider -Name NuGet -ListAvailable -ErrorAction SilentlyContinue)) {
                    Install-PackageProvider -Name NuGet -MinimumVersion 2.8.5.201 -Force -Scope AllUsers | Out-Null
                }
                Set-PSRepository -Name PSGallery -InstallationPolicy Trusted -ErrorAction SilentlyContinue
                if (-not (Get-Module -ListAvailable -Name PSWindowsUpdate -ErrorAction SilentlyContinue)) {
                    Install-Module PSWindowsUpdate -Force -SkipPublisherCheck -Scope AllUsers | Out-Null
                }
                Import-Module PSWindowsUpdate -Force -ErrorAction Stop
                try {
                    Add-WUServiceManager -MicrosoftUpdate -Confirm:$false -ErrorAction SilentlyContinue | Out-Null
                } catch {}
                Write-Output 'OK'
            } catch {
                Write-Output ('ERROR: ' + $_.Exception.Message)
            }
2026-08-08 14:42:50.527 -05:00 [INF] (Thread 14) WindowsUpdateWorker: PSWindowsUpdate module OK.
2026-08-08 14:42:50.530 -05:00 [DBG] (Thread 14) WindowsUpdateWorker: running PS script: Import-Module PSWindowsUpdate -ErrorAction Stop
        $ProgressPreference = 'SilentlyContinue'

        # Force the Windows Update Agent to scan before installing.
        # Fixes 0x80248007 (WU_E_DS_NODATA) on fresh builds or machines
        # whose update data store has not been initialised yet.
        try {
            Start-Process -FilePath 'UsoClient.exe' `
                -ArgumentList 'StartScan' `
                -Wait -NoNewWindow -ErrorAction SilentlyContinue
            Start-Sleep -Seconds 30
        } catch {}

        # 2>&1 merges stderr into the pipeline mixing strings with update
        # objects -- we filter them out in the foreach loop below.
        $rawOutput = Install-WindowsUpdate `
            -MicrosoftUpdate `
            -AcceptAll `
            -IgnoreReboot `
            -Install `
            -ErrorAction Continue 2>&1

        # Use a hashtable keyed on Title to keep only the LAST result per update.
        # PSWindowsUpdate emits objects at multiple pipeline stages (search, download,
        # install); overwriting ensures we capture the final post-install ResultCode
        # rather than an early ResultCode=0 (NotStarted).
        $byKey = @{}

        foreach ($u in $rawOutput) {
            if ($null -eq $u -or $u -isnot [PSObject]) { continue }
            if (-not ($u.PSObject.Properties.Name -contains 'Title')) { continue }
            if ([string]::IsNullOrWhiteSpace($u.Title)) { continue }

            $resultCode = 0
            try { $resultCode = [int]$u.ResultCode } catch { $resultCode = 4 }
            $succeeded = ($resultCode -eq 2 -or $resultCode -eq 3)

            # ResultCode=0 means NotStarted — treat as Skipped, not Failed.
            $status = if ($succeeded) { 'Succeeded' } elseif ($resultCode -eq 0) { 'Skipped' } else { 'Failed' }

            $kb = ''
            try {
                if ($u.KBArticleIDs -and $u.KBArticleIDs.Count -gt 0) {
                    $kb = 'KB' + $u.KBArticleIDs[0]
                }
            } catch {}

            $needsReboot = $false
            try { $needsReboot = [bool]$u.RebootRequired } catch {}

            $byKey[$u.Title] = [PSCustomObject]@{
                Identifier     = $kb
                Title          = [string]$u.Title
                Status         = $status
                ErrorMessage   = if ($succeeded -or $resultCode -eq 0) { '' } else { 'ResultCode=' + $resultCode }
                RebootRequired = $needsReboot
                AttemptedAt    = (Get-Date -Format 'o')
            }
        }

        $results = @($byKey.Values)

        if ($results.Count -eq 0) {
            Write-Output '[]'
        } else {
            $results | ConvertTo-Json -Compress
        }
2026-08-08 14:43:56.703 -05:00 [INF] (Thread 14) WindowsUpdateWorker: no updates installed — system reboot is already pending.
2026-08-08 14:43:56.703 -05:00 [INF] (Thread 14) WindowsUpdateWorker: pass complete. Total=1 Succeeded=1 Failed=0 Skipped=0
2026-08-08 14:43:56.704 -05:00 [INF] (Thread 14) WingetWorker: skipping — last run was 2026-08-06T22:50:11.8754628Z (less than 7 days ago).
2026-08-08 14:43:56.704 -05:00 [INF] (Thread 14) UpdateOrchestrator: cycle complete. Total=1 Succeeded=1 Failed=0 RebootRequired=true
2026-08-08 14:43:56.705 -05:00 [INF] (Thread 14) UpdateOrchestrator: reboot required but today is not an allowed reboot day per RebootDoW — skipping notification until the next allowed day.
2026-08-08 14:43:56.705 -05:00 [INF] (Thread 14) UpdateBackgroundService: next cycle in "01:00:00".
2026-08-08 15:43:56.712 -05:00 [INF] (Thread 7) SelfUpdater: checking for updates. Current version: 1.26.586.697
2026-08-08 15:43:56.880 -05:00 [INF] (Thread 22) SelfUpdater: remote version = 1.26.586.697.
2026-08-08 15:43:56.880 -05:00 [INF] (Thread 22) SelfUpdater: already up to date.
2026-08-08 15:43:56.880 -05:00 [INF] (Thread 22) UpdateOrchestrator: === Update cycle starting ===
2026-08-08 15:43:56.880 -05:00 [INF] (Thread 22) WindowsUpdateWorker: starting update pass.
2026-08-08 15:43:56.880 -05:00 [INF] (Thread 22) WindowsUpdateWorker: verifying PSWindowsUpdate module.
2026-08-08 15:43:56.883 -05:00 [DBG] (Thread 22) WindowsUpdateWorker: running PS script: $ProgressPreference = 'SilentlyContinue'
            $ErrorActionPreference = 'Stop'
            try {
                if (-not (Get-PackageProvider -Name NuGet -ListAvailable -ErrorAction SilentlyContinue)) {
                    Install-PackageProvider -Name NuGet -MinimumVersion 2.8.5.201 -Force -Scope AllUsers | Out-Null
                }
                Set-PSRepository -Name PSGallery -InstallationPolicy Trusted -ErrorAction SilentlyContinue
                if (-not (Get-Module -ListAvailable -Name PSWindowsUpdate -ErrorAction SilentlyContinue)) {
                    Install-Module PSWindowsUpdate -Force -SkipPublisherCheck -Scope AllUsers | Out-Null
                }
                Import-Module PSWindowsUpdate -Force -ErrorAction Stop
                try {
                    Add-WUServiceManager -MicrosoftUpdate -Confirm:$false -ErrorAction SilentlyContinue | Out-Null
                } catch {}
                Write-Output 'OK'
            } catch {
                Write-Output ('ERROR: ' + $_.Exception.Message)
            }
2026-08-08 15:44:30.755 -05:00 [INF] (Thread 7) WindowsUpdateWorker: PSWindowsUpdate module OK.
2026-08-08 15:44:30.757 -05:00 [DBG] (Thread 7) WindowsUpdateWorker: running PS script: Import-Module PSWindowsUpdate -ErrorAction Stop
        $ProgressPreference = 'SilentlyContinue'

        # Force the Windows Update Agent to scan before installing.
        # Fixes 0x80248007 (WU_E_DS_NODATA) on fresh builds or machines
        # whose update data store has not been initialised yet.
        try {
            Start-Process -FilePath 'UsoClient.exe' `
                -ArgumentList 'StartScan' `
                -Wait -NoNewWindow -ErrorAction SilentlyContinue
            Start-Sleep -Seconds 30
        } catch {}

        # 2>&1 merges stderr into the pipeline mixing strings with update
        # objects -- we filter them out in the foreach loop below.
        $rawOutput = Install-WindowsUpdate `
            -MicrosoftUpdate `
            -AcceptAll `
            -IgnoreReboot `
            -Install `
            -ErrorAction Continue 2>&1

        # Use a hashtable keyed on Title to keep only the LAST result per update.
        # PSWindowsUpdate emits objects at multiple pipeline stages (search, download,
        # install); overwriting ensures we capture the final post-install ResultCode
        # rather than an early ResultCode=0 (NotStarted).
        $byKey = @{}

        foreach ($u in $rawOutput) {
            if ($null -eq $u -or $u -isnot [PSObject]) { continue }
            if (-not ($u.PSObject.Properties.Name -contains 'Title')) { continue }
            if ([string]::IsNullOrWhiteSpace($u.Title)) { continue }

            $resultCode = 0
            try { $resultCode = [int]$u.ResultCode } catch { $resultCode = 4 }
            $succeeded = ($resultCode -eq 2 -or $resultCode -eq 3)

            # ResultCode=0 means NotStarted — treat as Skipped, not Failed.
            $status = if ($succeeded) { 'Succeeded' } elseif ($resultCode -eq 0) { 'Skipped' } else { 'Failed' }

            $kb = ''
            try {
                if ($u.KBArticleIDs -and $u.KBArticleIDs.Count -gt 0) {
                    $kb = 'KB' + $u.KBArticleIDs[0]
                }
            } catch {}

            $needsReboot = $false
            try { $needsReboot = [bool]$u.RebootRequired } catch {}

            $byKey[$u.Title] = [PSCustomObject]@{
                Identifier     = $kb
                Title          = [string]$u.Title
                Status         = $status
                ErrorMessage   = if ($succeeded -or $resultCode -eq 0) { '' } else { 'ResultCode=' + $resultCode }
                RebootRequired = $needsReboot
                AttemptedAt    = (Get-Date -Format 'o')
            }
        }

        $results = @($byKey.Values)

        if ($results.Count -eq 0) {
            Write-Output '[]'
        } else {
            $results | ConvertTo-Json -Compress
        }
2026-08-08 15:45:39.809 -05:00 [INF] (Thread 7) WindowsUpdateWorker: no updates installed — system reboot is already pending.
2026-08-08 15:45:39.809 -05:00 [INF] (Thread 7) WindowsUpdateWorker: pass complete. Total=1 Succeeded=1 Failed=0 Skipped=0
2026-08-08 15:45:39.810 -05:00 [INF] (Thread 7) WingetWorker: skipping — last run was 2026-08-06T22:50:11.8754628Z (less than 7 days ago).
2026-08-08 15:45:39.810 -05:00 [INF] (Thread 7) UpdateOrchestrator: cycle complete. Total=1 Succeeded=1 Failed=0 RebootRequired=true
2026-08-08 15:45:39.811 -05:00 [INF] (Thread 7) UpdateOrchestrator: reboot required but today is not an allowed reboot day per RebootDoW — skipping notification until the next allowed day.
2026-08-08 15:45:39.811 -05:00 [INF] (Thread 7) UpdateBackgroundService: next cycle in "01:00:00".
2026-08-08 16:45:40.592 -05:00 [INF] (Thread 7) SelfUpdater: checking for updates. Current version: 1.26.586.697
2026-08-08 16:45:40.782 -05:00 [INF] (Thread 25) SelfUpdater: remote version = 1.26.586.697.
2026-08-08 16:45:40.783 -05:00 [INF] (Thread 25) SelfUpdater: already up to date.
2026-08-08 16:45:40.783 -05:00 [INF] (Thread 25) UpdateOrchestrator: === Update cycle starting ===
2026-08-08 16:45:40.783 -05:00 [INF] (Thread 25) WindowsUpdateWorker: starting update pass.
2026-08-08 16:45:40.783 -05:00 [INF] (Thread 25) WindowsUpdateWorker: verifying PSWindowsUpdate module.
2026-08-08 16:45:40.785 -05:00 [DBG] (Thread 25) WindowsUpdateWorker: running PS script: $ProgressPreference = 'SilentlyContinue'
            $ErrorActionPreference = 'Stop'
            try {
                if (-not (Get-PackageProvider -Name NuGet -ListAvailable -ErrorAction SilentlyContinue)) {
                    Install-PackageProvider -Name NuGet -MinimumVersion 2.8.5.201 -Force -Scope AllUsers | Out-Null
                }
                Set-PSRepository -Name PSGallery -InstallationPolicy Trusted -ErrorAction SilentlyContinue
                if (-not (Get-Module -ListAvailable -Name PSWindowsUpdate -ErrorAction SilentlyContinue)) {
                    Install-Module PSWindowsUpdate -Force -SkipPublisherCheck -Scope AllUsers | Out-Null
                }
                Import-Module PSWindowsUpdate -Force -ErrorAction Stop
                try {
                    Add-WUServiceManager -MicrosoftUpdate -Confirm:$false -ErrorAction SilentlyContinue | Out-Null
                } catch {}
                Write-Output 'OK'
            } catch {
                Write-Output ('ERROR: ' + $_.Exception.Message)
            }
2026-08-08 16:46:12.341 -05:00 [INF] (Thread 25) WindowsUpdateWorker: PSWindowsUpdate module OK.
2026-08-08 16:46:12.343 -05:00 [DBG] (Thread 25) WindowsUpdateWorker: running PS script: Import-Module PSWindowsUpdate -ErrorAction Stop
        $ProgressPreference = 'SilentlyContinue'

        # Force the Windows Update Agent to scan before installing.
        # Fixes 0x80248007 (WU_E_DS_NODATA) on fresh builds or machines
        # whose update data store has not been initialised yet.
        try {
            Start-Process -FilePath 'UsoClient.exe' `
                -ArgumentList 'StartScan' `
                -Wait -NoNewWindow -ErrorAction SilentlyContinue
            Start-Sleep -Seconds 30
        } catch {}

        # 2>&1 merges stderr into the pipeline mixing strings with update
        # objects -- we filter them out in the foreach loop below.
        $rawOutput = Install-WindowsUpdate `
            -MicrosoftUpdate `
            -AcceptAll `
            -IgnoreReboot `
            -Install `
            -ErrorAction Continue 2>&1

        # Use a hashtable keyed on Title to keep only the LAST result per update.
        # PSWindowsUpdate emits objects at multiple pipeline stages (search, download,
        # install); overwriting ensures we capture the final post-install ResultCode
        # rather than an early ResultCode=0 (NotStarted).
        $byKey = @{}

        foreach ($u in $rawOutput) {
            if ($null -eq $u -or $u -isnot [PSObject]) { continue }
            if (-not ($u.PSObject.Properties.Name -contains 'Title')) { continue }
            if ([string]::IsNullOrWhiteSpace($u.Title)) { continue }

            $resultCode = 0
            try { $resultCode = [int]$u.ResultCode } catch { $resultCode = 4 }
            $succeeded = ($resultCode -eq 2 -or $resultCode -eq 3)

            # ResultCode=0 means NotStarted — treat as Skipped, not Failed.
            $status = if ($succeeded) { 'Succeeded' } elseif ($resultCode -eq 0) { 'Skipped' } else { 'Failed' }

            $kb = ''
            try {
                if ($u.KBArticleIDs -and $u.KBArticleIDs.Count -gt 0) {
                    $kb = 'KB' + $u.KBArticleIDs[0]
                }
            } catch {}

            $needsReboot = $false
            try { $needsReboot = [bool]$u.RebootRequired } catch {}

            $byKey[$u.Title] = [PSCustomObject]@{
                Identifier     = $kb
                Title          = [string]$u.Title
                Status         = $status
                ErrorMessage   = if ($succeeded -or $resultCode -eq 0) { '' } else { 'ResultCode=' + $resultCode }
                RebootRequired = $needsReboot
                AttemptedAt    = (Get-Date -Format 'o')
            }
        }

        $results = @($byKey.Values)

        if ($results.Count -eq 0) {
            Write-Output '[]'
        } else {
            $results | ConvertTo-Json -Compress
        }
2026-08-08 16:47:13.180 -05:00 [INF] (Thread 7) WindowsUpdateWorker: no updates installed — system reboot is already pending.
2026-08-08 16:47:13.180 -05:00 [INF] (Thread 7) WindowsUpdateWorker: pass complete. Total=1 Succeeded=1 Failed=0 Skipped=0
2026-08-08 16:47:13.181 -05:00 [INF] (Thread 7) WingetWorker: skipping — last run was 2026-08-06T22:50:11.8754628Z (less than 7 days ago).
2026-08-08 16:47:13.181 -05:00 [INF] (Thread 7) UpdateOrchestrator: cycle complete. Total=1 Succeeded=1 Failed=0 RebootRequired=true
2026-08-08 16:47:13.181 -05:00 [INF] (Thread 7) UpdateOrchestrator: reboot required but today is not an allowed reboot day per RebootDoW — skipping notification until the next allowed day.
2026-08-08 16:47:13.182 -05:00 [INF] (Thread 7) UpdateBackgroundService: next cycle in "01:00:00".
2026-08-08 17:47:13.185 -05:00 [INF] (Thread 3) SelfUpdater: checking for updates. Current version: 1.26.586.697
2026-08-08 17:47:13.327 -05:00 [INF] (Thread 7) SelfUpdater: remote version = 1.26.586.697.
2026-08-08 17:47:13.328 -05:00 [INF] (Thread 7) SelfUpdater: already up to date.
2026-08-08 17:47:13.328 -05:00 [INF] (Thread 7) UpdateOrchestrator: === Update cycle starting ===
2026-08-08 17:47:13.328 -05:00 [INF] (Thread 7) WindowsUpdateWorker: starting update pass.
2026-08-08 17:47:13.328 -05:00 [INF] (Thread 7) WindowsUpdateWorker: verifying PSWindowsUpdate module.
2026-08-08 17:47:13.330 -05:00 [DBG] (Thread 7) WindowsUpdateWorker: running PS script: $ProgressPreference = 'SilentlyContinue'
            $ErrorActionPreference = 'Stop'
            try {
                if (-not (Get-PackageProvider -Name NuGet -ListAvailable -ErrorAction SilentlyContinue)) {
                    Install-PackageProvider -Name NuGet -MinimumVersion 2.8.5.201 -Force -Scope AllUsers | Out-Null
                }
                Set-PSRepository -Name PSGallery -InstallationPolicy Trusted -ErrorAction SilentlyContinue
                if (-not (Get-Module -ListAvailable -Name PSWindowsUpdate -ErrorAction SilentlyContinue)) {
                    Install-Module PSWindowsUpdate -Force -SkipPublisherCheck -Scope AllUsers | Out-Null
                }
                Import-Module PSWindowsUpdate -Force -ErrorAction Stop
                try {
                    Add-WUServiceManager -MicrosoftUpdate -Confirm:$false -ErrorAction SilentlyContinue | Out-Null
                } catch {}
                Write-Output 'OK'
            } catch {
                Write-Output ('ERROR: ' + $_.Exception.Message)
            }
2026-08-08 17:47:46.437 -05:00 [INF] (Thread 7) WindowsUpdateWorker: PSWindowsUpdate module OK.
2026-08-08 17:47:46.440 -05:00 [DBG] (Thread 7) WindowsUpdateWorker: running PS script: Import-Module PSWindowsUpdate -ErrorAction Stop
        $ProgressPreference = 'SilentlyContinue'

        # Force the Windows Update Agent to scan before installing.
        # Fixes 0x80248007 (WU_E_DS_NODATA) on fresh builds or machines
        # whose update data store has not been initialised yet.
        try {
            Start-Process -FilePath 'UsoClient.exe' `
                -ArgumentList 'StartScan' `
                -Wait -NoNewWindow -ErrorAction SilentlyContinue
            Start-Sleep -Seconds 30
        } catch {}

        # 2>&1 merges stderr into the pipeline mixing strings with update
        # objects -- we filter them out in the foreach loop below.
        $rawOutput = Install-WindowsUpdate `
            -MicrosoftUpdate `
            -AcceptAll `
            -IgnoreReboot `
            -Install `
            -ErrorAction Continue 2>&1

        # Use a hashtable keyed on Title to keep only the LAST result per update.
        # PSWindowsUpdate emits objects at multiple pipeline stages (search, download,
        # install); overwriting ensures we capture the final post-install ResultCode
        # rather than an early ResultCode=0 (NotStarted).
        $byKey = @{}

        foreach ($u in $rawOutput) {
            if ($null -eq $u -or $u -isnot [PSObject]) { continue }
            if (-not ($u.PSObject.Properties.Name -contains 'Title')) { continue }
            if ([string]::IsNullOrWhiteSpace($u.Title)) { continue }

            $resultCode = 0
            try { $resultCode = [int]$u.ResultCode } catch { $resultCode = 4 }
            $succeeded = ($resultCode -eq 2 -or $resultCode -eq 3)

            # ResultCode=0 means NotStarted — treat as Skipped, not Failed.
            $status = if ($succeeded) { 'Succeeded' } elseif ($resultCode -eq 0) { 'Skipped' } else { 'Failed' }

            $kb = ''
            try {
                if ($u.KBArticleIDs -and $u.KBArticleIDs.Count -gt 0) {
                    $kb = 'KB' + $u.KBArticleIDs[0]
                }
            } catch {}

            $needsReboot = $false
            try { $needsReboot = [bool]$u.RebootRequired } catch {}

            $byKey[$u.Title] = [PSCustomObject]@{
                Identifier     = $kb
                Title          = [string]$u.Title
                Status         = $status
                ErrorMessage   = if ($succeeded -or $resultCode -eq 0) { '' } else { 'ResultCode=' + $resultCode }
                RebootRequired = $needsReboot
                AttemptedAt    = (Get-Date -Format 'o')
            }
        }

        $results = @($byKey.Values)

        if ($results.Count -eq 0) {
            Write-Output '[]'
        } else {
            $results | ConvertTo-Json -Compress
        }
2026-08-08 17:48:54.159 -05:00 [INF] (Thread 17) WindowsUpdateWorker: no updates installed — system reboot is already pending.
2026-08-08 17:48:54.160 -05:00 [INF] (Thread 17) WindowsUpdateWorker: pass complete. Total=1 Succeeded=1 Failed=0 Skipped=0
2026-08-08 17:48:54.160 -05:00 [INF] (Thread 17) WingetWorker: skipping — last run was 2026-08-06T22:50:11.8754628Z (less than 7 days ago).
2026-08-08 17:48:54.160 -05:00 [INF] (Thread 17) UpdateOrchestrator: cycle complete. Total=1 Succeeded=1 Failed=0 RebootRequired=true
2026-08-08 17:48:54.160 -05:00 [INF] (Thread 17) UpdateOrchestrator: reboot required but today is not an allowed reboot day per RebootDoW — skipping notification until the next allowed day.
2026-08-08 17:48:54.160 -05:00 [INF] (Thread 17) UpdateBackgroundService: next cycle in "01:00:00".
2026-08-08 18:48:54.167 -05:00 [INF] (Thread 17) SelfUpdater: checking for updates. Current version: 1.26.586.697
2026-08-08 18:48:54.276 -05:00 [INF] (Thread 3) SelfUpdater: remote version = 1.26.586.697.
2026-08-08 18:48:54.277 -05:00 [INF] (Thread 3) SelfUpdater: already up to date.
2026-08-08 18:48:54.277 -05:00 [INF] (Thread 3) UpdateOrchestrator: === Update cycle starting ===
2026-08-08 18:48:54.277 -05:00 [INF] (Thread 3) WindowsUpdateWorker: starting update pass.
2026-08-08 18:48:54.277 -05:00 [INF] (Thread 3) WindowsUpdateWorker: verifying PSWindowsUpdate module.
2026-08-08 18:48:54.279 -05:00 [DBG] (Thread 3) WindowsUpdateWorker: running PS script: $ProgressPreference = 'SilentlyContinue'
            $ErrorActionPreference = 'Stop'
            try {
                if (-not (Get-PackageProvider -Name NuGet -ListAvailable -ErrorAction SilentlyContinue)) {
                    Install-PackageProvider -Name NuGet -MinimumVersion 2.8.5.201 -Force -Scope AllUsers | Out-Null
                }
                Set-PSRepository -Name PSGallery -InstallationPolicy Trusted -ErrorAction SilentlyContinue
                if (-not (Get-Module -ListAvailable -Name PSWindowsUpdate -ErrorAction SilentlyContinue)) {
                    Install-Module PSWindowsUpdate -Force -SkipPublisherCheck -Scope AllUsers | Out-Null
                }
                Import-Module PSWindowsUpdate -Force -ErrorAction Stop
                try {
                    Add-WUServiceManager -MicrosoftUpdate -Confirm:$false -ErrorAction SilentlyContinue | Out-Null
                } catch {}
                Write-Output 'OK'
            } catch {
                Write-Output ('ERROR: ' + $_.Exception.Message)
            }
2026-08-08 18:49:26.747 -05:00 [INF] (Thread 27) WindowsUpdateWorker: PSWindowsUpdate module OK.
2026-08-08 18:49:26.749 -05:00 [DBG] (Thread 27) WindowsUpdateWorker: running PS script: Import-Module PSWindowsUpdate -ErrorAction Stop
        $ProgressPreference = 'SilentlyContinue'

        # Force the Windows Update Agent to scan before installing.
        # Fixes 0x80248007 (WU_E_DS_NODATA) on fresh builds or machines
        # whose update data store has not been initialised yet.
        try {
            Start-Process -FilePath 'UsoClient.exe' `
                -ArgumentList 'StartScan' `
                -Wait -NoNewWindow -ErrorAction SilentlyContinue
            Start-Sleep -Seconds 30
        } catch {}

        # 2>&1 merges stderr into the pipeline mixing strings with update
        # objects -- we filter them out in the foreach loop below.
        $rawOutput = Install-WindowsUpdate `
            -MicrosoftUpdate `
            -AcceptAll `
            -IgnoreReboot `
            -Install `
            -ErrorAction Continue 2>&1

        # Use a hashtable keyed on Title to keep only the LAST result per update.
        # PSWindowsUpdate emits objects at multiple pipeline stages (search, download,
        # install); overwriting ensures we capture the final post-install ResultCode
        # rather than an early ResultCode=0 (NotStarted).
        $byKey = @{}

        foreach ($u in $rawOutput) {
            if ($null -eq $u -or $u -isnot [PSObject]) { continue }
            if (-not ($u.PSObject.Properties.Name -contains 'Title')) { continue }
            if ([string]::IsNullOrWhiteSpace($u.Title)) { continue }

            $resultCode = 0
            try { $resultCode = [int]$u.ResultCode } catch { $resultCode = 4 }
            $succeeded = ($resultCode -eq 2 -or $resultCode -eq 3)

            # ResultCode=0 means NotStarted — treat as Skipped, not Failed.
            $status = if ($succeeded) { 'Succeeded' } elseif ($resultCode -eq 0) { 'Skipped' } else { 'Failed' }

            $kb = ''
            try {
                if ($u.KBArticleIDs -and $u.KBArticleIDs.Count -gt 0) {
                    $kb = 'KB' + $u.KBArticleIDs[0]
                }
            } catch {}

            $needsReboot = $false
            try { $needsReboot = [bool]$u.RebootRequired } catch {}

            $byKey[$u.Title] = [PSCustomObject]@{
                Identifier     = $kb
                Title          = [string]$u.Title
                Status         = $status
                ErrorMessage   = if ($succeeded -or $resultCode -eq 0) { '' } else { 'ResultCode=' + $resultCode }
                RebootRequired = $needsReboot
                AttemptedAt    = (Get-Date -Format 'o')
            }
        }

        $results = @($byKey.Values)

        if ($results.Count -eq 0) {
            Write-Output '[]'
        } else {
            $results | ConvertTo-Json -Compress
        }
2026-08-08 18:50:30.029 -05:00 [INF] (Thread 3) WindowsUpdateWorker: no updates installed — system reboot is already pending.
2026-08-08 18:50:30.029 -05:00 [INF] (Thread 3) WindowsUpdateWorker: pass complete. Total=1 Succeeded=1 Failed=0 Skipped=0
2026-08-08 18:50:30.030 -05:00 [INF] (Thread 3) WingetWorker: skipping — last run was 2026-08-06T22:50:11.8754628Z (less than 7 days ago).
2026-08-08 18:50:30.030 -05:00 [INF] (Thread 3) UpdateOrchestrator: cycle complete. Total=1 Succeeded=1 Failed=0 RebootRequired=true
2026-08-08 18:50:30.030 -05:00 [INF] (Thread 3) UpdateOrchestrator: reboot required but today is not an allowed reboot day per RebootDoW — skipping notification until the next allowed day.
2026-08-08 18:50:30.030 -05:00 [INF] (Thread 3) UpdateBackgroundService: next cycle in "01:00:00".
2026-08-08 19:50:30.037 -05:00 [INF] (Thread 23) SelfUpdater: checking for updates. Current version: 1.26.586.697
2026-08-08 19:50:30.181 -05:00 [INF] (Thread 23) SelfUpdater: remote version = 1.26.586.697.
2026-08-08 19:50:30.181 -05:00 [INF] (Thread 23) SelfUpdater: already up to date.
2026-08-08 19:50:30.181 -05:00 [INF] (Thread 23) UpdateOrchestrator: === Update cycle starting ===
2026-08-08 19:50:30.181 -05:00 [INF] (Thread 23) WindowsUpdateWorker: starting update pass.
2026-08-08 19:50:30.181 -05:00 [INF] (Thread 23) WindowsUpdateWorker: verifying PSWindowsUpdate module.
2026-08-08 19:50:30.183 -05:00 [DBG] (Thread 23) WindowsUpdateWorker: running PS script: $ProgressPreference = 'SilentlyContinue'
            $ErrorActionPreference = 'Stop'
            try {
                if (-not (Get-PackageProvider -Name NuGet -ListAvailable -ErrorAction SilentlyContinue)) {
                    Install-PackageProvider -Name NuGet -MinimumVersion 2.8.5.201 -Force -Scope AllUsers | Out-Null
                }
                Set-PSRepository -Name PSGallery -InstallationPolicy Trusted -ErrorAction SilentlyContinue
                if (-not (Get-Module -ListAvailable -Name PSWindowsUpdate -ErrorAction SilentlyContinue)) {
                    Install-Module PSWindowsUpdate -Force -SkipPublisherCheck -Scope AllUsers | Out-Null
                }
                Import-Module PSWindowsUpdate -Force -ErrorAction Stop
                try {
                    Add-WUServiceManager -MicrosoftUpdate -Confirm:$false -ErrorAction SilentlyContinue | Out-Null
                } catch {}
                Write-Output 'OK'
            } catch {
                Write-Output ('ERROR: ' + $_.Exception.Message)
            }
2026-08-08 19:51:02.183 -05:00 [INF] (Thread 26) WindowsUpdateWorker: PSWindowsUpdate module OK.
2026-08-08 19:51:02.186 -05:00 [DBG] (Thread 26) WindowsUpdateWorker: running PS script: Import-Module PSWindowsUpdate -ErrorAction Stop
        $ProgressPreference = 'SilentlyContinue'

        # Force the Windows Update Agent to scan before installing.
        # Fixes 0x80248007 (WU_E_DS_NODATA) on fresh builds or machines
        # whose update data store has not been initialised yet.
        try {
            Start-Process -FilePath 'UsoClient.exe' `
                -ArgumentList 'StartScan' `
                -Wait -NoNewWindow -ErrorAction SilentlyContinue
            Start-Sleep -Seconds 30
        } catch {}

        # 2>&1 merges stderr into the pipeline mixing strings with update
        # objects -- we filter them out in the foreach loop below.
        $rawOutput = Install-WindowsUpdate `
            -MicrosoftUpdate `
            -AcceptAll `
            -IgnoreReboot `
            -Install `
            -ErrorAction Continue 2>&1

        # Use a hashtable keyed on Title to keep only the LAST result per update.
        # PSWindowsUpdate emits objects at multiple pipeline stages (search, download,
        # install); overwriting ensures we capture the final post-install ResultCode
        # rather than an early ResultCode=0 (NotStarted).
        $byKey = @{}

        foreach ($u in $rawOutput) {
            if ($null -eq $u -or $u -isnot [PSObject]) { continue }
            if (-not ($u.PSObject.Properties.Name -contains 'Title')) { continue }
            if ([string]::IsNullOrWhiteSpace($u.Title)) { continue }

            $resultCode = 0
            try { $resultCode = [int]$u.ResultCode } catch { $resultCode = 4 }
            $succeeded = ($resultCode -eq 2 -or $resultCode -eq 3)

            # ResultCode=0 means NotStarted — treat as Skipped, not Failed.
            $status = if ($succeeded) { 'Succeeded' } elseif ($resultCode -eq 0) { 'Skipped' } else { 'Failed' }

            $kb = ''
            try {
                if ($u.KBArticleIDs -and $u.KBArticleIDs.Count -gt 0) {
                    $kb = 'KB' + $u.KBArticleIDs[0]
                }
            } catch {}

            $needsReboot = $false
            try { $needsReboot = [bool]$u.RebootRequired } catch {}

            $byKey[$u.Title] = [PSCustomObject]@{
                Identifier     = $kb
                Title          = [string]$u.Title
                Status         = $status
                ErrorMessage   = if ($succeeded -or $resultCode -eq 0) { '' } else { 'ResultCode=' + $resultCode }
                RebootRequired = $needsReboot
                AttemptedAt    = (Get-Date -Format 'o')
            }
        }

        $results = @($byKey.Values)

        if ($results.Count -eq 0) {
            Write-Output '[]'
        } else {
            $results | ConvertTo-Json -Compress
        }
2026-08-08 19:52:06.373 -05:00 [INF] (Thread 29) WindowsUpdateWorker: no updates installed — system reboot is already pending.
2026-08-08 19:52:06.373 -05:00 [INF] (Thread 29) WindowsUpdateWorker: pass complete. Total=1 Succeeded=1 Failed=0 Skipped=0
2026-08-08 19:52:06.374 -05:00 [INF] (Thread 29) WingetWorker: skipping — last run was 2026-08-06T22:50:11.8754628Z (less than 7 days ago).
2026-08-08 19:52:06.374 -05:00 [INF] (Thread 29) UpdateOrchestrator: cycle complete. Total=1 Succeeded=1 Failed=0 RebootRequired=true
2026-08-08 19:52:06.374 -05:00 [INF] (Thread 29) UpdateOrchestrator: reboot required but today is not an allowed reboot day per RebootDoW — skipping notification until the next allowed day.
2026-08-08 19:52:06.374 -05:00 [INF] (Thread 29) UpdateBackgroundService: next cycle in "01:00:00".
2026-08-08 20:52:06.391 -05:00 [INF] (Thread 32) SelfUpdater: checking for updates. Current version: 1.26.586.697
2026-08-08 20:52:06.546 -05:00 [INF] (Thread 31) SelfUpdater: remote version = 1.26.586.697.
2026-08-08 20:52:06.546 -05:00 [INF] (Thread 31) SelfUpdater: already up to date.
2026-08-08 20:52:06.546 -05:00 [INF] (Thread 31) UpdateOrchestrator: === Update cycle starting ===
2026-08-08 20:52:06.546 -05:00 [INF] (Thread 31) WindowsUpdateWorker: starting update pass.
2026-08-08 20:52:06.546 -05:00 [INF] (Thread 31) WindowsUpdateWorker: verifying PSWindowsUpdate module.
2026-08-08 20:52:06.566 -05:00 [DBG] (Thread 31) WindowsUpdateWorker: running PS script: $ProgressPreference = 'SilentlyContinue'
            $ErrorActionPreference = 'Stop'
            try {
                if (-not (Get-PackageProvider -Name NuGet -ListAvailable -ErrorAction SilentlyContinue)) {
                    Install-PackageProvider -Name NuGet -MinimumVersion 2.8.5.201 -Force -Scope AllUsers | Out-Null
                }
                Set-PSRepository -Name PSGallery -InstallationPolicy Trusted -ErrorAction SilentlyContinue
                if (-not (Get-Module -ListAvailable -Name PSWindowsUpdate -ErrorAction SilentlyContinue)) {
                    Install-Module PSWindowsUpdate -Force -SkipPublisherCheck -Scope AllUsers | Out-Null
                }
                Import-Module PSWindowsUpdate -Force -ErrorAction Stop
                try {
                    Add-WUServiceManager -MicrosoftUpdate -Confirm:$false -ErrorAction SilentlyContinue | Out-Null
                } catch {}
                Write-Output 'OK'
            } catch {
                Write-Output ('ERROR: ' + $_.Exception.Message)
            }
2026-08-08 20:52:40.311 -05:00 [INF] (Thread 31) WindowsUpdateWorker: PSWindowsUpdate module OK.
2026-08-08 20:52:40.313 -05:00 [DBG] (Thread 31) WindowsUpdateWorker: running PS script: Import-Module PSWindowsUpdate -ErrorAction Stop
        $ProgressPreference = 'SilentlyContinue'

        # Force the Windows Update Agent to scan before installing.
        # Fixes 0x80248007 (WU_E_DS_NODATA) on fresh builds or machines
        # whose update data store has not been initialised yet.
        try {
            Start-Process -FilePath 'UsoClient.exe' `
                -ArgumentList 'StartScan' `
                -Wait -NoNewWindow -ErrorAction SilentlyContinue
            Start-Sleep -Seconds 30
        } catch {}

        # 2>&1 merges stderr into the pipeline mixing strings with update
        # objects -- we filter them out in the foreach loop below.
        $rawOutput = Install-WindowsUpdate `
            -MicrosoftUpdate `
            -AcceptAll `
            -IgnoreReboot `
            -Install `
            -ErrorAction Continue 2>&1

        # Use a hashtable keyed on Title to keep only the LAST result per update.
        # PSWindowsUpdate emits objects at multiple pipeline stages (search, download,
        # install); overwriting ensures we capture the final post-install ResultCode
        # rather than an early ResultCode=0 (NotStarted).
        $byKey = @{}

        foreach ($u in $rawOutput) {
            if ($null -eq $u -or $u -isnot [PSObject]) { continue }
            if (-not ($u.PSObject.Properties.Name -contains 'Title')) { continue }
            if ([string]::IsNullOrWhiteSpace($u.Title)) { continue }

            $resultCode = 0
            try { $resultCode = [int]$u.ResultCode } catch { $resultCode = 4 }
            $succeeded = ($resultCode -eq 2 -or $resultCode -eq 3)

            # ResultCode=0 means NotStarted — treat as Skipped, not Failed.
            $status = if ($succeeded) { 'Succeeded' } elseif ($resultCode -eq 0) { 'Skipped' } else { 'Failed' }

            $kb = ''
            try {
                if ($u.KBArticleIDs -and $u.KBArticleIDs.Count -gt 0) {
                    $kb = 'KB' + $u.KBArticleIDs[0]
                }
            } catch {}

            $needsReboot = $false
            try { $needsReboot = [bool]$u.RebootRequired } catch {}

            $byKey[$u.Title] = [PSCustomObject]@{
                Identifier     = $kb
                Title          = [string]$u.Title
                Status         = $status
                ErrorMessage   = if ($succeeded -or $resultCode -eq 0) { '' } else { 'ResultCode=' + $resultCode }
                RebootRequired = $needsReboot
                AttemptedAt    = (Get-Date -Format 'o')
            }
        }

        $results = @($byKey.Values)

        if ($results.Count -eq 0) {
            Write-Output '[]'
        } else {
            $results | ConvertTo-Json -Compress
        }
2026-08-08 20:54:16.636 -05:00 [INF] (Thread 34) WindowsUpdateWorker: no updates installed — system reboot is already pending.
2026-08-08 20:54:16.636 -05:00 [INF] (Thread 34) WindowsUpdateWorker: pass complete. Total=1 Succeeded=1 Failed=0 Skipped=0
2026-08-08 20:54:16.637 -05:00 [INF] (Thread 34) WingetWorker: skipping — last run was 2026-08-06T22:50:11.8754628Z (less than 7 days ago).
2026-08-08 20:54:16.637 -05:00 [INF] (Thread 34) UpdateOrchestrator: cycle complete. Total=1 Succeeded=1 Failed=0 RebootRequired=true
2026-08-08 20:54:16.637 -05:00 [INF] (Thread 34) UpdateOrchestrator: reboot required but today is not an allowed reboot day per RebootDoW — skipping notification until the next allowed day.
2026-08-08 20:54:16.637 -05:00 [INF] (Thread 34) UpdateBackgroundService: next cycle in "01:00:00".
2026-08-08 21:54:16.649 -05:00 [INF] (Thread 33) SelfUpdater: checking for updates. Current version: 1.26.586.697
2026-08-08 21:54:16.783 -05:00 [INF] (Thread 32) SelfUpdater: remote version = 1.26.586.697.
2026-08-08 21:54:16.784 -05:00 [INF] (Thread 32) SelfUpdater: already up to date.
2026-08-08 21:54:16.784 -05:00 [INF] (Thread 32) UpdateOrchestrator: === Update cycle starting ===
2026-08-08 21:54:16.784 -05:00 [INF] (Thread 32) WindowsUpdateWorker: starting update pass.
2026-08-08 21:54:16.784 -05:00 [INF] (Thread 32) WindowsUpdateWorker: verifying PSWindowsUpdate module.
2026-08-08 21:54:16.785 -05:00 [DBG] (Thread 32) WindowsUpdateWorker: running PS script: $ProgressPreference = 'SilentlyContinue'
            $ErrorActionPreference = 'Stop'
            try {
                if (-not (Get-PackageProvider -Name NuGet -ListAvailable -ErrorAction SilentlyContinue)) {
                    Install-PackageProvider -Name NuGet -MinimumVersion 2.8.5.201 -Force -Scope AllUsers | Out-Null
                }
                Set-PSRepository -Name PSGallery -InstallationPolicy Trusted -ErrorAction SilentlyContinue
                if (-not (Get-Module -ListAvailable -Name PSWindowsUpdate -ErrorAction SilentlyContinue)) {
                    Install-Module PSWindowsUpdate -Force -SkipPublisherCheck -Scope AllUsers | Out-Null
                }
                Import-Module PSWindowsUpdate -Force -ErrorAction Stop
                try {
                    Add-WUServiceManager -MicrosoftUpdate -Confirm:$false -ErrorAction SilentlyContinue | Out-Null
                } catch {}
                Write-Output 'OK'
            } catch {
                Write-Output ('ERROR: ' + $_.Exception.Message)
            }
2026-08-08 21:54:48.527 -05:00 [INF] (Thread 33) WindowsUpdateWorker: PSWindowsUpdate module OK.
2026-08-08 21:54:48.529 -05:00 [DBG] (Thread 33) WindowsUpdateWorker: running PS script: Import-Module PSWindowsUpdate -ErrorAction Stop
        $ProgressPreference = 'SilentlyContinue'

        # Force the Windows Update Agent to scan before installing.
        # Fixes 0x80248007 (WU_E_DS_NODATA) on fresh builds or machines
        # whose update data store has not been initialised yet.
        try {
            Start-Process -FilePath 'UsoClient.exe' `
                -ArgumentList 'StartScan' `
                -Wait -NoNewWindow -ErrorAction SilentlyContinue
            Start-Sleep -Seconds 30
        } catch {}

        # 2>&1 merges stderr into the pipeline mixing strings with update
        # objects -- we filter them out in the foreach loop below.
        $rawOutput = Install-WindowsUpdate `
            -MicrosoftUpdate `
            -AcceptAll `
            -IgnoreReboot `
            -Install `
            -ErrorAction Continue 2>&1

        # Use a hashtable keyed on Title to keep only the LAST result per update.
        # PSWindowsUpdate emits objects at multiple pipeline stages (search, download,
        # install); overwriting ensures we capture the final post-install ResultCode
        # rather than an early ResultCode=0 (NotStarted).
        $byKey = @{}

        foreach ($u in $rawOutput) {
            if ($null -eq $u -or $u -isnot [PSObject]) { continue }
            if (-not ($u.PSObject.Properties.Name -contains 'Title')) { continue }
            if ([string]::IsNullOrWhiteSpace($u.Title)) { continue }

            $resultCode = 0
            try { $resultCode = [int]$u.ResultCode } catch { $resultCode = 4 }
            $succeeded = ($resultCode -eq 2 -or $resultCode -eq 3)

            # ResultCode=0 means NotStarted — treat as Skipped, not Failed.
            $status = if ($succeeded) { 'Succeeded' } elseif ($resultCode -eq 0) { 'Skipped' } else { 'Failed' }

            $kb = ''
            try {
                if ($u.KBArticleIDs -and $u.KBArticleIDs.Count -gt 0) {
                    $kb = 'KB' + $u.KBArticleIDs[0]
                }
            } catch {}

            $needsReboot = $false
            try { $needsReboot = [bool]$u.RebootRequired } catch {}

            $byKey[$u.Title] = [PSCustomObject]@{
                Identifier     = $kb
                Title          = [string]$u.Title
                Status         = $status
                ErrorMessage   = if ($succeeded -or $resultCode -eq 0) { '' } else { 'ResultCode=' + $resultCode }
                RebootRequired = $needsReboot
                AttemptedAt    = (Get-Date -Format 'o')
            }
        }

        $results = @($byKey.Values)

        if ($results.Count -eq 0) {
            Write-Output '[]'
        } else {
            $results | ConvertTo-Json -Compress
        }
2026-08-08 21:55:54.056 -05:00 [INF] (Thread 30) WindowsUpdateWorker: no updates installed — system reboot is already pending.
2026-08-08 21:55:54.056 -05:00 [INF] (Thread 30) WindowsUpdateWorker: pass complete. Total=1 Succeeded=1 Failed=0 Skipped=0
2026-08-08 21:55:54.057 -05:00 [INF] (Thread 30) WingetWorker: skipping — last run was 2026-08-06T22:50:11.8754628Z (less than 7 days ago).
2026-08-08 21:55:54.057 -05:00 [INF] (Thread 30) UpdateOrchestrator: cycle complete. Total=1 Succeeded=1 Failed=0 RebootRequired=true
2026-08-08 21:55:54.057 -05:00 [INF] (Thread 30) UpdateOrchestrator: reboot required but today is not an allowed reboot day per RebootDoW — skipping notification until the next allowed day.
2026-08-08 21:55:54.057 -05:00 [INF] (Thread 30) UpdateBackgroundService: next cycle in "01:00:00".
2026-08-08 22:55:54.066 -05:00 [INF] (Thread 28) SelfUpdater: checking for updates. Current version: 1.26.586.697
2026-08-08 22:55:54.223 -05:00 [INF] (Thread 31) SelfUpdater: remote version = 1.26.586.697.
2026-08-08 22:55:54.223 -05:00 [INF] (Thread 31) SelfUpdater: already up to date.
2026-08-08 22:55:54.223 -05:00 [INF] (Thread 31) UpdateOrchestrator: === Update cycle starting ===
2026-08-08 22:55:54.223 -05:00 [INF] (Thread 31) WindowsUpdateWorker: starting update pass.
2026-08-08 22:55:54.223 -05:00 [INF] (Thread 31) WindowsUpdateWorker: verifying PSWindowsUpdate module.
2026-08-08 22:55:54.226 -05:00 [DBG] (Thread 31) WindowsUpdateWorker: running PS script: $ProgressPreference = 'SilentlyContinue'
            $ErrorActionPreference = 'Stop'
            try {
                if (-not (Get-PackageProvider -Name NuGet -ListAvailable -ErrorAction SilentlyContinue)) {
                    Install-PackageProvider -Name NuGet -MinimumVersion 2.8.5.201 -Force -Scope AllUsers | Out-Null
                }
                Set-PSRepository -Name PSGallery -InstallationPolicy Trusted -ErrorAction SilentlyContinue
                if (-not (Get-Module -ListAvailable -Name PSWindowsUpdate -ErrorAction SilentlyContinue)) {
                    Install-Module PSWindowsUpdate -Force -SkipPublisherCheck -Scope AllUsers | Out-Null
                }
                Import-Module PSWindowsUpdate -Force -ErrorAction Stop
                try {
                    Add-WUServiceManager -MicrosoftUpdate -Confirm:$false -ErrorAction SilentlyContinue | Out-Null
                } catch {}
                Write-Output 'OK'
            } catch {
                Write-Output ('ERROR: ' + $_.Exception.Message)
            }
2026-08-08 22:56:26.595 -05:00 [INF] (Thread 28) WindowsUpdateWorker: PSWindowsUpdate module OK.
2026-08-08 22:56:26.597 -05:00 [DBG] (Thread 28) WindowsUpdateWorker: running PS script: Import-Module PSWindowsUpdate -ErrorAction Stop
        $ProgressPreference = 'SilentlyContinue'

        # Force the Windows Update Agent to scan before installing.
        # Fixes 0x80248007 (WU_E_DS_NODATA) on fresh builds or machines
        # whose update data store has not been initialised yet.
        try {
            Start-Process -FilePath 'UsoClient.exe' `
                -ArgumentList 'StartScan' `
                -Wait -NoNewWindow -ErrorAction SilentlyContinue
            Start-Sleep -Seconds 30
        } catch {}

        # 2>&1 merges stderr into the pipeline mixing strings with update
        # objects -- we filter them out in the foreach loop below.
        $rawOutput = Install-WindowsUpdate `
            -MicrosoftUpdate `
            -AcceptAll `
            -IgnoreReboot `
            -Install `
            -ErrorAction Continue 2>&1

        # Use a hashtable keyed on Title to keep only the LAST result per update.
        # PSWindowsUpdate emits objects at multiple pipeline stages (search, download,
        # install); overwriting ensures we capture the final post-install ResultCode
        # rather than an early ResultCode=0 (NotStarted).
        $byKey = @{}

        foreach ($u in $rawOutput) {
            if ($null -eq $u -or $u -isnot [PSObject]) { continue }
            if (-not ($u.PSObject.Properties.Name -contains 'Title')) { continue }
            if ([string]::IsNullOrWhiteSpace($u.Title)) { continue }

            $resultCode = 0
            try { $resultCode = [int]$u.ResultCode } catch { $resultCode = 4 }
            $succeeded = ($resultCode -eq 2 -or $resultCode -eq 3)

            # ResultCode=0 means NotStarted — treat as Skipped, not Failed.
            $status = if ($succeeded) { 'Succeeded' } elseif ($resultCode -eq 0) { 'Skipped' } else { 'Failed' }

            $kb = ''
            try {
                if ($u.KBArticleIDs -and $u.KBArticleIDs.Count -gt 0) {
                    $kb = 'KB' + $u.KBArticleIDs[0]
                }
            } catch {}

            $needsReboot = $false
            try { $needsReboot = [bool]$u.RebootRequired } catch {}

            $byKey[$u.Title] = [PSCustomObject]@{
                Identifier     = $kb
                Title          = [string]$u.Title
                Status         = $status
                ErrorMessage   = if ($succeeded -or $resultCode -eq 0) { '' } else { 'ResultCode=' + $resultCode }
                RebootRequired = $needsReboot
                AttemptedAt    = (Get-Date -Format 'o')
            }
        }

        $results = @($byKey.Values)

        if ($results.Count -eq 0) {
            Write-Output '[]'
        } else {
            $results | ConvertTo-Json -Compress
        }
2026-08-08 22:57:29.999 -05:00 [INF] (Thread 31) WindowsUpdateWorker: no updates installed — system reboot is already pending.
2026-08-08 22:57:30.000 -05:00 [INF] (Thread 31) WindowsUpdateWorker: pass complete. Total=1 Succeeded=1 Failed=0 Skipped=0
2026-08-08 22:57:30.000 -05:00 [INF] (Thread 31) WingetWorker: skipping — last run was 2026-08-06T22:50:11.8754628Z (less than 7 days ago).
2026-08-08 22:57:30.000 -05:00 [INF] (Thread 31) UpdateOrchestrator: cycle complete. Total=1 Succeeded=1 Failed=0 RebootRequired=true
2026-08-08 22:57:30.000 -05:00 [INF] (Thread 31) UpdateOrchestrator: reboot required but today is not an allowed reboot day per RebootDoW — skipping notification until the next allowed day.
2026-08-08 22:57:30.000 -05:00 [INF] (Thread 31) UpdateBackgroundService: next cycle in "01:00:00".
2026-08-08 23:57:30.012 -05:00 [INF] (Thread 24) SelfUpdater: checking for updates. Current version: 1.26.586.697
2026-08-08 23:57:30.154 -05:00 [INF] (Thread 24) SelfUpdater: remote version = 1.26.586.697.
2026-08-08 23:57:30.154 -05:00 [INF] (Thread 24) SelfUpdater: already up to date.
2026-08-08 23:57:30.154 -05:00 [INF] (Thread 24) UpdateOrchestrator: === Update cycle starting ===
2026-08-08 23:57:30.154 -05:00 [INF] (Thread 24) WindowsUpdateWorker: starting update pass.
2026-08-08 23:57:30.154 -05:00 [INF] (Thread 24) WindowsUpdateWorker: verifying PSWindowsUpdate module.
2026-08-08 23:57:30.156 -05:00 [DBG] (Thread 24) WindowsUpdateWorker: running PS script: $ProgressPreference = 'SilentlyContinue'
            $ErrorActionPreference = 'Stop'
            try {
                if (-not (Get-PackageProvider -Name NuGet -ListAvailable -ErrorAction SilentlyContinue)) {
                    Install-PackageProvider -Name NuGet -MinimumVersion 2.8.5.201 -Force -Scope AllUsers | Out-Null
                }
                Set-PSRepository -Name PSGallery -InstallationPolicy Trusted -ErrorAction SilentlyContinue
                if (-not (Get-Module -ListAvailable -Name PSWindowsUpdate -ErrorAction SilentlyContinue)) {
                    Install-Module PSWindowsUpdate -Force -SkipPublisherCheck -Scope AllUsers | Out-Null
                }
                Import-Module PSWindowsUpdate -Force -ErrorAction Stop
                try {
                    Add-WUServiceManager -MicrosoftUpdate -Confirm:$false -ErrorAction SilentlyContinue | Out-Null
                } catch {}
                Write-Output 'OK'
            } catch {
                Write-Output ('ERROR: ' + $_.Exception.Message)
            }
2026-08-08 23:58:01.768 -05:00 [INF] (Thread 24) WindowsUpdateWorker: PSWindowsUpdate module OK.
2026-08-08 23:58:01.771 -05:00 [DBG] (Thread 24) WindowsUpdateWorker: running PS script: Import-Module PSWindowsUpdate -ErrorAction Stop
        $ProgressPreference = 'SilentlyContinue'

        # Force the Windows Update Agent to scan before installing.
        # Fixes 0x80248007 (WU_E_DS_NODATA) on fresh builds or machines
        # whose update data store has not been initialised yet.
        try {
            Start-Process -FilePath 'UsoClient.exe' `
                -ArgumentList 'StartScan' `
                -Wait -NoNewWindow -ErrorAction SilentlyContinue
            Start-Sleep -Seconds 30
        } catch {}

        # 2>&1 merges stderr into the pipeline mixing strings with update
        # objects -- we filter them out in the foreach loop below.
        $rawOutput = Install-WindowsUpdate `
            -MicrosoftUpdate `
            -AcceptAll `
            -IgnoreReboot `
            -Install `
            -ErrorAction Continue 2>&1

        # Use a hashtable keyed on Title to keep only the LAST result per update.
        # PSWindowsUpdate emits objects at multiple pipeline stages (search, download,
        # install); overwriting ensures we capture the final post-install ResultCode
        # rather than an early ResultCode=0 (NotStarted).
        $byKey = @{}

        foreach ($u in $rawOutput) {
            if ($null -eq $u -or $u -isnot [PSObject]) { continue }
            if (-not ($u.PSObject.Properties.Name -contains 'Title')) { continue }
            if ([string]::IsNullOrWhiteSpace($u.Title)) { continue }

            $resultCode = 0
            try { $resultCode = [int]$u.ResultCode } catch { $resultCode = 4 }
            $succeeded = ($resultCode -eq 2 -or $resultCode -eq 3)

            # ResultCode=0 means NotStarted — treat as Skipped, not Failed.
            $status = if ($succeeded) { 'Succeeded' } elseif ($resultCode -eq 0) { 'Skipped' } else { 'Failed' }

            $kb = ''
            try {
                if ($u.KBArticleIDs -and $u.KBArticleIDs.Count -gt 0) {
                    $kb = 'KB' + $u.KBArticleIDs[0]
                }
            } catch {}

            $needsReboot = $false
            try { $needsReboot = [bool]$u.RebootRequired } catch {}

            $byKey[$u.Title] = [PSCustomObject]@{
                Identifier     = $kb
                Title          = [string]$u.Title
                Status         = $status
                ErrorMessage   = if ($succeeded -or $resultCode -eq 0) { '' } else { 'ResultCode=' + $resultCode }
                RebootRequired = $needsReboot
                AttemptedAt    = (Get-Date -Format 'o')
            }
        }

        $results = @($byKey.Values)

        if ($results.Count -eq 0) {
            Write-Output '[]'
        } else {
            $results | ConvertTo-Json -Compress
        }
2026-08-08 23:59:12.932 -05:00 [INF] (Thread 29) WindowsUpdateWorker: no updates installed — system reboot is already pending.
2026-08-08 23:59:12.932 -05:00 [INF] (Thread 29) WindowsUpdateWorker: pass complete. Total=1 Succeeded=1 Failed=0 Skipped=0
2026-08-08 23:59:12.933 -05:00 [INF] (Thread 29) WingetWorker: skipping — last run was 2026-08-06T22:50:11.8754628Z (less than 7 days ago).
2026-08-08 23:59:12.933 -05:00 [INF] (Thread 29) UpdateOrchestrator: cycle complete. Total=1 Succeeded=1 Failed=0 RebootRequired=true
2026-08-08 23:59:12.933 -05:00 [INF] (Thread 29) UpdateOrchestrator: reboot required but today is not an allowed reboot day per RebootDoW — skipping notification until the next allowed day.
2026-08-08 23:59:12.933 -05:00 [INF] (Thread 29) UpdateBackgroundService: next cycle in "01:00:00".
