2026-07-03 00:40:59.285 -05:00 [INF] (Thread 55) SelfUpdater: checking for updates. Current version: 0.26.230.591
2026-07-03 00:40:59.420 -05:00 [INF] (Thread 55) SelfUpdater: remote version = 0.26.230.591.
2026-07-03 00:40:59.420 -05:00 [INF] (Thread 55) SelfUpdater: already up to date.
2026-07-03 00:40:59.421 -05:00 [INF] (Thread 55) UpdateOrchestrator: === Update cycle starting ===
2026-07-03 00:40:59.421 -05:00 [INF] (Thread 55) WindowsUpdateWorker: starting update pass.
2026-07-03 00:40:59.421 -05:00 [INF] (Thread 55) WindowsUpdateWorker: verifying PSWindowsUpdate module.
2026-07-03 00:40:59.461 -05:00 [DBG] (Thread 55) WindowsUpdateWorker: running PS script: $ProgressPreference = 'SilentlyContinue'
            $ErrorActionPreference = 'Stop'
            try {
                if (-not (Get-PackageProvider -Name NuGet -ListAvailable -ErrorAction SilentlyContinue)) {
                    Install-PackageProvider -Name NuGet -MinimumVersion 2.8.5.201 -Force -Scope AllUsers | Out-Null
                }
                Set-PSRepository -Name PSGallery -InstallationPolicy Trusted -ErrorAction SilentlyContinue
                if (-not (Get-Module -ListAvailable -Name PSWindowsUpdate -ErrorAction SilentlyContinue)) {
                    Install-Module PSWindowsUpdate -Force -SkipPublisherCheck -Scope AllUsers | Out-Null
                }
                Import-Module PSWindowsUpdate -Force -ErrorAction Stop
                try {
                    Add-WUServiceManager -MicrosoftUpdate -Confirm:$false -ErrorAction SilentlyContinue | Out-Null
                } catch {}
                Write-Output 'OK'
            } catch {
                Write-Output ('ERROR: ' + $_.Exception.Message)
            }
2026-07-03 00:41:11.480 -05:00 [INF] (Thread 54) WindowsUpdateWorker: PSWindowsUpdate module OK.
2026-07-03 00:41:11.481 -05:00 [DBG] (Thread 54) WindowsUpdateWorker: running PS script: Import-Module PSWindowsUpdate -ErrorAction Stop
        $ProgressPreference = 'SilentlyContinue'

        # Force the Windows Update Agent to scan before installing.
        # Fixes 0x80248007 (WU_E_DS_NODATA) on fresh builds or machines
        # whose update data store has not been initialised yet.
        try {
            Start-Process -FilePath 'UsoClient.exe' `
                -ArgumentList 'StartScan' `
                -Wait -NoNewWindow -ErrorAction SilentlyContinue
            Start-Sleep -Seconds 30
        } catch {}

        # 2>&1 merges stderr into the pipeline mixing strings with update
        # objects -- we filter them out in the foreach loop below.
        $rawOutput = Install-WindowsUpdate `
            -MicrosoftUpdate `
            -AcceptAll `
            -IgnoreReboot `
            -Install `
            -ErrorAction Continue 2>&1

        # Use a hashtable keyed on Title to keep only the LAST result per update.
        # PSWindowsUpdate emits objects at multiple pipeline stages (search, download,
        # install); overwriting ensures we capture the final post-install ResultCode
        # rather than an early ResultCode=0 (NotStarted).
        $byKey = @{}

        foreach ($u in $rawOutput) {
            if ($null -eq $u -or $u -isnot [PSObject]) { continue }
            if (-not ($u.PSObject.Properties.Name -contains 'Title')) { continue }
            if ([string]::IsNullOrWhiteSpace($u.Title)) { continue }

            $resultCode = 0
            try { $resultCode = [int]$u.ResultCode } catch { $resultCode = 4 }
            $succeeded = ($resultCode -eq 2 -or $resultCode -eq 3)

            # ResultCode=0 means NotStarted — treat as Skipped, not Failed.
            $status = if ($succeeded) { 'Succeeded' } elseif ($resultCode -eq 0) { 'Skipped' } else { 'Failed' }

            $kb = ''
            try {
                if ($u.KBArticleIDs -and $u.KBArticleIDs.Count -gt 0) {
                    $kb = 'KB' + $u.KBArticleIDs[0]
                }
            } catch {}

            $needsReboot = $false
            try { $needsReboot = [bool]$u.RebootRequired } catch {}

            $byKey[$u.Title] = [PSCustomObject]@{
                Identifier     = $kb
                Title          = [string]$u.Title
                Status         = $status
                ErrorMessage   = if ($succeeded -or $resultCode -eq 0) { '' } else { 'ResultCode=' + $resultCode }
                RebootRequired = $needsReboot
                AttemptedAt    = (Get-Date -Format 'o')
            }
        }

        $results = @($byKey.Values)

        if ($results.Count -eq 0) {
            Write-Output '[]'
        } else {
            $results | ConvertTo-Json -Compress
        }
2026-07-03 00:41:59.055 -05:00 [INF] (Thread 55) WindowsUpdateWorker: no updates installed — system reboot is already pending.
2026-07-03 00:41:59.055 -05:00 [INF] (Thread 55) WindowsUpdateWorker: pass complete. Total=1 Succeeded=1 Failed=0 Skipped=0
2026-07-03 00:41:59.058 -05:00 [INF] (Thread 55) WingetWorker: skipping — last run was 2026-07-02T19:32:02.3859087Z (less than 7 days ago).
2026-07-03 00:41:59.058 -05:00 [INF] (Thread 55) UpdateOrchestrator: cycle complete. Total=1 Succeeded=1 Failed=0 RebootRequired=true
2026-07-03 00:41:59.058 -05:00 [INF] (Thread 55) UpdateOrchestrator: reboot required but last reboot was 17.4 hours ago — skipping notification until 2-day minimum has elapsed.
2026-07-03 00:41:59.058 -05:00 [INF] (Thread 55) UpdateBackgroundService: next cycle in "01:00:00".
2026-07-03 01:41:59.102 -05:00 [INF] (Thread 55) SelfUpdater: checking for updates. Current version: 0.26.230.591
2026-07-03 01:41:59.191 -05:00 [INF] (Thread 55) SelfUpdater: remote version = 0.26.230.591.
2026-07-03 01:41:59.191 -05:00 [INF] (Thread 55) SelfUpdater: already up to date.
2026-07-03 01:41:59.191 -05:00 [INF] (Thread 55) UpdateOrchestrator: === Update cycle starting ===
2026-07-03 01:41:59.191 -05:00 [INF] (Thread 55) WindowsUpdateWorker: starting update pass.
2026-07-03 01:41:59.191 -05:00 [INF] (Thread 55) WindowsUpdateWorker: verifying PSWindowsUpdate module.
2026-07-03 01:41:59.195 -05:00 [DBG] (Thread 55) WindowsUpdateWorker: running PS script: $ProgressPreference = 'SilentlyContinue'
            $ErrorActionPreference = 'Stop'
            try {
                if (-not (Get-PackageProvider -Name NuGet -ListAvailable -ErrorAction SilentlyContinue)) {
                    Install-PackageProvider -Name NuGet -MinimumVersion 2.8.5.201 -Force -Scope AllUsers | Out-Null
                }
                Set-PSRepository -Name PSGallery -InstallationPolicy Trusted -ErrorAction SilentlyContinue
                if (-not (Get-Module -ListAvailable -Name PSWindowsUpdate -ErrorAction SilentlyContinue)) {
                    Install-Module PSWindowsUpdate -Force -SkipPublisherCheck -Scope AllUsers | Out-Null
                }
                Import-Module PSWindowsUpdate -Force -ErrorAction Stop
                try {
                    Add-WUServiceManager -MicrosoftUpdate -Confirm:$false -ErrorAction SilentlyContinue | Out-Null
                } catch {}
                Write-Output 'OK'
            } catch {
                Write-Output ('ERROR: ' + $_.Exception.Message)
            }
2026-07-03 01:42:11.087 -05:00 [INF] (Thread 55) WindowsUpdateWorker: PSWindowsUpdate module OK.
2026-07-03 01:42:11.089 -05:00 [DBG] (Thread 55) WindowsUpdateWorker: running PS script: Import-Module PSWindowsUpdate -ErrorAction Stop
        $ProgressPreference = 'SilentlyContinue'

        # Force the Windows Update Agent to scan before installing.
        # Fixes 0x80248007 (WU_E_DS_NODATA) on fresh builds or machines
        # whose update data store has not been initialised yet.
        try {
            Start-Process -FilePath 'UsoClient.exe' `
                -ArgumentList 'StartScan' `
                -Wait -NoNewWindow -ErrorAction SilentlyContinue
            Start-Sleep -Seconds 30
        } catch {}

        # 2>&1 merges stderr into the pipeline mixing strings with update
        # objects -- we filter them out in the foreach loop below.
        $rawOutput = Install-WindowsUpdate `
            -MicrosoftUpdate `
            -AcceptAll `
            -IgnoreReboot `
            -Install `
            -ErrorAction Continue 2>&1

        # Use a hashtable keyed on Title to keep only the LAST result per update.
        # PSWindowsUpdate emits objects at multiple pipeline stages (search, download,
        # install); overwriting ensures we capture the final post-install ResultCode
        # rather than an early ResultCode=0 (NotStarted).
        $byKey = @{}

        foreach ($u in $rawOutput) {
            if ($null -eq $u -or $u -isnot [PSObject]) { continue }
            if (-not ($u.PSObject.Properties.Name -contains 'Title')) { continue }
            if ([string]::IsNullOrWhiteSpace($u.Title)) { continue }

            $resultCode = 0
            try { $resultCode = [int]$u.ResultCode } catch { $resultCode = 4 }
            $succeeded = ($resultCode -eq 2 -or $resultCode -eq 3)

            # ResultCode=0 means NotStarted — treat as Skipped, not Failed.
            $status = if ($succeeded) { 'Succeeded' } elseif ($resultCode -eq 0) { 'Skipped' } else { 'Failed' }

            $kb = ''
            try {
                if ($u.KBArticleIDs -and $u.KBArticleIDs.Count -gt 0) {
                    $kb = 'KB' + $u.KBArticleIDs[0]
                }
            } catch {}

            $needsReboot = $false
            try { $needsReboot = [bool]$u.RebootRequired } catch {}

            $byKey[$u.Title] = [PSCustomObject]@{
                Identifier     = $kb
                Title          = [string]$u.Title
                Status         = $status
                ErrorMessage   = if ($succeeded -or $resultCode -eq 0) { '' } else { 'ResultCode=' + $resultCode }
                RebootRequired = $needsReboot
                AttemptedAt    = (Get-Date -Format 'o')
            }
        }

        $results = @($byKey.Values)

        if ($results.Count -eq 0) {
            Write-Output '[]'
        } else {
            $results | ConvertTo-Json -Compress
        }
2026-07-03 01:42:55.645 -05:00 [INF] (Thread 55) WindowsUpdateWorker: no updates installed — system reboot is already pending.
2026-07-03 01:42:55.645 -05:00 [INF] (Thread 55) WindowsUpdateWorker: pass complete. Total=1 Succeeded=1 Failed=0 Skipped=0
2026-07-03 01:42:55.645 -05:00 [INF] (Thread 55) WingetWorker: skipping — last run was 2026-07-02T19:32:02.3859087Z (less than 7 days ago).
2026-07-03 01:42:55.645 -05:00 [INF] (Thread 55) UpdateOrchestrator: cycle complete. Total=1 Succeeded=1 Failed=0 RebootRequired=true
2026-07-03 01:42:55.645 -05:00 [INF] (Thread 55) UpdateOrchestrator: reboot required but last reboot was 18.4 hours ago — skipping notification until 2-day minimum has elapsed.
2026-07-03 01:42:55.645 -05:00 [INF] (Thread 55) UpdateBackgroundService: next cycle in "01:00:00".
2026-07-03 02:42:55.729 -05:00 [INF] (Thread 55) SelfUpdater: checking for updates. Current version: 0.26.230.591
2026-07-03 02:42:55.860 -05:00 [INF] (Thread 55) SelfUpdater: remote version = 0.26.230.591.
2026-07-03 02:42:55.860 -05:00 [INF] (Thread 55) SelfUpdater: already up to date.
2026-07-03 02:42:55.860 -05:00 [INF] (Thread 55) UpdateOrchestrator: === Update cycle starting ===
2026-07-03 02:42:55.860 -05:00 [INF] (Thread 55) WindowsUpdateWorker: starting update pass.
2026-07-03 02:42:55.860 -05:00 [INF] (Thread 55) WindowsUpdateWorker: verifying PSWindowsUpdate module.
2026-07-03 02:42:55.861 -05:00 [DBG] (Thread 55) WindowsUpdateWorker: running PS script: $ProgressPreference = 'SilentlyContinue'
            $ErrorActionPreference = 'Stop'
            try {
                if (-not (Get-PackageProvider -Name NuGet -ListAvailable -ErrorAction SilentlyContinue)) {
                    Install-PackageProvider -Name NuGet -MinimumVersion 2.8.5.201 -Force -Scope AllUsers | Out-Null
                }
                Set-PSRepository -Name PSGallery -InstallationPolicy Trusted -ErrorAction SilentlyContinue
                if (-not (Get-Module -ListAvailable -Name PSWindowsUpdate -ErrorAction SilentlyContinue)) {
                    Install-Module PSWindowsUpdate -Force -SkipPublisherCheck -Scope AllUsers | Out-Null
                }
                Import-Module PSWindowsUpdate -Force -ErrorAction Stop
                try {
                    Add-WUServiceManager -MicrosoftUpdate -Confirm:$false -ErrorAction SilentlyContinue | Out-Null
                } catch {}
                Write-Output 'OK'
            } catch {
                Write-Output ('ERROR: ' + $_.Exception.Message)
            }
2026-07-03 02:43:07.677 -05:00 [INF] (Thread 62) WindowsUpdateWorker: PSWindowsUpdate module OK.
2026-07-03 02:43:07.683 -05:00 [DBG] (Thread 62) WindowsUpdateWorker: running PS script: Import-Module PSWindowsUpdate -ErrorAction Stop
        $ProgressPreference = 'SilentlyContinue'

        # Force the Windows Update Agent to scan before installing.
        # Fixes 0x80248007 (WU_E_DS_NODATA) on fresh builds or machines
        # whose update data store has not been initialised yet.
        try {
            Start-Process -FilePath 'UsoClient.exe' `
                -ArgumentList 'StartScan' `
                -Wait -NoNewWindow -ErrorAction SilentlyContinue
            Start-Sleep -Seconds 30
        } catch {}

        # 2>&1 merges stderr into the pipeline mixing strings with update
        # objects -- we filter them out in the foreach loop below.
        $rawOutput = Install-WindowsUpdate `
            -MicrosoftUpdate `
            -AcceptAll `
            -IgnoreReboot `
            -Install `
            -ErrorAction Continue 2>&1

        # Use a hashtable keyed on Title to keep only the LAST result per update.
        # PSWindowsUpdate emits objects at multiple pipeline stages (search, download,
        # install); overwriting ensures we capture the final post-install ResultCode
        # rather than an early ResultCode=0 (NotStarted).
        $byKey = @{}

        foreach ($u in $rawOutput) {
            if ($null -eq $u -or $u -isnot [PSObject]) { continue }
            if (-not ($u.PSObject.Properties.Name -contains 'Title')) { continue }
            if ([string]::IsNullOrWhiteSpace($u.Title)) { continue }

            $resultCode = 0
            try { $resultCode = [int]$u.ResultCode } catch { $resultCode = 4 }
            $succeeded = ($resultCode -eq 2 -or $resultCode -eq 3)

            # ResultCode=0 means NotStarted — treat as Skipped, not Failed.
            $status = if ($succeeded) { 'Succeeded' } elseif ($resultCode -eq 0) { 'Skipped' } else { 'Failed' }

            $kb = ''
            try {
                if ($u.KBArticleIDs -and $u.KBArticleIDs.Count -gt 0) {
                    $kb = 'KB' + $u.KBArticleIDs[0]
                }
            } catch {}

            $needsReboot = $false
            try { $needsReboot = [bool]$u.RebootRequired } catch {}

            $byKey[$u.Title] = [PSCustomObject]@{
                Identifier     = $kb
                Title          = [string]$u.Title
                Status         = $status
                ErrorMessage   = if ($succeeded -or $resultCode -eq 0) { '' } else { 'ResultCode=' + $resultCode }
                RebootRequired = $needsReboot
                AttemptedAt    = (Get-Date -Format 'o')
            }
        }

        $results = @($byKey.Values)

        if ($results.Count -eq 0) {
            Write-Output '[]'
        } else {
            $results | ConvertTo-Json -Compress
        }
2026-07-03 02:43:54.838 -05:00 [INF] (Thread 62) WindowsUpdateWorker: no updates installed — system reboot is already pending.
2026-07-03 02:43:54.838 -05:00 [INF] (Thread 62) WindowsUpdateWorker: pass complete. Total=1 Succeeded=1 Failed=0 Skipped=0
2026-07-03 02:43:54.839 -05:00 [INF] (Thread 62) WingetWorker: skipping — last run was 2026-07-02T19:32:02.3859087Z (less than 7 days ago).
2026-07-03 02:43:54.839 -05:00 [INF] (Thread 62) UpdateOrchestrator: cycle complete. Total=1 Succeeded=1 Failed=0 RebootRequired=true
2026-07-03 02:43:54.839 -05:00 [INF] (Thread 62) UpdateOrchestrator: reboot required but last reboot was 19.4 hours ago — skipping notification until 2-day minimum has elapsed.
2026-07-03 02:43:54.839 -05:00 [INF] (Thread 62) UpdateBackgroundService: next cycle in "01:00:00".
2026-07-03 03:43:54.897 -05:00 [INF] (Thread 64) SelfUpdater: checking for updates. Current version: 0.26.230.591
2026-07-03 03:43:54.981 -05:00 [INF] (Thread 64) SelfUpdater: remote version = 0.26.230.591.
2026-07-03 03:43:54.981 -05:00 [INF] (Thread 64) SelfUpdater: already up to date.
2026-07-03 03:43:54.981 -05:00 [INF] (Thread 64) UpdateOrchestrator: === Update cycle starting ===
2026-07-03 03:43:54.981 -05:00 [INF] (Thread 64) WindowsUpdateWorker: starting update pass.
2026-07-03 03:43:54.981 -05:00 [INF] (Thread 64) WindowsUpdateWorker: verifying PSWindowsUpdate module.
2026-07-03 03:43:54.983 -05:00 [DBG] (Thread 64) WindowsUpdateWorker: running PS script: $ProgressPreference = 'SilentlyContinue'
            $ErrorActionPreference = 'Stop'
            try {
                if (-not (Get-PackageProvider -Name NuGet -ListAvailable -ErrorAction SilentlyContinue)) {
                    Install-PackageProvider -Name NuGet -MinimumVersion 2.8.5.201 -Force -Scope AllUsers | Out-Null
                }
                Set-PSRepository -Name PSGallery -InstallationPolicy Trusted -ErrorAction SilentlyContinue
                if (-not (Get-Module -ListAvailable -Name PSWindowsUpdate -ErrorAction SilentlyContinue)) {
                    Install-Module PSWindowsUpdate -Force -SkipPublisherCheck -Scope AllUsers | Out-Null
                }
                Import-Module PSWindowsUpdate -Force -ErrorAction Stop
                try {
                    Add-WUServiceManager -MicrosoftUpdate -Confirm:$false -ErrorAction SilentlyContinue | Out-Null
                } catch {}
                Write-Output 'OK'
            } catch {
                Write-Output ('ERROR: ' + $_.Exception.Message)
            }
2026-07-03 03:44:07.030 -05:00 [INF] (Thread 61) WindowsUpdateWorker: PSWindowsUpdate module OK.
2026-07-03 03:44:07.031 -05:00 [DBG] (Thread 61) WindowsUpdateWorker: running PS script: Import-Module PSWindowsUpdate -ErrorAction Stop
        $ProgressPreference = 'SilentlyContinue'

        # Force the Windows Update Agent to scan before installing.
        # Fixes 0x80248007 (WU_E_DS_NODATA) on fresh builds or machines
        # whose update data store has not been initialised yet.
        try {
            Start-Process -FilePath 'UsoClient.exe' `
                -ArgumentList 'StartScan' `
                -Wait -NoNewWindow -ErrorAction SilentlyContinue
            Start-Sleep -Seconds 30
        } catch {}

        # 2>&1 merges stderr into the pipeline mixing strings with update
        # objects -- we filter them out in the foreach loop below.
        $rawOutput = Install-WindowsUpdate `
            -MicrosoftUpdate `
            -AcceptAll `
            -IgnoreReboot `
            -Install `
            -ErrorAction Continue 2>&1

        # Use a hashtable keyed on Title to keep only the LAST result per update.
        # PSWindowsUpdate emits objects at multiple pipeline stages (search, download,
        # install); overwriting ensures we capture the final post-install ResultCode
        # rather than an early ResultCode=0 (NotStarted).
        $byKey = @{}

        foreach ($u in $rawOutput) {
            if ($null -eq $u -or $u -isnot [PSObject]) { continue }
            if (-not ($u.PSObject.Properties.Name -contains 'Title')) { continue }
            if ([string]::IsNullOrWhiteSpace($u.Title)) { continue }

            $resultCode = 0
            try { $resultCode = [int]$u.ResultCode } catch { $resultCode = 4 }
            $succeeded = ($resultCode -eq 2 -or $resultCode -eq 3)

            # ResultCode=0 means NotStarted — treat as Skipped, not Failed.
            $status = if ($succeeded) { 'Succeeded' } elseif ($resultCode -eq 0) { 'Skipped' } else { 'Failed' }

            $kb = ''
            try {
                if ($u.KBArticleIDs -and $u.KBArticleIDs.Count -gt 0) {
                    $kb = 'KB' + $u.KBArticleIDs[0]
                }
            } catch {}

            $needsReboot = $false
            try { $needsReboot = [bool]$u.RebootRequired } catch {}

            $byKey[$u.Title] = [PSCustomObject]@{
                Identifier     = $kb
                Title          = [string]$u.Title
                Status         = $status
                ErrorMessage   = if ($succeeded -or $resultCode -eq 0) { '' } else { 'ResultCode=' + $resultCode }
                RebootRequired = $needsReboot
                AttemptedAt    = (Get-Date -Format 'o')
            }
        }

        $results = @($byKey.Values)

        if ($results.Count -eq 0) {
            Write-Output '[]'
        } else {
            $results | ConvertTo-Json -Compress
        }
2026-07-03 03:44:52.696 -05:00 [INF] (Thread 65) WindowsUpdateWorker: no updates installed — system reboot is already pending.
2026-07-03 03:44:52.696 -05:00 [INF] (Thread 65) WindowsUpdateWorker: pass complete. Total=1 Succeeded=1 Failed=0 Skipped=0
2026-07-03 03:44:52.697 -05:00 [INF] (Thread 65) WingetWorker: skipping — last run was 2026-07-02T19:32:02.3859087Z (less than 7 days ago).
2026-07-03 03:44:52.697 -05:00 [INF] (Thread 65) UpdateOrchestrator: cycle complete. Total=1 Succeeded=1 Failed=0 RebootRequired=true
2026-07-03 03:44:52.697 -05:00 [INF] (Thread 65) UpdateOrchestrator: reboot required but last reboot was 20.4 hours ago — skipping notification until 2-day minimum has elapsed.
2026-07-03 03:44:52.697 -05:00 [INF] (Thread 65) UpdateBackgroundService: next cycle in "01:00:00".
2026-07-03 04:44:52.776 -05:00 [INF] (Thread 66) SelfUpdater: checking for updates. Current version: 0.26.230.591
2026-07-03 04:44:52.870 -05:00 [INF] (Thread 66) SelfUpdater: remote version = 0.26.230.591.
2026-07-03 04:44:52.870 -05:00 [INF] (Thread 66) SelfUpdater: already up to date.
2026-07-03 04:44:52.870 -05:00 [INF] (Thread 66) UpdateOrchestrator: === Update cycle starting ===
2026-07-03 04:44:52.870 -05:00 [INF] (Thread 66) WindowsUpdateWorker: starting update pass.
2026-07-03 04:44:52.870 -05:00 [INF] (Thread 66) WindowsUpdateWorker: verifying PSWindowsUpdate module.
2026-07-03 04:44:52.871 -05:00 [DBG] (Thread 66) WindowsUpdateWorker: running PS script: $ProgressPreference = 'SilentlyContinue'
            $ErrorActionPreference = 'Stop'
            try {
                if (-not (Get-PackageProvider -Name NuGet -ListAvailable -ErrorAction SilentlyContinue)) {
                    Install-PackageProvider -Name NuGet -MinimumVersion 2.8.5.201 -Force -Scope AllUsers | Out-Null
                }
                Set-PSRepository -Name PSGallery -InstallationPolicy Trusted -ErrorAction SilentlyContinue
                if (-not (Get-Module -ListAvailable -Name PSWindowsUpdate -ErrorAction SilentlyContinue)) {
                    Install-Module PSWindowsUpdate -Force -SkipPublisherCheck -Scope AllUsers | Out-Null
                }
                Import-Module PSWindowsUpdate -Force -ErrorAction Stop
                try {
                    Add-WUServiceManager -MicrosoftUpdate -Confirm:$false -ErrorAction SilentlyContinue | Out-Null
                } catch {}
                Write-Output 'OK'
            } catch {
                Write-Output ('ERROR: ' + $_.Exception.Message)
            }
2026-07-03 04:45:06.166 -05:00 [INF] (Thread 66) WindowsUpdateWorker: PSWindowsUpdate module OK.
2026-07-03 04:45:06.168 -05:00 [DBG] (Thread 66) WindowsUpdateWorker: running PS script: Import-Module PSWindowsUpdate -ErrorAction Stop
        $ProgressPreference = 'SilentlyContinue'

        # Force the Windows Update Agent to scan before installing.
        # Fixes 0x80248007 (WU_E_DS_NODATA) on fresh builds or machines
        # whose update data store has not been initialised yet.
        try {
            Start-Process -FilePath 'UsoClient.exe' `
                -ArgumentList 'StartScan' `
                -Wait -NoNewWindow -ErrorAction SilentlyContinue
            Start-Sleep -Seconds 30
        } catch {}

        # 2>&1 merges stderr into the pipeline mixing strings with update
        # objects -- we filter them out in the foreach loop below.
        $rawOutput = Install-WindowsUpdate `
            -MicrosoftUpdate `
            -AcceptAll `
            -IgnoreReboot `
            -Install `
            -ErrorAction Continue 2>&1

        # Use a hashtable keyed on Title to keep only the LAST result per update.
        # PSWindowsUpdate emits objects at multiple pipeline stages (search, download,
        # install); overwriting ensures we capture the final post-install ResultCode
        # rather than an early ResultCode=0 (NotStarted).
        $byKey = @{}

        foreach ($u in $rawOutput) {
            if ($null -eq $u -or $u -isnot [PSObject]) { continue }
            if (-not ($u.PSObject.Properties.Name -contains 'Title')) { continue }
            if ([string]::IsNullOrWhiteSpace($u.Title)) { continue }

            $resultCode = 0
            try { $resultCode = [int]$u.ResultCode } catch { $resultCode = 4 }
            $succeeded = ($resultCode -eq 2 -or $resultCode -eq 3)

            # ResultCode=0 means NotStarted — treat as Skipped, not Failed.
            $status = if ($succeeded) { 'Succeeded' } elseif ($resultCode -eq 0) { 'Skipped' } else { 'Failed' }

            $kb = ''
            try {
                if ($u.KBArticleIDs -and $u.KBArticleIDs.Count -gt 0) {
                    $kb = 'KB' + $u.KBArticleIDs[0]
                }
            } catch {}

            $needsReboot = $false
            try { $needsReboot = [bool]$u.RebootRequired } catch {}

            $byKey[$u.Title] = [PSCustomObject]@{
                Identifier     = $kb
                Title          = [string]$u.Title
                Status         = $status
                ErrorMessage   = if ($succeeded -or $resultCode -eq 0) { '' } else { 'ResultCode=' + $resultCode }
                RebootRequired = $needsReboot
                AttemptedAt    = (Get-Date -Format 'o')
            }
        }

        $results = @($byKey.Values)

        if ($results.Count -eq 0) {
            Write-Output '[]'
        } else {
            $results | ConvertTo-Json -Compress
        }
2026-07-03 04:45:50.612 -05:00 [INF] (Thread 61) WindowsUpdateWorker: no updates installed — system reboot is already pending.
2026-07-03 04:45:50.612 -05:00 [INF] (Thread 61) WindowsUpdateWorker: pass complete. Total=1 Succeeded=1 Failed=0 Skipped=0
2026-07-03 04:45:50.612 -05:00 [INF] (Thread 61) WingetWorker: skipping — last run was 2026-07-02T19:32:02.3859087Z (less than 7 days ago).
2026-07-03 04:45:50.612 -05:00 [INF] (Thread 61) UpdateOrchestrator: cycle complete. Total=1 Succeeded=1 Failed=0 RebootRequired=true
2026-07-03 04:45:50.612 -05:00 [INF] (Thread 61) UpdateOrchestrator: reboot required but last reboot was 21.4 hours ago — skipping notification until 2-day minimum has elapsed.
2026-07-03 04:45:50.612 -05:00 [INF] (Thread 61) UpdateBackgroundService: next cycle in "01:00:00".
2026-07-03 05:45:50.693 -05:00 [INF] (Thread 71) SelfUpdater: checking for updates. Current version: 0.26.230.591
2026-07-03 05:45:50.867 -05:00 [INF] (Thread 71) SelfUpdater: remote version = 0.26.230.591.
2026-07-03 05:45:50.867 -05:00 [INF] (Thread 71) SelfUpdater: already up to date.
2026-07-03 05:45:50.867 -05:00 [INF] (Thread 71) UpdateOrchestrator: === Update cycle starting ===
2026-07-03 05:45:50.867 -05:00 [INF] (Thread 71) WindowsUpdateWorker: starting update pass.
2026-07-03 05:45:50.867 -05:00 [INF] (Thread 71) WindowsUpdateWorker: verifying PSWindowsUpdate module.
2026-07-03 05:45:50.870 -05:00 [DBG] (Thread 71) WindowsUpdateWorker: running PS script: $ProgressPreference = 'SilentlyContinue'
            $ErrorActionPreference = 'Stop'
            try {
                if (-not (Get-PackageProvider -Name NuGet -ListAvailable -ErrorAction SilentlyContinue)) {
                    Install-PackageProvider -Name NuGet -MinimumVersion 2.8.5.201 -Force -Scope AllUsers | Out-Null
                }
                Set-PSRepository -Name PSGallery -InstallationPolicy Trusted -ErrorAction SilentlyContinue
                if (-not (Get-Module -ListAvailable -Name PSWindowsUpdate -ErrorAction SilentlyContinue)) {
                    Install-Module PSWindowsUpdate -Force -SkipPublisherCheck -Scope AllUsers | Out-Null
                }
                Import-Module PSWindowsUpdate -Force -ErrorAction Stop
                try {
                    Add-WUServiceManager -MicrosoftUpdate -Confirm:$false -ErrorAction SilentlyContinue | Out-Null
                } catch {}
                Write-Output 'OK'
            } catch {
                Write-Output ('ERROR: ' + $_.Exception.Message)
            }
2026-07-03 05:46:02.646 -05:00 [INF] (Thread 61) WindowsUpdateWorker: PSWindowsUpdate module OK.
2026-07-03 05:46:02.646 -05:00 [DBG] (Thread 61) WindowsUpdateWorker: running PS script: Import-Module PSWindowsUpdate -ErrorAction Stop
        $ProgressPreference = 'SilentlyContinue'

        # Force the Windows Update Agent to scan before installing.
        # Fixes 0x80248007 (WU_E_DS_NODATA) on fresh builds or machines
        # whose update data store has not been initialised yet.
        try {
            Start-Process -FilePath 'UsoClient.exe' `
                -ArgumentList 'StartScan' `
                -Wait -NoNewWindow -ErrorAction SilentlyContinue
            Start-Sleep -Seconds 30
        } catch {}

        # 2>&1 merges stderr into the pipeline mixing strings with update
        # objects -- we filter them out in the foreach loop below.
        $rawOutput = Install-WindowsUpdate `
            -MicrosoftUpdate `
            -AcceptAll `
            -IgnoreReboot `
            -Install `
            -ErrorAction Continue 2>&1

        # Use a hashtable keyed on Title to keep only the LAST result per update.
        # PSWindowsUpdate emits objects at multiple pipeline stages (search, download,
        # install); overwriting ensures we capture the final post-install ResultCode
        # rather than an early ResultCode=0 (NotStarted).
        $byKey = @{}

        foreach ($u in $rawOutput) {
            if ($null -eq $u -or $u -isnot [PSObject]) { continue }
            if (-not ($u.PSObject.Properties.Name -contains 'Title')) { continue }
            if ([string]::IsNullOrWhiteSpace($u.Title)) { continue }

            $resultCode = 0
            try { $resultCode = [int]$u.ResultCode } catch { $resultCode = 4 }
            $succeeded = ($resultCode -eq 2 -or $resultCode -eq 3)

            # ResultCode=0 means NotStarted — treat as Skipped, not Failed.
            $status = if ($succeeded) { 'Succeeded' } elseif ($resultCode -eq 0) { 'Skipped' } else { 'Failed' }

            $kb = ''
            try {
                if ($u.KBArticleIDs -and $u.KBArticleIDs.Count -gt 0) {
                    $kb = 'KB' + $u.KBArticleIDs[0]
                }
            } catch {}

            $needsReboot = $false
            try { $needsReboot = [bool]$u.RebootRequired } catch {}

            $byKey[$u.Title] = [PSCustomObject]@{
                Identifier     = $kb
                Title          = [string]$u.Title
                Status         = $status
                ErrorMessage   = if ($succeeded -or $resultCode -eq 0) { '' } else { 'ResultCode=' + $resultCode }
                RebootRequired = $needsReboot
                AttemptedAt    = (Get-Date -Format 'o')
            }
        }

        $results = @($byKey.Values)

        if ($results.Count -eq 0) {
            Write-Output '[]'
        } else {
            $results | ConvertTo-Json -Compress
        }
2026-07-03 05:46:48.824 -05:00 [INF] (Thread 61) WindowsUpdateWorker: no updates installed — system reboot is already pending.
2026-07-03 05:46:48.824 -05:00 [INF] (Thread 61) WindowsUpdateWorker: pass complete. Total=1 Succeeded=1 Failed=0 Skipped=0
2026-07-03 05:46:48.824 -05:00 [INF] (Thread 61) WingetWorker: skipping — last run was 2026-07-02T19:32:02.3859087Z (less than 7 days ago).
2026-07-03 05:46:48.824 -05:00 [INF] (Thread 61) UpdateOrchestrator: cycle complete. Total=1 Succeeded=1 Failed=0 RebootRequired=true
2026-07-03 05:46:48.824 -05:00 [INF] (Thread 61) UpdateOrchestrator: reboot required but last reboot was 22.5 hours ago — skipping notification until 2-day minimum has elapsed.
2026-07-03 05:46:48.824 -05:00 [INF] (Thread 61) UpdateBackgroundService: next cycle in "01:00:00".
2026-07-03 06:46:48.881 -05:00 [INF] (Thread 61) SelfUpdater: checking for updates. Current version: 0.26.230.591
2026-07-03 06:46:48.989 -05:00 [INF] (Thread 61) SelfUpdater: remote version = 0.26.230.591.
2026-07-03 06:46:48.989 -05:00 [INF] (Thread 61) SelfUpdater: already up to date.
2026-07-03 06:46:48.989 -05:00 [INF] (Thread 61) UpdateOrchestrator: === Update cycle starting ===
2026-07-03 06:46:48.989 -05:00 [INF] (Thread 61) WindowsUpdateWorker: starting update pass.
2026-07-03 06:46:48.989 -05:00 [INF] (Thread 61) WindowsUpdateWorker: verifying PSWindowsUpdate module.
2026-07-03 06:46:48.992 -05:00 [DBG] (Thread 61) WindowsUpdateWorker: running PS script: $ProgressPreference = 'SilentlyContinue'
            $ErrorActionPreference = 'Stop'
            try {
                if (-not (Get-PackageProvider -Name NuGet -ListAvailable -ErrorAction SilentlyContinue)) {
                    Install-PackageProvider -Name NuGet -MinimumVersion 2.8.5.201 -Force -Scope AllUsers | Out-Null
                }
                Set-PSRepository -Name PSGallery -InstallationPolicy Trusted -ErrorAction SilentlyContinue
                if (-not (Get-Module -ListAvailable -Name PSWindowsUpdate -ErrorAction SilentlyContinue)) {
                    Install-Module PSWindowsUpdate -Force -SkipPublisherCheck -Scope AllUsers | Out-Null
                }
                Import-Module PSWindowsUpdate -Force -ErrorAction Stop
                try {
                    Add-WUServiceManager -MicrosoftUpdate -Confirm:$false -ErrorAction SilentlyContinue | Out-Null
                } catch {}
                Write-Output 'OK'
            } catch {
                Write-Output ('ERROR: ' + $_.Exception.Message)
            }
2026-07-03 06:47:02.416 -05:00 [INF] (Thread 73) WindowsUpdateWorker: PSWindowsUpdate module OK.
2026-07-03 06:47:02.417 -05:00 [DBG] (Thread 73) WindowsUpdateWorker: running PS script: Import-Module PSWindowsUpdate -ErrorAction Stop
        $ProgressPreference = 'SilentlyContinue'

        # Force the Windows Update Agent to scan before installing.
        # Fixes 0x80248007 (WU_E_DS_NODATA) on fresh builds or machines
        # whose update data store has not been initialised yet.
        try {
            Start-Process -FilePath 'UsoClient.exe' `
                -ArgumentList 'StartScan' `
                -Wait -NoNewWindow -ErrorAction SilentlyContinue
            Start-Sleep -Seconds 30
        } catch {}

        # 2>&1 merges stderr into the pipeline mixing strings with update
        # objects -- we filter them out in the foreach loop below.
        $rawOutput = Install-WindowsUpdate `
            -MicrosoftUpdate `
            -AcceptAll `
            -IgnoreReboot `
            -Install `
            -ErrorAction Continue 2>&1

        # Use a hashtable keyed on Title to keep only the LAST result per update.
        # PSWindowsUpdate emits objects at multiple pipeline stages (search, download,
        # install); overwriting ensures we capture the final post-install ResultCode
        # rather than an early ResultCode=0 (NotStarted).
        $byKey = @{}

        foreach ($u in $rawOutput) {
            if ($null -eq $u -or $u -isnot [PSObject]) { continue }
            if (-not ($u.PSObject.Properties.Name -contains 'Title')) { continue }
            if ([string]::IsNullOrWhiteSpace($u.Title)) { continue }

            $resultCode = 0
            try { $resultCode = [int]$u.ResultCode } catch { $resultCode = 4 }
            $succeeded = ($resultCode -eq 2 -or $resultCode -eq 3)

            # ResultCode=0 means NotStarted — treat as Skipped, not Failed.
            $status = if ($succeeded) { 'Succeeded' } elseif ($resultCode -eq 0) { 'Skipped' } else { 'Failed' }

            $kb = ''
            try {
                if ($u.KBArticleIDs -and $u.KBArticleIDs.Count -gt 0) {
                    $kb = 'KB' + $u.KBArticleIDs[0]
                }
            } catch {}

            $needsReboot = $false
            try { $needsReboot = [bool]$u.RebootRequired } catch {}

            $byKey[$u.Title] = [PSCustomObject]@{
                Identifier     = $kb
                Title          = [string]$u.Title
                Status         = $status
                ErrorMessage   = if ($succeeded -or $resultCode -eq 0) { '' } else { 'ResultCode=' + $resultCode }
                RebootRequired = $needsReboot
                AttemptedAt    = (Get-Date -Format 'o')
            }
        }

        $results = @($byKey.Values)

        if ($results.Count -eq 0) {
            Write-Output '[]'
        } else {
            $results | ConvertTo-Json -Compress
        }
2026-07-03 06:47:46.728 -05:00 [INF] (Thread 73) WindowsUpdateWorker: no updates installed — system reboot is already pending.
2026-07-03 06:47:46.728 -05:00 [INF] (Thread 73) WindowsUpdateWorker: pass complete. Total=1 Succeeded=1 Failed=0 Skipped=0
2026-07-03 06:47:46.728 -05:00 [INF] (Thread 73) WingetWorker: skipping — last run was 2026-07-02T19:32:02.3859087Z (less than 7 days ago).
2026-07-03 06:47:46.728 -05:00 [INF] (Thread 73) UpdateOrchestrator: cycle complete. Total=1 Succeeded=1 Failed=0 RebootRequired=true
2026-07-03 06:47:46.729 -05:00 [INF] (Thread 73) UpdateOrchestrator: reboot required but last reboot was 23.5 hours ago — skipping notification until 2-day minimum has elapsed.
2026-07-03 06:47:46.729 -05:00 [INF] (Thread 73) UpdateBackgroundService: next cycle in "01:00:00".
2026-07-03 07:47:46.825 -05:00 [INF] (Thread 74) SelfUpdater: checking for updates. Current version: 0.26.230.591
2026-07-03 07:47:46.927 -05:00 [INF] (Thread 74) SelfUpdater: remote version = 0.26.230.591.
2026-07-03 07:47:46.928 -05:00 [INF] (Thread 74) SelfUpdater: already up to date.
2026-07-03 07:47:46.928 -05:00 [INF] (Thread 74) UpdateOrchestrator: === Update cycle starting ===
2026-07-03 07:47:46.928 -05:00 [INF] (Thread 74) WindowsUpdateWorker: starting update pass.
2026-07-03 07:47:46.928 -05:00 [INF] (Thread 74) WindowsUpdateWorker: verifying PSWindowsUpdate module.
2026-07-03 07:47:46.930 -05:00 [DBG] (Thread 74) WindowsUpdateWorker: running PS script: $ProgressPreference = 'SilentlyContinue'
            $ErrorActionPreference = 'Stop'
            try {
                if (-not (Get-PackageProvider -Name NuGet -ListAvailable -ErrorAction SilentlyContinue)) {
                    Install-PackageProvider -Name NuGet -MinimumVersion 2.8.5.201 -Force -Scope AllUsers | Out-Null
                }
                Set-PSRepository -Name PSGallery -InstallationPolicy Trusted -ErrorAction SilentlyContinue
                if (-not (Get-Module -ListAvailable -Name PSWindowsUpdate -ErrorAction SilentlyContinue)) {
                    Install-Module PSWindowsUpdate -Force -SkipPublisherCheck -Scope AllUsers | Out-Null
                }
                Import-Module PSWindowsUpdate -Force -ErrorAction Stop
                try {
                    Add-WUServiceManager -MicrosoftUpdate -Confirm:$false -ErrorAction SilentlyContinue | Out-Null
                } catch {}
                Write-Output 'OK'
            } catch {
                Write-Output ('ERROR: ' + $_.Exception.Message)
            }
2026-07-03 07:48:00.534 -05:00 [INF] (Thread 74) WindowsUpdateWorker: PSWindowsUpdate module OK.
2026-07-03 07:48:00.535 -05:00 [DBG] (Thread 74) WindowsUpdateWorker: running PS script: Import-Module PSWindowsUpdate -ErrorAction Stop
        $ProgressPreference = 'SilentlyContinue'

        # Force the Windows Update Agent to scan before installing.
        # Fixes 0x80248007 (WU_E_DS_NODATA) on fresh builds or machines
        # whose update data store has not been initialised yet.
        try {
            Start-Process -FilePath 'UsoClient.exe' `
                -ArgumentList 'StartScan' `
                -Wait -NoNewWindow -ErrorAction SilentlyContinue
            Start-Sleep -Seconds 30
        } catch {}

        # 2>&1 merges stderr into the pipeline mixing strings with update
        # objects -- we filter them out in the foreach loop below.
        $rawOutput = Install-WindowsUpdate `
            -MicrosoftUpdate `
            -AcceptAll `
            -IgnoreReboot `
            -Install `
            -ErrorAction Continue 2>&1

        # Use a hashtable keyed on Title to keep only the LAST result per update.
        # PSWindowsUpdate emits objects at multiple pipeline stages (search, download,
        # install); overwriting ensures we capture the final post-install ResultCode
        # rather than an early ResultCode=0 (NotStarted).
        $byKey = @{}

        foreach ($u in $rawOutput) {
            if ($null -eq $u -or $u -isnot [PSObject]) { continue }
            if (-not ($u.PSObject.Properties.Name -contains 'Title')) { continue }
            if ([string]::IsNullOrWhiteSpace($u.Title)) { continue }

            $resultCode = 0
            try { $resultCode = [int]$u.ResultCode } catch { $resultCode = 4 }
            $succeeded = ($resultCode -eq 2 -or $resultCode -eq 3)

            # ResultCode=0 means NotStarted — treat as Skipped, not Failed.
            $status = if ($succeeded) { 'Succeeded' } elseif ($resultCode -eq 0) { 'Skipped' } else { 'Failed' }

            $kb = ''
            try {
                if ($u.KBArticleIDs -and $u.KBArticleIDs.Count -gt 0) {
                    $kb = 'KB' + $u.KBArticleIDs[0]
                }
            } catch {}

            $needsReboot = $false
            try { $needsReboot = [bool]$u.RebootRequired } catch {}

            $byKey[$u.Title] = [PSCustomObject]@{
                Identifier     = $kb
                Title          = [string]$u.Title
                Status         = $status
                ErrorMessage   = if ($succeeded -or $resultCode -eq 0) { '' } else { 'ResultCode=' + $resultCode }
                RebootRequired = $needsReboot
                AttemptedAt    = (Get-Date -Format 'o')
            }
        }

        $results = @($byKey.Values)

        if ($results.Count -eq 0) {
            Write-Output '[]'
        } else {
            $results | ConvertTo-Json -Compress
        }
2026-07-03 07:48:44.646 -05:00 [INF] (Thread 78) WindowsUpdateWorker: no updates installed — system reboot is already pending.
2026-07-03 07:48:44.646 -05:00 [INF] (Thread 78) WindowsUpdateWorker: pass complete. Total=1 Succeeded=1 Failed=0 Skipped=0
2026-07-03 07:48:44.646 -05:00 [INF] (Thread 78) WingetWorker: skipping — last run was 2026-07-02T19:32:02.3859087Z (less than 7 days ago).
2026-07-03 07:48:44.646 -05:00 [INF] (Thread 78) UpdateOrchestrator: cycle complete. Total=1 Succeeded=1 Failed=0 RebootRequired=true
2026-07-03 07:48:44.646 -05:00 [INF] (Thread 78) UpdateOrchestrator: reboot required but last reboot was 24.5 hours ago — skipping notification until 2-day minimum has elapsed.
2026-07-03 07:48:44.646 -05:00 [INF] (Thread 78) UpdateBackgroundService: next cycle in "01:00:00".
2026-07-03 08:48:44.705 -05:00 [INF] (Thread 78) SelfUpdater: checking for updates. Current version: 0.26.230.591
2026-07-03 08:48:44.837 -05:00 [INF] (Thread 78) SelfUpdater: remote version = 0.26.230.591.
2026-07-03 08:48:44.837 -05:00 [INF] (Thread 78) SelfUpdater: already up to date.
2026-07-03 08:48:44.837 -05:00 [INF] (Thread 78) UpdateOrchestrator: === Update cycle starting ===
2026-07-03 08:48:44.837 -05:00 [INF] (Thread 78) WindowsUpdateWorker: starting update pass.
2026-07-03 08:48:44.837 -05:00 [INF] (Thread 78) WindowsUpdateWorker: verifying PSWindowsUpdate module.
2026-07-03 08:48:44.838 -05:00 [DBG] (Thread 78) WindowsUpdateWorker: running PS script: $ProgressPreference = 'SilentlyContinue'
            $ErrorActionPreference = 'Stop'
            try {
                if (-not (Get-PackageProvider -Name NuGet -ListAvailable -ErrorAction SilentlyContinue)) {
                    Install-PackageProvider -Name NuGet -MinimumVersion 2.8.5.201 -Force -Scope AllUsers | Out-Null
                }
                Set-PSRepository -Name PSGallery -InstallationPolicy Trusted -ErrorAction SilentlyContinue
                if (-not (Get-Module -ListAvailable -Name PSWindowsUpdate -ErrorAction SilentlyContinue)) {
                    Install-Module PSWindowsUpdate -Force -SkipPublisherCheck -Scope AllUsers | Out-Null
                }
                Import-Module PSWindowsUpdate -Force -ErrorAction Stop
                try {
                    Add-WUServiceManager -MicrosoftUpdate -Confirm:$false -ErrorAction SilentlyContinue | Out-Null
                } catch {}
                Write-Output 'OK'
            } catch {
                Write-Output ('ERROR: ' + $_.Exception.Message)
            }
2026-07-03 08:48:58.435 -05:00 [INF] (Thread 78) WindowsUpdateWorker: PSWindowsUpdate module OK.
2026-07-03 08:48:58.436 -05:00 [DBG] (Thread 78) WindowsUpdateWorker: running PS script: Import-Module PSWindowsUpdate -ErrorAction Stop
        $ProgressPreference = 'SilentlyContinue'

        # Force the Windows Update Agent to scan before installing.
        # Fixes 0x80248007 (WU_E_DS_NODATA) on fresh builds or machines
        # whose update data store has not been initialised yet.
        try {
            Start-Process -FilePath 'UsoClient.exe' `
                -ArgumentList 'StartScan' `
                -Wait -NoNewWindow -ErrorAction SilentlyContinue
            Start-Sleep -Seconds 30
        } catch {}

        # 2>&1 merges stderr into the pipeline mixing strings with update
        # objects -- we filter them out in the foreach loop below.
        $rawOutput = Install-WindowsUpdate `
            -MicrosoftUpdate `
            -AcceptAll `
            -IgnoreReboot `
            -Install `
            -ErrorAction Continue 2>&1

        # Use a hashtable keyed on Title to keep only the LAST result per update.
        # PSWindowsUpdate emits objects at multiple pipeline stages (search, download,
        # install); overwriting ensures we capture the final post-install ResultCode
        # rather than an early ResultCode=0 (NotStarted).
        $byKey = @{}

        foreach ($u in $rawOutput) {
            if ($null -eq $u -or $u -isnot [PSObject]) { continue }
            if (-not ($u.PSObject.Properties.Name -contains 'Title')) { continue }
            if ([string]::IsNullOrWhiteSpace($u.Title)) { continue }

            $resultCode = 0
            try { $resultCode = [int]$u.ResultCode } catch { $resultCode = 4 }
            $succeeded = ($resultCode -eq 2 -or $resultCode -eq 3)

            # ResultCode=0 means NotStarted — treat as Skipped, not Failed.
            $status = if ($succeeded) { 'Succeeded' } elseif ($resultCode -eq 0) { 'Skipped' } else { 'Failed' }

            $kb = ''
            try {
                if ($u.KBArticleIDs -and $u.KBArticleIDs.Count -gt 0) {
                    $kb = 'KB' + $u.KBArticleIDs[0]
                }
            } catch {}

            $needsReboot = $false
            try { $needsReboot = [bool]$u.RebootRequired } catch {}

            $byKey[$u.Title] = [PSCustomObject]@{
                Identifier     = $kb
                Title          = [string]$u.Title
                Status         = $status
                ErrorMessage   = if ($succeeded -or $resultCode -eq 0) { '' } else { 'ResultCode=' + $resultCode }
                RebootRequired = $needsReboot
                AttemptedAt    = (Get-Date -Format 'o')
            }
        }

        $results = @($byKey.Values)

        if ($results.Count -eq 0) {
            Write-Output '[]'
        } else {
            $results | ConvertTo-Json -Compress
        }
2026-07-03 08:49:42.826 -05:00 [INF] (Thread 81) WindowsUpdateWorker: no updates installed — system reboot is already pending.
2026-07-03 08:49:42.826 -05:00 [INF] (Thread 81) WindowsUpdateWorker: pass complete. Total=1 Succeeded=1 Failed=0 Skipped=0
2026-07-03 08:49:42.826 -05:00 [INF] (Thread 81) WingetWorker: skipping — last run was 2026-07-02T19:32:02.3859087Z (less than 7 days ago).
2026-07-03 08:49:42.826 -05:00 [INF] (Thread 81) UpdateOrchestrator: cycle complete. Total=1 Succeeded=1 Failed=0 RebootRequired=true
2026-07-03 08:49:42.826 -05:00 [INF] (Thread 81) UpdateOrchestrator: reboot required but last reboot was 25.5 hours ago — skipping notification until 2-day minimum has elapsed.
2026-07-03 08:49:42.826 -05:00 [INF] (Thread 81) UpdateBackgroundService: next cycle in "01:00:00".
2026-07-03 09:49:42.930 -05:00 [INF] (Thread 82) SelfUpdater: checking for updates. Current version: 0.26.230.591
2026-07-03 09:49:43.038 -05:00 [INF] (Thread 82) SelfUpdater: remote version = 0.26.230.591.
2026-07-03 09:49:43.038 -05:00 [INF] (Thread 82) SelfUpdater: already up to date.
2026-07-03 09:49:43.038 -05:00 [INF] (Thread 82) UpdateOrchestrator: === Update cycle starting ===
2026-07-03 09:49:43.038 -05:00 [INF] (Thread 82) WindowsUpdateWorker: starting update pass.
2026-07-03 09:49:43.038 -05:00 [INF] (Thread 82) WindowsUpdateWorker: verifying PSWindowsUpdate module.
2026-07-03 09:49:43.041 -05:00 [DBG] (Thread 82) WindowsUpdateWorker: running PS script: $ProgressPreference = 'SilentlyContinue'
            $ErrorActionPreference = 'Stop'
            try {
                if (-not (Get-PackageProvider -Name NuGet -ListAvailable -ErrorAction SilentlyContinue)) {
                    Install-PackageProvider -Name NuGet -MinimumVersion 2.8.5.201 -Force -Scope AllUsers | Out-Null
                }
                Set-PSRepository -Name PSGallery -InstallationPolicy Trusted -ErrorAction SilentlyContinue
                if (-not (Get-Module -ListAvailable -Name PSWindowsUpdate -ErrorAction SilentlyContinue)) {
                    Install-Module PSWindowsUpdate -Force -SkipPublisherCheck -Scope AllUsers | Out-Null
                }
                Import-Module PSWindowsUpdate -Force -ErrorAction Stop
                try {
                    Add-WUServiceManager -MicrosoftUpdate -Confirm:$false -ErrorAction SilentlyContinue | Out-Null
                } catch {}
                Write-Output 'OK'
            } catch {
                Write-Output ('ERROR: ' + $_.Exception.Message)
            }
2026-07-03 09:49:55.362 -05:00 [INF] (Thread 82) WindowsUpdateWorker: PSWindowsUpdate module OK.
2026-07-03 09:49:55.363 -05:00 [DBG] (Thread 82) WindowsUpdateWorker: running PS script: Import-Module PSWindowsUpdate -ErrorAction Stop
        $ProgressPreference = 'SilentlyContinue'

        # Force the Windows Update Agent to scan before installing.
        # Fixes 0x80248007 (WU_E_DS_NODATA) on fresh builds or machines
        # whose update data store has not been initialised yet.
        try {
            Start-Process -FilePath 'UsoClient.exe' `
                -ArgumentList 'StartScan' `
                -Wait -NoNewWindow -ErrorAction SilentlyContinue
            Start-Sleep -Seconds 30
        } catch {}

        # 2>&1 merges stderr into the pipeline mixing strings with update
        # objects -- we filter them out in the foreach loop below.
        $rawOutput = Install-WindowsUpdate `
            -MicrosoftUpdate `
            -AcceptAll `
            -IgnoreReboot `
            -Install `
            -ErrorAction Continue 2>&1

        # Use a hashtable keyed on Title to keep only the LAST result per update.
        # PSWindowsUpdate emits objects at multiple pipeline stages (search, download,
        # install); overwriting ensures we capture the final post-install ResultCode
        # rather than an early ResultCode=0 (NotStarted).
        $byKey = @{}

        foreach ($u in $rawOutput) {
            if ($null -eq $u -or $u -isnot [PSObject]) { continue }
            if (-not ($u.PSObject.Properties.Name -contains 'Title')) { continue }
            if ([string]::IsNullOrWhiteSpace($u.Title)) { continue }

            $resultCode = 0
            try { $resultCode = [int]$u.ResultCode } catch { $resultCode = 4 }
            $succeeded = ($resultCode -eq 2 -or $resultCode -eq 3)

            # ResultCode=0 means NotStarted — treat as Skipped, not Failed.
            $status = if ($succeeded) { 'Succeeded' } elseif ($resultCode -eq 0) { 'Skipped' } else { 'Failed' }

            $kb = ''
            try {
                if ($u.KBArticleIDs -and $u.KBArticleIDs.Count -gt 0) {
                    $kb = 'KB' + $u.KBArticleIDs[0]
                }
            } catch {}

            $needsReboot = $false
            try { $needsReboot = [bool]$u.RebootRequired } catch {}

            $byKey[$u.Title] = [PSCustomObject]@{
                Identifier     = $kb
                Title          = [string]$u.Title
                Status         = $status
                ErrorMessage   = if ($succeeded -or $resultCode -eq 0) { '' } else { 'ResultCode=' + $resultCode }
                RebootRequired = $needsReboot
                AttemptedAt    = (Get-Date -Format 'o')
            }
        }

        $results = @($byKey.Values)

        if ($results.Count -eq 0) {
            Write-Output '[]'
        } else {
            $results | ConvertTo-Json -Compress
        }
2026-07-03 09:50:39.647 -05:00 [INF] (Thread 79) WindowsUpdateWorker: no updates installed — system reboot is already pending.
2026-07-03 09:50:39.647 -05:00 [INF] (Thread 79) WindowsUpdateWorker: pass complete. Total=1 Succeeded=1 Failed=0 Skipped=0
2026-07-03 09:50:39.647 -05:00 [INF] (Thread 79) WingetWorker: skipping — last run was 2026-07-02T19:32:02.3859087Z (less than 7 days ago).
2026-07-03 09:50:39.648 -05:00 [INF] (Thread 79) UpdateOrchestrator: cycle complete. Total=1 Succeeded=1 Failed=0 RebootRequired=true
2026-07-03 09:50:39.648 -05:00 [INF] (Thread 79) UpdateOrchestrator: reboot required but last reboot was 26.5 hours ago — skipping notification until 2-day minimum has elapsed.
2026-07-03 09:50:39.648 -05:00 [INF] (Thread 79) UpdateBackgroundService: next cycle in "01:00:00".
2026-07-03 10:50:39.700 -05:00 [INF] (Thread 79) SelfUpdater: checking for updates. Current version: 0.26.230.591
2026-07-03 10:50:39.808 -05:00 [INF] (Thread 79) SelfUpdater: remote version = 0.26.230.591.
2026-07-03 10:50:39.808 -05:00 [INF] (Thread 79) SelfUpdater: already up to date.
2026-07-03 10:50:39.808 -05:00 [INF] (Thread 79) UpdateOrchestrator: === Update cycle starting ===
2026-07-03 10:50:39.808 -05:00 [INF] (Thread 79) WindowsUpdateWorker: starting update pass.
2026-07-03 10:50:39.808 -05:00 [INF] (Thread 79) WindowsUpdateWorker: verifying PSWindowsUpdate module.
2026-07-03 10:50:39.808 -05:00 [DBG] (Thread 79) WindowsUpdateWorker: running PS script: $ProgressPreference = 'SilentlyContinue'
            $ErrorActionPreference = 'Stop'
            try {
                if (-not (Get-PackageProvider -Name NuGet -ListAvailable -ErrorAction SilentlyContinue)) {
                    Install-PackageProvider -Name NuGet -MinimumVersion 2.8.5.201 -Force -Scope AllUsers | Out-Null
                }
                Set-PSRepository -Name PSGallery -InstallationPolicy Trusted -ErrorAction SilentlyContinue
                if (-not (Get-Module -ListAvailable -Name PSWindowsUpdate -ErrorAction SilentlyContinue)) {
                    Install-Module PSWindowsUpdate -Force -SkipPublisherCheck -Scope AllUsers | Out-Null
                }
                Import-Module PSWindowsUpdate -Force -ErrorAction Stop
                try {
                    Add-WUServiceManager -MicrosoftUpdate -Confirm:$false -ErrorAction SilentlyContinue | Out-Null
                } catch {}
                Write-Output 'OK'
            } catch {
                Write-Output ('ERROR: ' + $_.Exception.Message)
            }
2026-07-03 10:50:51.983 -05:00 [INF] (Thread 81) WindowsUpdateWorker: PSWindowsUpdate module OK.
2026-07-03 10:50:51.984 -05:00 [DBG] (Thread 81) WindowsUpdateWorker: running PS script: Import-Module PSWindowsUpdate -ErrorAction Stop
        $ProgressPreference = 'SilentlyContinue'

        # Force the Windows Update Agent to scan before installing.
        # Fixes 0x80248007 (WU_E_DS_NODATA) on fresh builds or machines
        # whose update data store has not been initialised yet.
        try {
            Start-Process -FilePath 'UsoClient.exe' `
                -ArgumentList 'StartScan' `
                -Wait -NoNewWindow -ErrorAction SilentlyContinue
            Start-Sleep -Seconds 30
        } catch {}

        # 2>&1 merges stderr into the pipeline mixing strings with update
        # objects -- we filter them out in the foreach loop below.
        $rawOutput = Install-WindowsUpdate `
            -MicrosoftUpdate `
            -AcceptAll `
            -IgnoreReboot `
            -Install `
            -ErrorAction Continue 2>&1

        # Use a hashtable keyed on Title to keep only the LAST result per update.
        # PSWindowsUpdate emits objects at multiple pipeline stages (search, download,
        # install); overwriting ensures we capture the final post-install ResultCode
        # rather than an early ResultCode=0 (NotStarted).
        $byKey = @{}

        foreach ($u in $rawOutput) {
            if ($null -eq $u -or $u -isnot [PSObject]) { continue }
            if (-not ($u.PSObject.Properties.Name -contains 'Title')) { continue }
            if ([string]::IsNullOrWhiteSpace($u.Title)) { continue }

            $resultCode = 0
            try { $resultCode = [int]$u.ResultCode } catch { $resultCode = 4 }
            $succeeded = ($resultCode -eq 2 -or $resultCode -eq 3)

            # ResultCode=0 means NotStarted — treat as Skipped, not Failed.
            $status = if ($succeeded) { 'Succeeded' } elseif ($resultCode -eq 0) { 'Skipped' } else { 'Failed' }

            $kb = ''
            try {
                if ($u.KBArticleIDs -and $u.KBArticleIDs.Count -gt 0) {
                    $kb = 'KB' + $u.KBArticleIDs[0]
                }
            } catch {}

            $needsReboot = $false
            try { $needsReboot = [bool]$u.RebootRequired } catch {}

            $byKey[$u.Title] = [PSCustomObject]@{
                Identifier     = $kb
                Title          = [string]$u.Title
                Status         = $status
                ErrorMessage   = if ($succeeded -or $resultCode -eq 0) { '' } else { 'ResultCode=' + $resultCode }
                RebootRequired = $needsReboot
                AttemptedAt    = (Get-Date -Format 'o')
            }
        }

        $results = @($byKey.Values)

        if ($results.Count -eq 0) {
            Write-Output '[]'
        } else {
            $results | ConvertTo-Json -Compress
        }
2026-07-03 10:51:39.316 -05:00 [INF] (Thread 81) WindowsUpdateWorker: no updates installed — system reboot is already pending.
2026-07-03 10:51:39.316 -05:00 [INF] (Thread 81) WindowsUpdateWorker: pass complete. Total=1 Succeeded=1 Failed=0 Skipped=0
2026-07-03 10:51:39.316 -05:00 [INF] (Thread 81) WingetWorker: skipping — last run was 2026-07-02T19:32:02.3859087Z (less than 7 days ago).
2026-07-03 10:51:39.316 -05:00 [INF] (Thread 81) UpdateOrchestrator: cycle complete. Total=1 Succeeded=1 Failed=0 RebootRequired=true
2026-07-03 10:51:39.316 -05:00 [INF] (Thread 81) UpdateOrchestrator: reboot required but last reboot was 27.5 hours ago — skipping notification until 2-day minimum has elapsed.
2026-07-03 10:51:39.316 -05:00 [INF] (Thread 81) UpdateBackgroundService: next cycle in "01:00:00".
2026-07-03 11:51:39.349 -05:00 [INF] (Thread 77) SelfUpdater: checking for updates. Current version: 0.26.230.591
2026-07-03 11:51:39.484 -05:00 [INF] (Thread 77) SelfUpdater: remote version = 0.26.230.591.
2026-07-03 11:51:39.485 -05:00 [INF] (Thread 77) SelfUpdater: already up to date.
2026-07-03 11:51:39.485 -05:00 [INF] (Thread 77) UpdateOrchestrator: === Update cycle starting ===
2026-07-03 11:51:39.485 -05:00 [INF] (Thread 77) WindowsUpdateWorker: starting update pass.
2026-07-03 11:51:39.485 -05:00 [INF] (Thread 77) WindowsUpdateWorker: verifying PSWindowsUpdate module.
2026-07-03 11:51:39.487 -05:00 [DBG] (Thread 77) WindowsUpdateWorker: running PS script: $ProgressPreference = 'SilentlyContinue'
            $ErrorActionPreference = 'Stop'
            try {
                if (-not (Get-PackageProvider -Name NuGet -ListAvailable -ErrorAction SilentlyContinue)) {
                    Install-PackageProvider -Name NuGet -MinimumVersion 2.8.5.201 -Force -Scope AllUsers | Out-Null
                }
                Set-PSRepository -Name PSGallery -InstallationPolicy Trusted -ErrorAction SilentlyContinue
                if (-not (Get-Module -ListAvailable -Name PSWindowsUpdate -ErrorAction SilentlyContinue)) {
                    Install-Module PSWindowsUpdate -Force -SkipPublisherCheck -Scope AllUsers | Out-Null
                }
                Import-Module PSWindowsUpdate -Force -ErrorAction Stop
                try {
                    Add-WUServiceManager -MicrosoftUpdate -Confirm:$false -ErrorAction SilentlyContinue | Out-Null
                } catch {}
                Write-Output 'OK'
            } catch {
                Write-Output ('ERROR: ' + $_.Exception.Message)
            }
2026-07-03 11:51:51.338 -05:00 [INF] (Thread 77) WindowsUpdateWorker: PSWindowsUpdate module OK.
2026-07-03 11:51:51.339 -05:00 [DBG] (Thread 77) WindowsUpdateWorker: running PS script: Import-Module PSWindowsUpdate -ErrorAction Stop
        $ProgressPreference = 'SilentlyContinue'

        # Force the Windows Update Agent to scan before installing.
        # Fixes 0x80248007 (WU_E_DS_NODATA) on fresh builds or machines
        # whose update data store has not been initialised yet.
        try {
            Start-Process -FilePath 'UsoClient.exe' `
                -ArgumentList 'StartScan' `
                -Wait -NoNewWindow -ErrorAction SilentlyContinue
            Start-Sleep -Seconds 30
        } catch {}

        # 2>&1 merges stderr into the pipeline mixing strings with update
        # objects -- we filter them out in the foreach loop below.
        $rawOutput = Install-WindowsUpdate `
            -MicrosoftUpdate `
            -AcceptAll `
            -IgnoreReboot `
            -Install `
            -ErrorAction Continue 2>&1

        # Use a hashtable keyed on Title to keep only the LAST result per update.
        # PSWindowsUpdate emits objects at multiple pipeline stages (search, download,
        # install); overwriting ensures we capture the final post-install ResultCode
        # rather than an early ResultCode=0 (NotStarted).
        $byKey = @{}

        foreach ($u in $rawOutput) {
            if ($null -eq $u -or $u -isnot [PSObject]) { continue }
            if (-not ($u.PSObject.Properties.Name -contains 'Title')) { continue }
            if ([string]::IsNullOrWhiteSpace($u.Title)) { continue }

            $resultCode = 0
            try { $resultCode = [int]$u.ResultCode } catch { $resultCode = 4 }
            $succeeded = ($resultCode -eq 2 -or $resultCode -eq 3)

            # ResultCode=0 means NotStarted — treat as Skipped, not Failed.
            $status = if ($succeeded) { 'Succeeded' } elseif ($resultCode -eq 0) { 'Skipped' } else { 'Failed' }

            $kb = ''
            try {
                if ($u.KBArticleIDs -and $u.KBArticleIDs.Count -gt 0) {
                    $kb = 'KB' + $u.KBArticleIDs[0]
                }
            } catch {}

            $needsReboot = $false
            try { $needsReboot = [bool]$u.RebootRequired } catch {}

            $byKey[$u.Title] = [PSCustomObject]@{
                Identifier     = $kb
                Title          = [string]$u.Title
                Status         = $status
                ErrorMessage   = if ($succeeded -or $resultCode -eq 0) { '' } else { 'ResultCode=' + $resultCode }
                RebootRequired = $needsReboot
                AttemptedAt    = (Get-Date -Format 'o')
            }
        }

        $results = @($byKey.Values)

        if ($results.Count -eq 0) {
            Write-Output '[]'
        } else {
            $results | ConvertTo-Json -Compress
        }
2026-07-03 11:52:53.923 -05:00 [INF] (Thread 77) WindowsUpdateWorker: no updates installed — system reboot is already pending.
2026-07-03 11:52:53.923 -05:00 [INF] (Thread 77) WindowsUpdateWorker: pass complete. Total=1 Succeeded=1 Failed=0 Skipped=0
2026-07-03 11:52:53.923 -05:00 [INF] (Thread 77) WingetWorker: skipping — last run was 2026-07-02T19:32:02.3859087Z (less than 7 days ago).
2026-07-03 11:52:53.923 -05:00 [INF] (Thread 77) UpdateOrchestrator: cycle complete. Total=1 Succeeded=1 Failed=0 RebootRequired=true
2026-07-03 11:52:53.923 -05:00 [INF] (Thread 77) UpdateOrchestrator: reboot required but last reboot was 28.6 hours ago — skipping notification until 2-day minimum has elapsed.
2026-07-03 11:52:53.923 -05:00 [INF] (Thread 77) UpdateBackgroundService: next cycle in "01:00:00".
2026-07-03 12:52:53.952 -05:00 [INF] (Thread 74) SelfUpdater: checking for updates. Current version: 0.26.230.591
2026-07-03 12:52:54.045 -05:00 [INF] (Thread 74) SelfUpdater: remote version = 0.26.230.591.
2026-07-03 12:52:54.045 -05:00 [INF] (Thread 74) SelfUpdater: already up to date.
2026-07-03 12:52:54.045 -05:00 [INF] (Thread 74) UpdateOrchestrator: === Update cycle starting ===
2026-07-03 12:52:54.045 -05:00 [INF] (Thread 74) WindowsUpdateWorker: starting update pass.
2026-07-03 12:52:54.045 -05:00 [INF] (Thread 74) WindowsUpdateWorker: verifying PSWindowsUpdate module.
2026-07-03 12:52:54.048 -05:00 [DBG] (Thread 74) WindowsUpdateWorker: running PS script: $ProgressPreference = 'SilentlyContinue'
            $ErrorActionPreference = 'Stop'
            try {
                if (-not (Get-PackageProvider -Name NuGet -ListAvailable -ErrorAction SilentlyContinue)) {
                    Install-PackageProvider -Name NuGet -MinimumVersion 2.8.5.201 -Force -Scope AllUsers | Out-Null
                }
                Set-PSRepository -Name PSGallery -InstallationPolicy Trusted -ErrorAction SilentlyContinue
                if (-not (Get-Module -ListAvailable -Name PSWindowsUpdate -ErrorAction SilentlyContinue)) {
                    Install-Module PSWindowsUpdate -Force -SkipPublisherCheck -Scope AllUsers | Out-Null
                }
                Import-Module PSWindowsUpdate -Force -ErrorAction Stop
                try {
                    Add-WUServiceManager -MicrosoftUpdate -Confirm:$false -ErrorAction SilentlyContinue | Out-Null
                } catch {}
                Write-Output 'OK'
            } catch {
                Write-Output ('ERROR: ' + $_.Exception.Message)
            }
2026-07-03 12:53:06.024 -05:00 [INF] (Thread 74) WindowsUpdateWorker: PSWindowsUpdate module OK.
2026-07-03 12:53:06.025 -05:00 [DBG] (Thread 74) WindowsUpdateWorker: running PS script: Import-Module PSWindowsUpdate -ErrorAction Stop
        $ProgressPreference = 'SilentlyContinue'

        # Force the Windows Update Agent to scan before installing.
        # Fixes 0x80248007 (WU_E_DS_NODATA) on fresh builds or machines
        # whose update data store has not been initialised yet.
        try {
            Start-Process -FilePath 'UsoClient.exe' `
                -ArgumentList 'StartScan' `
                -Wait -NoNewWindow -ErrorAction SilentlyContinue
            Start-Sleep -Seconds 30
        } catch {}

        # 2>&1 merges stderr into the pipeline mixing strings with update
        # objects -- we filter them out in the foreach loop below.
        $rawOutput = Install-WindowsUpdate `
            -MicrosoftUpdate `
            -AcceptAll `
            -IgnoreReboot `
            -Install `
            -ErrorAction Continue 2>&1

        # Use a hashtable keyed on Title to keep only the LAST result per update.
        # PSWindowsUpdate emits objects at multiple pipeline stages (search, download,
        # install); overwriting ensures we capture the final post-install ResultCode
        # rather than an early ResultCode=0 (NotStarted).
        $byKey = @{}

        foreach ($u in $rawOutput) {
            if ($null -eq $u -or $u -isnot [PSObject]) { continue }
            if (-not ($u.PSObject.Properties.Name -contains 'Title')) { continue }
            if ([string]::IsNullOrWhiteSpace($u.Title)) { continue }

            $resultCode = 0
            try { $resultCode = [int]$u.ResultCode } catch { $resultCode = 4 }
            $succeeded = ($resultCode -eq 2 -or $resultCode -eq 3)

            # ResultCode=0 means NotStarted — treat as Skipped, not Failed.
            $status = if ($succeeded) { 'Succeeded' } elseif ($resultCode -eq 0) { 'Skipped' } else { 'Failed' }

            $kb = ''
            try {
                if ($u.KBArticleIDs -and $u.KBArticleIDs.Count -gt 0) {
                    $kb = 'KB' + $u.KBArticleIDs[0]
                }
            } catch {}

            $needsReboot = $false
            try { $needsReboot = [bool]$u.RebootRequired } catch {}

            $byKey[$u.Title] = [PSCustomObject]@{
                Identifier     = $kb
                Title          = [string]$u.Title
                Status         = $status
                ErrorMessage   = if ($succeeded -or $resultCode -eq 0) { '' } else { 'ResultCode=' + $resultCode }
                RebootRequired = $needsReboot
                AttemptedAt    = (Get-Date -Format 'o')
            }
        }

        $results = @($byKey.Values)

        if ($results.Count -eq 0) {
            Write-Output '[]'
        } else {
            $results | ConvertTo-Json -Compress
        }
2026-07-03 12:53:54.939 -05:00 [INF] (Thread 77) WindowsUpdateWorker: no updates installed — system reboot is already pending.
2026-07-03 12:53:54.939 -05:00 [INF] (Thread 77) WindowsUpdateWorker: pass complete. Total=1 Succeeded=1 Failed=0 Skipped=0
2026-07-03 12:53:54.939 -05:00 [INF] (Thread 77) WingetWorker: skipping — last run was 2026-07-02T19:32:02.3859087Z (less than 7 days ago).
2026-07-03 12:53:54.939 -05:00 [INF] (Thread 77) UpdateOrchestrator: cycle complete. Total=1 Succeeded=1 Failed=0 RebootRequired=true
2026-07-03 12:53:54.939 -05:00 [INF] (Thread 77) UpdateOrchestrator: reboot required but last reboot was 29.6 hours ago — skipping notification until 2-day minimum has elapsed.
2026-07-03 12:53:54.939 -05:00 [INF] (Thread 77) UpdateBackgroundService: next cycle in "01:00:00".
2026-07-03 13:53:55.043 -05:00 [INF] (Thread 71) SelfUpdater: checking for updates. Current version: 0.26.230.591
2026-07-03 13:53:55.238 -05:00 [INF] (Thread 71) SelfUpdater: remote version = 0.26.230.591.
2026-07-03 13:53:55.238 -05:00 [INF] (Thread 71) SelfUpdater: already up to date.
2026-07-03 13:53:55.238 -05:00 [INF] (Thread 71) UpdateOrchestrator: === Update cycle starting ===
2026-07-03 13:53:55.238 -05:00 [INF] (Thread 71) WindowsUpdateWorker: starting update pass.
2026-07-03 13:53:55.238 -05:00 [INF] (Thread 71) WindowsUpdateWorker: verifying PSWindowsUpdate module.
2026-07-03 13:53:55.240 -05:00 [DBG] (Thread 71) WindowsUpdateWorker: running PS script: $ProgressPreference = 'SilentlyContinue'
            $ErrorActionPreference = 'Stop'
            try {
                if (-not (Get-PackageProvider -Name NuGet -ListAvailable -ErrorAction SilentlyContinue)) {
                    Install-PackageProvider -Name NuGet -MinimumVersion 2.8.5.201 -Force -Scope AllUsers | Out-Null
                }
                Set-PSRepository -Name PSGallery -InstallationPolicy Trusted -ErrorAction SilentlyContinue
                if (-not (Get-Module -ListAvailable -Name PSWindowsUpdate -ErrorAction SilentlyContinue)) {
                    Install-Module PSWindowsUpdate -Force -SkipPublisherCheck -Scope AllUsers | Out-Null
                }
                Import-Module PSWindowsUpdate -Force -ErrorAction Stop
                try {
                    Add-WUServiceManager -MicrosoftUpdate -Confirm:$false -ErrorAction SilentlyContinue | Out-Null
                } catch {}
                Write-Output 'OK'
            } catch {
                Write-Output ('ERROR: ' + $_.Exception.Message)
            }
2026-07-03 13:54:07.165 -05:00 [INF] (Thread 71) WindowsUpdateWorker: PSWindowsUpdate module OK.
2026-07-03 13:54:07.169 -05:00 [DBG] (Thread 71) WindowsUpdateWorker: running PS script: Import-Module PSWindowsUpdate -ErrorAction Stop
        $ProgressPreference = 'SilentlyContinue'

        # Force the Windows Update Agent to scan before installing.
        # Fixes 0x80248007 (WU_E_DS_NODATA) on fresh builds or machines
        # whose update data store has not been initialised yet.
        try {
            Start-Process -FilePath 'UsoClient.exe' `
                -ArgumentList 'StartScan' `
                -Wait -NoNewWindow -ErrorAction SilentlyContinue
            Start-Sleep -Seconds 30
        } catch {}

        # 2>&1 merges stderr into the pipeline mixing strings with update
        # objects -- we filter them out in the foreach loop below.
        $rawOutput = Install-WindowsUpdate `
            -MicrosoftUpdate `
            -AcceptAll `
            -IgnoreReboot `
            -Install `
            -ErrorAction Continue 2>&1

        # Use a hashtable keyed on Title to keep only the LAST result per update.
        # PSWindowsUpdate emits objects at multiple pipeline stages (search, download,
        # install); overwriting ensures we capture the final post-install ResultCode
        # rather than an early ResultCode=0 (NotStarted).
        $byKey = @{}

        foreach ($u in $rawOutput) {
            if ($null -eq $u -or $u -isnot [PSObject]) { continue }
            if (-not ($u.PSObject.Properties.Name -contains 'Title')) { continue }
            if ([string]::IsNullOrWhiteSpace($u.Title)) { continue }

            $resultCode = 0
            try { $resultCode = [int]$u.ResultCode } catch { $resultCode = 4 }
            $succeeded = ($resultCode -eq 2 -or $resultCode -eq 3)

            # ResultCode=0 means NotStarted — treat as Skipped, not Failed.
            $status = if ($succeeded) { 'Succeeded' } elseif ($resultCode -eq 0) { 'Skipped' } else { 'Failed' }

            $kb = ''
            try {
                if ($u.KBArticleIDs -and $u.KBArticleIDs.Count -gt 0) {
                    $kb = 'KB' + $u.KBArticleIDs[0]
                }
            } catch {}

            $needsReboot = $false
            try { $needsReboot = [bool]$u.RebootRequired } catch {}

            $byKey[$u.Title] = [PSCustomObject]@{
                Identifier     = $kb
                Title          = [string]$u.Title
                Status         = $status
                ErrorMessage   = if ($succeeded -or $resultCode -eq 0) { '' } else { 'ResultCode=' + $resultCode }
                RebootRequired = $needsReboot
                AttemptedAt    = (Get-Date -Format 'o')
            }
        }

        $results = @($byKey.Values)

        if ($results.Count -eq 0) {
            Write-Output '[]'
        } else {
            $results | ConvertTo-Json -Compress
        }
2026-07-03 13:54:50.573 -05:00 [INF] (Thread 65) WindowsUpdateWorker: no updates installed — system reboot is already pending.
2026-07-03 13:54:50.573 -05:00 [INF] (Thread 65) WindowsUpdateWorker: pass complete. Total=1 Succeeded=1 Failed=0 Skipped=0
2026-07-03 13:54:50.574 -05:00 [INF] (Thread 65) WingetWorker: skipping — last run was 2026-07-02T19:32:02.3859087Z (less than 7 days ago).
2026-07-03 13:54:50.574 -05:00 [INF] (Thread 65) UpdateOrchestrator: cycle complete. Total=1 Succeeded=1 Failed=0 RebootRequired=true
2026-07-03 13:54:50.574 -05:00 [INF] (Thread 65) UpdateOrchestrator: reboot required but last reboot was 30.6 hours ago — skipping notification until 2-day minimum has elapsed.
2026-07-03 13:54:50.574 -05:00 [INF] (Thread 65) UpdateBackgroundService: next cycle in "01:00:00".
2026-07-03 14:54:50.703 -05:00 [INF] (Thread 71) SelfUpdater: checking for updates. Current version: 0.26.230.591
2026-07-03 14:54:50.809 -05:00 [INF] (Thread 66) SelfUpdater: remote version = 0.26.230.591.
2026-07-03 14:54:50.809 -05:00 [INF] (Thread 66) SelfUpdater: already up to date.
2026-07-03 14:54:50.809 -05:00 [INF] (Thread 66) UpdateOrchestrator: === Update cycle starting ===
2026-07-03 14:54:50.809 -05:00 [INF] (Thread 66) WindowsUpdateWorker: starting update pass.
2026-07-03 14:54:50.809 -05:00 [INF] (Thread 66) WindowsUpdateWorker: verifying PSWindowsUpdate module.
2026-07-03 14:54:50.811 -05:00 [DBG] (Thread 66) WindowsUpdateWorker: running PS script: $ProgressPreference = 'SilentlyContinue'
            $ErrorActionPreference = 'Stop'
            try {
                if (-not (Get-PackageProvider -Name NuGet -ListAvailable -ErrorAction SilentlyContinue)) {
                    Install-PackageProvider -Name NuGet -MinimumVersion 2.8.5.201 -Force -Scope AllUsers | Out-Null
                }
                Set-PSRepository -Name PSGallery -InstallationPolicy Trusted -ErrorAction SilentlyContinue
                if (-not (Get-Module -ListAvailable -Name PSWindowsUpdate -ErrorAction SilentlyContinue)) {
                    Install-Module PSWindowsUpdate -Force -SkipPublisherCheck -Scope AllUsers | Out-Null
                }
                Import-Module PSWindowsUpdate -Force -ErrorAction Stop
                try {
                    Add-WUServiceManager -MicrosoftUpdate -Confirm:$false -ErrorAction SilentlyContinue | Out-Null
                } catch {}
                Write-Output 'OK'
            } catch {
                Write-Output ('ERROR: ' + $_.Exception.Message)
            }
2026-07-03 14:55:03.030 -05:00 [INF] (Thread 64) WindowsUpdateWorker: PSWindowsUpdate module OK.
2026-07-03 14:55:03.032 -05:00 [DBG] (Thread 64) WindowsUpdateWorker: running PS script: Import-Module PSWindowsUpdate -ErrorAction Stop
        $ProgressPreference = 'SilentlyContinue'

        # Force the Windows Update Agent to scan before installing.
        # Fixes 0x80248007 (WU_E_DS_NODATA) on fresh builds or machines
        # whose update data store has not been initialised yet.
        try {
            Start-Process -FilePath 'UsoClient.exe' `
                -ArgumentList 'StartScan' `
                -Wait -NoNewWindow -ErrorAction SilentlyContinue
            Start-Sleep -Seconds 30
        } catch {}

        # 2>&1 merges stderr into the pipeline mixing strings with update
        # objects -- we filter them out in the foreach loop below.
        $rawOutput = Install-WindowsUpdate `
            -MicrosoftUpdate `
            -AcceptAll `
            -IgnoreReboot `
            -Install `
            -ErrorAction Continue 2>&1

        # Use a hashtable keyed on Title to keep only the LAST result per update.
        # PSWindowsUpdate emits objects at multiple pipeline stages (search, download,
        # install); overwriting ensures we capture the final post-install ResultCode
        # rather than an early ResultCode=0 (NotStarted).
        $byKey = @{}

        foreach ($u in $rawOutput) {
            if ($null -eq $u -or $u -isnot [PSObject]) { continue }
            if (-not ($u.PSObject.Properties.Name -contains 'Title')) { continue }
            if ([string]::IsNullOrWhiteSpace($u.Title)) { continue }

            $resultCode = 0
            try { $resultCode = [int]$u.ResultCode } catch { $resultCode = 4 }
            $succeeded = ($resultCode -eq 2 -or $resultCode -eq 3)

            # ResultCode=0 means NotStarted — treat as Skipped, not Failed.
            $status = if ($succeeded) { 'Succeeded' } elseif ($resultCode -eq 0) { 'Skipped' } else { 'Failed' }

            $kb = ''
            try {
                if ($u.KBArticleIDs -and $u.KBArticleIDs.Count -gt 0) {
                    $kb = 'KB' + $u.KBArticleIDs[0]
                }
            } catch {}

            $needsReboot = $false
            try { $needsReboot = [bool]$u.RebootRequired } catch {}

            $byKey[$u.Title] = [PSCustomObject]@{
                Identifier     = $kb
                Title          = [string]$u.Title
                Status         = $status
                ErrorMessage   = if ($succeeded -or $resultCode -eq 0) { '' } else { 'ResultCode=' + $resultCode }
                RebootRequired = $needsReboot
                AttemptedAt    = (Get-Date -Format 'o')
            }
        }

        $results = @($byKey.Values)

        if ($results.Count -eq 0) {
            Write-Output '[]'
        } else {
            $results | ConvertTo-Json -Compress
        }
2026-07-03 14:55:47.488 -05:00 [INF] (Thread 64) WindowsUpdateWorker: no updates installed — system reboot is already pending.
2026-07-03 14:55:47.488 -05:00 [INF] (Thread 64) WindowsUpdateWorker: pass complete. Total=1 Succeeded=1 Failed=0 Skipped=0
2026-07-03 14:55:47.488 -05:00 [INF] (Thread 64) WingetWorker: skipping — last run was 2026-07-02T19:32:02.3859087Z (less than 7 days ago).
2026-07-03 14:55:47.488 -05:00 [INF] (Thread 64) UpdateOrchestrator: cycle complete. Total=1 Succeeded=1 Failed=0 RebootRequired=true
2026-07-03 14:55:47.488 -05:00 [INF] (Thread 64) UpdateOrchestrator: reboot required but last reboot was 31.6 hours ago — skipping notification until 2-day minimum has elapsed.
2026-07-03 14:55:47.488 -05:00 [INF] (Thread 64) UpdateBackgroundService: next cycle in "01:00:00".
2026-07-03 15:55:47.557 -05:00 [INF] (Thread 67) SelfUpdater: checking for updates. Current version: 0.26.230.591
2026-07-03 15:55:47.763 -05:00 [INF] (Thread 67) SelfUpdater: remote version = 0.26.230.591.
2026-07-03 15:55:47.763 -05:00 [INF] (Thread 67) SelfUpdater: already up to date.
2026-07-03 15:55:47.763 -05:00 [INF] (Thread 67) UpdateOrchestrator: === Update cycle starting ===
2026-07-03 15:55:47.763 -05:00 [INF] (Thread 67) WindowsUpdateWorker: starting update pass.
2026-07-03 15:55:47.763 -05:00 [INF] (Thread 67) WindowsUpdateWorker: verifying PSWindowsUpdate module.
2026-07-03 15:55:47.766 -05:00 [DBG] (Thread 67) WindowsUpdateWorker: running PS script: $ProgressPreference = 'SilentlyContinue'
            $ErrorActionPreference = 'Stop'
            try {
                if (-not (Get-PackageProvider -Name NuGet -ListAvailable -ErrorAction SilentlyContinue)) {
                    Install-PackageProvider -Name NuGet -MinimumVersion 2.8.5.201 -Force -Scope AllUsers | Out-Null
                }
                Set-PSRepository -Name PSGallery -InstallationPolicy Trusted -ErrorAction SilentlyContinue
                if (-not (Get-Module -ListAvailable -Name PSWindowsUpdate -ErrorAction SilentlyContinue)) {
                    Install-Module PSWindowsUpdate -Force -SkipPublisherCheck -Scope AllUsers | Out-Null
                }
                Import-Module PSWindowsUpdate -Force -ErrorAction Stop
                try {
                    Add-WUServiceManager -MicrosoftUpdate -Confirm:$false -ErrorAction SilentlyContinue | Out-Null
                } catch {}
                Write-Output 'OK'
            } catch {
                Write-Output ('ERROR: ' + $_.Exception.Message)
            }
2026-07-03 15:55:59.838 -05:00 [INF] (Thread 67) WindowsUpdateWorker: PSWindowsUpdate module OK.
2026-07-03 15:55:59.839 -05:00 [DBG] (Thread 67) WindowsUpdateWorker: running PS script: Import-Module PSWindowsUpdate -ErrorAction Stop
        $ProgressPreference = 'SilentlyContinue'

        # Force the Windows Update Agent to scan before installing.
        # Fixes 0x80248007 (WU_E_DS_NODATA) on fresh builds or machines
        # whose update data store has not been initialised yet.
        try {
            Start-Process -FilePath 'UsoClient.exe' `
                -ArgumentList 'StartScan' `
                -Wait -NoNewWindow -ErrorAction SilentlyContinue
            Start-Sleep -Seconds 30
        } catch {}

        # 2>&1 merges stderr into the pipeline mixing strings with update
        # objects -- we filter them out in the foreach loop below.
        $rawOutput = Install-WindowsUpdate `
            -MicrosoftUpdate `
            -AcceptAll `
            -IgnoreReboot `
            -Install `
            -ErrorAction Continue 2>&1

        # Use a hashtable keyed on Title to keep only the LAST result per update.
        # PSWindowsUpdate emits objects at multiple pipeline stages (search, download,
        # install); overwriting ensures we capture the final post-install ResultCode
        # rather than an early ResultCode=0 (NotStarted).
        $byKey = @{}

        foreach ($u in $rawOutput) {
            if ($null -eq $u -or $u -isnot [PSObject]) { continue }
            if (-not ($u.PSObject.Properties.Name -contains 'Title')) { continue }
            if ([string]::IsNullOrWhiteSpace($u.Title)) { continue }

            $resultCode = 0
            try { $resultCode = [int]$u.ResultCode } catch { $resultCode = 4 }
            $succeeded = ($resultCode -eq 2 -or $resultCode -eq 3)

            # ResultCode=0 means NotStarted — treat as Skipped, not Failed.
            $status = if ($succeeded) { 'Succeeded' } elseif ($resultCode -eq 0) { 'Skipped' } else { 'Failed' }

            $kb = ''
            try {
                if ($u.KBArticleIDs -and $u.KBArticleIDs.Count -gt 0) {
                    $kb = 'KB' + $u.KBArticleIDs[0]
                }
            } catch {}

            $needsReboot = $false
            try { $needsReboot = [bool]$u.RebootRequired } catch {}

            $byKey[$u.Title] = [PSCustomObject]@{
                Identifier     = $kb
                Title          = [string]$u.Title
                Status         = $status
                ErrorMessage   = if ($succeeded -or $resultCode -eq 0) { '' } else { 'ResultCode=' + $resultCode }
                RebootRequired = $needsReboot
                AttemptedAt    = (Get-Date -Format 'o')
            }
        }

        $results = @($byKey.Values)

        if ($results.Count -eq 0) {
            Write-Output '[]'
        } else {
            $results | ConvertTo-Json -Compress
        }
2026-07-03 15:56:49.137 -05:00 [INF] (Thread 63) WindowsUpdateWorker: no updates installed — system reboot is already pending.
2026-07-03 15:56:49.137 -05:00 [INF] (Thread 63) WindowsUpdateWorker: pass complete. Total=1 Succeeded=1 Failed=0 Skipped=0
2026-07-03 15:56:49.137 -05:00 [INF] (Thread 63) WingetWorker: skipping — last run was 2026-07-02T19:32:02.3859087Z (less than 7 days ago).
2026-07-03 15:56:49.137 -05:00 [INF] (Thread 63) UpdateOrchestrator: cycle complete. Total=1 Succeeded=1 Failed=0 RebootRequired=true
2026-07-03 15:56:49.138 -05:00 [INF] (Thread 63) UpdateOrchestrator: reboot required but last reboot was 32.6 hours ago — skipping notification until 2-day minimum has elapsed.
2026-07-03 15:56:49.138 -05:00 [INF] (Thread 63) UpdateBackgroundService: next cycle in "01:00:00".
2026-07-03 16:56:49.182 -05:00 [INF] (Thread 63) SelfUpdater: checking for updates. Current version: 0.26.230.591
2026-07-03 16:56:49.368 -05:00 [INF] (Thread 59) SelfUpdater: remote version = 0.26.230.591.
2026-07-03 16:56:49.368 -05:00 [INF] (Thread 59) SelfUpdater: already up to date.
2026-07-03 16:56:49.368 -05:00 [INF] (Thread 59) UpdateOrchestrator: === Update cycle starting ===
2026-07-03 16:56:49.369 -05:00 [INF] (Thread 59) WindowsUpdateWorker: starting update pass.
2026-07-03 16:56:49.369 -05:00 [INF] (Thread 59) WindowsUpdateWorker: verifying PSWindowsUpdate module.
2026-07-03 16:56:49.373 -05:00 [DBG] (Thread 59) WindowsUpdateWorker: running PS script: $ProgressPreference = 'SilentlyContinue'
            $ErrorActionPreference = 'Stop'
            try {
                if (-not (Get-PackageProvider -Name NuGet -ListAvailable -ErrorAction SilentlyContinue)) {
                    Install-PackageProvider -Name NuGet -MinimumVersion 2.8.5.201 -Force -Scope AllUsers | Out-Null
                }
                Set-PSRepository -Name PSGallery -InstallationPolicy Trusted -ErrorAction SilentlyContinue
                if (-not (Get-Module -ListAvailable -Name PSWindowsUpdate -ErrorAction SilentlyContinue)) {
                    Install-Module PSWindowsUpdate -Force -SkipPublisherCheck -Scope AllUsers | Out-Null
                }
                Import-Module PSWindowsUpdate -Force -ErrorAction Stop
                try {
                    Add-WUServiceManager -MicrosoftUpdate -Confirm:$false -ErrorAction SilentlyContinue | Out-Null
                } catch {}
                Write-Output 'OK'
            } catch {
                Write-Output ('ERROR: ' + $_.Exception.Message)
            }
2026-07-03 16:57:01.521 -05:00 [INF] (Thread 52) WindowsUpdateWorker: PSWindowsUpdate module OK.
2026-07-03 16:57:01.523 -05:00 [DBG] (Thread 52) WindowsUpdateWorker: running PS script: Import-Module PSWindowsUpdate -ErrorAction Stop
        $ProgressPreference = 'SilentlyContinue'

        # Force the Windows Update Agent to scan before installing.
        # Fixes 0x80248007 (WU_E_DS_NODATA) on fresh builds or machines
        # whose update data store has not been initialised yet.
        try {
            Start-Process -FilePath 'UsoClient.exe' `
                -ArgumentList 'StartScan' `
                -Wait -NoNewWindow -ErrorAction SilentlyContinue
            Start-Sleep -Seconds 30
        } catch {}

        # 2>&1 merges stderr into the pipeline mixing strings with update
        # objects -- we filter them out in the foreach loop below.
        $rawOutput = Install-WindowsUpdate `
            -MicrosoftUpdate `
            -AcceptAll `
            -IgnoreReboot `
            -Install `
            -ErrorAction Continue 2>&1

        # Use a hashtable keyed on Title to keep only the LAST result per update.
        # PSWindowsUpdate emits objects at multiple pipeline stages (search, download,
        # install); overwriting ensures we capture the final post-install ResultCode
        # rather than an early ResultCode=0 (NotStarted).
        $byKey = @{}

        foreach ($u in $rawOutput) {
            if ($null -eq $u -or $u -isnot [PSObject]) { continue }
            if (-not ($u.PSObject.Properties.Name -contains 'Title')) { continue }
            if ([string]::IsNullOrWhiteSpace($u.Title)) { continue }

            $resultCode = 0
            try { $resultCode = [int]$u.ResultCode } catch { $resultCode = 4 }
            $succeeded = ($resultCode -eq 2 -or $resultCode -eq 3)

            # ResultCode=0 means NotStarted — treat as Skipped, not Failed.
            $status = if ($succeeded) { 'Succeeded' } elseif ($resultCode -eq 0) { 'Skipped' } else { 'Failed' }

            $kb = ''
            try {
                if ($u.KBArticleIDs -and $u.KBArticleIDs.Count -gt 0) {
                    $kb = 'KB' + $u.KBArticleIDs[0]
                }
            } catch {}

            $needsReboot = $false
            try { $needsReboot = [bool]$u.RebootRequired } catch {}

            $byKey[$u.Title] = [PSCustomObject]@{
                Identifier     = $kb
                Title          = [string]$u.Title
                Status         = $status
                ErrorMessage   = if ($succeeded -or $resultCode -eq 0) { '' } else { 'ResultCode=' + $resultCode }
                RebootRequired = $needsReboot
                AttemptedAt    = (Get-Date -Format 'o')
            }
        }

        $results = @($byKey.Values)

        if ($results.Count -eq 0) {
            Write-Output '[]'
        } else {
            $results | ConvertTo-Json -Compress
        }
2026-07-03 16:57:49.520 -05:00 [INF] (Thread 63) WindowsUpdateWorker: no updates installed — system reboot is already pending.
2026-07-03 16:57:49.520 -05:00 [INF] (Thread 63) WindowsUpdateWorker: pass complete. Total=1 Succeeded=1 Failed=0 Skipped=0
2026-07-03 16:57:49.520 -05:00 [INF] (Thread 63) WingetWorker: skipping — last run was 2026-07-02T19:32:02.3859087Z (less than 7 days ago).
2026-07-03 16:57:49.520 -05:00 [INF] (Thread 63) UpdateOrchestrator: cycle complete. Total=1 Succeeded=1 Failed=0 RebootRequired=true
2026-07-03 16:57:49.520 -05:00 [INF] (Thread 63) UpdateOrchestrator: reboot required but last reboot was 33.6 hours ago — skipping notification until 2-day minimum has elapsed.
2026-07-03 16:57:49.520 -05:00 [INF] (Thread 63) UpdateBackgroundService: next cycle in "01:00:00".
2026-07-03 17:57:49.548 -05:00 [INF] (Thread 60) SelfUpdater: checking for updates. Current version: 0.26.230.591
2026-07-03 17:57:49.695 -05:00 [INF] (Thread 60) SelfUpdater: remote version = 0.26.230.591.
2026-07-03 17:57:49.695 -05:00 [INF] (Thread 60) SelfUpdater: already up to date.
2026-07-03 17:57:49.695 -05:00 [INF] (Thread 60) UpdateOrchestrator: === Update cycle starting ===
2026-07-03 17:57:49.695 -05:00 [INF] (Thread 60) WindowsUpdateWorker: starting update pass.
2026-07-03 17:57:49.695 -05:00 [INF] (Thread 60) WindowsUpdateWorker: verifying PSWindowsUpdate module.
2026-07-03 17:57:49.698 -05:00 [DBG] (Thread 56) WindowsUpdateWorker: running PS script: $ProgressPreference = 'SilentlyContinue'
            $ErrorActionPreference = 'Stop'
            try {
                if (-not (Get-PackageProvider -Name NuGet -ListAvailable -ErrorAction SilentlyContinue)) {
                    Install-PackageProvider -Name NuGet -MinimumVersion 2.8.5.201 -Force -Scope AllUsers | Out-Null
                }
                Set-PSRepository -Name PSGallery -InstallationPolicy Trusted -ErrorAction SilentlyContinue
                if (-not (Get-Module -ListAvailable -Name PSWindowsUpdate -ErrorAction SilentlyContinue)) {
                    Install-Module PSWindowsUpdate -Force -SkipPublisherCheck -Scope AllUsers | Out-Null
                }
                Import-Module PSWindowsUpdate -Force -ErrorAction Stop
                try {
                    Add-WUServiceManager -MicrosoftUpdate -Confirm:$false -ErrorAction SilentlyContinue | Out-Null
                } catch {}
                Write-Output 'OK'
            } catch {
                Write-Output ('ERROR: ' + $_.Exception.Message)
            }
2026-07-03 17:58:02.255 -05:00 [INF] (Thread 53) WindowsUpdateWorker: PSWindowsUpdate module OK.
2026-07-03 17:58:02.256 -05:00 [DBG] (Thread 53) WindowsUpdateWorker: running PS script: Import-Module PSWindowsUpdate -ErrorAction Stop
        $ProgressPreference = 'SilentlyContinue'

        # Force the Windows Update Agent to scan before installing.
        # Fixes 0x80248007 (WU_E_DS_NODATA) on fresh builds or machines
        # whose update data store has not been initialised yet.
        try {
            Start-Process -FilePath 'UsoClient.exe' `
                -ArgumentList 'StartScan' `
                -Wait -NoNewWindow -ErrorAction SilentlyContinue
            Start-Sleep -Seconds 30
        } catch {}

        # 2>&1 merges stderr into the pipeline mixing strings with update
        # objects -- we filter them out in the foreach loop below.
        $rawOutput = Install-WindowsUpdate `
            -MicrosoftUpdate `
            -AcceptAll `
            -IgnoreReboot `
            -Install `
            -ErrorAction Continue 2>&1

        # Use a hashtable keyed on Title to keep only the LAST result per update.
        # PSWindowsUpdate emits objects at multiple pipeline stages (search, download,
        # install); overwriting ensures we capture the final post-install ResultCode
        # rather than an early ResultCode=0 (NotStarted).
        $byKey = @{}

        foreach ($u in $rawOutput) {
            if ($null -eq $u -or $u -isnot [PSObject]) { continue }
            if (-not ($u.PSObject.Properties.Name -contains 'Title')) { continue }
            if ([string]::IsNullOrWhiteSpace($u.Title)) { continue }

            $resultCode = 0
            try { $resultCode = [int]$u.ResultCode } catch { $resultCode = 4 }
            $succeeded = ($resultCode -eq 2 -or $resultCode -eq 3)

            # ResultCode=0 means NotStarted — treat as Skipped, not Failed.
            $status = if ($succeeded) { 'Succeeded' } elseif ($resultCode -eq 0) { 'Skipped' } else { 'Failed' }

            $kb = ''
            try {
                if ($u.KBArticleIDs -and $u.KBArticleIDs.Count -gt 0) {
                    $kb = 'KB' + $u.KBArticleIDs[0]
                }
            } catch {}

            $needsReboot = $false
            try { $needsReboot = [bool]$u.RebootRequired } catch {}

            $byKey[$u.Title] = [PSCustomObject]@{
                Identifier     = $kb
                Title          = [string]$u.Title
                Status         = $status
                ErrorMessage   = if ($succeeded -or $resultCode -eq 0) { '' } else { 'ResultCode=' + $resultCode }
                RebootRequired = $needsReboot
                AttemptedAt    = (Get-Date -Format 'o')
            }
        }

        $results = @($byKey.Values)

        if ($results.Count -eq 0) {
            Write-Output '[]'
        } else {
            $results | ConvertTo-Json -Compress
        }
2026-07-03 17:58:48.147 -05:00 [INF] (Thread 49) WindowsUpdateWorker: no updates installed — system reboot is already pending.
2026-07-03 17:58:48.147 -05:00 [INF] (Thread 49) WindowsUpdateWorker: pass complete. Total=1 Succeeded=1 Failed=0 Skipped=0
2026-07-03 17:58:48.148 -05:00 [INF] (Thread 49) WingetWorker: skipping — last run was 2026-07-02T19:32:02.3859087Z (less than 7 days ago).
2026-07-03 17:58:48.148 -05:00 [INF] (Thread 49) UpdateOrchestrator: cycle complete. Total=1 Succeeded=1 Failed=0 RebootRequired=true
2026-07-03 17:58:48.148 -05:00 [INF] (Thread 49) UpdateOrchestrator: reboot required but last reboot was 34.7 hours ago — skipping notification until 2-day minimum has elapsed.
2026-07-03 17:58:48.148 -05:00 [INF] (Thread 49) UpdateBackgroundService: next cycle in "01:00:00".
2026-07-03 18:58:48.322 -05:00 [INF] (Thread 53) SelfUpdater: checking for updates. Current version: 0.26.230.591
2026-07-03 18:58:48.410 -05:00 [INF] (Thread 54) SelfUpdater: remote version = 0.26.230.591.
2026-07-03 18:58:48.410 -05:00 [INF] (Thread 54) SelfUpdater: already up to date.
2026-07-03 18:58:48.410 -05:00 [INF] (Thread 54) UpdateOrchestrator: === Update cycle starting ===
2026-07-03 18:58:48.410 -05:00 [INF] (Thread 54) WindowsUpdateWorker: starting update pass.
2026-07-03 18:58:48.410 -05:00 [INF] (Thread 54) WindowsUpdateWorker: verifying PSWindowsUpdate module.
2026-07-03 18:58:48.413 -05:00 [DBG] (Thread 54) WindowsUpdateWorker: running PS script: $ProgressPreference = 'SilentlyContinue'
            $ErrorActionPreference = 'Stop'
            try {
                if (-not (Get-PackageProvider -Name NuGet -ListAvailable -ErrorAction SilentlyContinue)) {
                    Install-PackageProvider -Name NuGet -MinimumVersion 2.8.5.201 -Force -Scope AllUsers | Out-Null
                }
                Set-PSRepository -Name PSGallery -InstallationPolicy Trusted -ErrorAction SilentlyContinue
                if (-not (Get-Module -ListAvailable -Name PSWindowsUpdate -ErrorAction SilentlyContinue)) {
                    Install-Module PSWindowsUpdate -Force -SkipPublisherCheck -Scope AllUsers | Out-Null
                }
                Import-Module PSWindowsUpdate -Force -ErrorAction Stop
                try {
                    Add-WUServiceManager -MicrosoftUpdate -Confirm:$false -ErrorAction SilentlyContinue | Out-Null
                } catch {}
                Write-Output 'OK'
            } catch {
                Write-Output ('ERROR: ' + $_.Exception.Message)
            }
2026-07-03 18:59:00.882 -05:00 [INF] (Thread 53) WindowsUpdateWorker: PSWindowsUpdate module OK.
2026-07-03 18:59:00.883 -05:00 [DBG] (Thread 53) WindowsUpdateWorker: running PS script: Import-Module PSWindowsUpdate -ErrorAction Stop
        $ProgressPreference = 'SilentlyContinue'

        # Force the Windows Update Agent to scan before installing.
        # Fixes 0x80248007 (WU_E_DS_NODATA) on fresh builds or machines
        # whose update data store has not been initialised yet.
        try {
            Start-Process -FilePath 'UsoClient.exe' `
                -ArgumentList 'StartScan' `
                -Wait -NoNewWindow -ErrorAction SilentlyContinue
            Start-Sleep -Seconds 30
        } catch {}

        # 2>&1 merges stderr into the pipeline mixing strings with update
        # objects -- we filter them out in the foreach loop below.
        $rawOutput = Install-WindowsUpdate `
            -MicrosoftUpdate `
            -AcceptAll `
            -IgnoreReboot `
            -Install `
            -ErrorAction Continue 2>&1

        # Use a hashtable keyed on Title to keep only the LAST result per update.
        # PSWindowsUpdate emits objects at multiple pipeline stages (search, download,
        # install); overwriting ensures we capture the final post-install ResultCode
        # rather than an early ResultCode=0 (NotStarted).
        $byKey = @{}

        foreach ($u in $rawOutput) {
            if ($null -eq $u -or $u -isnot [PSObject]) { continue }
            if (-not ($u.PSObject.Properties.Name -contains 'Title')) { continue }
            if ([string]::IsNullOrWhiteSpace($u.Title)) { continue }

            $resultCode = 0
            try { $resultCode = [int]$u.ResultCode } catch { $resultCode = 4 }
            $succeeded = ($resultCode -eq 2 -or $resultCode -eq 3)

            # ResultCode=0 means NotStarted — treat as Skipped, not Failed.
            $status = if ($succeeded) { 'Succeeded' } elseif ($resultCode -eq 0) { 'Skipped' } else { 'Failed' }

            $kb = ''
            try {
                if ($u.KBArticleIDs -and $u.KBArticleIDs.Count -gt 0) {
                    $kb = 'KB' + $u.KBArticleIDs[0]
                }
            } catch {}

            $needsReboot = $false
            try { $needsReboot = [bool]$u.RebootRequired } catch {}

            $byKey[$u.Title] = [PSCustomObject]@{
                Identifier     = $kb
                Title          = [string]$u.Title
                Status         = $status
                ErrorMessage   = if ($succeeded -or $resultCode -eq 0) { '' } else { 'ResultCode=' + $resultCode }
                RebootRequired = $needsReboot
                AttemptedAt    = (Get-Date -Format 'o')
            }
        }

        $results = @($byKey.Values)

        if ($results.Count -eq 0) {
            Write-Output '[]'
        } else {
            $results | ConvertTo-Json -Compress
        }
2026-07-03 18:59:46.111 -05:00 [INF] (Thread 53) WindowsUpdateWorker: no updates installed — system reboot is already pending.
2026-07-03 18:59:46.111 -05:00 [INF] (Thread 53) WindowsUpdateWorker: pass complete. Total=1 Succeeded=1 Failed=0 Skipped=0
2026-07-03 18:59:46.111 -05:00 [INF] (Thread 53) WingetWorker: skipping — last run was 2026-07-02T19:32:02.3859087Z (less than 7 days ago).
2026-07-03 18:59:46.111 -05:00 [INF] (Thread 53) UpdateOrchestrator: cycle complete. Total=1 Succeeded=1 Failed=0 RebootRequired=true
2026-07-03 18:59:46.111 -05:00 [INF] (Thread 53) UpdateOrchestrator: reboot required but last reboot was 35.7 hours ago — skipping notification until 2-day minimum has elapsed.
2026-07-03 18:59:46.111 -05:00 [INF] (Thread 53) UpdateBackgroundService: next cycle in "01:00:00".
2026-07-03 19:59:46.198 -05:00 [INF] (Thread 53) SelfUpdater: checking for updates. Current version: 0.26.230.591
2026-07-03 19:59:46.361 -05:00 [INF] (Thread 53) SelfUpdater: remote version = 0.26.230.591.
2026-07-03 19:59:46.361 -05:00 [INF] (Thread 53) SelfUpdater: already up to date.
2026-07-03 19:59:46.361 -05:00 [INF] (Thread 53) UpdateOrchestrator: === Update cycle starting ===
2026-07-03 19:59:46.361 -05:00 [INF] (Thread 53) WindowsUpdateWorker: starting update pass.
2026-07-03 19:59:46.361 -05:00 [INF] (Thread 53) WindowsUpdateWorker: verifying PSWindowsUpdate module.
2026-07-03 19:59:46.363 -05:00 [DBG] (Thread 53) WindowsUpdateWorker: running PS script: $ProgressPreference = 'SilentlyContinue'
            $ErrorActionPreference = 'Stop'
            try {
                if (-not (Get-PackageProvider -Name NuGet -ListAvailable -ErrorAction SilentlyContinue)) {
                    Install-PackageProvider -Name NuGet -MinimumVersion 2.8.5.201 -Force -Scope AllUsers | Out-Null
                }
                Set-PSRepository -Name PSGallery -InstallationPolicy Trusted -ErrorAction SilentlyContinue
                if (-not (Get-Module -ListAvailable -Name PSWindowsUpdate -ErrorAction SilentlyContinue)) {
                    Install-Module PSWindowsUpdate -Force -SkipPublisherCheck -Scope AllUsers | Out-Null
                }
                Import-Module PSWindowsUpdate -Force -ErrorAction Stop
                try {
                    Add-WUServiceManager -MicrosoftUpdate -Confirm:$false -ErrorAction SilentlyContinue | Out-Null
                } catch {}
                Write-Output 'OK'
            } catch {
                Write-Output ('ERROR: ' + $_.Exception.Message)
            }
2026-07-03 20:00:00.187 -05:00 [INF] (Thread 50) WindowsUpdateWorker: PSWindowsUpdate module OK.
2026-07-03 20:00:00.188 -05:00 [DBG] (Thread 50) WindowsUpdateWorker: running PS script: Import-Module PSWindowsUpdate -ErrorAction Stop
        $ProgressPreference = 'SilentlyContinue'

        # Force the Windows Update Agent to scan before installing.
        # Fixes 0x80248007 (WU_E_DS_NODATA) on fresh builds or machines
        # whose update data store has not been initialised yet.
        try {
            Start-Process -FilePath 'UsoClient.exe' `
                -ArgumentList 'StartScan' `
                -Wait -NoNewWindow -ErrorAction SilentlyContinue
            Start-Sleep -Seconds 30
        } catch {}

        # 2>&1 merges stderr into the pipeline mixing strings with update
        # objects -- we filter them out in the foreach loop below.
        $rawOutput = Install-WindowsUpdate `
            -MicrosoftUpdate `
            -AcceptAll `
            -IgnoreReboot `
            -Install `
            -ErrorAction Continue 2>&1

        # Use a hashtable keyed on Title to keep only the LAST result per update.
        # PSWindowsUpdate emits objects at multiple pipeline stages (search, download,
        # install); overwriting ensures we capture the final post-install ResultCode
        # rather than an early ResultCode=0 (NotStarted).
        $byKey = @{}

        foreach ($u in $rawOutput) {
            if ($null -eq $u -or $u -isnot [PSObject]) { continue }
            if (-not ($u.PSObject.Properties.Name -contains 'Title')) { continue }
            if ([string]::IsNullOrWhiteSpace($u.Title)) { continue }

            $resultCode = 0
            try { $resultCode = [int]$u.ResultCode } catch { $resultCode = 4 }
            $succeeded = ($resultCode -eq 2 -or $resultCode -eq 3)

            # ResultCode=0 means NotStarted — treat as Skipped, not Failed.
            $status = if ($succeeded) { 'Succeeded' } elseif ($resultCode -eq 0) { 'Skipped' } else { 'Failed' }

            $kb = ''
            try {
                if ($u.KBArticleIDs -and $u.KBArticleIDs.Count -gt 0) {
                    $kb = 'KB' + $u.KBArticleIDs[0]
                }
            } catch {}

            $needsReboot = $false
            try { $needsReboot = [bool]$u.RebootRequired } catch {}

            $byKey[$u.Title] = [PSCustomObject]@{
                Identifier     = $kb
                Title          = [string]$u.Title
                Status         = $status
                ErrorMessage   = if ($succeeded -or $resultCode -eq 0) { '' } else { 'ResultCode=' + $resultCode }
                RebootRequired = $needsReboot
                AttemptedAt    = (Get-Date -Format 'o')
            }
        }

        $results = @($byKey.Values)

        if ($results.Count -eq 0) {
            Write-Output '[]'
        } else {
            $results | ConvertTo-Json -Compress
        }
2026-07-03 20:00:45.510 -05:00 [INF] (Thread 53) WindowsUpdateWorker: no updates installed — system reboot is already pending.
2026-07-03 20:00:45.510 -05:00 [INF] (Thread 53) WindowsUpdateWorker: pass complete. Total=1 Succeeded=1 Failed=0 Skipped=0
2026-07-03 20:00:45.510 -05:00 [INF] (Thread 53) WingetWorker: skipping — last run was 2026-07-02T19:32:02.3859087Z (less than 7 days ago).
2026-07-03 20:00:45.510 -05:00 [INF] (Thread 53) UpdateOrchestrator: cycle complete. Total=1 Succeeded=1 Failed=0 RebootRequired=true
2026-07-03 20:00:45.510 -05:00 [INF] (Thread 53) UpdateOrchestrator: reboot required but last reboot was 36.7 hours ago — skipping notification until 2-day minimum has elapsed.
2026-07-03 20:00:45.510 -05:00 [INF] (Thread 53) UpdateBackgroundService: next cycle in "01:00:00".
2026-07-03 21:00:45.553 -05:00 [INF] (Thread 53) SelfUpdater: checking for updates. Current version: 0.26.230.591
2026-07-03 21:00:45.721 -05:00 [INF] (Thread 53) SelfUpdater: remote version = 0.26.230.591.
2026-07-03 21:00:45.721 -05:00 [INF] (Thread 53) SelfUpdater: already up to date.
2026-07-03 21:00:45.721 -05:00 [INF] (Thread 53) UpdateOrchestrator: === Update cycle starting ===
2026-07-03 21:00:45.721 -05:00 [INF] (Thread 53) WindowsUpdateWorker: starting update pass.
2026-07-03 21:00:45.721 -05:00 [INF] (Thread 53) WindowsUpdateWorker: verifying PSWindowsUpdate module.
2026-07-03 21:00:45.722 -05:00 [DBG] (Thread 53) WindowsUpdateWorker: running PS script: $ProgressPreference = 'SilentlyContinue'
            $ErrorActionPreference = 'Stop'
            try {
                if (-not (Get-PackageProvider -Name NuGet -ListAvailable -ErrorAction SilentlyContinue)) {
                    Install-PackageProvider -Name NuGet -MinimumVersion 2.8.5.201 -Force -Scope AllUsers | Out-Null
                }
                Set-PSRepository -Name PSGallery -InstallationPolicy Trusted -ErrorAction SilentlyContinue
                if (-not (Get-Module -ListAvailable -Name PSWindowsUpdate -ErrorAction SilentlyContinue)) {
                    Install-Module PSWindowsUpdate -Force -SkipPublisherCheck -Scope AllUsers | Out-Null
                }
                Import-Module PSWindowsUpdate -Force -ErrorAction Stop
                try {
                    Add-WUServiceManager -MicrosoftUpdate -Confirm:$false -ErrorAction SilentlyContinue | Out-Null
                } catch {}
                Write-Output 'OK'
            } catch {
                Write-Output ('ERROR: ' + $_.Exception.Message)
            }
2026-07-03 21:00:57.764 -05:00 [INF] (Thread 53) WindowsUpdateWorker: PSWindowsUpdate module OK.
2026-07-03 21:00:57.765 -05:00 [DBG] (Thread 53) WindowsUpdateWorker: running PS script: Import-Module PSWindowsUpdate -ErrorAction Stop
        $ProgressPreference = 'SilentlyContinue'

        # Force the Windows Update Agent to scan before installing.
        # Fixes 0x80248007 (WU_E_DS_NODATA) on fresh builds or machines
        # whose update data store has not been initialised yet.
        try {
            Start-Process -FilePath 'UsoClient.exe' `
                -ArgumentList 'StartScan' `
                -Wait -NoNewWindow -ErrorAction SilentlyContinue
            Start-Sleep -Seconds 30
        } catch {}

        # 2>&1 merges stderr into the pipeline mixing strings with update
        # objects -- we filter them out in the foreach loop below.
        $rawOutput = Install-WindowsUpdate `
            -MicrosoftUpdate `
            -AcceptAll `
            -IgnoreReboot `
            -Install `
            -ErrorAction Continue 2>&1

        # Use a hashtable keyed on Title to keep only the LAST result per update.
        # PSWindowsUpdate emits objects at multiple pipeline stages (search, download,
        # install); overwriting ensures we capture the final post-install ResultCode
        # rather than an early ResultCode=0 (NotStarted).
        $byKey = @{}

        foreach ($u in $rawOutput) {
            if ($null -eq $u -or $u -isnot [PSObject]) { continue }
            if (-not ($u.PSObject.Properties.Name -contains 'Title')) { continue }
            if ([string]::IsNullOrWhiteSpace($u.Title)) { continue }

            $resultCode = 0
            try { $resultCode = [int]$u.ResultCode } catch { $resultCode = 4 }
            $succeeded = ($resultCode -eq 2 -or $resultCode -eq 3)

            # ResultCode=0 means NotStarted — treat as Skipped, not Failed.
            $status = if ($succeeded) { 'Succeeded' } elseif ($resultCode -eq 0) { 'Skipped' } else { 'Failed' }

            $kb = ''
            try {
                if ($u.KBArticleIDs -and $u.KBArticleIDs.Count -gt 0) {
                    $kb = 'KB' + $u.KBArticleIDs[0]
                }
            } catch {}

            $needsReboot = $false
            try { $needsReboot = [bool]$u.RebootRequired } catch {}

            $byKey[$u.Title] = [PSCustomObject]@{
                Identifier     = $kb
                Title          = [string]$u.Title
                Status         = $status
                ErrorMessage   = if ($succeeded -or $resultCode -eq 0) { '' } else { 'ResultCode=' + $resultCode }
                RebootRequired = $needsReboot
                AttemptedAt    = (Get-Date -Format 'o')
            }
        }

        $results = @($byKey.Values)

        if ($results.Count -eq 0) {
            Write-Output '[]'
        } else {
            $results | ConvertTo-Json -Compress
        }
2026-07-03 21:01:54.277 -05:00 [INF] (Thread 43) WindowsUpdateWorker: no updates installed — system reboot is already pending.
2026-07-03 21:01:54.277 -05:00 [INF] (Thread 43) WindowsUpdateWorker: pass complete. Total=1 Succeeded=1 Failed=0 Skipped=0
2026-07-03 21:01:54.277 -05:00 [INF] (Thread 43) WingetWorker: skipping — last run was 2026-07-02T19:32:02.3859087Z (less than 7 days ago).
2026-07-03 21:01:54.277 -05:00 [INF] (Thread 43) UpdateOrchestrator: cycle complete. Total=1 Succeeded=1 Failed=0 RebootRequired=true
2026-07-03 21:01:54.277 -05:00 [INF] (Thread 43) UpdateOrchestrator: reboot required but last reboot was 37.7 hours ago — skipping notification until 2-day minimum has elapsed.
2026-07-03 21:01:54.277 -05:00 [INF] (Thread 43) UpdateBackgroundService: next cycle in "01:00:00".
2026-07-03 22:01:54.314 -05:00 [INF] (Thread 45) SelfUpdater: checking for updates. Current version: 0.26.230.591
2026-07-03 22:01:54.478 -05:00 [INF] (Thread 45) SelfUpdater: remote version = 0.26.230.591.
2026-07-03 22:01:54.478 -05:00 [INF] (Thread 45) SelfUpdater: already up to date.
2026-07-03 22:01:54.478 -05:00 [INF] (Thread 45) UpdateOrchestrator: === Update cycle starting ===
2026-07-03 22:01:54.478 -05:00 [INF] (Thread 45) WindowsUpdateWorker: starting update pass.
2026-07-03 22:01:54.478 -05:00 [INF] (Thread 45) WindowsUpdateWorker: verifying PSWindowsUpdate module.
2026-07-03 22:01:54.480 -05:00 [DBG] (Thread 45) WindowsUpdateWorker: running PS script: $ProgressPreference = 'SilentlyContinue'
            $ErrorActionPreference = 'Stop'
            try {
                if (-not (Get-PackageProvider -Name NuGet -ListAvailable -ErrorAction SilentlyContinue)) {
                    Install-PackageProvider -Name NuGet -MinimumVersion 2.8.5.201 -Force -Scope AllUsers | Out-Null
                }
                Set-PSRepository -Name PSGallery -InstallationPolicy Trusted -ErrorAction SilentlyContinue
                if (-not (Get-Module -ListAvailable -Name PSWindowsUpdate -ErrorAction SilentlyContinue)) {
                    Install-Module PSWindowsUpdate -Force -SkipPublisherCheck -Scope AllUsers | Out-Null
                }
                Import-Module PSWindowsUpdate -Force -ErrorAction Stop
                try {
                    Add-WUServiceManager -MicrosoftUpdate -Confirm:$false -ErrorAction SilentlyContinue | Out-Null
                } catch {}
                Write-Output 'OK'
            } catch {
                Write-Output ('ERROR: ' + $_.Exception.Message)
            }
2026-07-03 22:02:07.175 -05:00 [INF] (Thread 53) WindowsUpdateWorker: PSWindowsUpdate module OK.
2026-07-03 22:02:07.176 -05:00 [DBG] (Thread 53) WindowsUpdateWorker: running PS script: Import-Module PSWindowsUpdate -ErrorAction Stop
        $ProgressPreference = 'SilentlyContinue'

        # Force the Windows Update Agent to scan before installing.
        # Fixes 0x80248007 (WU_E_DS_NODATA) on fresh builds or machines
        # whose update data store has not been initialised yet.
        try {
            Start-Process -FilePath 'UsoClient.exe' `
                -ArgumentList 'StartScan' `
                -Wait -NoNewWindow -ErrorAction SilentlyContinue
            Start-Sleep -Seconds 30
        } catch {}

        # 2>&1 merges stderr into the pipeline mixing strings with update
        # objects -- we filter them out in the foreach loop below.
        $rawOutput = Install-WindowsUpdate `
            -MicrosoftUpdate `
            -AcceptAll `
            -IgnoreReboot `
            -Install `
            -ErrorAction Continue 2>&1

        # Use a hashtable keyed on Title to keep only the LAST result per update.
        # PSWindowsUpdate emits objects at multiple pipeline stages (search, download,
        # install); overwriting ensures we capture the final post-install ResultCode
        # rather than an early ResultCode=0 (NotStarted).
        $byKey = @{}

        foreach ($u in $rawOutput) {
            if ($null -eq $u -or $u -isnot [PSObject]) { continue }
            if (-not ($u.PSObject.Properties.Name -contains 'Title')) { continue }
            if ([string]::IsNullOrWhiteSpace($u.Title)) { continue }

            $resultCode = 0
            try { $resultCode = [int]$u.ResultCode } catch { $resultCode = 4 }
            $succeeded = ($resultCode -eq 2 -or $resultCode -eq 3)

            # ResultCode=0 means NotStarted — treat as Skipped, not Failed.
            $status = if ($succeeded) { 'Succeeded' } elseif ($resultCode -eq 0) { 'Skipped' } else { 'Failed' }

            $kb = ''
            try {
                if ($u.KBArticleIDs -and $u.KBArticleIDs.Count -gt 0) {
                    $kb = 'KB' + $u.KBArticleIDs[0]
                }
            } catch {}

            $needsReboot = $false
            try { $needsReboot = [bool]$u.RebootRequired } catch {}

            $byKey[$u.Title] = [PSCustomObject]@{
                Identifier     = $kb
                Title          = [string]$u.Title
                Status         = $status
                ErrorMessage   = if ($succeeded -or $resultCode -eq 0) { '' } else { 'ResultCode=' + $resultCode }
                RebootRequired = $needsReboot
                AttemptedAt    = (Get-Date -Format 'o')
            }
        }

        $results = @($byKey.Values)

        if ($results.Count -eq 0) {
            Write-Output '[]'
        } else {
            $results | ConvertTo-Json -Compress
        }
2026-07-03 22:03:17.200 -05:00 [INF] (Thread 45) WindowsUpdateWorker: no updates installed — system reboot is already pending.
2026-07-03 22:03:17.200 -05:00 [INF] (Thread 45) WindowsUpdateWorker: pass complete. Total=1 Succeeded=1 Failed=0 Skipped=0
2026-07-03 22:03:17.200 -05:00 [INF] (Thread 45) WingetWorker: skipping — last run was 2026-07-02T19:32:02.3859087Z (less than 7 days ago).
2026-07-03 22:03:17.200 -05:00 [INF] (Thread 45) UpdateOrchestrator: cycle complete. Total=1 Succeeded=1 Failed=0 RebootRequired=true
2026-07-03 22:03:17.201 -05:00 [INF] (Thread 45) UpdateOrchestrator: reboot required but last reboot was 38.7 hours ago — skipping notification until 2-day minimum has elapsed.
2026-07-03 22:03:17.201 -05:00 [INF] (Thread 45) UpdateBackgroundService: next cycle in "01:00:00".
2026-07-03 23:03:17.287 -05:00 [INF] (Thread 44) SelfUpdater: checking for updates. Current version: 0.26.230.591
2026-07-03 23:03:17.389 -05:00 [INF] (Thread 44) SelfUpdater: remote version = 0.26.230.591.
2026-07-03 23:03:17.389 -05:00 [INF] (Thread 44) SelfUpdater: already up to date.
2026-07-03 23:03:17.389 -05:00 [INF] (Thread 44) UpdateOrchestrator: === Update cycle starting ===
2026-07-03 23:03:17.389 -05:00 [INF] (Thread 44) WindowsUpdateWorker: starting update pass.
2026-07-03 23:03:17.389 -05:00 [INF] (Thread 44) WindowsUpdateWorker: verifying PSWindowsUpdate module.
2026-07-03 23:03:17.391 -05:00 [DBG] (Thread 44) WindowsUpdateWorker: running PS script: $ProgressPreference = 'SilentlyContinue'
            $ErrorActionPreference = 'Stop'
            try {
                if (-not (Get-PackageProvider -Name NuGet -ListAvailable -ErrorAction SilentlyContinue)) {
                    Install-PackageProvider -Name NuGet -MinimumVersion 2.8.5.201 -Force -Scope AllUsers | Out-Null
                }
                Set-PSRepository -Name PSGallery -InstallationPolicy Trusted -ErrorAction SilentlyContinue
                if (-not (Get-Module -ListAvailable -Name PSWindowsUpdate -ErrorAction SilentlyContinue)) {
                    Install-Module PSWindowsUpdate -Force -SkipPublisherCheck -Scope AllUsers | Out-Null
                }
                Import-Module PSWindowsUpdate -Force -ErrorAction Stop
                try {
                    Add-WUServiceManager -MicrosoftUpdate -Confirm:$false -ErrorAction SilentlyContinue | Out-Null
                } catch {}
                Write-Output 'OK'
            } catch {
                Write-Output ('ERROR: ' + $_.Exception.Message)
            }
2026-07-03 23:03:29.505 -05:00 [INF] (Thread 38) WindowsUpdateWorker: PSWindowsUpdate module OK.
2026-07-03 23:03:29.506 -05:00 [DBG] (Thread 38) WindowsUpdateWorker: running PS script: Import-Module PSWindowsUpdate -ErrorAction Stop
        $ProgressPreference = 'SilentlyContinue'

        # Force the Windows Update Agent to scan before installing.
        # Fixes 0x80248007 (WU_E_DS_NODATA) on fresh builds or machines
        # whose update data store has not been initialised yet.
        try {
            Start-Process -FilePath 'UsoClient.exe' `
                -ArgumentList 'StartScan' `
                -Wait -NoNewWindow -ErrorAction SilentlyContinue
            Start-Sleep -Seconds 30
        } catch {}

        # 2>&1 merges stderr into the pipeline mixing strings with update
        # objects -- we filter them out in the foreach loop below.
        $rawOutput = Install-WindowsUpdate `
            -MicrosoftUpdate `
            -AcceptAll `
            -IgnoreReboot `
            -Install `
            -ErrorAction Continue 2>&1

        # Use a hashtable keyed on Title to keep only the LAST result per update.
        # PSWindowsUpdate emits objects at multiple pipeline stages (search, download,
        # install); overwriting ensures we capture the final post-install ResultCode
        # rather than an early ResultCode=0 (NotStarted).
        $byKey = @{}

        foreach ($u in $rawOutput) {
            if ($null -eq $u -or $u -isnot [PSObject]) { continue }
            if (-not ($u.PSObject.Properties.Name -contains 'Title')) { continue }
            if ([string]::IsNullOrWhiteSpace($u.Title)) { continue }

            $resultCode = 0
            try { $resultCode = [int]$u.ResultCode } catch { $resultCode = 4 }
            $succeeded = ($resultCode -eq 2 -or $resultCode -eq 3)

            # ResultCode=0 means NotStarted — treat as Skipped, not Failed.
            $status = if ($succeeded) { 'Succeeded' } elseif ($resultCode -eq 0) { 'Skipped' } else { 'Failed' }

            $kb = ''
            try {
                if ($u.KBArticleIDs -and $u.KBArticleIDs.Count -gt 0) {
                    $kb = 'KB' + $u.KBArticleIDs[0]
                }
            } catch {}

            $needsReboot = $false
            try { $needsReboot = [bool]$u.RebootRequired } catch {}

            $byKey[$u.Title] = [PSCustomObject]@{
                Identifier     = $kb
                Title          = [string]$u.Title
                Status         = $status
                ErrorMessage   = if ($succeeded -or $resultCode -eq 0) { '' } else { 'ResultCode=' + $resultCode }
                RebootRequired = $needsReboot
                AttemptedAt    = (Get-Date -Format 'o')
            }
        }

        $results = @($byKey.Values)

        if ($results.Count -eq 0) {
            Write-Output '[]'
        } else {
            $results | ConvertTo-Json -Compress
        }
2026-07-03 23:04:13.469 -05:00 [INF] (Thread 38) WindowsUpdateWorker: no updates installed — system reboot is already pending.
2026-07-03 23:04:13.469 -05:00 [INF] (Thread 38) WindowsUpdateWorker: pass complete. Total=1 Succeeded=1 Failed=0 Skipped=0
2026-07-03 23:04:13.469 -05:00 [INF] (Thread 38) WingetWorker: skipping — last run was 2026-07-02T19:32:02.3859087Z (less than 7 days ago).
2026-07-03 23:04:13.469 -05:00 [INF] (Thread 38) UpdateOrchestrator: cycle complete. Total=1 Succeeded=1 Failed=0 RebootRequired=true
2026-07-03 23:04:13.469 -05:00 [INF] (Thread 38) UpdateOrchestrator: reboot required but last reboot was 39.7 hours ago — skipping notification until 2-day minimum has elapsed.
2026-07-03 23:04:13.469 -05:00 [INF] (Thread 38) UpdateBackgroundService: next cycle in "01:00:00".
