2026-07-08 00:40:03.388 -05:00 [INF] (Thread 64) SelfUpdater: checking for updates. Current version: 0.26.230.591
2026-07-08 00:40:03.587 -05:00 [INF] (Thread 62) SelfUpdater: remote version = 0.26.230.591.
2026-07-08 00:40:03.587 -05:00 [INF] (Thread 62) SelfUpdater: already up to date.
2026-07-08 00:40:03.587 -05:00 [INF] (Thread 62) UpdateOrchestrator: === Update cycle starting ===
2026-07-08 00:40:03.587 -05:00 [INF] (Thread 62) WindowsUpdateWorker: starting update pass.
2026-07-08 00:40:03.587 -05:00 [INF] (Thread 62) WindowsUpdateWorker: verifying PSWindowsUpdate module.
2026-07-08 00:40:03.590 -05:00 [DBG] (Thread 62) WindowsUpdateWorker: running PS script: $ProgressPreference = 'SilentlyContinue'
            $ErrorActionPreference = 'Stop'
            try {
                if (-not (Get-PackageProvider -Name NuGet -ListAvailable -ErrorAction SilentlyContinue)) {
                    Install-PackageProvider -Name NuGet -MinimumVersion 2.8.5.201 -Force -Scope AllUsers | Out-Null
                }
                Set-PSRepository -Name PSGallery -InstallationPolicy Trusted -ErrorAction SilentlyContinue
                if (-not (Get-Module -ListAvailable -Name PSWindowsUpdate -ErrorAction SilentlyContinue)) {
                    Install-Module PSWindowsUpdate -Force -SkipPublisherCheck -Scope AllUsers | Out-Null
                }
                Import-Module PSWindowsUpdate -Force -ErrorAction Stop
                try {
                    Add-WUServiceManager -MicrosoftUpdate -Confirm:$false -ErrorAction SilentlyContinue | Out-Null
                } catch {}
                Write-Output 'OK'
            } catch {
                Write-Output ('ERROR: ' + $_.Exception.Message)
            }
2026-07-08 00:40:15.364 -05:00 [INF] (Thread 66) WindowsUpdateWorker: PSWindowsUpdate module OK.
2026-07-08 00:40:15.365 -05:00 [DBG] (Thread 66) WindowsUpdateWorker: running PS script: Import-Module PSWindowsUpdate -ErrorAction Stop
        $ProgressPreference = 'SilentlyContinue'

        # Force the Windows Update Agent to scan before installing.
        # Fixes 0x80248007 (WU_E_DS_NODATA) on fresh builds or machines
        # whose update data store has not been initialised yet.
        try {
            Start-Process -FilePath 'UsoClient.exe' `
                -ArgumentList 'StartScan' `
                -Wait -NoNewWindow -ErrorAction SilentlyContinue
            Start-Sleep -Seconds 30
        } catch {}

        # 2>&1 merges stderr into the pipeline mixing strings with update
        # objects -- we filter them out in the foreach loop below.
        $rawOutput = Install-WindowsUpdate `
            -MicrosoftUpdate `
            -AcceptAll `
            -IgnoreReboot `
            -Install `
            -ErrorAction Continue 2>&1

        # Use a hashtable keyed on Title to keep only the LAST result per update.
        # PSWindowsUpdate emits objects at multiple pipeline stages (search, download,
        # install); overwriting ensures we capture the final post-install ResultCode
        # rather than an early ResultCode=0 (NotStarted).
        $byKey = @{}

        foreach ($u in $rawOutput) {
            if ($null -eq $u -or $u -isnot [PSObject]) { continue }
            if (-not ($u.PSObject.Properties.Name -contains 'Title')) { continue }
            if ([string]::IsNullOrWhiteSpace($u.Title)) { continue }

            $resultCode = 0
            try { $resultCode = [int]$u.ResultCode } catch { $resultCode = 4 }
            $succeeded = ($resultCode -eq 2 -or $resultCode -eq 3)

            # ResultCode=0 means NotStarted — treat as Skipped, not Failed.
            $status = if ($succeeded) { 'Succeeded' } elseif ($resultCode -eq 0) { 'Skipped' } else { 'Failed' }

            $kb = ''
            try {
                if ($u.KBArticleIDs -and $u.KBArticleIDs.Count -gt 0) {
                    $kb = 'KB' + $u.KBArticleIDs[0]
                }
            } catch {}

            $needsReboot = $false
            try { $needsReboot = [bool]$u.RebootRequired } catch {}

            $byKey[$u.Title] = [PSCustomObject]@{
                Identifier     = $kb
                Title          = [string]$u.Title
                Status         = $status
                ErrorMessage   = if ($succeeded -or $resultCode -eq 0) { '' } else { 'ResultCode=' + $resultCode }
                RebootRequired = $needsReboot
                AttemptedAt    = (Get-Date -Format 'o')
            }
        }

        $results = @($byKey.Values)

        if ($results.Count -eq 0) {
            Write-Output '[]'
        } else {
            $results | ConvertTo-Json -Compress
        }
2026-07-08 00:40:58.169 -05:00 [INF] (Thread 62) WindowsUpdateWorker: no updates installed — system reboot is already pending.
2026-07-08 00:40:58.169 -05:00 [INF] (Thread 62) WindowsUpdateWorker: pass complete. Total=1 Succeeded=1 Failed=0 Skipped=0
2026-07-08 00:40:58.173 -05:00 [INF] (Thread 62) WingetWorker: skipping — last run was 2026-07-02T19:32:02.3859087Z (less than 7 days ago).
2026-07-08 00:40:58.173 -05:00 [INF] (Thread 62) UpdateOrchestrator: cycle complete. Total=1 Succeeded=1 Failed=0 RebootRequired=true
2026-07-08 00:40:58.173 -05:00 [INF] (Thread 62) UpdateOrchestrator: reboot required but last reboot was 17.4 hours ago — skipping notification until 2-day minimum has elapsed.
2026-07-08 00:40:58.173 -05:00 [INF] (Thread 62) UpdateBackgroundService: next cycle in "01:00:00".
2026-07-08 01:40:58.217 -05:00 [INF] (Thread 65) SelfUpdater: checking for updates. Current version: 0.26.230.591
2026-07-08 01:40:58.375 -05:00 [INF] (Thread 65) SelfUpdater: remote version = 0.26.230.591.
2026-07-08 01:40:58.375 -05:00 [INF] (Thread 65) SelfUpdater: already up to date.
2026-07-08 01:40:58.375 -05:00 [INF] (Thread 65) UpdateOrchestrator: === Update cycle starting ===
2026-07-08 01:40:58.375 -05:00 [INF] (Thread 65) WindowsUpdateWorker: starting update pass.
2026-07-08 01:40:58.376 -05:00 [INF] (Thread 65) WindowsUpdateWorker: verifying PSWindowsUpdate module.
2026-07-08 01:40:58.379 -05:00 [DBG] (Thread 65) WindowsUpdateWorker: running PS script: $ProgressPreference = 'SilentlyContinue'
            $ErrorActionPreference = 'Stop'
            try {
                if (-not (Get-PackageProvider -Name NuGet -ListAvailable -ErrorAction SilentlyContinue)) {
                    Install-PackageProvider -Name NuGet -MinimumVersion 2.8.5.201 -Force -Scope AllUsers | Out-Null
                }
                Set-PSRepository -Name PSGallery -InstallationPolicy Trusted -ErrorAction SilentlyContinue
                if (-not (Get-Module -ListAvailable -Name PSWindowsUpdate -ErrorAction SilentlyContinue)) {
                    Install-Module PSWindowsUpdate -Force -SkipPublisherCheck -Scope AllUsers | Out-Null
                }
                Import-Module PSWindowsUpdate -Force -ErrorAction Stop
                try {
                    Add-WUServiceManager -MicrosoftUpdate -Confirm:$false -ErrorAction SilentlyContinue | Out-Null
                } catch {}
                Write-Output 'OK'
            } catch {
                Write-Output ('ERROR: ' + $_.Exception.Message)
            }
2026-07-08 01:41:10.797 -05:00 [INF] (Thread 62) WindowsUpdateWorker: PSWindowsUpdate module OK.
2026-07-08 01:41:10.798 -05:00 [DBG] (Thread 62) WindowsUpdateWorker: running PS script: Import-Module PSWindowsUpdate -ErrorAction Stop
        $ProgressPreference = 'SilentlyContinue'

        # Force the Windows Update Agent to scan before installing.
        # Fixes 0x80248007 (WU_E_DS_NODATA) on fresh builds or machines
        # whose update data store has not been initialised yet.
        try {
            Start-Process -FilePath 'UsoClient.exe' `
                -ArgumentList 'StartScan' `
                -Wait -NoNewWindow -ErrorAction SilentlyContinue
            Start-Sleep -Seconds 30
        } catch {}

        # 2>&1 merges stderr into the pipeline mixing strings with update
        # objects -- we filter them out in the foreach loop below.
        $rawOutput = Install-WindowsUpdate `
            -MicrosoftUpdate `
            -AcceptAll `
            -IgnoreReboot `
            -Install `
            -ErrorAction Continue 2>&1

        # Use a hashtable keyed on Title to keep only the LAST result per update.
        # PSWindowsUpdate emits objects at multiple pipeline stages (search, download,
        # install); overwriting ensures we capture the final post-install ResultCode
        # rather than an early ResultCode=0 (NotStarted).
        $byKey = @{}

        foreach ($u in $rawOutput) {
            if ($null -eq $u -or $u -isnot [PSObject]) { continue }
            if (-not ($u.PSObject.Properties.Name -contains 'Title')) { continue }
            if ([string]::IsNullOrWhiteSpace($u.Title)) { continue }

            $resultCode = 0
            try { $resultCode = [int]$u.ResultCode } catch { $resultCode = 4 }
            $succeeded = ($resultCode -eq 2 -or $resultCode -eq 3)

            # ResultCode=0 means NotStarted — treat as Skipped, not Failed.
            $status = if ($succeeded) { 'Succeeded' } elseif ($resultCode -eq 0) { 'Skipped' } else { 'Failed' }

            $kb = ''
            try {
                if ($u.KBArticleIDs -and $u.KBArticleIDs.Count -gt 0) {
                    $kb = 'KB' + $u.KBArticleIDs[0]
                }
            } catch {}

            $needsReboot = $false
            try { $needsReboot = [bool]$u.RebootRequired } catch {}

            $byKey[$u.Title] = [PSCustomObject]@{
                Identifier     = $kb
                Title          = [string]$u.Title
                Status         = $status
                ErrorMessage   = if ($succeeded -or $resultCode -eq 0) { '' } else { 'ResultCode=' + $resultCode }
                RebootRequired = $needsReboot
                AttemptedAt    = (Get-Date -Format 'o')
            }
        }

        $results = @($byKey.Values)

        if ($results.Count -eq 0) {
            Write-Output '[]'
        } else {
            $results | ConvertTo-Json -Compress
        }
2026-07-08 01:41:55.802 -05:00 [INF] (Thread 58) WindowsUpdateWorker: no updates installed — system reboot is already pending.
2026-07-08 01:41:55.803 -05:00 [INF] (Thread 58) WindowsUpdateWorker: pass complete. Total=1 Succeeded=1 Failed=0 Skipped=0
2026-07-08 01:41:55.803 -05:00 [INF] (Thread 58) WingetWorker: skipping — last run was 2026-07-02T19:32:02.3859087Z (less than 7 days ago).
2026-07-08 01:41:55.803 -05:00 [INF] (Thread 58) UpdateOrchestrator: cycle complete. Total=1 Succeeded=1 Failed=0 RebootRequired=true
2026-07-08 01:41:55.803 -05:00 [INF] (Thread 58) UpdateOrchestrator: reboot required but last reboot was 18.4 hours ago — skipping notification until 2-day minimum has elapsed.
2026-07-08 01:41:55.803 -05:00 [INF] (Thread 58) UpdateBackgroundService: next cycle in "01:00:00".
2026-07-08 02:41:55.885 -05:00 [INF] (Thread 58) SelfUpdater: checking for updates. Current version: 0.26.230.591
2026-07-08 02:41:56.250 -05:00 [INF] (Thread 62) SelfUpdater: remote version = 0.26.230.591.
2026-07-08 02:41:56.250 -05:00 [INF] (Thread 62) SelfUpdater: already up to date.
2026-07-08 02:41:56.250 -05:00 [INF] (Thread 62) UpdateOrchestrator: === Update cycle starting ===
2026-07-08 02:41:56.250 -05:00 [INF] (Thread 62) WindowsUpdateWorker: starting update pass.
2026-07-08 02:41:56.250 -05:00 [INF] (Thread 62) WindowsUpdateWorker: verifying PSWindowsUpdate module.
2026-07-08 02:41:56.250 -05:00 [DBG] (Thread 62) WindowsUpdateWorker: running PS script: $ProgressPreference = 'SilentlyContinue'
            $ErrorActionPreference = 'Stop'
            try {
                if (-not (Get-PackageProvider -Name NuGet -ListAvailable -ErrorAction SilentlyContinue)) {
                    Install-PackageProvider -Name NuGet -MinimumVersion 2.8.5.201 -Force -Scope AllUsers | Out-Null
                }
                Set-PSRepository -Name PSGallery -InstallationPolicy Trusted -ErrorAction SilentlyContinue
                if (-not (Get-Module -ListAvailable -Name PSWindowsUpdate -ErrorAction SilentlyContinue)) {
                    Install-Module PSWindowsUpdate -Force -SkipPublisherCheck -Scope AllUsers | Out-Null
                }
                Import-Module PSWindowsUpdate -Force -ErrorAction Stop
                try {
                    Add-WUServiceManager -MicrosoftUpdate -Confirm:$false -ErrorAction SilentlyContinue | Out-Null
                } catch {}
                Write-Output 'OK'
            } catch {
                Write-Output ('ERROR: ' + $_.Exception.Message)
            }
2026-07-08 02:42:08.631 -05:00 [INF] (Thread 68) WindowsUpdateWorker: PSWindowsUpdate module OK.
2026-07-08 02:42:08.632 -05:00 [DBG] (Thread 68) WindowsUpdateWorker: running PS script: Import-Module PSWindowsUpdate -ErrorAction Stop
        $ProgressPreference = 'SilentlyContinue'

        # Force the Windows Update Agent to scan before installing.
        # Fixes 0x80248007 (WU_E_DS_NODATA) on fresh builds or machines
        # whose update data store has not been initialised yet.
        try {
            Start-Process -FilePath 'UsoClient.exe' `
                -ArgumentList 'StartScan' `
                -Wait -NoNewWindow -ErrorAction SilentlyContinue
            Start-Sleep -Seconds 30
        } catch {}

        # 2>&1 merges stderr into the pipeline mixing strings with update
        # objects -- we filter them out in the foreach loop below.
        $rawOutput = Install-WindowsUpdate `
            -MicrosoftUpdate `
            -AcceptAll `
            -IgnoreReboot `
            -Install `
            -ErrorAction Continue 2>&1

        # Use a hashtable keyed on Title to keep only the LAST result per update.
        # PSWindowsUpdate emits objects at multiple pipeline stages (search, download,
        # install); overwriting ensures we capture the final post-install ResultCode
        # rather than an early ResultCode=0 (NotStarted).
        $byKey = @{}

        foreach ($u in $rawOutput) {
            if ($null -eq $u -or $u -isnot [PSObject]) { continue }
            if (-not ($u.PSObject.Properties.Name -contains 'Title')) { continue }
            if ([string]::IsNullOrWhiteSpace($u.Title)) { continue }

            $resultCode = 0
            try { $resultCode = [int]$u.ResultCode } catch { $resultCode = 4 }
            $succeeded = ($resultCode -eq 2 -or $resultCode -eq 3)

            # ResultCode=0 means NotStarted — treat as Skipped, not Failed.
            $status = if ($succeeded) { 'Succeeded' } elseif ($resultCode -eq 0) { 'Skipped' } else { 'Failed' }

            $kb = ''
            try {
                if ($u.KBArticleIDs -and $u.KBArticleIDs.Count -gt 0) {
                    $kb = 'KB' + $u.KBArticleIDs[0]
                }
            } catch {}

            $needsReboot = $false
            try { $needsReboot = [bool]$u.RebootRequired } catch {}

            $byKey[$u.Title] = [PSCustomObject]@{
                Identifier     = $kb
                Title          = [string]$u.Title
                Status         = $status
                ErrorMessage   = if ($succeeded -or $resultCode -eq 0) { '' } else { 'ResultCode=' + $resultCode }
                RebootRequired = $needsReboot
                AttemptedAt    = (Get-Date -Format 'o')
            }
        }

        $results = @($byKey.Values)

        if ($results.Count -eq 0) {
            Write-Output '[]'
        } else {
            $results | ConvertTo-Json -Compress
        }
2026-07-08 02:42:52.988 -05:00 [INF] (Thread 68) WindowsUpdateWorker: no updates installed — system reboot is already pending.
2026-07-08 02:42:52.988 -05:00 [INF] (Thread 68) WindowsUpdateWorker: pass complete. Total=1 Succeeded=1 Failed=0 Skipped=0
2026-07-08 02:42:52.989 -05:00 [INF] (Thread 68) WingetWorker: skipping — last run was 2026-07-02T19:32:02.3859087Z (less than 7 days ago).
2026-07-08 02:42:52.989 -05:00 [INF] (Thread 68) UpdateOrchestrator: cycle complete. Total=1 Succeeded=1 Failed=0 RebootRequired=true
2026-07-08 02:42:52.989 -05:00 [INF] (Thread 68) UpdateOrchestrator: reboot required but last reboot was 19.4 hours ago — skipping notification until 2-day minimum has elapsed.
2026-07-08 02:42:52.989 -05:00 [INF] (Thread 68) UpdateBackgroundService: next cycle in "01:00:00".
2026-07-08 03:42:53.052 -05:00 [INF] (Thread 68) SelfUpdater: checking for updates. Current version: 0.26.230.591
2026-07-08 03:42:53.147 -05:00 [INF] (Thread 68) SelfUpdater: remote version = 0.26.230.591.
2026-07-08 03:42:53.147 -05:00 [INF] (Thread 68) SelfUpdater: already up to date.
2026-07-08 03:42:53.147 -05:00 [INF] (Thread 68) UpdateOrchestrator: === Update cycle starting ===
2026-07-08 03:42:53.147 -05:00 [INF] (Thread 68) WindowsUpdateWorker: starting update pass.
2026-07-08 03:42:53.147 -05:00 [INF] (Thread 68) WindowsUpdateWorker: verifying PSWindowsUpdate module.
2026-07-08 03:42:53.148 -05:00 [DBG] (Thread 68) WindowsUpdateWorker: running PS script: $ProgressPreference = 'SilentlyContinue'
            $ErrorActionPreference = 'Stop'
            try {
                if (-not (Get-PackageProvider -Name NuGet -ListAvailable -ErrorAction SilentlyContinue)) {
                    Install-PackageProvider -Name NuGet -MinimumVersion 2.8.5.201 -Force -Scope AllUsers | Out-Null
                }
                Set-PSRepository -Name PSGallery -InstallationPolicy Trusted -ErrorAction SilentlyContinue
                if (-not (Get-Module -ListAvailable -Name PSWindowsUpdate -ErrorAction SilentlyContinue)) {
                    Install-Module PSWindowsUpdate -Force -SkipPublisherCheck -Scope AllUsers | Out-Null
                }
                Import-Module PSWindowsUpdate -Force -ErrorAction Stop
                try {
                    Add-WUServiceManager -MicrosoftUpdate -Confirm:$false -ErrorAction SilentlyContinue | Out-Null
                } catch {}
                Write-Output 'OK'
            } catch {
                Write-Output ('ERROR: ' + $_.Exception.Message)
            }
2026-07-08 03:43:04.511 -05:00 [INF] (Thread 70) WindowsUpdateWorker: PSWindowsUpdate module OK.
2026-07-08 03:43:04.512 -05:00 [DBG] (Thread 70) WindowsUpdateWorker: running PS script: Import-Module PSWindowsUpdate -ErrorAction Stop
        $ProgressPreference = 'SilentlyContinue'

        # Force the Windows Update Agent to scan before installing.
        # Fixes 0x80248007 (WU_E_DS_NODATA) on fresh builds or machines
        # whose update data store has not been initialised yet.
        try {
            Start-Process -FilePath 'UsoClient.exe' `
                -ArgumentList 'StartScan' `
                -Wait -NoNewWindow -ErrorAction SilentlyContinue
            Start-Sleep -Seconds 30
        } catch {}

        # 2>&1 merges stderr into the pipeline mixing strings with update
        # objects -- we filter them out in the foreach loop below.
        $rawOutput = Install-WindowsUpdate `
            -MicrosoftUpdate `
            -AcceptAll `
            -IgnoreReboot `
            -Install `
            -ErrorAction Continue 2>&1

        # Use a hashtable keyed on Title to keep only the LAST result per update.
        # PSWindowsUpdate emits objects at multiple pipeline stages (search, download,
        # install); overwriting ensures we capture the final post-install ResultCode
        # rather than an early ResultCode=0 (NotStarted).
        $byKey = @{}

        foreach ($u in $rawOutput) {
            if ($null -eq $u -or $u -isnot [PSObject]) { continue }
            if (-not ($u.PSObject.Properties.Name -contains 'Title')) { continue }
            if ([string]::IsNullOrWhiteSpace($u.Title)) { continue }

            $resultCode = 0
            try { $resultCode = [int]$u.ResultCode } catch { $resultCode = 4 }
            $succeeded = ($resultCode -eq 2 -or $resultCode -eq 3)

            # ResultCode=0 means NotStarted — treat as Skipped, not Failed.
            $status = if ($succeeded) { 'Succeeded' } elseif ($resultCode -eq 0) { 'Skipped' } else { 'Failed' }

            $kb = ''
            try {
                if ($u.KBArticleIDs -and $u.KBArticleIDs.Count -gt 0) {
                    $kb = 'KB' + $u.KBArticleIDs[0]
                }
            } catch {}

            $needsReboot = $false
            try { $needsReboot = [bool]$u.RebootRequired } catch {}

            $byKey[$u.Title] = [PSCustomObject]@{
                Identifier     = $kb
                Title          = [string]$u.Title
                Status         = $status
                ErrorMessage   = if ($succeeded -or $resultCode -eq 0) { '' } else { 'ResultCode=' + $resultCode }
                RebootRequired = $needsReboot
                AttemptedAt    = (Get-Date -Format 'o')
            }
        }

        $results = @($byKey.Values)

        if ($results.Count -eq 0) {
            Write-Output '[]'
        } else {
            $results | ConvertTo-Json -Compress
        }
2026-07-08 03:43:53.837 -05:00 [INF] (Thread 74) WindowsUpdateWorker: no updates installed — system reboot is already pending.
2026-07-08 03:43:53.837 -05:00 [INF] (Thread 74) WindowsUpdateWorker: pass complete. Total=1 Succeeded=1 Failed=0 Skipped=0
2026-07-08 03:43:53.837 -05:00 [INF] (Thread 74) WingetWorker: skipping — last run was 2026-07-02T19:32:02.3859087Z (less than 7 days ago).
2026-07-08 03:43:53.837 -05:00 [INF] (Thread 74) UpdateOrchestrator: cycle complete. Total=1 Succeeded=1 Failed=0 RebootRequired=true
2026-07-08 03:43:53.838 -05:00 [INF] (Thread 74) UpdateOrchestrator: reboot required but last reboot was 20.4 hours ago — skipping notification until 2-day minimum has elapsed.
2026-07-08 03:43:53.838 -05:00 [INF] (Thread 74) UpdateBackgroundService: next cycle in "01:00:00".
2026-07-08 04:43:53.912 -05:00 [INF] (Thread 71) SelfUpdater: checking for updates. Current version: 0.26.230.591
2026-07-08 04:43:54.004 -05:00 [INF] (Thread 71) SelfUpdater: remote version = 0.26.230.591.
2026-07-08 04:43:54.004 -05:00 [INF] (Thread 71) SelfUpdater: already up to date.
2026-07-08 04:43:54.004 -05:00 [INF] (Thread 71) UpdateOrchestrator: === Update cycle starting ===
2026-07-08 04:43:54.004 -05:00 [INF] (Thread 71) WindowsUpdateWorker: starting update pass.
2026-07-08 04:43:54.004 -05:00 [INF] (Thread 71) WindowsUpdateWorker: verifying PSWindowsUpdate module.
2026-07-08 04:43:54.007 -05:00 [DBG] (Thread 71) WindowsUpdateWorker: running PS script: $ProgressPreference = 'SilentlyContinue'
            $ErrorActionPreference = 'Stop'
            try {
                if (-not (Get-PackageProvider -Name NuGet -ListAvailable -ErrorAction SilentlyContinue)) {
                    Install-PackageProvider -Name NuGet -MinimumVersion 2.8.5.201 -Force -Scope AllUsers | Out-Null
                }
                Set-PSRepository -Name PSGallery -InstallationPolicy Trusted -ErrorAction SilentlyContinue
                if (-not (Get-Module -ListAvailable -Name PSWindowsUpdate -ErrorAction SilentlyContinue)) {
                    Install-Module PSWindowsUpdate -Force -SkipPublisherCheck -Scope AllUsers | Out-Null
                }
                Import-Module PSWindowsUpdate -Force -ErrorAction Stop
                try {
                    Add-WUServiceManager -MicrosoftUpdate -Confirm:$false -ErrorAction SilentlyContinue | Out-Null
                } catch {}
                Write-Output 'OK'
            } catch {
                Write-Output ('ERROR: ' + $_.Exception.Message)
            }
2026-07-08 04:44:05.932 -05:00 [INF] (Thread 72) WindowsUpdateWorker: PSWindowsUpdate module OK.
2026-07-08 04:44:05.934 -05:00 [DBG] (Thread 72) WindowsUpdateWorker: running PS script: Import-Module PSWindowsUpdate -ErrorAction Stop
        $ProgressPreference = 'SilentlyContinue'

        # Force the Windows Update Agent to scan before installing.
        # Fixes 0x80248007 (WU_E_DS_NODATA) on fresh builds or machines
        # whose update data store has not been initialised yet.
        try {
            Start-Process -FilePath 'UsoClient.exe' `
                -ArgumentList 'StartScan' `
                -Wait -NoNewWindow -ErrorAction SilentlyContinue
            Start-Sleep -Seconds 30
        } catch {}

        # 2>&1 merges stderr into the pipeline mixing strings with update
        # objects -- we filter them out in the foreach loop below.
        $rawOutput = Install-WindowsUpdate `
            -MicrosoftUpdate `
            -AcceptAll `
            -IgnoreReboot `
            -Install `
            -ErrorAction Continue 2>&1

        # Use a hashtable keyed on Title to keep only the LAST result per update.
        # PSWindowsUpdate emits objects at multiple pipeline stages (search, download,
        # install); overwriting ensures we capture the final post-install ResultCode
        # rather than an early ResultCode=0 (NotStarted).
        $byKey = @{}

        foreach ($u in $rawOutput) {
            if ($null -eq $u -or $u -isnot [PSObject]) { continue }
            if (-not ($u.PSObject.Properties.Name -contains 'Title')) { continue }
            if ([string]::IsNullOrWhiteSpace($u.Title)) { continue }

            $resultCode = 0
            try { $resultCode = [int]$u.ResultCode } catch { $resultCode = 4 }
            $succeeded = ($resultCode -eq 2 -or $resultCode -eq 3)

            # ResultCode=0 means NotStarted — treat as Skipped, not Failed.
            $status = if ($succeeded) { 'Succeeded' } elseif ($resultCode -eq 0) { 'Skipped' } else { 'Failed' }

            $kb = ''
            try {
                if ($u.KBArticleIDs -and $u.KBArticleIDs.Count -gt 0) {
                    $kb = 'KB' + $u.KBArticleIDs[0]
                }
            } catch {}

            $needsReboot = $false
            try { $needsReboot = [bool]$u.RebootRequired } catch {}

            $byKey[$u.Title] = [PSCustomObject]@{
                Identifier     = $kb
                Title          = [string]$u.Title
                Status         = $status
                ErrorMessage   = if ($succeeded -or $resultCode -eq 0) { '' } else { 'ResultCode=' + $resultCode }
                RebootRequired = $needsReboot
                AttemptedAt    = (Get-Date -Format 'o')
            }
        }

        $results = @($byKey.Values)

        if ($results.Count -eq 0) {
            Write-Output '[]'
        } else {
            $results | ConvertTo-Json -Compress
        }
2026-07-08 04:44:49.056 -05:00 [INF] (Thread 72) WindowsUpdateWorker: no updates installed — system reboot is already pending.
2026-07-08 04:44:49.056 -05:00 [INF] (Thread 72) WindowsUpdateWorker: pass complete. Total=1 Succeeded=1 Failed=0 Skipped=0
2026-07-08 04:44:49.056 -05:00 [INF] (Thread 72) WingetWorker: skipping — last run was 2026-07-02T19:32:02.3859087Z (less than 7 days ago).
2026-07-08 04:44:49.056 -05:00 [INF] (Thread 72) UpdateOrchestrator: cycle complete. Total=1 Succeeded=1 Failed=0 RebootRequired=true
2026-07-08 04:44:49.056 -05:00 [INF] (Thread 72) UpdateOrchestrator: reboot required but last reboot was 21.4 hours ago — skipping notification until 2-day minimum has elapsed.
2026-07-08 04:44:49.057 -05:00 [INF] (Thread 72) UpdateBackgroundService: next cycle in "01:00:00".
2026-07-08 05:44:49.139 -05:00 [INF] (Thread 76) SelfUpdater: checking for updates. Current version: 0.26.230.591
2026-07-08 05:44:49.240 -05:00 [INF] (Thread 76) SelfUpdater: remote version = 0.26.230.591.
2026-07-08 05:44:49.240 -05:00 [INF] (Thread 76) SelfUpdater: already up to date.
2026-07-08 05:44:49.240 -05:00 [INF] (Thread 76) UpdateOrchestrator: === Update cycle starting ===
2026-07-08 05:44:49.240 -05:00 [INF] (Thread 76) WindowsUpdateWorker: starting update pass.
2026-07-08 05:44:49.240 -05:00 [INF] (Thread 76) WindowsUpdateWorker: verifying PSWindowsUpdate module.
2026-07-08 05:44:49.242 -05:00 [DBG] (Thread 76) WindowsUpdateWorker: running PS script: $ProgressPreference = 'SilentlyContinue'
            $ErrorActionPreference = 'Stop'
            try {
                if (-not (Get-PackageProvider -Name NuGet -ListAvailable -ErrorAction SilentlyContinue)) {
                    Install-PackageProvider -Name NuGet -MinimumVersion 2.8.5.201 -Force -Scope AllUsers | Out-Null
                }
                Set-PSRepository -Name PSGallery -InstallationPolicy Trusted -ErrorAction SilentlyContinue
                if (-not (Get-Module -ListAvailable -Name PSWindowsUpdate -ErrorAction SilentlyContinue)) {
                    Install-Module PSWindowsUpdate -Force -SkipPublisherCheck -Scope AllUsers | Out-Null
                }
                Import-Module PSWindowsUpdate -Force -ErrorAction Stop
                try {
                    Add-WUServiceManager -MicrosoftUpdate -Confirm:$false -ErrorAction SilentlyContinue | Out-Null
                } catch {}
                Write-Output 'OK'
            } catch {
                Write-Output ('ERROR: ' + $_.Exception.Message)
            }
2026-07-08 05:45:00.815 -05:00 [INF] (Thread 80) WindowsUpdateWorker: PSWindowsUpdate module OK.
2026-07-08 05:45:00.816 -05:00 [DBG] (Thread 80) WindowsUpdateWorker: running PS script: Import-Module PSWindowsUpdate -ErrorAction Stop
        $ProgressPreference = 'SilentlyContinue'

        # Force the Windows Update Agent to scan before installing.
        # Fixes 0x80248007 (WU_E_DS_NODATA) on fresh builds or machines
        # whose update data store has not been initialised yet.
        try {
            Start-Process -FilePath 'UsoClient.exe' `
                -ArgumentList 'StartScan' `
                -Wait -NoNewWindow -ErrorAction SilentlyContinue
            Start-Sleep -Seconds 30
        } catch {}

        # 2>&1 merges stderr into the pipeline mixing strings with update
        # objects -- we filter them out in the foreach loop below.
        $rawOutput = Install-WindowsUpdate `
            -MicrosoftUpdate `
            -AcceptAll `
            -IgnoreReboot `
            -Install `
            -ErrorAction Continue 2>&1

        # Use a hashtable keyed on Title to keep only the LAST result per update.
        # PSWindowsUpdate emits objects at multiple pipeline stages (search, download,
        # install); overwriting ensures we capture the final post-install ResultCode
        # rather than an early ResultCode=0 (NotStarted).
        $byKey = @{}

        foreach ($u in $rawOutput) {
            if ($null -eq $u -or $u -isnot [PSObject]) { continue }
            if (-not ($u.PSObject.Properties.Name -contains 'Title')) { continue }
            if ([string]::IsNullOrWhiteSpace($u.Title)) { continue }

            $resultCode = 0
            try { $resultCode = [int]$u.ResultCode } catch { $resultCode = 4 }
            $succeeded = ($resultCode -eq 2 -or $resultCode -eq 3)

            # ResultCode=0 means NotStarted — treat as Skipped, not Failed.
            $status = if ($succeeded) { 'Succeeded' } elseif ($resultCode -eq 0) { 'Skipped' } else { 'Failed' }

            $kb = ''
            try {
                if ($u.KBArticleIDs -and $u.KBArticleIDs.Count -gt 0) {
                    $kb = 'KB' + $u.KBArticleIDs[0]
                }
            } catch {}

            $needsReboot = $false
            try { $needsReboot = [bool]$u.RebootRequired } catch {}

            $byKey[$u.Title] = [PSCustomObject]@{
                Identifier     = $kb
                Title          = [string]$u.Title
                Status         = $status
                ErrorMessage   = if ($succeeded -or $resultCode -eq 0) { '' } else { 'ResultCode=' + $resultCode }
                RebootRequired = $needsReboot
                AttemptedAt    = (Get-Date -Format 'o')
            }
        }

        $results = @($byKey.Values)

        if ($results.Count -eq 0) {
            Write-Output '[]'
        } else {
            $results | ConvertTo-Json -Compress
        }
2026-07-08 05:46:00.651 -05:00 [INF] (Thread 76) WindowsUpdateWorker: no updates installed — system reboot is already pending.
2026-07-08 05:46:00.651 -05:00 [INF] (Thread 76) WindowsUpdateWorker: pass complete. Total=1 Succeeded=1 Failed=0 Skipped=0
2026-07-08 05:46:00.651 -05:00 [INF] (Thread 76) WingetWorker: skipping — last run was 2026-07-02T19:32:02.3859087Z (less than 7 days ago).
2026-07-08 05:46:00.651 -05:00 [INF] (Thread 76) UpdateOrchestrator: cycle complete. Total=1 Succeeded=1 Failed=0 RebootRequired=true
2026-07-08 05:46:00.651 -05:00 [INF] (Thread 76) UpdateOrchestrator: reboot required but last reboot was 22.5 hours ago — skipping notification until 2-day minimum has elapsed.
2026-07-08 05:46:00.651 -05:00 [INF] (Thread 76) UpdateBackgroundService: next cycle in "01:00:00".
2026-07-08 06:46:00.705 -05:00 [INF] (Thread 79) SelfUpdater: checking for updates. Current version: 0.26.230.591
2026-07-08 06:46:00.849 -05:00 [INF] (Thread 79) SelfUpdater: remote version = 0.26.230.591.
2026-07-08 06:46:00.849 -05:00 [INF] (Thread 79) SelfUpdater: already up to date.
2026-07-08 06:46:00.849 -05:00 [INF] (Thread 79) UpdateOrchestrator: === Update cycle starting ===
2026-07-08 06:46:00.849 -05:00 [INF] (Thread 79) WindowsUpdateWorker: starting update pass.
2026-07-08 06:46:00.849 -05:00 [INF] (Thread 79) WindowsUpdateWorker: verifying PSWindowsUpdate module.
2026-07-08 06:46:00.853 -05:00 [DBG] (Thread 79) WindowsUpdateWorker: running PS script: $ProgressPreference = 'SilentlyContinue'
            $ErrorActionPreference = 'Stop'
            try {
                if (-not (Get-PackageProvider -Name NuGet -ListAvailable -ErrorAction SilentlyContinue)) {
                    Install-PackageProvider -Name NuGet -MinimumVersion 2.8.5.201 -Force -Scope AllUsers | Out-Null
                }
                Set-PSRepository -Name PSGallery -InstallationPolicy Trusted -ErrorAction SilentlyContinue
                if (-not (Get-Module -ListAvailable -Name PSWindowsUpdate -ErrorAction SilentlyContinue)) {
                    Install-Module PSWindowsUpdate -Force -SkipPublisherCheck -Scope AllUsers | Out-Null
                }
                Import-Module PSWindowsUpdate -Force -ErrorAction Stop
                try {
                    Add-WUServiceManager -MicrosoftUpdate -Confirm:$false -ErrorAction SilentlyContinue | Out-Null
                } catch {}
                Write-Output 'OK'
            } catch {
                Write-Output ('ERROR: ' + $_.Exception.Message)
            }
2026-07-08 06:46:12.318 -05:00 [INF] (Thread 79) WindowsUpdateWorker: PSWindowsUpdate module OK.
2026-07-08 06:46:12.320 -05:00 [DBG] (Thread 79) WindowsUpdateWorker: running PS script: Import-Module PSWindowsUpdate -ErrorAction Stop
        $ProgressPreference = 'SilentlyContinue'

        # Force the Windows Update Agent to scan before installing.
        # Fixes 0x80248007 (WU_E_DS_NODATA) on fresh builds or machines
        # whose update data store has not been initialised yet.
        try {
            Start-Process -FilePath 'UsoClient.exe' `
                -ArgumentList 'StartScan' `
                -Wait -NoNewWindow -ErrorAction SilentlyContinue
            Start-Sleep -Seconds 30
        } catch {}

        # 2>&1 merges stderr into the pipeline mixing strings with update
        # objects -- we filter them out in the foreach loop below.
        $rawOutput = Install-WindowsUpdate `
            -MicrosoftUpdate `
            -AcceptAll `
            -IgnoreReboot `
            -Install `
            -ErrorAction Continue 2>&1

        # Use a hashtable keyed on Title to keep only the LAST result per update.
        # PSWindowsUpdate emits objects at multiple pipeline stages (search, download,
        # install); overwriting ensures we capture the final post-install ResultCode
        # rather than an early ResultCode=0 (NotStarted).
        $byKey = @{}

        foreach ($u in $rawOutput) {
            if ($null -eq $u -or $u -isnot [PSObject]) { continue }
            if (-not ($u.PSObject.Properties.Name -contains 'Title')) { continue }
            if ([string]::IsNullOrWhiteSpace($u.Title)) { continue }

            $resultCode = 0
            try { $resultCode = [int]$u.ResultCode } catch { $resultCode = 4 }
            $succeeded = ($resultCode -eq 2 -or $resultCode -eq 3)

            # ResultCode=0 means NotStarted — treat as Skipped, not Failed.
            $status = if ($succeeded) { 'Succeeded' } elseif ($resultCode -eq 0) { 'Skipped' } else { 'Failed' }

            $kb = ''
            try {
                if ($u.KBArticleIDs -and $u.KBArticleIDs.Count -gt 0) {
                    $kb = 'KB' + $u.KBArticleIDs[0]
                }
            } catch {}

            $needsReboot = $false
            try { $needsReboot = [bool]$u.RebootRequired } catch {}

            $byKey[$u.Title] = [PSCustomObject]@{
                Identifier     = $kb
                Title          = [string]$u.Title
                Status         = $status
                ErrorMessage   = if ($succeeded -or $resultCode -eq 0) { '' } else { 'ResultCode=' + $resultCode }
                RebootRequired = $needsReboot
                AttemptedAt    = (Get-Date -Format 'o')
            }
        }

        $results = @($byKey.Values)

        if ($results.Count -eq 0) {
            Write-Output '[]'
        } else {
            $results | ConvertTo-Json -Compress
        }
2026-07-08 06:46:57.761 -05:00 [INF] (Thread 79) WindowsUpdateWorker: no updates installed — system reboot is already pending.
2026-07-08 06:46:57.761 -05:00 [INF] (Thread 79) WindowsUpdateWorker: pass complete. Total=1 Succeeded=1 Failed=0 Skipped=0
2026-07-08 06:46:57.761 -05:00 [INF] (Thread 79) WingetWorker: skipping — last run was 2026-07-02T19:32:02.3859087Z (less than 7 days ago).
2026-07-08 06:46:57.761 -05:00 [INF] (Thread 79) UpdateOrchestrator: cycle complete. Total=1 Succeeded=1 Failed=0 RebootRequired=true
2026-07-08 06:46:57.761 -05:00 [INF] (Thread 79) UpdateOrchestrator: reboot required but last reboot was 23.5 hours ago — skipping notification until 2-day minimum has elapsed.
2026-07-08 06:46:57.761 -05:00 [INF] (Thread 79) UpdateBackgroundService: next cycle in "01:00:00".
2026-07-08 07:46:57.858 -05:00 [INF] (Thread 76) SelfUpdater: checking for updates. Current version: 0.26.230.591
2026-07-08 07:46:57.945 -05:00 [INF] (Thread 76) SelfUpdater: remote version = 0.26.230.591.
2026-07-08 07:46:57.945 -05:00 [INF] (Thread 76) SelfUpdater: already up to date.
2026-07-08 07:46:57.945 -05:00 [INF] (Thread 76) UpdateOrchestrator: === Update cycle starting ===
2026-07-08 07:46:57.945 -05:00 [INF] (Thread 76) WindowsUpdateWorker: starting update pass.
2026-07-08 07:46:57.945 -05:00 [INF] (Thread 76) WindowsUpdateWorker: verifying PSWindowsUpdate module.
2026-07-08 07:46:57.947 -05:00 [DBG] (Thread 76) WindowsUpdateWorker: running PS script: $ProgressPreference = 'SilentlyContinue'
            $ErrorActionPreference = 'Stop'
            try {
                if (-not (Get-PackageProvider -Name NuGet -ListAvailable -ErrorAction SilentlyContinue)) {
                    Install-PackageProvider -Name NuGet -MinimumVersion 2.8.5.201 -Force -Scope AllUsers | Out-Null
                }
                Set-PSRepository -Name PSGallery -InstallationPolicy Trusted -ErrorAction SilentlyContinue
                if (-not (Get-Module -ListAvailable -Name PSWindowsUpdate -ErrorAction SilentlyContinue)) {
                    Install-Module PSWindowsUpdate -Force -SkipPublisherCheck -Scope AllUsers | Out-Null
                }
                Import-Module PSWindowsUpdate -Force -ErrorAction Stop
                try {
                    Add-WUServiceManager -MicrosoftUpdate -Confirm:$false -ErrorAction SilentlyContinue | Out-Null
                } catch {}
                Write-Output 'OK'
            } catch {
                Write-Output ('ERROR: ' + $_.Exception.Message)
            }
2026-07-08 07:47:10.663 -05:00 [INF] (Thread 85) WindowsUpdateWorker: PSWindowsUpdate module OK.
2026-07-08 07:47:10.664 -05:00 [DBG] (Thread 85) WindowsUpdateWorker: running PS script: Import-Module PSWindowsUpdate -ErrorAction Stop
        $ProgressPreference = 'SilentlyContinue'

        # Force the Windows Update Agent to scan before installing.
        # Fixes 0x80248007 (WU_E_DS_NODATA) on fresh builds or machines
        # whose update data store has not been initialised yet.
        try {
            Start-Process -FilePath 'UsoClient.exe' `
                -ArgumentList 'StartScan' `
                -Wait -NoNewWindow -ErrorAction SilentlyContinue
            Start-Sleep -Seconds 30
        } catch {}

        # 2>&1 merges stderr into the pipeline mixing strings with update
        # objects -- we filter them out in the foreach loop below.
        $rawOutput = Install-WindowsUpdate `
            -MicrosoftUpdate `
            -AcceptAll `
            -IgnoreReboot `
            -Install `
            -ErrorAction Continue 2>&1

        # Use a hashtable keyed on Title to keep only the LAST result per update.
        # PSWindowsUpdate emits objects at multiple pipeline stages (search, download,
        # install); overwriting ensures we capture the final post-install ResultCode
        # rather than an early ResultCode=0 (NotStarted).
        $byKey = @{}

        foreach ($u in $rawOutput) {
            if ($null -eq $u -or $u -isnot [PSObject]) { continue }
            if (-not ($u.PSObject.Properties.Name -contains 'Title')) { continue }
            if ([string]::IsNullOrWhiteSpace($u.Title)) { continue }

            $resultCode = 0
            try { $resultCode = [int]$u.ResultCode } catch { $resultCode = 4 }
            $succeeded = ($resultCode -eq 2 -or $resultCode -eq 3)

            # ResultCode=0 means NotStarted — treat as Skipped, not Failed.
            $status = if ($succeeded) { 'Succeeded' } elseif ($resultCode -eq 0) { 'Skipped' } else { 'Failed' }

            $kb = ''
            try {
                if ($u.KBArticleIDs -and $u.KBArticleIDs.Count -gt 0) {
                    $kb = 'KB' + $u.KBArticleIDs[0]
                }
            } catch {}

            $needsReboot = $false
            try { $needsReboot = [bool]$u.RebootRequired } catch {}

            $byKey[$u.Title] = [PSCustomObject]@{
                Identifier     = $kb
                Title          = [string]$u.Title
                Status         = $status
                ErrorMessage   = if ($succeeded -or $resultCode -eq 0) { '' } else { 'ResultCode=' + $resultCode }
                RebootRequired = $needsReboot
                AttemptedAt    = (Get-Date -Format 'o')
            }
        }

        $results = @($byKey.Values)

        if ($results.Count -eq 0) {
            Write-Output '[]'
        } else {
            $results | ConvertTo-Json -Compress
        }
2026-07-08 07:47:57.607 -05:00 [INF] (Thread 83) WindowsUpdateWorker: no updates installed — system reboot is already pending.
2026-07-08 07:47:57.607 -05:00 [INF] (Thread 83) WindowsUpdateWorker: pass complete. Total=1 Succeeded=1 Failed=0 Skipped=0
2026-07-08 07:47:57.607 -05:00 [INF] (Thread 83) WingetWorker: skipping — last run was 2026-07-02T19:32:02.3859087Z (less than 7 days ago).
2026-07-08 07:47:57.607 -05:00 [INF] (Thread 83) UpdateOrchestrator: cycle complete. Total=1 Succeeded=1 Failed=0 RebootRequired=true
2026-07-08 07:47:57.607 -05:00 [INF] (Thread 83) UpdateOrchestrator: reboot required but last reboot was 24.5 hours ago — skipping notification until 2-day minimum has elapsed.
2026-07-08 07:47:57.607 -05:00 [INF] (Thread 83) UpdateBackgroundService: next cycle in "01:00:00".
2026-07-08 08:47:57.654 -05:00 [INF] (Thread 83) SelfUpdater: checking for updates. Current version: 0.26.230.591
2026-07-08 08:47:57.742 -05:00 [INF] (Thread 82) SelfUpdater: remote version = 0.26.230.591.
2026-07-08 08:47:57.742 -05:00 [INF] (Thread 82) SelfUpdater: already up to date.
2026-07-08 08:47:57.742 -05:00 [INF] (Thread 82) UpdateOrchestrator: === Update cycle starting ===
2026-07-08 08:47:57.742 -05:00 [INF] (Thread 82) WindowsUpdateWorker: starting update pass.
2026-07-08 08:47:57.742 -05:00 [INF] (Thread 82) WindowsUpdateWorker: verifying PSWindowsUpdate module.
2026-07-08 08:47:57.742 -05:00 [DBG] (Thread 82) WindowsUpdateWorker: running PS script: $ProgressPreference = 'SilentlyContinue'
            $ErrorActionPreference = 'Stop'
            try {
                if (-not (Get-PackageProvider -Name NuGet -ListAvailable -ErrorAction SilentlyContinue)) {
                    Install-PackageProvider -Name NuGet -MinimumVersion 2.8.5.201 -Force -Scope AllUsers | Out-Null
                }
                Set-PSRepository -Name PSGallery -InstallationPolicy Trusted -ErrorAction SilentlyContinue
                if (-not (Get-Module -ListAvailable -Name PSWindowsUpdate -ErrorAction SilentlyContinue)) {
                    Install-Module PSWindowsUpdate -Force -SkipPublisherCheck -Scope AllUsers | Out-Null
                }
                Import-Module PSWindowsUpdate -Force -ErrorAction Stop
                try {
                    Add-WUServiceManager -MicrosoftUpdate -Confirm:$false -ErrorAction SilentlyContinue | Out-Null
                } catch {}
                Write-Output 'OK'
            } catch {
                Write-Output ('ERROR: ' + $_.Exception.Message)
            }
2026-07-08 08:48:10.432 -05:00 [INF] (Thread 83) WindowsUpdateWorker: PSWindowsUpdate module OK.
2026-07-08 08:48:10.434 -05:00 [DBG] (Thread 83) WindowsUpdateWorker: running PS script: Import-Module PSWindowsUpdate -ErrorAction Stop
        $ProgressPreference = 'SilentlyContinue'

        # Force the Windows Update Agent to scan before installing.
        # Fixes 0x80248007 (WU_E_DS_NODATA) on fresh builds or machines
        # whose update data store has not been initialised yet.
        try {
            Start-Process -FilePath 'UsoClient.exe' `
                -ArgumentList 'StartScan' `
                -Wait -NoNewWindow -ErrorAction SilentlyContinue
            Start-Sleep -Seconds 30
        } catch {}

        # 2>&1 merges stderr into the pipeline mixing strings with update
        # objects -- we filter them out in the foreach loop below.
        $rawOutput = Install-WindowsUpdate `
            -MicrosoftUpdate `
            -AcceptAll `
            -IgnoreReboot `
            -Install `
            -ErrorAction Continue 2>&1

        # Use a hashtable keyed on Title to keep only the LAST result per update.
        # PSWindowsUpdate emits objects at multiple pipeline stages (search, download,
        # install); overwriting ensures we capture the final post-install ResultCode
        # rather than an early ResultCode=0 (NotStarted).
        $byKey = @{}

        foreach ($u in $rawOutput) {
            if ($null -eq $u -or $u -isnot [PSObject]) { continue }
            if (-not ($u.PSObject.Properties.Name -contains 'Title')) { continue }
            if ([string]::IsNullOrWhiteSpace($u.Title)) { continue }

            $resultCode = 0
            try { $resultCode = [int]$u.ResultCode } catch { $resultCode = 4 }
            $succeeded = ($resultCode -eq 2 -or $resultCode -eq 3)

            # ResultCode=0 means NotStarted — treat as Skipped, not Failed.
            $status = if ($succeeded) { 'Succeeded' } elseif ($resultCode -eq 0) { 'Skipped' } else { 'Failed' }

            $kb = ''
            try {
                if ($u.KBArticleIDs -and $u.KBArticleIDs.Count -gt 0) {
                    $kb = 'KB' + $u.KBArticleIDs[0]
                }
            } catch {}

            $needsReboot = $false
            try { $needsReboot = [bool]$u.RebootRequired } catch {}

            $byKey[$u.Title] = [PSCustomObject]@{
                Identifier     = $kb
                Title          = [string]$u.Title
                Status         = $status
                ErrorMessage   = if ($succeeded -or $resultCode -eq 0) { '' } else { 'ResultCode=' + $resultCode }
                RebootRequired = $needsReboot
                AttemptedAt    = (Get-Date -Format 'o')
            }
        }

        $results = @($byKey.Values)

        if ($results.Count -eq 0) {
            Write-Output '[]'
        } else {
            $results | ConvertTo-Json -Compress
        }
2026-07-08 08:48:55.345 -05:00 [INF] (Thread 81) WindowsUpdateWorker: no updates installed — system reboot is already pending.
2026-07-08 08:48:55.345 -05:00 [INF] (Thread 81) WindowsUpdateWorker: pass complete. Total=1 Succeeded=1 Failed=0 Skipped=0
2026-07-08 08:48:55.345 -05:00 [INF] (Thread 81) WingetWorker: skipping — last run was 2026-07-02T19:32:02.3859087Z (less than 7 days ago).
2026-07-08 08:48:55.345 -05:00 [INF] (Thread 81) UpdateOrchestrator: cycle complete. Total=1 Succeeded=1 Failed=0 RebootRequired=true
2026-07-08 08:48:55.345 -05:00 [INF] (Thread 81) UpdateOrchestrator: reboot required but last reboot was 25.5 hours ago — skipping notification until 2-day minimum has elapsed.
2026-07-08 08:48:55.345 -05:00 [INF] (Thread 81) UpdateBackgroundService: next cycle in "01:00:00".
2026-07-08 09:48:55.449 -05:00 [INF] (Thread 81) SelfUpdater: checking for updates. Current version: 0.26.230.591
2026-07-08 09:48:55.528 -05:00 [INF] (Thread 81) SelfUpdater: remote version = 0.26.230.591.
2026-07-08 09:48:55.528 -05:00 [INF] (Thread 81) SelfUpdater: already up to date.
2026-07-08 09:48:55.528 -05:00 [INF] (Thread 81) UpdateOrchestrator: === Update cycle starting ===
2026-07-08 09:48:55.528 -05:00 [INF] (Thread 81) WindowsUpdateWorker: starting update pass.
2026-07-08 09:48:55.528 -05:00 [INF] (Thread 81) WindowsUpdateWorker: verifying PSWindowsUpdate module.
2026-07-08 09:48:55.529 -05:00 [DBG] (Thread 81) WindowsUpdateWorker: running PS script: $ProgressPreference = 'SilentlyContinue'
            $ErrorActionPreference = 'Stop'
            try {
                if (-not (Get-PackageProvider -Name NuGet -ListAvailable -ErrorAction SilentlyContinue)) {
                    Install-PackageProvider -Name NuGet -MinimumVersion 2.8.5.201 -Force -Scope AllUsers | Out-Null
                }
                Set-PSRepository -Name PSGallery -InstallationPolicy Trusted -ErrorAction SilentlyContinue
                if (-not (Get-Module -ListAvailable -Name PSWindowsUpdate -ErrorAction SilentlyContinue)) {
                    Install-Module PSWindowsUpdate -Force -SkipPublisherCheck -Scope AllUsers | Out-Null
                }
                Import-Module PSWindowsUpdate -Force -ErrorAction Stop
                try {
                    Add-WUServiceManager -MicrosoftUpdate -Confirm:$false -ErrorAction SilentlyContinue | Out-Null
                } catch {}
                Write-Output 'OK'
            } catch {
                Write-Output ('ERROR: ' + $_.Exception.Message)
            }
2026-07-08 09:49:07.534 -05:00 [INF] (Thread 80) WindowsUpdateWorker: PSWindowsUpdate module OK.
2026-07-08 09:49:07.535 -05:00 [DBG] (Thread 81) WindowsUpdateWorker: running PS script: Import-Module PSWindowsUpdate -ErrorAction Stop
        $ProgressPreference = 'SilentlyContinue'

        # Force the Windows Update Agent to scan before installing.
        # Fixes 0x80248007 (WU_E_DS_NODATA) on fresh builds or machines
        # whose update data store has not been initialised yet.
        try {
            Start-Process -FilePath 'UsoClient.exe' `
                -ArgumentList 'StartScan' `
                -Wait -NoNewWindow -ErrorAction SilentlyContinue
            Start-Sleep -Seconds 30
        } catch {}

        # 2>&1 merges stderr into the pipeline mixing strings with update
        # objects -- we filter them out in the foreach loop below.
        $rawOutput = Install-WindowsUpdate `
            -MicrosoftUpdate `
            -AcceptAll `
            -IgnoreReboot `
            -Install `
            -ErrorAction Continue 2>&1

        # Use a hashtable keyed on Title to keep only the LAST result per update.
        # PSWindowsUpdate emits objects at multiple pipeline stages (search, download,
        # install); overwriting ensures we capture the final post-install ResultCode
        # rather than an early ResultCode=0 (NotStarted).
        $byKey = @{}

        foreach ($u in $rawOutput) {
            if ($null -eq $u -or $u -isnot [PSObject]) { continue }
            if (-not ($u.PSObject.Properties.Name -contains 'Title')) { continue }
            if ([string]::IsNullOrWhiteSpace($u.Title)) { continue }

            $resultCode = 0
            try { $resultCode = [int]$u.ResultCode } catch { $resultCode = 4 }
            $succeeded = ($resultCode -eq 2 -or $resultCode -eq 3)

            # ResultCode=0 means NotStarted — treat as Skipped, not Failed.
            $status = if ($succeeded) { 'Succeeded' } elseif ($resultCode -eq 0) { 'Skipped' } else { 'Failed' }

            $kb = ''
            try {
                if ($u.KBArticleIDs -and $u.KBArticleIDs.Count -gt 0) {
                    $kb = 'KB' + $u.KBArticleIDs[0]
                }
            } catch {}

            $needsReboot = $false
            try { $needsReboot = [bool]$u.RebootRequired } catch {}

            $byKey[$u.Title] = [PSCustomObject]@{
                Identifier     = $kb
                Title          = [string]$u.Title
                Status         = $status
                ErrorMessage   = if ($succeeded -or $resultCode -eq 0) { '' } else { 'ResultCode=' + $resultCode }
                RebootRequired = $needsReboot
                AttemptedAt    = (Get-Date -Format 'o')
            }
        }

        $results = @($byKey.Values)

        if ($results.Count -eq 0) {
            Write-Output '[]'
        } else {
            $results | ConvertTo-Json -Compress
        }
2026-07-08 09:49:59.494 -05:00 [INF] (Thread 80) WindowsUpdateWorker: no updates installed — system reboot is already pending.
2026-07-08 09:49:59.494 -05:00 [INF] (Thread 80) WindowsUpdateWorker: pass complete. Total=1 Succeeded=1 Failed=0 Skipped=0
2026-07-08 09:49:59.494 -05:00 [INF] (Thread 80) WingetWorker: skipping — last run was 2026-07-02T19:32:02.3859087Z (less than 7 days ago).
2026-07-08 09:49:59.494 -05:00 [INF] (Thread 80) UpdateOrchestrator: cycle complete. Total=1 Succeeded=1 Failed=0 RebootRequired=true
2026-07-08 09:49:59.494 -05:00 [INF] (Thread 80) UpdateOrchestrator: reboot required but last reboot was 26.5 hours ago — skipping notification until 2-day minimum has elapsed.
2026-07-08 09:49:59.494 -05:00 [INF] (Thread 80) UpdateBackgroundService: next cycle in "01:00:00".
2026-07-08 10:49:59.548 -05:00 [INF] (Thread 78) SelfUpdater: checking for updates. Current version: 0.26.230.591
2026-07-08 10:49:59.724 -05:00 [INF] (Thread 78) SelfUpdater: remote version = 0.26.230.591.
2026-07-08 10:49:59.724 -05:00 [INF] (Thread 78) SelfUpdater: already up to date.
2026-07-08 10:49:59.724 -05:00 [INF] (Thread 78) UpdateOrchestrator: === Update cycle starting ===
2026-07-08 10:49:59.724 -05:00 [INF] (Thread 78) WindowsUpdateWorker: starting update pass.
2026-07-08 10:49:59.724 -05:00 [INF] (Thread 78) WindowsUpdateWorker: verifying PSWindowsUpdate module.
2026-07-08 10:49:59.725 -05:00 [DBG] (Thread 78) WindowsUpdateWorker: running PS script: $ProgressPreference = 'SilentlyContinue'
            $ErrorActionPreference = 'Stop'
            try {
                if (-not (Get-PackageProvider -Name NuGet -ListAvailable -ErrorAction SilentlyContinue)) {
                    Install-PackageProvider -Name NuGet -MinimumVersion 2.8.5.201 -Force -Scope AllUsers | Out-Null
                }
                Set-PSRepository -Name PSGallery -InstallationPolicy Trusted -ErrorAction SilentlyContinue
                if (-not (Get-Module -ListAvailable -Name PSWindowsUpdate -ErrorAction SilentlyContinue)) {
                    Install-Module PSWindowsUpdate -Force -SkipPublisherCheck -Scope AllUsers | Out-Null
                }
                Import-Module PSWindowsUpdate -Force -ErrorAction Stop
                try {
                    Add-WUServiceManager -MicrosoftUpdate -Confirm:$false -ErrorAction SilentlyContinue | Out-Null
                } catch {}
                Write-Output 'OK'
            } catch {
                Write-Output ('ERROR: ' + $_.Exception.Message)
            }
2026-07-08 10:50:12.282 -05:00 [INF] (Thread 78) WindowsUpdateWorker: PSWindowsUpdate module OK.
2026-07-08 10:50:12.283 -05:00 [DBG] (Thread 78) WindowsUpdateWorker: running PS script: Import-Module PSWindowsUpdate -ErrorAction Stop
        $ProgressPreference = 'SilentlyContinue'

        # Force the Windows Update Agent to scan before installing.
        # Fixes 0x80248007 (WU_E_DS_NODATA) on fresh builds or machines
        # whose update data store has not been initialised yet.
        try {
            Start-Process -FilePath 'UsoClient.exe' `
                -ArgumentList 'StartScan' `
                -Wait -NoNewWindow -ErrorAction SilentlyContinue
            Start-Sleep -Seconds 30
        } catch {}

        # 2>&1 merges stderr into the pipeline mixing strings with update
        # objects -- we filter them out in the foreach loop below.
        $rawOutput = Install-WindowsUpdate `
            -MicrosoftUpdate `
            -AcceptAll `
            -IgnoreReboot `
            -Install `
            -ErrorAction Continue 2>&1

        # Use a hashtable keyed on Title to keep only the LAST result per update.
        # PSWindowsUpdate emits objects at multiple pipeline stages (search, download,
        # install); overwriting ensures we capture the final post-install ResultCode
        # rather than an early ResultCode=0 (NotStarted).
        $byKey = @{}

        foreach ($u in $rawOutput) {
            if ($null -eq $u -or $u -isnot [PSObject]) { continue }
            if (-not ($u.PSObject.Properties.Name -contains 'Title')) { continue }
            if ([string]::IsNullOrWhiteSpace($u.Title)) { continue }

            $resultCode = 0
            try { $resultCode = [int]$u.ResultCode } catch { $resultCode = 4 }
            $succeeded = ($resultCode -eq 2 -or $resultCode -eq 3)

            # ResultCode=0 means NotStarted — treat as Skipped, not Failed.
            $status = if ($succeeded) { 'Succeeded' } elseif ($resultCode -eq 0) { 'Skipped' } else { 'Failed' }

            $kb = ''
            try {
                if ($u.KBArticleIDs -and $u.KBArticleIDs.Count -gt 0) {
                    $kb = 'KB' + $u.KBArticleIDs[0]
                }
            } catch {}

            $needsReboot = $false
            try { $needsReboot = [bool]$u.RebootRequired } catch {}

            $byKey[$u.Title] = [PSCustomObject]@{
                Identifier     = $kb
                Title          = [string]$u.Title
                Status         = $status
                ErrorMessage   = if ($succeeded -or $resultCode -eq 0) { '' } else { 'ResultCode=' + $resultCode }
                RebootRequired = $needsReboot
                AttemptedAt    = (Get-Date -Format 'o')
            }
        }

        $results = @($byKey.Values)

        if ($results.Count -eq 0) {
            Write-Output '[]'
        } else {
            $results | ConvertTo-Json -Compress
        }
2026-07-08 10:50:57.194 -05:00 [INF] (Thread 80) WindowsUpdateWorker: no updates installed — system reboot is already pending.
2026-07-08 10:50:57.194 -05:00 [INF] (Thread 80) WindowsUpdateWorker: pass complete. Total=1 Succeeded=1 Failed=0 Skipped=0
2026-07-08 10:50:57.195 -05:00 [INF] (Thread 80) WingetWorker: skipping — last run was 2026-07-02T19:32:02.3859087Z (less than 7 days ago).
2026-07-08 10:50:57.195 -05:00 [INF] (Thread 80) UpdateOrchestrator: cycle complete. Total=1 Succeeded=1 Failed=0 RebootRequired=true
2026-07-08 10:50:57.195 -05:00 [INF] (Thread 80) UpdateOrchestrator: reboot required but last reboot was 27.5 hours ago — skipping notification until 2-day minimum has elapsed.
2026-07-08 10:50:57.195 -05:00 [INF] (Thread 80) UpdateBackgroundService: next cycle in "01:00:00".
2026-07-08 11:50:57.231 -05:00 [INF] (Thread 72) SelfUpdater: checking for updates. Current version: 0.26.230.591
2026-07-08 11:50:57.305 -05:00 [INF] (Thread 72) SelfUpdater: remote version = 0.26.230.591.
2026-07-08 11:50:57.305 -05:00 [INF] (Thread 72) SelfUpdater: already up to date.
2026-07-08 11:50:57.305 -05:00 [INF] (Thread 72) UpdateOrchestrator: === Update cycle starting ===
2026-07-08 11:50:57.305 -05:00 [INF] (Thread 72) WindowsUpdateWorker: starting update pass.
2026-07-08 11:50:57.305 -05:00 [INF] (Thread 72) WindowsUpdateWorker: verifying PSWindowsUpdate module.
2026-07-08 11:50:57.306 -05:00 [DBG] (Thread 72) WindowsUpdateWorker: running PS script: $ProgressPreference = 'SilentlyContinue'
            $ErrorActionPreference = 'Stop'
            try {
                if (-not (Get-PackageProvider -Name NuGet -ListAvailable -ErrorAction SilentlyContinue)) {
                    Install-PackageProvider -Name NuGet -MinimumVersion 2.8.5.201 -Force -Scope AllUsers | Out-Null
                }
                Set-PSRepository -Name PSGallery -InstallationPolicy Trusted -ErrorAction SilentlyContinue
                if (-not (Get-Module -ListAvailable -Name PSWindowsUpdate -ErrorAction SilentlyContinue)) {
                    Install-Module PSWindowsUpdate -Force -SkipPublisherCheck -Scope AllUsers | Out-Null
                }
                Import-Module PSWindowsUpdate -Force -ErrorAction Stop
                try {
                    Add-WUServiceManager -MicrosoftUpdate -Confirm:$false -ErrorAction SilentlyContinue | Out-Null
                } catch {}
                Write-Output 'OK'
            } catch {
                Write-Output ('ERROR: ' + $_.Exception.Message)
            }
2026-07-08 11:51:09.724 -05:00 [INF] (Thread 68) WindowsUpdateWorker: PSWindowsUpdate module OK.
2026-07-08 11:51:09.725 -05:00 [DBG] (Thread 68) WindowsUpdateWorker: running PS script: Import-Module PSWindowsUpdate -ErrorAction Stop
        $ProgressPreference = 'SilentlyContinue'

        # Force the Windows Update Agent to scan before installing.
        # Fixes 0x80248007 (WU_E_DS_NODATA) on fresh builds or machines
        # whose update data store has not been initialised yet.
        try {
            Start-Process -FilePath 'UsoClient.exe' `
                -ArgumentList 'StartScan' `
                -Wait -NoNewWindow -ErrorAction SilentlyContinue
            Start-Sleep -Seconds 30
        } catch {}

        # 2>&1 merges stderr into the pipeline mixing strings with update
        # objects -- we filter them out in the foreach loop below.
        $rawOutput = Install-WindowsUpdate `
            -MicrosoftUpdate `
            -AcceptAll `
            -IgnoreReboot `
            -Install `
            -ErrorAction Continue 2>&1

        # Use a hashtable keyed on Title to keep only the LAST result per update.
        # PSWindowsUpdate emits objects at multiple pipeline stages (search, download,
        # install); overwriting ensures we capture the final post-install ResultCode
        # rather than an early ResultCode=0 (NotStarted).
        $byKey = @{}

        foreach ($u in $rawOutput) {
            if ($null -eq $u -or $u -isnot [PSObject]) { continue }
            if (-not ($u.PSObject.Properties.Name -contains 'Title')) { continue }
            if ([string]::IsNullOrWhiteSpace($u.Title)) { continue }

            $resultCode = 0
            try { $resultCode = [int]$u.ResultCode } catch { $resultCode = 4 }
            $succeeded = ($resultCode -eq 2 -or $resultCode -eq 3)

            # ResultCode=0 means NotStarted — treat as Skipped, not Failed.
            $status = if ($succeeded) { 'Succeeded' } elseif ($resultCode -eq 0) { 'Skipped' } else { 'Failed' }

            $kb = ''
            try {
                if ($u.KBArticleIDs -and $u.KBArticleIDs.Count -gt 0) {
                    $kb = 'KB' + $u.KBArticleIDs[0]
                }
            } catch {}

            $needsReboot = $false
            try { $needsReboot = [bool]$u.RebootRequired } catch {}

            $byKey[$u.Title] = [PSCustomObject]@{
                Identifier     = $kb
                Title          = [string]$u.Title
                Status         = $status
                ErrorMessage   = if ($succeeded -or $resultCode -eq 0) { '' } else { 'ResultCode=' + $resultCode }
                RebootRequired = $needsReboot
                AttemptedAt    = (Get-Date -Format 'o')
            }
        }

        $results = @($byKey.Values)

        if ($results.Count -eq 0) {
            Write-Output '[]'
        } else {
            $results | ConvertTo-Json -Compress
        }
2026-07-08 11:51:55.592 -05:00 [INF] (Thread 72) WindowsUpdateWorker: no updates installed — system reboot is already pending.
2026-07-08 11:51:55.592 -05:00 [INF] (Thread 72) WindowsUpdateWorker: pass complete. Total=1 Succeeded=1 Failed=0 Skipped=0
2026-07-08 11:51:55.592 -05:00 [INF] (Thread 72) WingetWorker: skipping — last run was 2026-07-02T19:32:02.3859087Z (less than 7 days ago).
2026-07-08 11:51:55.592 -05:00 [INF] (Thread 72) UpdateOrchestrator: cycle complete. Total=1 Succeeded=1 Failed=0 RebootRequired=true
2026-07-08 11:51:55.592 -05:00 [INF] (Thread 72) UpdateOrchestrator: reboot required but last reboot was 28.6 hours ago — skipping notification until 2-day minimum has elapsed.
2026-07-08 11:51:55.592 -05:00 [INF] (Thread 72) UpdateBackgroundService: next cycle in "01:00:00".
2026-07-08 12:51:55.623 -05:00 [INF] (Thread 58) SelfUpdater: checking for updates. Current version: 0.26.230.591
2026-07-08 12:51:55.791 -05:00 [INF] (Thread 70) SelfUpdater: remote version = 0.26.230.591.
2026-07-08 12:51:55.791 -05:00 [INF] (Thread 70) SelfUpdater: already up to date.
2026-07-08 12:51:55.791 -05:00 [INF] (Thread 70) UpdateOrchestrator: === Update cycle starting ===
2026-07-08 12:51:55.791 -05:00 [INF] (Thread 70) WindowsUpdateWorker: starting update pass.
2026-07-08 12:51:55.791 -05:00 [INF] (Thread 70) WindowsUpdateWorker: verifying PSWindowsUpdate module.
2026-07-08 12:51:55.794 -05:00 [DBG] (Thread 70) WindowsUpdateWorker: running PS script: $ProgressPreference = 'SilentlyContinue'
            $ErrorActionPreference = 'Stop'
            try {
                if (-not (Get-PackageProvider -Name NuGet -ListAvailable -ErrorAction SilentlyContinue)) {
                    Install-PackageProvider -Name NuGet -MinimumVersion 2.8.5.201 -Force -Scope AllUsers | Out-Null
                }
                Set-PSRepository -Name PSGallery -InstallationPolicy Trusted -ErrorAction SilentlyContinue
                if (-not (Get-Module -ListAvailable -Name PSWindowsUpdate -ErrorAction SilentlyContinue)) {
                    Install-Module PSWindowsUpdate -Force -SkipPublisherCheck -Scope AllUsers | Out-Null
                }
                Import-Module PSWindowsUpdate -Force -ErrorAction Stop
                try {
                    Add-WUServiceManager -MicrosoftUpdate -Confirm:$false -ErrorAction SilentlyContinue | Out-Null
                } catch {}
                Write-Output 'OK'
            } catch {
                Write-Output ('ERROR: ' + $_.Exception.Message)
            }
2026-07-08 12:52:07.374 -05:00 [INF] (Thread 70) WindowsUpdateWorker: PSWindowsUpdate module OK.
2026-07-08 12:52:07.375 -05:00 [DBG] (Thread 70) WindowsUpdateWorker: running PS script: Import-Module PSWindowsUpdate -ErrorAction Stop
        $ProgressPreference = 'SilentlyContinue'

        # Force the Windows Update Agent to scan before installing.
        # Fixes 0x80248007 (WU_E_DS_NODATA) on fresh builds or machines
        # whose update data store has not been initialised yet.
        try {
            Start-Process -FilePath 'UsoClient.exe' `
                -ArgumentList 'StartScan' `
                -Wait -NoNewWindow -ErrorAction SilentlyContinue
            Start-Sleep -Seconds 30
        } catch {}

        # 2>&1 merges stderr into the pipeline mixing strings with update
        # objects -- we filter them out in the foreach loop below.
        $rawOutput = Install-WindowsUpdate `
            -MicrosoftUpdate `
            -AcceptAll `
            -IgnoreReboot `
            -Install `
            -ErrorAction Continue 2>&1

        # Use a hashtable keyed on Title to keep only the LAST result per update.
        # PSWindowsUpdate emits objects at multiple pipeline stages (search, download,
        # install); overwriting ensures we capture the final post-install ResultCode
        # rather than an early ResultCode=0 (NotStarted).
        $byKey = @{}

        foreach ($u in $rawOutput) {
            if ($null -eq $u -or $u -isnot [PSObject]) { continue }
            if (-not ($u.PSObject.Properties.Name -contains 'Title')) { continue }
            if ([string]::IsNullOrWhiteSpace($u.Title)) { continue }

            $resultCode = 0
            try { $resultCode = [int]$u.ResultCode } catch { $resultCode = 4 }
            $succeeded = ($resultCode -eq 2 -or $resultCode -eq 3)

            # ResultCode=0 means NotStarted — treat as Skipped, not Failed.
            $status = if ($succeeded) { 'Succeeded' } elseif ($resultCode -eq 0) { 'Skipped' } else { 'Failed' }

            $kb = ''
            try {
                if ($u.KBArticleIDs -and $u.KBArticleIDs.Count -gt 0) {
                    $kb = 'KB' + $u.KBArticleIDs[0]
                }
            } catch {}

            $needsReboot = $false
            try { $needsReboot = [bool]$u.RebootRequired } catch {}

            $byKey[$u.Title] = [PSCustomObject]@{
                Identifier     = $kb
                Title          = [string]$u.Title
                Status         = $status
                ErrorMessage   = if ($succeeded -or $resultCode -eq 0) { '' } else { 'ResultCode=' + $resultCode }
                RebootRequired = $needsReboot
                AttemptedAt    = (Get-Date -Format 'o')
            }
        }

        $results = @($byKey.Values)

        if ($results.Count -eq 0) {
            Write-Output '[]'
        } else {
            $results | ConvertTo-Json -Compress
        }
2026-07-08 12:53:25.113 -05:00 [INF] (Thread 65) WindowsUpdateWorker: no updates installed — system reboot is already pending.
2026-07-08 12:53:25.113 -05:00 [INF] (Thread 65) WindowsUpdateWorker: pass complete. Total=1 Succeeded=1 Failed=0 Skipped=0
2026-07-08 12:53:25.113 -05:00 [INF] (Thread 65) WingetWorker: skipping — last run was 2026-07-02T19:32:02.3859087Z (less than 7 days ago).
2026-07-08 12:53:25.113 -05:00 [INF] (Thread 65) UpdateOrchestrator: cycle complete. Total=1 Succeeded=1 Failed=0 RebootRequired=true
2026-07-08 12:53:25.113 -05:00 [INF] (Thread 65) UpdateOrchestrator: reboot required but last reboot was 29.6 hours ago — skipping notification until 2-day minimum has elapsed.
2026-07-08 12:53:25.113 -05:00 [INF] (Thread 65) UpdateBackgroundService: next cycle in "01:00:00".
2026-07-08 13:53:25.237 -05:00 [INF] (Thread 69) SelfUpdater: checking for updates. Current version: 0.26.230.591
2026-07-08 13:53:25.432 -05:00 [INF] (Thread 69) SelfUpdater: remote version = 0.26.230.591.
2026-07-08 13:53:25.433 -05:00 [INF] (Thread 69) SelfUpdater: already up to date.
2026-07-08 13:53:25.433 -05:00 [INF] (Thread 69) UpdateOrchestrator: === Update cycle starting ===
2026-07-08 13:53:25.433 -05:00 [INF] (Thread 69) WindowsUpdateWorker: starting update pass.
2026-07-08 13:53:25.433 -05:00 [INF] (Thread 69) WindowsUpdateWorker: verifying PSWindowsUpdate module.
2026-07-08 13:53:25.433 -05:00 [DBG] (Thread 69) WindowsUpdateWorker: running PS script: $ProgressPreference = 'SilentlyContinue'
            $ErrorActionPreference = 'Stop'
            try {
                if (-not (Get-PackageProvider -Name NuGet -ListAvailable -ErrorAction SilentlyContinue)) {
                    Install-PackageProvider -Name NuGet -MinimumVersion 2.8.5.201 -Force -Scope AllUsers | Out-Null
                }
                Set-PSRepository -Name PSGallery -InstallationPolicy Trusted -ErrorAction SilentlyContinue
                if (-not (Get-Module -ListAvailable -Name PSWindowsUpdate -ErrorAction SilentlyContinue)) {
                    Install-Module PSWindowsUpdate -Force -SkipPublisherCheck -Scope AllUsers | Out-Null
                }
                Import-Module PSWindowsUpdate -Force -ErrorAction Stop
                try {
                    Add-WUServiceManager -MicrosoftUpdate -Confirm:$false -ErrorAction SilentlyContinue | Out-Null
                } catch {}
                Write-Output 'OK'
            } catch {
                Write-Output ('ERROR: ' + $_.Exception.Message)
            }
2026-07-08 13:53:37.549 -05:00 [INF] (Thread 69) WindowsUpdateWorker: PSWindowsUpdate module OK.
2026-07-08 13:53:37.550 -05:00 [DBG] (Thread 69) WindowsUpdateWorker: running PS script: Import-Module PSWindowsUpdate -ErrorAction Stop
        $ProgressPreference = 'SilentlyContinue'

        # Force the Windows Update Agent to scan before installing.
        # Fixes 0x80248007 (WU_E_DS_NODATA) on fresh builds or machines
        # whose update data store has not been initialised yet.
        try {
            Start-Process -FilePath 'UsoClient.exe' `
                -ArgumentList 'StartScan' `
                -Wait -NoNewWindow -ErrorAction SilentlyContinue
            Start-Sleep -Seconds 30
        } catch {}

        # 2>&1 merges stderr into the pipeline mixing strings with update
        # objects -- we filter them out in the foreach loop below.
        $rawOutput = Install-WindowsUpdate `
            -MicrosoftUpdate `
            -AcceptAll `
            -IgnoreReboot `
            -Install `
            -ErrorAction Continue 2>&1

        # Use a hashtable keyed on Title to keep only the LAST result per update.
        # PSWindowsUpdate emits objects at multiple pipeline stages (search, download,
        # install); overwriting ensures we capture the final post-install ResultCode
        # rather than an early ResultCode=0 (NotStarted).
        $byKey = @{}

        foreach ($u in $rawOutput) {
            if ($null -eq $u -or $u -isnot [PSObject]) { continue }
            if (-not ($u.PSObject.Properties.Name -contains 'Title')) { continue }
            if ([string]::IsNullOrWhiteSpace($u.Title)) { continue }

            $resultCode = 0
            try { $resultCode = [int]$u.ResultCode } catch { $resultCode = 4 }
            $succeeded = ($resultCode -eq 2 -or $resultCode -eq 3)

            # ResultCode=0 means NotStarted — treat as Skipped, not Failed.
            $status = if ($succeeded) { 'Succeeded' } elseif ($resultCode -eq 0) { 'Skipped' } else { 'Failed' }

            $kb = ''
            try {
                if ($u.KBArticleIDs -and $u.KBArticleIDs.Count -gt 0) {
                    $kb = 'KB' + $u.KBArticleIDs[0]
                }
            } catch {}

            $needsReboot = $false
            try { $needsReboot = [bool]$u.RebootRequired } catch {}

            $byKey[$u.Title] = [PSCustomObject]@{
                Identifier     = $kb
                Title          = [string]$u.Title
                Status         = $status
                ErrorMessage   = if ($succeeded -or $resultCode -eq 0) { '' } else { 'ResultCode=' + $resultCode }
                RebootRequired = $needsReboot
                AttemptedAt    = (Get-Date -Format 'o')
            }
        }

        $results = @($byKey.Values)

        if ($results.Count -eq 0) {
            Write-Output '[]'
        } else {
            $results | ConvertTo-Json -Compress
        }
2026-07-08 13:54:21.797 -05:00 [INF] (Thread 69) WindowsUpdateWorker: no updates installed — system reboot is already pending.
2026-07-08 13:54:21.797 -05:00 [INF] (Thread 69) WindowsUpdateWorker: pass complete. Total=1 Succeeded=1 Failed=0 Skipped=0
2026-07-08 13:54:21.798 -05:00 [INF] (Thread 69) WingetWorker: skipping — last run was 2026-07-02T19:32:02.3859087Z (less than 7 days ago).
2026-07-08 13:54:21.798 -05:00 [INF] (Thread 69) UpdateOrchestrator: cycle complete. Total=1 Succeeded=1 Failed=0 RebootRequired=true
2026-07-08 13:54:21.798 -05:00 [INF] (Thread 69) UpdateOrchestrator: reboot required but last reboot was 30.6 hours ago — skipping notification until 2-day minimum has elapsed.
2026-07-08 13:54:21.798 -05:00 [INF] (Thread 69) UpdateBackgroundService: next cycle in "01:00:00".
2026-07-08 14:54:21.938 -05:00 [INF] (Thread 63) SelfUpdater: checking for updates. Current version: 0.26.230.591
2026-07-08 14:54:22.130 -05:00 [INF] (Thread 63) SelfUpdater: remote version = 0.26.230.591.
2026-07-08 14:54:22.130 -05:00 [INF] (Thread 63) SelfUpdater: already up to date.
2026-07-08 14:54:22.130 -05:00 [INF] (Thread 63) UpdateOrchestrator: === Update cycle starting ===
2026-07-08 14:54:22.130 -05:00 [INF] (Thread 63) WindowsUpdateWorker: starting update pass.
2026-07-08 14:54:22.130 -05:00 [INF] (Thread 63) WindowsUpdateWorker: verifying PSWindowsUpdate module.
2026-07-08 14:54:22.132 -05:00 [DBG] (Thread 63) WindowsUpdateWorker: running PS script: $ProgressPreference = 'SilentlyContinue'
            $ErrorActionPreference = 'Stop'
            try {
                if (-not (Get-PackageProvider -Name NuGet -ListAvailable -ErrorAction SilentlyContinue)) {
                    Install-PackageProvider -Name NuGet -MinimumVersion 2.8.5.201 -Force -Scope AllUsers | Out-Null
                }
                Set-PSRepository -Name PSGallery -InstallationPolicy Trusted -ErrorAction SilentlyContinue
                if (-not (Get-Module -ListAvailable -Name PSWindowsUpdate -ErrorAction SilentlyContinue)) {
                    Install-Module PSWindowsUpdate -Force -SkipPublisherCheck -Scope AllUsers | Out-Null
                }
                Import-Module PSWindowsUpdate -Force -ErrorAction Stop
                try {
                    Add-WUServiceManager -MicrosoftUpdate -Confirm:$false -ErrorAction SilentlyContinue | Out-Null
                } catch {}
                Write-Output 'OK'
            } catch {
                Write-Output ('ERROR: ' + $_.Exception.Message)
            }
2026-07-08 14:54:33.717 -05:00 [INF] (Thread 63) WindowsUpdateWorker: PSWindowsUpdate module OK.
2026-07-08 14:54:33.718 -05:00 [DBG] (Thread 63) WindowsUpdateWorker: running PS script: Import-Module PSWindowsUpdate -ErrorAction Stop
        $ProgressPreference = 'SilentlyContinue'

        # Force the Windows Update Agent to scan before installing.
        # Fixes 0x80248007 (WU_E_DS_NODATA) on fresh builds or machines
        # whose update data store has not been initialised yet.
        try {
            Start-Process -FilePath 'UsoClient.exe' `
                -ArgumentList 'StartScan' `
                -Wait -NoNewWindow -ErrorAction SilentlyContinue
            Start-Sleep -Seconds 30
        } catch {}

        # 2>&1 merges stderr into the pipeline mixing strings with update
        # objects -- we filter them out in the foreach loop below.
        $rawOutput = Install-WindowsUpdate `
            -MicrosoftUpdate `
            -AcceptAll `
            -IgnoreReboot `
            -Install `
            -ErrorAction Continue 2>&1

        # Use a hashtable keyed on Title to keep only the LAST result per update.
        # PSWindowsUpdate emits objects at multiple pipeline stages (search, download,
        # install); overwriting ensures we capture the final post-install ResultCode
        # rather than an early ResultCode=0 (NotStarted).
        $byKey = @{}

        foreach ($u in $rawOutput) {
            if ($null -eq $u -or $u -isnot [PSObject]) { continue }
            if (-not ($u.PSObject.Properties.Name -contains 'Title')) { continue }
            if ([string]::IsNullOrWhiteSpace($u.Title)) { continue }

            $resultCode = 0
            try { $resultCode = [int]$u.ResultCode } catch { $resultCode = 4 }
            $succeeded = ($resultCode -eq 2 -or $resultCode -eq 3)

            # ResultCode=0 means NotStarted — treat as Skipped, not Failed.
            $status = if ($succeeded) { 'Succeeded' } elseif ($resultCode -eq 0) { 'Skipped' } else { 'Failed' }

            $kb = ''
            try {
                if ($u.KBArticleIDs -and $u.KBArticleIDs.Count -gt 0) {
                    $kb = 'KB' + $u.KBArticleIDs[0]
                }
            } catch {}

            $needsReboot = $false
            try { $needsReboot = [bool]$u.RebootRequired } catch {}

            $byKey[$u.Title] = [PSCustomObject]@{
                Identifier     = $kb
                Title          = [string]$u.Title
                Status         = $status
                ErrorMessage   = if ($succeeded -or $resultCode -eq 0) { '' } else { 'ResultCode=' + $resultCode }
                RebootRequired = $needsReboot
                AttemptedAt    = (Get-Date -Format 'o')
            }
        }

        $results = @($byKey.Values)

        if ($results.Count -eq 0) {
            Write-Output '[]'
        } else {
            $results | ConvertTo-Json -Compress
        }
2026-07-08 14:55:18.667 -05:00 [INF] (Thread 63) WindowsUpdateWorker: no updates installed — system reboot is already pending.
2026-07-08 14:55:18.667 -05:00 [INF] (Thread 63) WindowsUpdateWorker: pass complete. Total=1 Succeeded=1 Failed=0 Skipped=0
2026-07-08 14:55:18.667 -05:00 [INF] (Thread 63) WingetWorker: skipping — last run was 2026-07-02T19:32:02.3859087Z (less than 7 days ago).
2026-07-08 14:55:18.667 -05:00 [INF] (Thread 63) UpdateOrchestrator: cycle complete. Total=1 Succeeded=1 Failed=0 RebootRequired=true
2026-07-08 14:55:18.667 -05:00 [INF] (Thread 63) UpdateOrchestrator: reboot required but last reboot was 31.6 hours ago — skipping notification until 2-day minimum has elapsed.
2026-07-08 14:55:18.667 -05:00 [INF] (Thread 63) UpdateBackgroundService: next cycle in "01:00:00".
2026-07-08 15:55:18.727 -05:00 [INF] (Thread 59) SelfUpdater: checking for updates. Current version: 0.26.230.591
2026-07-08 15:55:18.987 -05:00 [INF] (Thread 63) SelfUpdater: remote version = 0.26.230.591.
2026-07-08 15:55:18.987 -05:00 [INF] (Thread 63) SelfUpdater: already up to date.
2026-07-08 15:55:18.987 -05:00 [INF] (Thread 63) UpdateOrchestrator: === Update cycle starting ===
2026-07-08 15:55:18.987 -05:00 [INF] (Thread 63) WindowsUpdateWorker: starting update pass.
2026-07-08 15:55:18.987 -05:00 [INF] (Thread 63) WindowsUpdateWorker: verifying PSWindowsUpdate module.
2026-07-08 15:55:18.989 -05:00 [DBG] (Thread 63) WindowsUpdateWorker: running PS script: $ProgressPreference = 'SilentlyContinue'
            $ErrorActionPreference = 'Stop'
            try {
                if (-not (Get-PackageProvider -Name NuGet -ListAvailable -ErrorAction SilentlyContinue)) {
                    Install-PackageProvider -Name NuGet -MinimumVersion 2.8.5.201 -Force -Scope AllUsers | Out-Null
                }
                Set-PSRepository -Name PSGallery -InstallationPolicy Trusted -ErrorAction SilentlyContinue
                if (-not (Get-Module -ListAvailable -Name PSWindowsUpdate -ErrorAction SilentlyContinue)) {
                    Install-Module PSWindowsUpdate -Force -SkipPublisherCheck -Scope AllUsers | Out-Null
                }
                Import-Module PSWindowsUpdate -Force -ErrorAction Stop
                try {
                    Add-WUServiceManager -MicrosoftUpdate -Confirm:$false -ErrorAction SilentlyContinue | Out-Null
                } catch {}
                Write-Output 'OK'
            } catch {
                Write-Output ('ERROR: ' + $_.Exception.Message)
            }
2026-07-08 15:55:31.457 -05:00 [INF] (Thread 63) WindowsUpdateWorker: PSWindowsUpdate module OK.
2026-07-08 15:55:31.458 -05:00 [DBG] (Thread 63) WindowsUpdateWorker: running PS script: Import-Module PSWindowsUpdate -ErrorAction Stop
        $ProgressPreference = 'SilentlyContinue'

        # Force the Windows Update Agent to scan before installing.
        # Fixes 0x80248007 (WU_E_DS_NODATA) on fresh builds or machines
        # whose update data store has not been initialised yet.
        try {
            Start-Process -FilePath 'UsoClient.exe' `
                -ArgumentList 'StartScan' `
                -Wait -NoNewWindow -ErrorAction SilentlyContinue
            Start-Sleep -Seconds 30
        } catch {}

        # 2>&1 merges stderr into the pipeline mixing strings with update
        # objects -- we filter them out in the foreach loop below.
        $rawOutput = Install-WindowsUpdate `
            -MicrosoftUpdate `
            -AcceptAll `
            -IgnoreReboot `
            -Install `
            -ErrorAction Continue 2>&1

        # Use a hashtable keyed on Title to keep only the LAST result per update.
        # PSWindowsUpdate emits objects at multiple pipeline stages (search, download,
        # install); overwriting ensures we capture the final post-install ResultCode
        # rather than an early ResultCode=0 (NotStarted).
        $byKey = @{}

        foreach ($u in $rawOutput) {
            if ($null -eq $u -or $u -isnot [PSObject]) { continue }
            if (-not ($u.PSObject.Properties.Name -contains 'Title')) { continue }
            if ([string]::IsNullOrWhiteSpace($u.Title)) { continue }

            $resultCode = 0
            try { $resultCode = [int]$u.ResultCode } catch { $resultCode = 4 }
            $succeeded = ($resultCode -eq 2 -or $resultCode -eq 3)

            # ResultCode=0 means NotStarted — treat as Skipped, not Failed.
            $status = if ($succeeded) { 'Succeeded' } elseif ($resultCode -eq 0) { 'Skipped' } else { 'Failed' }

            $kb = ''
            try {
                if ($u.KBArticleIDs -and $u.KBArticleIDs.Count -gt 0) {
                    $kb = 'KB' + $u.KBArticleIDs[0]
                }
            } catch {}

            $needsReboot = $false
            try { $needsReboot = [bool]$u.RebootRequired } catch {}

            $byKey[$u.Title] = [PSCustomObject]@{
                Identifier     = $kb
                Title          = [string]$u.Title
                Status         = $status
                ErrorMessage   = if ($succeeded -or $resultCode -eq 0) { '' } else { 'ResultCode=' + $resultCode }
                RebootRequired = $needsReboot
                AttemptedAt    = (Get-Date -Format 'o')
            }
        }

        $results = @($byKey.Values)

        if ($results.Count -eq 0) {
            Write-Output '[]'
        } else {
            $results | ConvertTo-Json -Compress
        }
2026-07-08 15:56:17.093 -05:00 [INF] (Thread 63) WindowsUpdateWorker: no updates installed — system reboot is already pending.
2026-07-08 15:56:17.094 -05:00 [INF] (Thread 63) WindowsUpdateWorker: pass complete. Total=1 Succeeded=1 Failed=0 Skipped=0
2026-07-08 15:56:17.094 -05:00 [INF] (Thread 63) WingetWorker: skipping — last run was 2026-07-02T19:32:02.3859087Z (less than 7 days ago).
2026-07-08 15:56:17.094 -05:00 [INF] (Thread 63) UpdateOrchestrator: cycle complete. Total=1 Succeeded=1 Failed=0 RebootRequired=true
2026-07-08 15:56:17.094 -05:00 [INF] (Thread 63) UpdateOrchestrator: reboot required but last reboot was 32.6 hours ago — skipping notification until 2-day minimum has elapsed.
2026-07-08 15:56:17.094 -05:00 [INF] (Thread 63) UpdateBackgroundService: next cycle in "01:00:00".
2026-07-08 16:56:17.133 -05:00 [INF] (Thread 56) SelfUpdater: checking for updates. Current version: 0.26.230.591
2026-07-08 16:56:20.418 -05:00 [ERR] (Thread 54) SelfUpdater: failed to fetch version manifest from https://raw.githubusercontent.com/Coldmiser/UpdateSolution/refs/heads/main/VersionControl.dat
System.Net.Http.HttpRequestException: Response status code does not indicate success: 429 (Too Many Requests).
   at System.Net.Http.HttpResponseMessage.EnsureSuccessStatusCode()
   at System.Net.Http.HttpClient.GetStringAsyncCore(HttpRequestMessage request, CancellationToken cancellationToken)
   at UpdateService.SelfUpdate.SelfUpdater.CheckAndApplyAsync(CancellationToken cancellationToken) in C:\Users\sbutski\Documents\VSCode Solutions Folder\UpdateSolution\UpdateService\SelfUpdate\SelfUpdater.cs:line 59
2026-07-08 16:56:20.487 -05:00 [INF] (Thread 54) UpdateOrchestrator: === Update cycle starting ===
2026-07-08 16:56:20.487 -05:00 [INF] (Thread 54) WindowsUpdateWorker: starting update pass.
2026-07-08 16:56:20.487 -05:00 [INF] (Thread 54) WindowsUpdateWorker: verifying PSWindowsUpdate module.
2026-07-08 16:56:20.488 -05:00 [DBG] (Thread 54) WindowsUpdateWorker: running PS script: $ProgressPreference = 'SilentlyContinue'
            $ErrorActionPreference = 'Stop'
            try {
                if (-not (Get-PackageProvider -Name NuGet -ListAvailable -ErrorAction SilentlyContinue)) {
                    Install-PackageProvider -Name NuGet -MinimumVersion 2.8.5.201 -Force -Scope AllUsers | Out-Null
                }
                Set-PSRepository -Name PSGallery -InstallationPolicy Trusted -ErrorAction SilentlyContinue
                if (-not (Get-Module -ListAvailable -Name PSWindowsUpdate -ErrorAction SilentlyContinue)) {
                    Install-Module PSWindowsUpdate -Force -SkipPublisherCheck -Scope AllUsers | Out-Null
                }
                Import-Module PSWindowsUpdate -Force -ErrorAction Stop
                try {
                    Add-WUServiceManager -MicrosoftUpdate -Confirm:$false -ErrorAction SilentlyContinue | Out-Null
                } catch {}
                Write-Output 'OK'
            } catch {
                Write-Output ('ERROR: ' + $_.Exception.Message)
            }
2026-07-08 16:56:32.834 -05:00 [INF] (Thread 56) WindowsUpdateWorker: PSWindowsUpdate module OK.
2026-07-08 16:56:32.836 -05:00 [DBG] (Thread 56) WindowsUpdateWorker: running PS script: Import-Module PSWindowsUpdate -ErrorAction Stop
        $ProgressPreference = 'SilentlyContinue'

        # Force the Windows Update Agent to scan before installing.
        # Fixes 0x80248007 (WU_E_DS_NODATA) on fresh builds or machines
        # whose update data store has not been initialised yet.
        try {
            Start-Process -FilePath 'UsoClient.exe' `
                -ArgumentList 'StartScan' `
                -Wait -NoNewWindow -ErrorAction SilentlyContinue
            Start-Sleep -Seconds 30
        } catch {}

        # 2>&1 merges stderr into the pipeline mixing strings with update
        # objects -- we filter them out in the foreach loop below.
        $rawOutput = Install-WindowsUpdate `
            -MicrosoftUpdate `
            -AcceptAll `
            -IgnoreReboot `
            -Install `
            -ErrorAction Continue 2>&1

        # Use a hashtable keyed on Title to keep only the LAST result per update.
        # PSWindowsUpdate emits objects at multiple pipeline stages (search, download,
        # install); overwriting ensures we capture the final post-install ResultCode
        # rather than an early ResultCode=0 (NotStarted).
        $byKey = @{}

        foreach ($u in $rawOutput) {
            if ($null -eq $u -or $u -isnot [PSObject]) { continue }
            if (-not ($u.PSObject.Properties.Name -contains 'Title')) { continue }
            if ([string]::IsNullOrWhiteSpace($u.Title)) { continue }

            $resultCode = 0
            try { $resultCode = [int]$u.ResultCode } catch { $resultCode = 4 }
            $succeeded = ($resultCode -eq 2 -or $resultCode -eq 3)

            # ResultCode=0 means NotStarted — treat as Skipped, not Failed.
            $status = if ($succeeded) { 'Succeeded' } elseif ($resultCode -eq 0) { 'Skipped' } else { 'Failed' }

            $kb = ''
            try {
                if ($u.KBArticleIDs -and $u.KBArticleIDs.Count -gt 0) {
                    $kb = 'KB' + $u.KBArticleIDs[0]
                }
            } catch {}

            $needsReboot = $false
            try { $needsReboot = [bool]$u.RebootRequired } catch {}

            $byKey[$u.Title] = [PSCustomObject]@{
                Identifier     = $kb
                Title          = [string]$u.Title
                Status         = $status
                ErrorMessage   = if ($succeeded -or $resultCode -eq 0) { '' } else { 'ResultCode=' + $resultCode }
                RebootRequired = $needsReboot
                AttemptedAt    = (Get-Date -Format 'o')
            }
        }

        $results = @($byKey.Values)

        if ($results.Count -eq 0) {
            Write-Output '[]'
        } else {
            $results | ConvertTo-Json -Compress
        }
2026-07-08 16:57:21.899 -05:00 [INF] (Thread 54) WindowsUpdateWorker: no updates installed — system reboot is already pending.
2026-07-08 16:57:21.899 -05:00 [INF] (Thread 54) WindowsUpdateWorker: pass complete. Total=1 Succeeded=1 Failed=0 Skipped=0
2026-07-08 16:57:21.900 -05:00 [INF] (Thread 54) WingetWorker: skipping — last run was 2026-07-02T19:32:02.3859087Z (less than 7 days ago).
2026-07-08 16:57:21.900 -05:00 [INF] (Thread 54) UpdateOrchestrator: cycle complete. Total=1 Succeeded=1 Failed=0 RebootRequired=true
2026-07-08 16:57:21.900 -05:00 [INF] (Thread 54) UpdateOrchestrator: reboot required but last reboot was 33.7 hours ago — skipping notification until 2-day minimum has elapsed.
2026-07-08 16:57:21.900 -05:00 [INF] (Thread 54) UpdateBackgroundService: next cycle in "01:00:00".
2026-07-08 17:57:21.922 -05:00 [INF] (Thread 54) SelfUpdater: checking for updates. Current version: 0.26.230.591
2026-07-08 17:57:22.062 -05:00 [INF] (Thread 54) SelfUpdater: remote version = 0.26.230.591.
2026-07-08 17:57:22.062 -05:00 [INF] (Thread 54) SelfUpdater: already up to date.
2026-07-08 17:57:22.062 -05:00 [INF] (Thread 54) UpdateOrchestrator: === Update cycle starting ===
2026-07-08 17:57:22.062 -05:00 [INF] (Thread 54) WindowsUpdateWorker: starting update pass.
2026-07-08 17:57:22.062 -05:00 [INF] (Thread 54) WindowsUpdateWorker: verifying PSWindowsUpdate module.
2026-07-08 17:57:22.063 -05:00 [DBG] (Thread 54) WindowsUpdateWorker: running PS script: $ProgressPreference = 'SilentlyContinue'
            $ErrorActionPreference = 'Stop'
            try {
                if (-not (Get-PackageProvider -Name NuGet -ListAvailable -ErrorAction SilentlyContinue)) {
                    Install-PackageProvider -Name NuGet -MinimumVersion 2.8.5.201 -Force -Scope AllUsers | Out-Null
                }
                Set-PSRepository -Name PSGallery -InstallationPolicy Trusted -ErrorAction SilentlyContinue
                if (-not (Get-Module -ListAvailable -Name PSWindowsUpdate -ErrorAction SilentlyContinue)) {
                    Install-Module PSWindowsUpdate -Force -SkipPublisherCheck -Scope AllUsers | Out-Null
                }
                Import-Module PSWindowsUpdate -Force -ErrorAction Stop
                try {
                    Add-WUServiceManager -MicrosoftUpdate -Confirm:$false -ErrorAction SilentlyContinue | Out-Null
                } catch {}
                Write-Output 'OK'
            } catch {
                Write-Output ('ERROR: ' + $_.Exception.Message)
            }
2026-07-08 17:57:34.820 -05:00 [INF] (Thread 54) WindowsUpdateWorker: PSWindowsUpdate module OK.
2026-07-08 17:57:34.821 -05:00 [DBG] (Thread 54) WindowsUpdateWorker: running PS script: Import-Module PSWindowsUpdate -ErrorAction Stop
        $ProgressPreference = 'SilentlyContinue'

        # Force the Windows Update Agent to scan before installing.
        # Fixes 0x80248007 (WU_E_DS_NODATA) on fresh builds or machines
        # whose update data store has not been initialised yet.
        try {
            Start-Process -FilePath 'UsoClient.exe' `
                -ArgumentList 'StartScan' `
                -Wait -NoNewWindow -ErrorAction SilentlyContinue
            Start-Sleep -Seconds 30
        } catch {}

        # 2>&1 merges stderr into the pipeline mixing strings with update
        # objects -- we filter them out in the foreach loop below.
        $rawOutput = Install-WindowsUpdate `
            -MicrosoftUpdate `
            -AcceptAll `
            -IgnoreReboot `
            -Install `
            -ErrorAction Continue 2>&1

        # Use a hashtable keyed on Title to keep only the LAST result per update.
        # PSWindowsUpdate emits objects at multiple pipeline stages (search, download,
        # install); overwriting ensures we capture the final post-install ResultCode
        # rather than an early ResultCode=0 (NotStarted).
        $byKey = @{}

        foreach ($u in $rawOutput) {
            if ($null -eq $u -or $u -isnot [PSObject]) { continue }
            if (-not ($u.PSObject.Properties.Name -contains 'Title')) { continue }
            if ([string]::IsNullOrWhiteSpace($u.Title)) { continue }

            $resultCode = 0
            try { $resultCode = [int]$u.ResultCode } catch { $resultCode = 4 }
            $succeeded = ($resultCode -eq 2 -or $resultCode -eq 3)

            # ResultCode=0 means NotStarted — treat as Skipped, not Failed.
            $status = if ($succeeded) { 'Succeeded' } elseif ($resultCode -eq 0) { 'Skipped' } else { 'Failed' }

            $kb = ''
            try {
                if ($u.KBArticleIDs -and $u.KBArticleIDs.Count -gt 0) {
                    $kb = 'KB' + $u.KBArticleIDs[0]
                }
            } catch {}

            $needsReboot = $false
            try { $needsReboot = [bool]$u.RebootRequired } catch {}

            $byKey[$u.Title] = [PSCustomObject]@{
                Identifier     = $kb
                Title          = [string]$u.Title
                Status         = $status
                ErrorMessage   = if ($succeeded -or $resultCode -eq 0) { '' } else { 'ResultCode=' + $resultCode }
                RebootRequired = $needsReboot
                AttemptedAt    = (Get-Date -Format 'o')
            }
        }

        $results = @($byKey.Values)

        if ($results.Count -eq 0) {
            Write-Output '[]'
        } else {
            $results | ConvertTo-Json -Compress
        }
2026-07-08 17:58:22.788 -05:00 [INF] (Thread 51) WindowsUpdateWorker: no updates installed — system reboot is already pending.
2026-07-08 17:58:22.788 -05:00 [INF] (Thread 51) WindowsUpdateWorker: pass complete. Total=1 Succeeded=1 Failed=0 Skipped=0
2026-07-08 17:58:22.788 -05:00 [INF] (Thread 51) WingetWorker: skipping — last run was 2026-07-02T19:32:02.3859087Z (less than 7 days ago).
2026-07-08 17:58:22.788 -05:00 [INF] (Thread 51) UpdateOrchestrator: cycle complete. Total=1 Succeeded=1 Failed=0 RebootRequired=true
2026-07-08 17:58:22.788 -05:00 [INF] (Thread 51) UpdateOrchestrator: reboot required but last reboot was 34.7 hours ago — skipping notification until 2-day minimum has elapsed.
2026-07-08 17:58:22.788 -05:00 [INF] (Thread 51) UpdateBackgroundService: next cycle in "01:00:00".
2026-07-08 18:58:22.983 -05:00 [INF] (Thread 50) SelfUpdater: checking for updates. Current version: 0.26.230.591
2026-07-08 18:58:23.066 -05:00 [INF] (Thread 50) SelfUpdater: remote version = 0.26.230.591.
2026-07-08 18:58:23.066 -05:00 [INF] (Thread 50) SelfUpdater: already up to date.
2026-07-08 18:58:23.066 -05:00 [INF] (Thread 50) UpdateOrchestrator: === Update cycle starting ===
2026-07-08 18:58:23.066 -05:00 [INF] (Thread 50) WindowsUpdateWorker: starting update pass.
2026-07-08 18:58:23.066 -05:00 [INF] (Thread 50) WindowsUpdateWorker: verifying PSWindowsUpdate module.
2026-07-08 18:58:23.068 -05:00 [DBG] (Thread 50) WindowsUpdateWorker: running PS script: $ProgressPreference = 'SilentlyContinue'
            $ErrorActionPreference = 'Stop'
            try {
                if (-not (Get-PackageProvider -Name NuGet -ListAvailable -ErrorAction SilentlyContinue)) {
                    Install-PackageProvider -Name NuGet -MinimumVersion 2.8.5.201 -Force -Scope AllUsers | Out-Null
                }
                Set-PSRepository -Name PSGallery -InstallationPolicy Trusted -ErrorAction SilentlyContinue
                if (-not (Get-Module -ListAvailable -Name PSWindowsUpdate -ErrorAction SilentlyContinue)) {
                    Install-Module PSWindowsUpdate -Force -SkipPublisherCheck -Scope AllUsers | Out-Null
                }
                Import-Module PSWindowsUpdate -Force -ErrorAction Stop
                try {
                    Add-WUServiceManager -MicrosoftUpdate -Confirm:$false -ErrorAction SilentlyContinue | Out-Null
                } catch {}
                Write-Output 'OK'
            } catch {
                Write-Output ('ERROR: ' + $_.Exception.Message)
            }
2026-07-08 18:58:35.634 -05:00 [INF] (Thread 44) WindowsUpdateWorker: PSWindowsUpdate module OK.
2026-07-08 18:58:35.635 -05:00 [DBG] (Thread 44) WindowsUpdateWorker: running PS script: Import-Module PSWindowsUpdate -ErrorAction Stop
        $ProgressPreference = 'SilentlyContinue'

        # Force the Windows Update Agent to scan before installing.
        # Fixes 0x80248007 (WU_E_DS_NODATA) on fresh builds or machines
        # whose update data store has not been initialised yet.
        try {
            Start-Process -FilePath 'UsoClient.exe' `
                -ArgumentList 'StartScan' `
                -Wait -NoNewWindow -ErrorAction SilentlyContinue
            Start-Sleep -Seconds 30
        } catch {}

        # 2>&1 merges stderr into the pipeline mixing strings with update
        # objects -- we filter them out in the foreach loop below.
        $rawOutput = Install-WindowsUpdate `
            -MicrosoftUpdate `
            -AcceptAll `
            -IgnoreReboot `
            -Install `
            -ErrorAction Continue 2>&1

        # Use a hashtable keyed on Title to keep only the LAST result per update.
        # PSWindowsUpdate emits objects at multiple pipeline stages (search, download,
        # install); overwriting ensures we capture the final post-install ResultCode
        # rather than an early ResultCode=0 (NotStarted).
        $byKey = @{}

        foreach ($u in $rawOutput) {
            if ($null -eq $u -or $u -isnot [PSObject]) { continue }
            if (-not ($u.PSObject.Properties.Name -contains 'Title')) { continue }
            if ([string]::IsNullOrWhiteSpace($u.Title)) { continue }

            $resultCode = 0
            try { $resultCode = [int]$u.ResultCode } catch { $resultCode = 4 }
            $succeeded = ($resultCode -eq 2 -or $resultCode -eq 3)

            # ResultCode=0 means NotStarted — treat as Skipped, not Failed.
            $status = if ($succeeded) { 'Succeeded' } elseif ($resultCode -eq 0) { 'Skipped' } else { 'Failed' }

            $kb = ''
            try {
                if ($u.KBArticleIDs -and $u.KBArticleIDs.Count -gt 0) {
                    $kb = 'KB' + $u.KBArticleIDs[0]
                }
            } catch {}

            $needsReboot = $false
            try { $needsReboot = [bool]$u.RebootRequired } catch {}

            $byKey[$u.Title] = [PSCustomObject]@{
                Identifier     = $kb
                Title          = [string]$u.Title
                Status         = $status
                ErrorMessage   = if ($succeeded -or $resultCode -eq 0) { '' } else { 'ResultCode=' + $resultCode }
                RebootRequired = $needsReboot
                AttemptedAt    = (Get-Date -Format 'o')
            }
        }

        $results = @($byKey.Values)

        if ($results.Count -eq 0) {
            Write-Output '[]'
        } else {
            $results | ConvertTo-Json -Compress
        }
2026-07-08 18:59:38.683 -05:00 [INF] (Thread 50) WindowsUpdateWorker: no updates installed — system reboot is already pending.
2026-07-08 18:59:38.683 -05:00 [INF] (Thread 50) WindowsUpdateWorker: pass complete. Total=1 Succeeded=1 Failed=0 Skipped=0
2026-07-08 18:59:38.683 -05:00 [INF] (Thread 50) WingetWorker: skipping — last run was 2026-07-02T19:32:02.3859087Z (less than 7 days ago).
2026-07-08 18:59:38.683 -05:00 [INF] (Thread 50) UpdateOrchestrator: cycle complete. Total=1 Succeeded=1 Failed=0 RebootRequired=true
2026-07-08 18:59:38.683 -05:00 [INF] (Thread 50) UpdateOrchestrator: reboot required but last reboot was 35.7 hours ago — skipping notification until 2-day minimum has elapsed.
2026-07-08 18:59:38.683 -05:00 [INF] (Thread 50) UpdateBackgroundService: next cycle in "01:00:00".
2026-07-08 19:59:38.770 -05:00 [INF] (Thread 44) SelfUpdater: checking for updates. Current version: 0.26.230.591
2026-07-08 19:59:38.868 -05:00 [INF] (Thread 44) SelfUpdater: remote version = 0.26.230.591.
2026-07-08 19:59:38.868 -05:00 [INF] (Thread 44) SelfUpdater: already up to date.
2026-07-08 19:59:38.868 -05:00 [INF] (Thread 44) UpdateOrchestrator: === Update cycle starting ===
2026-07-08 19:59:38.868 -05:00 [INF] (Thread 44) WindowsUpdateWorker: starting update pass.
2026-07-08 19:59:38.868 -05:00 [INF] (Thread 44) WindowsUpdateWorker: verifying PSWindowsUpdate module.
2026-07-08 19:59:38.871 -05:00 [DBG] (Thread 44) WindowsUpdateWorker: running PS script: $ProgressPreference = 'SilentlyContinue'
            $ErrorActionPreference = 'Stop'
            try {
                if (-not (Get-PackageProvider -Name NuGet -ListAvailable -ErrorAction SilentlyContinue)) {
                    Install-PackageProvider -Name NuGet -MinimumVersion 2.8.5.201 -Force -Scope AllUsers | Out-Null
                }
                Set-PSRepository -Name PSGallery -InstallationPolicy Trusted -ErrorAction SilentlyContinue
                if (-not (Get-Module -ListAvailable -Name PSWindowsUpdate -ErrorAction SilentlyContinue)) {
                    Install-Module PSWindowsUpdate -Force -SkipPublisherCheck -Scope AllUsers | Out-Null
                }
                Import-Module PSWindowsUpdate -Force -ErrorAction Stop
                try {
                    Add-WUServiceManager -MicrosoftUpdate -Confirm:$false -ErrorAction SilentlyContinue | Out-Null
                } catch {}
                Write-Output 'OK'
            } catch {
                Write-Output ('ERROR: ' + $_.Exception.Message)
            }
2026-07-08 19:59:51.340 -05:00 [INF] (Thread 50) WindowsUpdateWorker: PSWindowsUpdate module OK.
2026-07-08 19:59:51.342 -05:00 [DBG] (Thread 50) WindowsUpdateWorker: running PS script: Import-Module PSWindowsUpdate -ErrorAction Stop
        $ProgressPreference = 'SilentlyContinue'

        # Force the Windows Update Agent to scan before installing.
        # Fixes 0x80248007 (WU_E_DS_NODATA) on fresh builds or machines
        # whose update data store has not been initialised yet.
        try {
            Start-Process -FilePath 'UsoClient.exe' `
                -ArgumentList 'StartScan' `
                -Wait -NoNewWindow -ErrorAction SilentlyContinue
            Start-Sleep -Seconds 30
        } catch {}

        # 2>&1 merges stderr into the pipeline mixing strings with update
        # objects -- we filter them out in the foreach loop below.
        $rawOutput = Install-WindowsUpdate `
            -MicrosoftUpdate `
            -AcceptAll `
            -IgnoreReboot `
            -Install `
            -ErrorAction Continue 2>&1

        # Use a hashtable keyed on Title to keep only the LAST result per update.
        # PSWindowsUpdate emits objects at multiple pipeline stages (search, download,
        # install); overwriting ensures we capture the final post-install ResultCode
        # rather than an early ResultCode=0 (NotStarted).
        $byKey = @{}

        foreach ($u in $rawOutput) {
            if ($null -eq $u -or $u -isnot [PSObject]) { continue }
            if (-not ($u.PSObject.Properties.Name -contains 'Title')) { continue }
            if ([string]::IsNullOrWhiteSpace($u.Title)) { continue }

            $resultCode = 0
            try { $resultCode = [int]$u.ResultCode } catch { $resultCode = 4 }
            $succeeded = ($resultCode -eq 2 -or $resultCode -eq 3)

            # ResultCode=0 means NotStarted — treat as Skipped, not Failed.
            $status = if ($succeeded) { 'Succeeded' } elseif ($resultCode -eq 0) { 'Skipped' } else { 'Failed' }

            $kb = ''
            try {
                if ($u.KBArticleIDs -and $u.KBArticleIDs.Count -gt 0) {
                    $kb = 'KB' + $u.KBArticleIDs[0]
                }
            } catch {}

            $needsReboot = $false
            try { $needsReboot = [bool]$u.RebootRequired } catch {}

            $byKey[$u.Title] = [PSCustomObject]@{
                Identifier     = $kb
                Title          = [string]$u.Title
                Status         = $status
                ErrorMessage   = if ($succeeded -or $resultCode -eq 0) { '' } else { 'ResultCode=' + $resultCode }
                RebootRequired = $needsReboot
                AttemptedAt    = (Get-Date -Format 'o')
            }
        }

        $results = @($byKey.Values)

        if ($results.Count -eq 0) {
            Write-Output '[]'
        } else {
            $results | ConvertTo-Json -Compress
        }
2026-07-08 20:00:36.630 -05:00 [INF] (Thread 41) WindowsUpdateWorker: no updates installed — system reboot is already pending.
2026-07-08 20:00:36.630 -05:00 [INF] (Thread 41) WindowsUpdateWorker: pass complete. Total=1 Succeeded=1 Failed=0 Skipped=0
2026-07-08 20:00:36.630 -05:00 [INF] (Thread 41) WingetWorker: skipping — last run was 2026-07-02T19:32:02.3859087Z (less than 7 days ago).
2026-07-08 20:00:36.630 -05:00 [INF] (Thread 41) UpdateOrchestrator: cycle complete. Total=1 Succeeded=1 Failed=0 RebootRequired=true
2026-07-08 20:00:36.631 -05:00 [INF] (Thread 41) UpdateOrchestrator: reboot required but last reboot was 36.7 hours ago — skipping notification until 2-day minimum has elapsed.
2026-07-08 20:00:36.631 -05:00 [INF] (Thread 41) UpdateBackgroundService: next cycle in "01:00:00".
2026-07-08 21:00:36.675 -05:00 [INF] (Thread 36) SelfUpdater: checking for updates. Current version: 0.26.230.591
2026-07-08 21:00:36.768 -05:00 [INF] (Thread 36) SelfUpdater: remote version = 0.26.230.591.
2026-07-08 21:00:36.768 -05:00 [INF] (Thread 36) SelfUpdater: already up to date.
2026-07-08 21:00:36.768 -05:00 [INF] (Thread 36) UpdateOrchestrator: === Update cycle starting ===
2026-07-08 21:00:36.768 -05:00 [INF] (Thread 36) WindowsUpdateWorker: starting update pass.
2026-07-08 21:00:36.768 -05:00 [INF] (Thread 36) WindowsUpdateWorker: verifying PSWindowsUpdate module.
2026-07-08 21:00:36.769 -05:00 [DBG] (Thread 36) WindowsUpdateWorker: running PS script: $ProgressPreference = 'SilentlyContinue'
            $ErrorActionPreference = 'Stop'
            try {
                if (-not (Get-PackageProvider -Name NuGet -ListAvailable -ErrorAction SilentlyContinue)) {
                    Install-PackageProvider -Name NuGet -MinimumVersion 2.8.5.201 -Force -Scope AllUsers | Out-Null
                }
                Set-PSRepository -Name PSGallery -InstallationPolicy Trusted -ErrorAction SilentlyContinue
                if (-not (Get-Module -ListAvailable -Name PSWindowsUpdate -ErrorAction SilentlyContinue)) {
                    Install-Module PSWindowsUpdate -Force -SkipPublisherCheck -Scope AllUsers | Out-Null
                }
                Import-Module PSWindowsUpdate -Force -ErrorAction Stop
                try {
                    Add-WUServiceManager -MicrosoftUpdate -Confirm:$false -ErrorAction SilentlyContinue | Out-Null
                } catch {}
                Write-Output 'OK'
            } catch {
                Write-Output ('ERROR: ' + $_.Exception.Message)
            }
2026-07-08 21:00:51.304 -05:00 [INF] (Thread 36) WindowsUpdateWorker: PSWindowsUpdate module OK.
2026-07-08 21:00:51.305 -05:00 [DBG] (Thread 36) WindowsUpdateWorker: running PS script: Import-Module PSWindowsUpdate -ErrorAction Stop
        $ProgressPreference = 'SilentlyContinue'

        # Force the Windows Update Agent to scan before installing.
        # Fixes 0x80248007 (WU_E_DS_NODATA) on fresh builds or machines
        # whose update data store has not been initialised yet.
        try {
            Start-Process -FilePath 'UsoClient.exe' `
                -ArgumentList 'StartScan' `
                -Wait -NoNewWindow -ErrorAction SilentlyContinue
            Start-Sleep -Seconds 30
        } catch {}

        # 2>&1 merges stderr into the pipeline mixing strings with update
        # objects -- we filter them out in the foreach loop below.
        $rawOutput = Install-WindowsUpdate `
            -MicrosoftUpdate `
            -AcceptAll `
            -IgnoreReboot `
            -Install `
            -ErrorAction Continue 2>&1

        # Use a hashtable keyed on Title to keep only the LAST result per update.
        # PSWindowsUpdate emits objects at multiple pipeline stages (search, download,
        # install); overwriting ensures we capture the final post-install ResultCode
        # rather than an early ResultCode=0 (NotStarted).
        $byKey = @{}

        foreach ($u in $rawOutput) {
            if ($null -eq $u -or $u -isnot [PSObject]) { continue }
            if (-not ($u.PSObject.Properties.Name -contains 'Title')) { continue }
            if ([string]::IsNullOrWhiteSpace($u.Title)) { continue }

            $resultCode = 0
            try { $resultCode = [int]$u.ResultCode } catch { $resultCode = 4 }
            $succeeded = ($resultCode -eq 2 -or $resultCode -eq 3)

            # ResultCode=0 means NotStarted — treat as Skipped, not Failed.
            $status = if ($succeeded) { 'Succeeded' } elseif ($resultCode -eq 0) { 'Skipped' } else { 'Failed' }

            $kb = ''
            try {
                if ($u.KBArticleIDs -and $u.KBArticleIDs.Count -gt 0) {
                    $kb = 'KB' + $u.KBArticleIDs[0]
                }
            } catch {}

            $needsReboot = $false
            try { $needsReboot = [bool]$u.RebootRequired } catch {}

            $byKey[$u.Title] = [PSCustomObject]@{
                Identifier     = $kb
                Title          = [string]$u.Title
                Status         = $status
                ErrorMessage   = if ($succeeded -or $resultCode -eq 0) { '' } else { 'ResultCode=' + $resultCode }
                RebootRequired = $needsReboot
                AttemptedAt    = (Get-Date -Format 'o')
            }
        }

        $results = @($byKey.Values)

        if ($results.Count -eq 0) {
            Write-Output '[]'
        } else {
            $results | ConvertTo-Json -Compress
        }
2026-07-08 21:01:35.977 -05:00 [INF] (Thread 38) WindowsUpdateWorker: no updates installed — system reboot is already pending.
2026-07-08 21:01:35.977 -05:00 [INF] (Thread 38) WindowsUpdateWorker: pass complete. Total=1 Succeeded=1 Failed=0 Skipped=0
2026-07-08 21:01:35.977 -05:00 [INF] (Thread 38) WingetWorker: skipping — last run was 2026-07-02T19:32:02.3859087Z (less than 7 days ago).
2026-07-08 21:01:35.977 -05:00 [INF] (Thread 38) UpdateOrchestrator: cycle complete. Total=1 Succeeded=1 Failed=0 RebootRequired=true
2026-07-08 21:01:35.977 -05:00 [INF] (Thread 38) UpdateOrchestrator: reboot required but last reboot was 37.7 hours ago — skipping notification until 2-day minimum has elapsed.
2026-07-08 21:01:35.977 -05:00 [INF] (Thread 38) UpdateBackgroundService: next cycle in "01:00:00".
2026-07-08 22:01:36.014 -05:00 [INF] (Thread 36) SelfUpdater: checking for updates. Current version: 0.26.230.591
2026-07-08 22:01:36.161 -05:00 [INF] (Thread 36) SelfUpdater: remote version = 0.26.230.591.
2026-07-08 22:01:36.161 -05:00 [INF] (Thread 36) SelfUpdater: already up to date.
2026-07-08 22:01:36.161 -05:00 [INF] (Thread 36) UpdateOrchestrator: === Update cycle starting ===
2026-07-08 22:01:36.161 -05:00 [INF] (Thread 36) WindowsUpdateWorker: starting update pass.
2026-07-08 22:01:36.161 -05:00 [INF] (Thread 36) WindowsUpdateWorker: verifying PSWindowsUpdate module.
2026-07-08 22:01:36.164 -05:00 [DBG] (Thread 36) WindowsUpdateWorker: running PS script: $ProgressPreference = 'SilentlyContinue'
            $ErrorActionPreference = 'Stop'
            try {
                if (-not (Get-PackageProvider -Name NuGet -ListAvailable -ErrorAction SilentlyContinue)) {
                    Install-PackageProvider -Name NuGet -MinimumVersion 2.8.5.201 -Force -Scope AllUsers | Out-Null
                }
                Set-PSRepository -Name PSGallery -InstallationPolicy Trusted -ErrorAction SilentlyContinue
                if (-not (Get-Module -ListAvailable -Name PSWindowsUpdate -ErrorAction SilentlyContinue)) {
                    Install-Module PSWindowsUpdate -Force -SkipPublisherCheck -Scope AllUsers | Out-Null
                }
                Import-Module PSWindowsUpdate -Force -ErrorAction Stop
                try {
                    Add-WUServiceManager -MicrosoftUpdate -Confirm:$false -ErrorAction SilentlyContinue | Out-Null
                } catch {}
                Write-Output 'OK'
            } catch {
                Write-Output ('ERROR: ' + $_.Exception.Message)
            }
2026-07-08 22:01:50.466 -05:00 [INF] (Thread 36) WindowsUpdateWorker: PSWindowsUpdate module OK.
2026-07-08 22:01:50.467 -05:00 [DBG] (Thread 36) WindowsUpdateWorker: running PS script: Import-Module PSWindowsUpdate -ErrorAction Stop
        $ProgressPreference = 'SilentlyContinue'

        # Force the Windows Update Agent to scan before installing.
        # Fixes 0x80248007 (WU_E_DS_NODATA) on fresh builds or machines
        # whose update data store has not been initialised yet.
        try {
            Start-Process -FilePath 'UsoClient.exe' `
                -ArgumentList 'StartScan' `
                -Wait -NoNewWindow -ErrorAction SilentlyContinue
            Start-Sleep -Seconds 30
        } catch {}

        # 2>&1 merges stderr into the pipeline mixing strings with update
        # objects -- we filter them out in the foreach loop below.
        $rawOutput = Install-WindowsUpdate `
            -MicrosoftUpdate `
            -AcceptAll `
            -IgnoreReboot `
            -Install `
            -ErrorAction Continue 2>&1

        # Use a hashtable keyed on Title to keep only the LAST result per update.
        # PSWindowsUpdate emits objects at multiple pipeline stages (search, download,
        # install); overwriting ensures we capture the final post-install ResultCode
        # rather than an early ResultCode=0 (NotStarted).
        $byKey = @{}

        foreach ($u in $rawOutput) {
            if ($null -eq $u -or $u -isnot [PSObject]) { continue }
            if (-not ($u.PSObject.Properties.Name -contains 'Title')) { continue }
            if ([string]::IsNullOrWhiteSpace($u.Title)) { continue }

            $resultCode = 0
            try { $resultCode = [int]$u.ResultCode } catch { $resultCode = 4 }
            $succeeded = ($resultCode -eq 2 -or $resultCode -eq 3)

            # ResultCode=0 means NotStarted — treat as Skipped, not Failed.
            $status = if ($succeeded) { 'Succeeded' } elseif ($resultCode -eq 0) { 'Skipped' } else { 'Failed' }

            $kb = ''
            try {
                if ($u.KBArticleIDs -and $u.KBArticleIDs.Count -gt 0) {
                    $kb = 'KB' + $u.KBArticleIDs[0]
                }
            } catch {}

            $needsReboot = $false
            try { $needsReboot = [bool]$u.RebootRequired } catch {}

            $byKey[$u.Title] = [PSCustomObject]@{
                Identifier     = $kb
                Title          = [string]$u.Title
                Status         = $status
                ErrorMessage   = if ($succeeded -or $resultCode -eq 0) { '' } else { 'ResultCode=' + $resultCode }
                RebootRequired = $needsReboot
                AttemptedAt    = (Get-Date -Format 'o')
            }
        }

        $results = @($byKey.Values)

        if ($results.Count -eq 0) {
            Write-Output '[]'
        } else {
            $results | ConvertTo-Json -Compress
        }
2026-07-08 22:02:35.018 -05:00 [INF] (Thread 33) WindowsUpdateWorker: no updates installed — system reboot is already pending.
2026-07-08 22:02:35.018 -05:00 [INF] (Thread 33) WindowsUpdateWorker: pass complete. Total=1 Succeeded=1 Failed=0 Skipped=0
2026-07-08 22:02:35.018 -05:00 [INF] (Thread 33) WingetWorker: skipping — last run was 2026-07-02T19:32:02.3859087Z (less than 7 days ago).
2026-07-08 22:02:35.018 -05:00 [INF] (Thread 33) UpdateOrchestrator: cycle complete. Total=1 Succeeded=1 Failed=0 RebootRequired=true
2026-07-08 22:02:35.018 -05:00 [INF] (Thread 33) UpdateOrchestrator: reboot required but last reboot was 38.7 hours ago — skipping notification until 2-day minimum has elapsed.
2026-07-08 22:02:35.018 -05:00 [INF] (Thread 33) UpdateBackgroundService: next cycle in "01:00:00".
2026-07-08 23:02:35.098 -05:00 [INF] (Thread 33) SelfUpdater: checking for updates. Current version: 0.26.230.591
2026-07-08 23:02:35.202 -05:00 [INF] (Thread 33) SelfUpdater: remote version = 0.26.230.591.
2026-07-08 23:02:35.202 -05:00 [INF] (Thread 33) SelfUpdater: already up to date.
2026-07-08 23:02:35.202 -05:00 [INF] (Thread 33) UpdateOrchestrator: === Update cycle starting ===
2026-07-08 23:02:35.202 -05:00 [INF] (Thread 33) WindowsUpdateWorker: starting update pass.
2026-07-08 23:02:35.202 -05:00 [INF] (Thread 33) WindowsUpdateWorker: verifying PSWindowsUpdate module.
2026-07-08 23:02:35.204 -05:00 [DBG] (Thread 33) WindowsUpdateWorker: running PS script: $ProgressPreference = 'SilentlyContinue'
            $ErrorActionPreference = 'Stop'
            try {
                if (-not (Get-PackageProvider -Name NuGet -ListAvailable -ErrorAction SilentlyContinue)) {
                    Install-PackageProvider -Name NuGet -MinimumVersion 2.8.5.201 -Force -Scope AllUsers | Out-Null
                }
                Set-PSRepository -Name PSGallery -InstallationPolicy Trusted -ErrorAction SilentlyContinue
                if (-not (Get-Module -ListAvailable -Name PSWindowsUpdate -ErrorAction SilentlyContinue)) {
                    Install-Module PSWindowsUpdate -Force -SkipPublisherCheck -Scope AllUsers | Out-Null
                }
                Import-Module PSWindowsUpdate -Force -ErrorAction Stop
                try {
                    Add-WUServiceManager -MicrosoftUpdate -Confirm:$false -ErrorAction SilentlyContinue | Out-Null
                } catch {}
                Write-Output 'OK'
            } catch {
                Write-Output ('ERROR: ' + $_.Exception.Message)
            }
2026-07-08 23:02:49.690 -05:00 [INF] (Thread 27) WindowsUpdateWorker: PSWindowsUpdate module OK.
2026-07-08 23:02:49.691 -05:00 [DBG] (Thread 33) WindowsUpdateWorker: running PS script: Import-Module PSWindowsUpdate -ErrorAction Stop
        $ProgressPreference = 'SilentlyContinue'

        # Force the Windows Update Agent to scan before installing.
        # Fixes 0x80248007 (WU_E_DS_NODATA) on fresh builds or machines
        # whose update data store has not been initialised yet.
        try {
            Start-Process -FilePath 'UsoClient.exe' `
                -ArgumentList 'StartScan' `
                -Wait -NoNewWindow -ErrorAction SilentlyContinue
            Start-Sleep -Seconds 30
        } catch {}

        # 2>&1 merges stderr into the pipeline mixing strings with update
        # objects -- we filter them out in the foreach loop below.
        $rawOutput = Install-WindowsUpdate `
            -MicrosoftUpdate `
            -AcceptAll `
            -IgnoreReboot `
            -Install `
            -ErrorAction Continue 2>&1

        # Use a hashtable keyed on Title to keep only the LAST result per update.
        # PSWindowsUpdate emits objects at multiple pipeline stages (search, download,
        # install); overwriting ensures we capture the final post-install ResultCode
        # rather than an early ResultCode=0 (NotStarted).
        $byKey = @{}

        foreach ($u in $rawOutput) {
            if ($null -eq $u -or $u -isnot [PSObject]) { continue }
            if (-not ($u.PSObject.Properties.Name -contains 'Title')) { continue }
            if ([string]::IsNullOrWhiteSpace($u.Title)) { continue }

            $resultCode = 0
            try { $resultCode = [int]$u.ResultCode } catch { $resultCode = 4 }
            $succeeded = ($resultCode -eq 2 -or $resultCode -eq 3)

            # ResultCode=0 means NotStarted — treat as Skipped, not Failed.
            $status = if ($succeeded) { 'Succeeded' } elseif ($resultCode -eq 0) { 'Skipped' } else { 'Failed' }

            $kb = ''
            try {
                if ($u.KBArticleIDs -and $u.KBArticleIDs.Count -gt 0) {
                    $kb = 'KB' + $u.KBArticleIDs[0]
                }
            } catch {}

            $needsReboot = $false
            try { $needsReboot = [bool]$u.RebootRequired } catch {}

            $byKey[$u.Title] = [PSCustomObject]@{
                Identifier     = $kb
                Title          = [string]$u.Title
                Status         = $status
                ErrorMessage   = if ($succeeded -or $resultCode -eq 0) { '' } else { 'ResultCode=' + $resultCode }
                RebootRequired = $needsReboot
                AttemptedAt    = (Get-Date -Format 'o')
            }
        }

        $results = @($byKey.Values)

        if ($results.Count -eq 0) {
            Write-Output '[]'
        } else {
            $results | ConvertTo-Json -Compress
        }
2026-07-08 23:03:40.518 -05:00 [INF] (Thread 29) WindowsUpdateWorker: no updates installed — system reboot is already pending.
2026-07-08 23:03:40.518 -05:00 [INF] (Thread 29) WindowsUpdateWorker: pass complete. Total=1 Succeeded=1 Failed=0 Skipped=0
2026-07-08 23:03:40.518 -05:00 [INF] (Thread 29) WingetWorker: skipping — last run was 2026-07-02T19:32:02.3859087Z (less than 7 days ago).
2026-07-08 23:03:40.519 -05:00 [INF] (Thread 29) UpdateOrchestrator: cycle complete. Total=1 Succeeded=1 Failed=0 RebootRequired=true
2026-07-08 23:03:40.519 -05:00 [INF] (Thread 29) UpdateOrchestrator: reboot required but last reboot was 39.8 hours ago — skipping notification until 2-day minimum has elapsed.
2026-07-08 23:03:40.519 -05:00 [INF] (Thread 29) UpdateBackgroundService: next cycle in "01:00:00".
