2026-06-17 00:10:46.850 -05:00 [INF] (Thread 14) SelfUpdater: checking for updates. Current version: 0.26.230.591
2026-06-17 00:10:47.016 -05:00 [INF] (Thread 14) SelfUpdater: remote version = 0.26.230.591.
2026-06-17 00:10:47.016 -05:00 [INF] (Thread 14) SelfUpdater: already up to date.
2026-06-17 00:10:47.016 -05:00 [INF] (Thread 14) UpdateOrchestrator: === Update cycle starting ===
2026-06-17 00:10:47.016 -05:00 [INF] (Thread 14) WindowsUpdateWorker: starting update pass.
2026-06-17 00:10:47.017 -05:00 [INF] (Thread 14) WindowsUpdateWorker: verifying PSWindowsUpdate module.
2026-06-17 00:10:47.018 -05:00 [DBG] (Thread 14) WindowsUpdateWorker: running PS script: $ProgressPreference = 'SilentlyContinue'
            $ErrorActionPreference = 'Stop'
            try {
                if (-not (Get-PackageProvider -Name NuGet -ListAvailable -ErrorAction SilentlyContinue)) {
                    Install-PackageProvider -Name NuGet -MinimumVersion 2.8.5.201 -Force -Scope AllUsers | Out-Null
                }
                Set-PSRepository -Name PSGallery -InstallationPolicy Trusted -ErrorAction SilentlyContinue
                if (-not (Get-Module -ListAvailable -Name PSWindowsUpdate -ErrorAction SilentlyContinue)) {
                    Install-Module PSWindowsUpdate -Force -SkipPublisherCheck -Scope AllUsers | Out-Null
                }
                Import-Module PSWindowsUpdate -Force -ErrorAction Stop
                try {
                    Add-WUServiceManager -MicrosoftUpdate -Confirm:$false -ErrorAction SilentlyContinue | Out-Null
                } catch {}
                Write-Output 'OK'
            } catch {
                Write-Output ('ERROR: ' + $_.Exception.Message)
            }
2026-06-17 00:11:00.595 -05:00 [INF] (Thread 14) WindowsUpdateWorker: PSWindowsUpdate module OK.
2026-06-17 00:11:00.596 -05:00 [DBG] (Thread 14) WindowsUpdateWorker: running PS script: Import-Module PSWindowsUpdate -ErrorAction Stop
        $ProgressPreference = 'SilentlyContinue'

        # Force the Windows Update Agent to scan before installing.
        # Fixes 0x80248007 (WU_E_DS_NODATA) on fresh builds or machines
        # whose update data store has not been initialised yet.
        try {
            Start-Process -FilePath 'UsoClient.exe' `
                -ArgumentList 'StartScan' `
                -Wait -NoNewWindow -ErrorAction SilentlyContinue
            Start-Sleep -Seconds 30
        } catch {}

        # 2>&1 merges stderr into the pipeline mixing strings with update
        # objects -- we filter them out in the foreach loop below.
        $rawOutput = Install-WindowsUpdate `
            -MicrosoftUpdate `
            -AcceptAll `
            -IgnoreReboot `
            -Install `
            -ErrorAction Continue 2>&1

        # Use a hashtable keyed on Title to keep only the LAST result per update.
        # PSWindowsUpdate emits objects at multiple pipeline stages (search, download,
        # install); overwriting ensures we capture the final post-install ResultCode
        # rather than an early ResultCode=0 (NotStarted).
        $byKey = @{}

        foreach ($u in $rawOutput) {
            if ($null -eq $u -or $u -isnot [PSObject]) { continue }
            if (-not ($u.PSObject.Properties.Name -contains 'Title')) { continue }
            if ([string]::IsNullOrWhiteSpace($u.Title)) { continue }

            $resultCode = 0
            try { $resultCode = [int]$u.ResultCode } catch { $resultCode = 4 }
            $succeeded = ($resultCode -eq 2 -or $resultCode -eq 3)

            # ResultCode=0 means NotStarted — treat as Skipped, not Failed.
            $status = if ($succeeded) { 'Succeeded' } elseif ($resultCode -eq 0) { 'Skipped' } else { 'Failed' }

            $kb = ''
            try {
                if ($u.KBArticleIDs -and $u.KBArticleIDs.Count -gt 0) {
                    $kb = 'KB' + $u.KBArticleIDs[0]
                }
            } catch {}

            $needsReboot = $false
            try { $needsReboot = [bool]$u.RebootRequired } catch {}

            $byKey[$u.Title] = [PSCustomObject]@{
                Identifier     = $kb
                Title          = [string]$u.Title
                Status         = $status
                ErrorMessage   = if ($succeeded -or $resultCode -eq 0) { '' } else { 'ResultCode=' + $resultCode }
                RebootRequired = $needsReboot
                AttemptedAt    = (Get-Date -Format 'o')
            }
        }

        $results = @($byKey.Values)

        if ($results.Count -eq 0) {
            Write-Output '[]'
        } else {
            $results | ConvertTo-Json -Compress
        }
2026-06-17 00:11:41.630 -05:00 [INF] (Thread 14) WindowsUpdateWorker: pass complete. Total=0 Succeeded=0 Failed=0 Skipped=0
2026-06-17 00:11:41.630 -05:00 [INF] (Thread 14) WingetWorker: skipping — last run was 2026-06-11T17:42:33.7339150Z (less than 7 days ago).
2026-06-17 00:11:41.630 -05:00 [INF] (Thread 14) UpdateOrchestrator: cycle complete. Total=0 Succeeded=0 Failed=0 RebootRequired=false
2026-06-17 00:11:41.630 -05:00 [INF] (Thread 14) UpdateOrchestrator: no reboot required — cycle complete.
2026-06-17 00:11:41.630 -05:00 [INF] (Thread 14) UpdateBackgroundService: next cycle in "01:00:00".
2026-06-17 01:11:41.706 -05:00 [INF] (Thread 14) SelfUpdater: checking for updates. Current version: 0.26.230.591
2026-06-17 01:11:41.820 -05:00 [INF] (Thread 15) SelfUpdater: remote version = 0.26.230.591.
2026-06-17 01:11:41.820 -05:00 [INF] (Thread 15) SelfUpdater: already up to date.
2026-06-17 01:11:41.821 -05:00 [INF] (Thread 15) UpdateOrchestrator: === Update cycle starting ===
2026-06-17 01:11:41.821 -05:00 [INF] (Thread 15) WindowsUpdateWorker: starting update pass.
2026-06-17 01:11:41.821 -05:00 [INF] (Thread 15) WindowsUpdateWorker: verifying PSWindowsUpdate module.
2026-06-17 01:11:41.825 -05:00 [DBG] (Thread 15) WindowsUpdateWorker: running PS script: $ProgressPreference = 'SilentlyContinue'
            $ErrorActionPreference = 'Stop'
            try {
                if (-not (Get-PackageProvider -Name NuGet -ListAvailable -ErrorAction SilentlyContinue)) {
                    Install-PackageProvider -Name NuGet -MinimumVersion 2.8.5.201 -Force -Scope AllUsers | Out-Null
                }
                Set-PSRepository -Name PSGallery -InstallationPolicy Trusted -ErrorAction SilentlyContinue
                if (-not (Get-Module -ListAvailable -Name PSWindowsUpdate -ErrorAction SilentlyContinue)) {
                    Install-Module PSWindowsUpdate -Force -SkipPublisherCheck -Scope AllUsers | Out-Null
                }
                Import-Module PSWindowsUpdate -Force -ErrorAction Stop
                try {
                    Add-WUServiceManager -MicrosoftUpdate -Confirm:$false -ErrorAction SilentlyContinue | Out-Null
                } catch {}
                Write-Output 'OK'
            } catch {
                Write-Output ('ERROR: ' + $_.Exception.Message)
            }
2026-06-17 01:11:53.201 -05:00 [INF] (Thread 14) WindowsUpdateWorker: PSWindowsUpdate module OK.
2026-06-17 01:11:53.203 -05:00 [DBG] (Thread 14) WindowsUpdateWorker: running PS script: Import-Module PSWindowsUpdate -ErrorAction Stop
        $ProgressPreference = 'SilentlyContinue'

        # Force the Windows Update Agent to scan before installing.
        # Fixes 0x80248007 (WU_E_DS_NODATA) on fresh builds or machines
        # whose update data store has not been initialised yet.
        try {
            Start-Process -FilePath 'UsoClient.exe' `
                -ArgumentList 'StartScan' `
                -Wait -NoNewWindow -ErrorAction SilentlyContinue
            Start-Sleep -Seconds 30
        } catch {}

        # 2>&1 merges stderr into the pipeline mixing strings with update
        # objects -- we filter them out in the foreach loop below.
        $rawOutput = Install-WindowsUpdate `
            -MicrosoftUpdate `
            -AcceptAll `
            -IgnoreReboot `
            -Install `
            -ErrorAction Continue 2>&1

        # Use a hashtable keyed on Title to keep only the LAST result per update.
        # PSWindowsUpdate emits objects at multiple pipeline stages (search, download,
        # install); overwriting ensures we capture the final post-install ResultCode
        # rather than an early ResultCode=0 (NotStarted).
        $byKey = @{}

        foreach ($u in $rawOutput) {
            if ($null -eq $u -or $u -isnot [PSObject]) { continue }
            if (-not ($u.PSObject.Properties.Name -contains 'Title')) { continue }
            if ([string]::IsNullOrWhiteSpace($u.Title)) { continue }

            $resultCode = 0
            try { $resultCode = [int]$u.ResultCode } catch { $resultCode = 4 }
            $succeeded = ($resultCode -eq 2 -or $resultCode -eq 3)

            # ResultCode=0 means NotStarted — treat as Skipped, not Failed.
            $status = if ($succeeded) { 'Succeeded' } elseif ($resultCode -eq 0) { 'Skipped' } else { 'Failed' }

            $kb = ''
            try {
                if ($u.KBArticleIDs -and $u.KBArticleIDs.Count -gt 0) {
                    $kb = 'KB' + $u.KBArticleIDs[0]
                }
            } catch {}

            $needsReboot = $false
            try { $needsReboot = [bool]$u.RebootRequired } catch {}

            $byKey[$u.Title] = [PSCustomObject]@{
                Identifier     = $kb
                Title          = [string]$u.Title
                Status         = $status
                ErrorMessage   = if ($succeeded -or $resultCode -eq 0) { '' } else { 'ResultCode=' + $resultCode }
                RebootRequired = $needsReboot
                AttemptedAt    = (Get-Date -Format 'o')
            }
        }

        $results = @($byKey.Values)

        if ($results.Count -eq 0) {
            Write-Output '[]'
        } else {
            $results | ConvertTo-Json -Compress
        }
2026-06-17 01:12:42.682 -05:00 [INF] (Thread 15) WindowsUpdateWorker: pass complete. Total=0 Succeeded=0 Failed=0 Skipped=0
2026-06-17 01:12:42.683 -05:00 [INF] (Thread 15) WingetWorker: skipping — last run was 2026-06-11T17:42:33.7339150Z (less than 7 days ago).
2026-06-17 01:12:42.683 -05:00 [INF] (Thread 15) UpdateOrchestrator: cycle complete. Total=0 Succeeded=0 Failed=0 RebootRequired=false
2026-06-17 01:12:42.683 -05:00 [INF] (Thread 15) UpdateOrchestrator: no reboot required — cycle complete.
2026-06-17 01:12:42.683 -05:00 [INF] (Thread 15) UpdateBackgroundService: next cycle in "01:00:00".
2026-06-17 02:12:42.742 -05:00 [INF] (Thread 15) SelfUpdater: checking for updates. Current version: 0.26.230.591
2026-06-17 02:12:42.961 -05:00 [INF] (Thread 21) SelfUpdater: remote version = 0.26.230.591.
2026-06-17 02:12:42.961 -05:00 [INF] (Thread 21) SelfUpdater: already up to date.
2026-06-17 02:12:42.961 -05:00 [INF] (Thread 21) UpdateOrchestrator: === Update cycle starting ===
2026-06-17 02:12:42.962 -05:00 [INF] (Thread 21) WindowsUpdateWorker: starting update pass.
2026-06-17 02:12:42.962 -05:00 [INF] (Thread 21) WindowsUpdateWorker: verifying PSWindowsUpdate module.
2026-06-17 02:12:42.966 -05:00 [DBG] (Thread 21) WindowsUpdateWorker: running PS script: $ProgressPreference = 'SilentlyContinue'
            $ErrorActionPreference = 'Stop'
            try {
                if (-not (Get-PackageProvider -Name NuGet -ListAvailable -ErrorAction SilentlyContinue)) {
                    Install-PackageProvider -Name NuGet -MinimumVersion 2.8.5.201 -Force -Scope AllUsers | Out-Null
                }
                Set-PSRepository -Name PSGallery -InstallationPolicy Trusted -ErrorAction SilentlyContinue
                if (-not (Get-Module -ListAvailable -Name PSWindowsUpdate -ErrorAction SilentlyContinue)) {
                    Install-Module PSWindowsUpdate -Force -SkipPublisherCheck -Scope AllUsers | Out-Null
                }
                Import-Module PSWindowsUpdate -Force -ErrorAction Stop
                try {
                    Add-WUServiceManager -MicrosoftUpdate -Confirm:$false -ErrorAction SilentlyContinue | Out-Null
                } catch {}
                Write-Output 'OK'
            } catch {
                Write-Output ('ERROR: ' + $_.Exception.Message)
            }
2026-06-17 02:12:54.707 -05:00 [INF] (Thread 21) WindowsUpdateWorker: PSWindowsUpdate module OK.
2026-06-17 02:12:54.709 -05:00 [DBG] (Thread 21) WindowsUpdateWorker: running PS script: Import-Module PSWindowsUpdate -ErrorAction Stop
        $ProgressPreference = 'SilentlyContinue'

        # Force the Windows Update Agent to scan before installing.
        # Fixes 0x80248007 (WU_E_DS_NODATA) on fresh builds or machines
        # whose update data store has not been initialised yet.
        try {
            Start-Process -FilePath 'UsoClient.exe' `
                -ArgumentList 'StartScan' `
                -Wait -NoNewWindow -ErrorAction SilentlyContinue
            Start-Sleep -Seconds 30
        } catch {}

        # 2>&1 merges stderr into the pipeline mixing strings with update
        # objects -- we filter them out in the foreach loop below.
        $rawOutput = Install-WindowsUpdate `
            -MicrosoftUpdate `
            -AcceptAll `
            -IgnoreReboot `
            -Install `
            -ErrorAction Continue 2>&1

        # Use a hashtable keyed on Title to keep only the LAST result per update.
        # PSWindowsUpdate emits objects at multiple pipeline stages (search, download,
        # install); overwriting ensures we capture the final post-install ResultCode
        # rather than an early ResultCode=0 (NotStarted).
        $byKey = @{}

        foreach ($u in $rawOutput) {
            if ($null -eq $u -or $u -isnot [PSObject]) { continue }
            if (-not ($u.PSObject.Properties.Name -contains 'Title')) { continue }
            if ([string]::IsNullOrWhiteSpace($u.Title)) { continue }

            $resultCode = 0
            try { $resultCode = [int]$u.ResultCode } catch { $resultCode = 4 }
            $succeeded = ($resultCode -eq 2 -or $resultCode -eq 3)

            # ResultCode=0 means NotStarted — treat as Skipped, not Failed.
            $status = if ($succeeded) { 'Succeeded' } elseif ($resultCode -eq 0) { 'Skipped' } else { 'Failed' }

            $kb = ''
            try {
                if ($u.KBArticleIDs -and $u.KBArticleIDs.Count -gt 0) {
                    $kb = 'KB' + $u.KBArticleIDs[0]
                }
            } catch {}

            $needsReboot = $false
            try { $needsReboot = [bool]$u.RebootRequired } catch {}

            $byKey[$u.Title] = [PSCustomObject]@{
                Identifier     = $kb
                Title          = [string]$u.Title
                Status         = $status
                ErrorMessage   = if ($succeeded -or $resultCode -eq 0) { '' } else { 'ResultCode=' + $resultCode }
                RebootRequired = $needsReboot
                AttemptedAt    = (Get-Date -Format 'o')
            }
        }

        $results = @($byKey.Values)

        if ($results.Count -eq 0) {
            Write-Output '[]'
        } else {
            $results | ConvertTo-Json -Compress
        }
2026-06-17 02:13:52.979 -05:00 [INF] (Thread 17) WindowsUpdateWorker: pass complete. Total=0 Succeeded=0 Failed=0 Skipped=0
2026-06-17 02:13:52.979 -05:00 [INF] (Thread 17) WingetWorker: skipping — last run was 2026-06-11T17:42:33.7339150Z (less than 7 days ago).
2026-06-17 02:13:52.979 -05:00 [INF] (Thread 17) UpdateOrchestrator: cycle complete. Total=0 Succeeded=0 Failed=0 RebootRequired=false
2026-06-17 02:13:52.979 -05:00 [INF] (Thread 17) UpdateOrchestrator: no reboot required — cycle complete.
2026-06-17 02:13:52.980 -05:00 [INF] (Thread 17) UpdateBackgroundService: next cycle in "01:00:00".
2026-06-17 03:13:53.036 -05:00 [INF] (Thread 17) SelfUpdater: checking for updates. Current version: 0.26.230.591
2026-06-17 03:13:53.262 -05:00 [INF] (Thread 24) SelfUpdater: remote version = 0.26.230.591.
2026-06-17 03:13:53.263 -05:00 [INF] (Thread 24) SelfUpdater: already up to date.
2026-06-17 03:13:53.263 -05:00 [INF] (Thread 24) UpdateOrchestrator: === Update cycle starting ===
2026-06-17 03:13:53.263 -05:00 [INF] (Thread 24) WindowsUpdateWorker: starting update pass.
2026-06-17 03:13:53.263 -05:00 [INF] (Thread 24) WindowsUpdateWorker: verifying PSWindowsUpdate module.
2026-06-17 03:13:53.266 -05:00 [DBG] (Thread 26) WindowsUpdateWorker: running PS script: $ProgressPreference = 'SilentlyContinue'
            $ErrorActionPreference = 'Stop'
            try {
                if (-not (Get-PackageProvider -Name NuGet -ListAvailable -ErrorAction SilentlyContinue)) {
                    Install-PackageProvider -Name NuGet -MinimumVersion 2.8.5.201 -Force -Scope AllUsers | Out-Null
                }
                Set-PSRepository -Name PSGallery -InstallationPolicy Trusted -ErrorAction SilentlyContinue
                if (-not (Get-Module -ListAvailable -Name PSWindowsUpdate -ErrorAction SilentlyContinue)) {
                    Install-Module PSWindowsUpdate -Force -SkipPublisherCheck -Scope AllUsers | Out-Null
                }
                Import-Module PSWindowsUpdate -Force -ErrorAction Stop
                try {
                    Add-WUServiceManager -MicrosoftUpdate -Confirm:$false -ErrorAction SilentlyContinue | Out-Null
                } catch {}
                Write-Output 'OK'
            } catch {
                Write-Output ('ERROR: ' + $_.Exception.Message)
            }
2026-06-17 03:14:04.485 -05:00 [INF] (Thread 24) WindowsUpdateWorker: PSWindowsUpdate module OK.
2026-06-17 03:14:04.487 -05:00 [DBG] (Thread 26) WindowsUpdateWorker: running PS script: Import-Module PSWindowsUpdate -ErrorAction Stop
        $ProgressPreference = 'SilentlyContinue'

        # Force the Windows Update Agent to scan before installing.
        # Fixes 0x80248007 (WU_E_DS_NODATA) on fresh builds or machines
        # whose update data store has not been initialised yet.
        try {
            Start-Process -FilePath 'UsoClient.exe' `
                -ArgumentList 'StartScan' `
                -Wait -NoNewWindow -ErrorAction SilentlyContinue
            Start-Sleep -Seconds 30
        } catch {}

        # 2>&1 merges stderr into the pipeline mixing strings with update
        # objects -- we filter them out in the foreach loop below.
        $rawOutput = Install-WindowsUpdate `
            -MicrosoftUpdate `
            -AcceptAll `
            -IgnoreReboot `
            -Install `
            -ErrorAction Continue 2>&1

        # Use a hashtable keyed on Title to keep only the LAST result per update.
        # PSWindowsUpdate emits objects at multiple pipeline stages (search, download,
        # install); overwriting ensures we capture the final post-install ResultCode
        # rather than an early ResultCode=0 (NotStarted).
        $byKey = @{}

        foreach ($u in $rawOutput) {
            if ($null -eq $u -or $u -isnot [PSObject]) { continue }
            if (-not ($u.PSObject.Properties.Name -contains 'Title')) { continue }
            if ([string]::IsNullOrWhiteSpace($u.Title)) { continue }

            $resultCode = 0
            try { $resultCode = [int]$u.ResultCode } catch { $resultCode = 4 }
            $succeeded = ($resultCode -eq 2 -or $resultCode -eq 3)

            # ResultCode=0 means NotStarted — treat as Skipped, not Failed.
            $status = if ($succeeded) { 'Succeeded' } elseif ($resultCode -eq 0) { 'Skipped' } else { 'Failed' }

            $kb = ''
            try {
                if ($u.KBArticleIDs -and $u.KBArticleIDs.Count -gt 0) {
                    $kb = 'KB' + $u.KBArticleIDs[0]
                }
            } catch {}

            $needsReboot = $false
            try { $needsReboot = [bool]$u.RebootRequired } catch {}

            $byKey[$u.Title] = [PSCustomObject]@{
                Identifier     = $kb
                Title          = [string]$u.Title
                Status         = $status
                ErrorMessage   = if ($succeeded -or $resultCode -eq 0) { '' } else { 'ResultCode=' + $resultCode }
                RebootRequired = $needsReboot
                AttemptedAt    = (Get-Date -Format 'o')
            }
        }

        $results = @($byKey.Values)

        if ($results.Count -eq 0) {
            Write-Output '[]'
        } else {
            $results | ConvertTo-Json -Compress
        }
2026-06-17 03:15:07.019 -05:00 [INF] (Thread 26) WindowsUpdateWorker: pass complete. Total=0 Succeeded=0 Failed=0 Skipped=0
2026-06-17 03:15:07.020 -05:00 [INF] (Thread 26) WingetWorker: skipping — last run was 2026-06-11T17:42:33.7339150Z (less than 7 days ago).
2026-06-17 03:15:07.020 -05:00 [INF] (Thread 26) UpdateOrchestrator: cycle complete. Total=0 Succeeded=0 Failed=0 RebootRequired=false
2026-06-17 03:15:07.020 -05:00 [INF] (Thread 26) UpdateOrchestrator: no reboot required — cycle complete.
2026-06-17 03:15:07.020 -05:00 [INF] (Thread 26) UpdateBackgroundService: next cycle in "01:00:00".
2026-06-17 04:15:07.082 -05:00 [INF] (Thread 30) SelfUpdater: checking for updates. Current version: 0.26.230.591
2026-06-17 04:15:07.266 -05:00 [INF] (Thread 30) SelfUpdater: remote version = 0.26.230.591.
2026-06-17 04:15:07.267 -05:00 [INF] (Thread 30) SelfUpdater: already up to date.
2026-06-17 04:15:07.267 -05:00 [INF] (Thread 30) UpdateOrchestrator: === Update cycle starting ===
2026-06-17 04:15:07.267 -05:00 [INF] (Thread 30) WindowsUpdateWorker: starting update pass.
2026-06-17 04:15:07.267 -05:00 [INF] (Thread 30) WindowsUpdateWorker: verifying PSWindowsUpdate module.
2026-06-17 04:15:07.270 -05:00 [DBG] (Thread 30) WindowsUpdateWorker: running PS script: $ProgressPreference = 'SilentlyContinue'
            $ErrorActionPreference = 'Stop'
            try {
                if (-not (Get-PackageProvider -Name NuGet -ListAvailable -ErrorAction SilentlyContinue)) {
                    Install-PackageProvider -Name NuGet -MinimumVersion 2.8.5.201 -Force -Scope AllUsers | Out-Null
                }
                Set-PSRepository -Name PSGallery -InstallationPolicy Trusted -ErrorAction SilentlyContinue
                if (-not (Get-Module -ListAvailable -Name PSWindowsUpdate -ErrorAction SilentlyContinue)) {
                    Install-Module PSWindowsUpdate -Force -SkipPublisherCheck -Scope AllUsers | Out-Null
                }
                Import-Module PSWindowsUpdate -Force -ErrorAction Stop
                try {
                    Add-WUServiceManager -MicrosoftUpdate -Confirm:$false -ErrorAction SilentlyContinue | Out-Null
                } catch {}
                Write-Output 'OK'
            } catch {
                Write-Output ('ERROR: ' + $_.Exception.Message)
            }
2026-06-17 04:15:18.495 -05:00 [INF] (Thread 29) WindowsUpdateWorker: PSWindowsUpdate module OK.
2026-06-17 04:15:18.496 -05:00 [DBG] (Thread 29) WindowsUpdateWorker: running PS script: Import-Module PSWindowsUpdate -ErrorAction Stop
        $ProgressPreference = 'SilentlyContinue'

        # Force the Windows Update Agent to scan before installing.
        # Fixes 0x80248007 (WU_E_DS_NODATA) on fresh builds or machines
        # whose update data store has not been initialised yet.
        try {
            Start-Process -FilePath 'UsoClient.exe' `
                -ArgumentList 'StartScan' `
                -Wait -NoNewWindow -ErrorAction SilentlyContinue
            Start-Sleep -Seconds 30
        } catch {}

        # 2>&1 merges stderr into the pipeline mixing strings with update
        # objects -- we filter them out in the foreach loop below.
        $rawOutput = Install-WindowsUpdate `
            -MicrosoftUpdate `
            -AcceptAll `
            -IgnoreReboot `
            -Install `
            -ErrorAction Continue 2>&1

        # Use a hashtable keyed on Title to keep only the LAST result per update.
        # PSWindowsUpdate emits objects at multiple pipeline stages (search, download,
        # install); overwriting ensures we capture the final post-install ResultCode
        # rather than an early ResultCode=0 (NotStarted).
        $byKey = @{}

        foreach ($u in $rawOutput) {
            if ($null -eq $u -or $u -isnot [PSObject]) { continue }
            if (-not ($u.PSObject.Properties.Name -contains 'Title')) { continue }
            if ([string]::IsNullOrWhiteSpace($u.Title)) { continue }

            $resultCode = 0
            try { $resultCode = [int]$u.ResultCode } catch { $resultCode = 4 }
            $succeeded = ($resultCode -eq 2 -or $resultCode -eq 3)

            # ResultCode=0 means NotStarted — treat as Skipped, not Failed.
            $status = if ($succeeded) { 'Succeeded' } elseif ($resultCode -eq 0) { 'Skipped' } else { 'Failed' }

            $kb = ''
            try {
                if ($u.KBArticleIDs -and $u.KBArticleIDs.Count -gt 0) {
                    $kb = 'KB' + $u.KBArticleIDs[0]
                }
            } catch {}

            $needsReboot = $false
            try { $needsReboot = [bool]$u.RebootRequired } catch {}

            $byKey[$u.Title] = [PSCustomObject]@{
                Identifier     = $kb
                Title          = [string]$u.Title
                Status         = $status
                ErrorMessage   = if ($succeeded -or $resultCode -eq 0) { '' } else { 'ResultCode=' + $resultCode }
                RebootRequired = $needsReboot
                AttemptedAt    = (Get-Date -Format 'o')
            }
        }

        $results = @($byKey.Values)

        if ($results.Count -eq 0) {
            Write-Output '[]'
        } else {
            $results | ConvertTo-Json -Compress
        }
2026-06-17 04:16:01.073 -05:00 [INF] (Thread 29) WindowsUpdateWorker: pass complete. Total=0 Succeeded=0 Failed=0 Skipped=0
2026-06-17 04:16:01.073 -05:00 [INF] (Thread 29) WingetWorker: skipping — last run was 2026-06-11T17:42:33.7339150Z (less than 7 days ago).
2026-06-17 04:16:01.074 -05:00 [INF] (Thread 29) UpdateOrchestrator: cycle complete. Total=0 Succeeded=0 Failed=0 RebootRequired=false
2026-06-17 04:16:01.074 -05:00 [INF] (Thread 29) UpdateOrchestrator: no reboot required — cycle complete.
2026-06-17 04:16:01.074 -05:00 [INF] (Thread 29) UpdateBackgroundService: next cycle in "01:00:00".
2026-06-17 05:16:01.124 -05:00 [INF] (Thread 29) SelfUpdater: checking for updates. Current version: 0.26.230.591
2026-06-17 05:16:01.301 -05:00 [INF] (Thread 34) SelfUpdater: remote version = 0.26.230.591.
2026-06-17 05:16:01.301 -05:00 [INF] (Thread 34) SelfUpdater: already up to date.
2026-06-17 05:16:01.301 -05:00 [INF] (Thread 34) UpdateOrchestrator: === Update cycle starting ===
2026-06-17 05:16:01.301 -05:00 [INF] (Thread 34) WindowsUpdateWorker: starting update pass.
2026-06-17 05:16:01.301 -05:00 [INF] (Thread 34) WindowsUpdateWorker: verifying PSWindowsUpdate module.
2026-06-17 05:16:01.306 -05:00 [DBG] (Thread 34) WindowsUpdateWorker: running PS script: $ProgressPreference = 'SilentlyContinue'
            $ErrorActionPreference = 'Stop'
            try {
                if (-not (Get-PackageProvider -Name NuGet -ListAvailable -ErrorAction SilentlyContinue)) {
                    Install-PackageProvider -Name NuGet -MinimumVersion 2.8.5.201 -Force -Scope AllUsers | Out-Null
                }
                Set-PSRepository -Name PSGallery -InstallationPolicy Trusted -ErrorAction SilentlyContinue
                if (-not (Get-Module -ListAvailable -Name PSWindowsUpdate -ErrorAction SilentlyContinue)) {
                    Install-Module PSWindowsUpdate -Force -SkipPublisherCheck -Scope AllUsers | Out-Null
                }
                Import-Module PSWindowsUpdate -Force -ErrorAction Stop
                try {
                    Add-WUServiceManager -MicrosoftUpdate -Confirm:$false -ErrorAction SilentlyContinue | Out-Null
                } catch {}
                Write-Output 'OK'
            } catch {
                Write-Output ('ERROR: ' + $_.Exception.Message)
            }
2026-06-17 05:16:12.515 -05:00 [INF] (Thread 32) WindowsUpdateWorker: PSWindowsUpdate module OK.
2026-06-17 05:16:12.517 -05:00 [DBG] (Thread 32) WindowsUpdateWorker: running PS script: Import-Module PSWindowsUpdate -ErrorAction Stop
        $ProgressPreference = 'SilentlyContinue'

        # Force the Windows Update Agent to scan before installing.
        # Fixes 0x80248007 (WU_E_DS_NODATA) on fresh builds or machines
        # whose update data store has not been initialised yet.
        try {
            Start-Process -FilePath 'UsoClient.exe' `
                -ArgumentList 'StartScan' `
                -Wait -NoNewWindow -ErrorAction SilentlyContinue
            Start-Sleep -Seconds 30
        } catch {}

        # 2>&1 merges stderr into the pipeline mixing strings with update
        # objects -- we filter them out in the foreach loop below.
        $rawOutput = Install-WindowsUpdate `
            -MicrosoftUpdate `
            -AcceptAll `
            -IgnoreReboot `
            -Install `
            -ErrorAction Continue 2>&1

        # Use a hashtable keyed on Title to keep only the LAST result per update.
        # PSWindowsUpdate emits objects at multiple pipeline stages (search, download,
        # install); overwriting ensures we capture the final post-install ResultCode
        # rather than an early ResultCode=0 (NotStarted).
        $byKey = @{}

        foreach ($u in $rawOutput) {
            if ($null -eq $u -or $u -isnot [PSObject]) { continue }
            if (-not ($u.PSObject.Properties.Name -contains 'Title')) { continue }
            if ([string]::IsNullOrWhiteSpace($u.Title)) { continue }

            $resultCode = 0
            try { $resultCode = [int]$u.ResultCode } catch { $resultCode = 4 }
            $succeeded = ($resultCode -eq 2 -or $resultCode -eq 3)

            # ResultCode=0 means NotStarted — treat as Skipped, not Failed.
            $status = if ($succeeded) { 'Succeeded' } elseif ($resultCode -eq 0) { 'Skipped' } else { 'Failed' }

            $kb = ''
            try {
                if ($u.KBArticleIDs -and $u.KBArticleIDs.Count -gt 0) {
                    $kb = 'KB' + $u.KBArticleIDs[0]
                }
            } catch {}

            $needsReboot = $false
            try { $needsReboot = [bool]$u.RebootRequired } catch {}

            $byKey[$u.Title] = [PSCustomObject]@{
                Identifier     = $kb
                Title          = [string]$u.Title
                Status         = $status
                ErrorMessage   = if ($succeeded -or $resultCode -eq 0) { '' } else { 'ResultCode=' + $resultCode }
                RebootRequired = $needsReboot
                AttemptedAt    = (Get-Date -Format 'o')
            }
        }

        $results = @($byKey.Values)

        if ($results.Count -eq 0) {
            Write-Output '[]'
        } else {
            $results | ConvertTo-Json -Compress
        }
2026-06-17 05:16:55.716 -05:00 [INF] (Thread 35) WindowsUpdateWorker: pass complete. Total=0 Succeeded=0 Failed=0 Skipped=0
2026-06-17 05:16:55.716 -05:00 [INF] (Thread 35) WingetWorker: skipping — last run was 2026-06-11T17:42:33.7339150Z (less than 7 days ago).
2026-06-17 05:16:55.716 -05:00 [INF] (Thread 35) UpdateOrchestrator: cycle complete. Total=0 Succeeded=0 Failed=0 RebootRequired=false
2026-06-17 05:16:55.716 -05:00 [INF] (Thread 35) UpdateOrchestrator: no reboot required — cycle complete.
2026-06-17 05:16:55.716 -05:00 [INF] (Thread 35) UpdateBackgroundService: next cycle in "01:00:00".
2026-06-17 06:16:55.788 -05:00 [INF] (Thread 34) SelfUpdater: checking for updates. Current version: 0.26.230.591
2026-06-17 06:16:55.940 -05:00 [INF] (Thread 34) SelfUpdater: remote version = 0.26.230.591.
2026-06-17 06:16:55.940 -05:00 [INF] (Thread 34) SelfUpdater: already up to date.
2026-06-17 06:16:55.940 -05:00 [INF] (Thread 34) UpdateOrchestrator: === Update cycle starting ===
2026-06-17 06:16:55.940 -05:00 [INF] (Thread 34) WindowsUpdateWorker: starting update pass.
2026-06-17 06:16:55.940 -05:00 [INF] (Thread 34) WindowsUpdateWorker: verifying PSWindowsUpdate module.
2026-06-17 06:16:55.943 -05:00 [DBG] (Thread 34) WindowsUpdateWorker: running PS script: $ProgressPreference = 'SilentlyContinue'
            $ErrorActionPreference = 'Stop'
            try {
                if (-not (Get-PackageProvider -Name NuGet -ListAvailable -ErrorAction SilentlyContinue)) {
                    Install-PackageProvider -Name NuGet -MinimumVersion 2.8.5.201 -Force -Scope AllUsers | Out-Null
                }
                Set-PSRepository -Name PSGallery -InstallationPolicy Trusted -ErrorAction SilentlyContinue
                if (-not (Get-Module -ListAvailable -Name PSWindowsUpdate -ErrorAction SilentlyContinue)) {
                    Install-Module PSWindowsUpdate -Force -SkipPublisherCheck -Scope AllUsers | Out-Null
                }
                Import-Module PSWindowsUpdate -Force -ErrorAction Stop
                try {
                    Add-WUServiceManager -MicrosoftUpdate -Confirm:$false -ErrorAction SilentlyContinue | Out-Null
                } catch {}
                Write-Output 'OK'
            } catch {
                Write-Output ('ERROR: ' + $_.Exception.Message)
            }
2026-06-17 06:17:07.684 -05:00 [INF] (Thread 34) WindowsUpdateWorker: PSWindowsUpdate module OK.
2026-06-17 06:17:07.686 -05:00 [DBG] (Thread 35) WindowsUpdateWorker: running PS script: Import-Module PSWindowsUpdate -ErrorAction Stop
        $ProgressPreference = 'SilentlyContinue'

        # Force the Windows Update Agent to scan before installing.
        # Fixes 0x80248007 (WU_E_DS_NODATA) on fresh builds or machines
        # whose update data store has not been initialised yet.
        try {
            Start-Process -FilePath 'UsoClient.exe' `
                -ArgumentList 'StartScan' `
                -Wait -NoNewWindow -ErrorAction SilentlyContinue
            Start-Sleep -Seconds 30
        } catch {}

        # 2>&1 merges stderr into the pipeline mixing strings with update
        # objects -- we filter them out in the foreach loop below.
        $rawOutput = Install-WindowsUpdate `
            -MicrosoftUpdate `
            -AcceptAll `
            -IgnoreReboot `
            -Install `
            -ErrorAction Continue 2>&1

        # Use a hashtable keyed on Title to keep only the LAST result per update.
        # PSWindowsUpdate emits objects at multiple pipeline stages (search, download,
        # install); overwriting ensures we capture the final post-install ResultCode
        # rather than an early ResultCode=0 (NotStarted).
        $byKey = @{}

        foreach ($u in $rawOutput) {
            if ($null -eq $u -or $u -isnot [PSObject]) { continue }
            if (-not ($u.PSObject.Properties.Name -contains 'Title')) { continue }
            if ([string]::IsNullOrWhiteSpace($u.Title)) { continue }

            $resultCode = 0
            try { $resultCode = [int]$u.ResultCode } catch { $resultCode = 4 }
            $succeeded = ($resultCode -eq 2 -or $resultCode -eq 3)

            # ResultCode=0 means NotStarted — treat as Skipped, not Failed.
            $status = if ($succeeded) { 'Succeeded' } elseif ($resultCode -eq 0) { 'Skipped' } else { 'Failed' }

            $kb = ''
            try {
                if ($u.KBArticleIDs -and $u.KBArticleIDs.Count -gt 0) {
                    $kb = 'KB' + $u.KBArticleIDs[0]
                }
            } catch {}

            $needsReboot = $false
            try { $needsReboot = [bool]$u.RebootRequired } catch {}

            $byKey[$u.Title] = [PSCustomObject]@{
                Identifier     = $kb
                Title          = [string]$u.Title
                Status         = $status
                ErrorMessage   = if ($succeeded -or $resultCode -eq 0) { '' } else { 'ResultCode=' + $resultCode }
                RebootRequired = $needsReboot
                AttemptedAt    = (Get-Date -Format 'o')
            }
        }

        $results = @($byKey.Values)

        if ($results.Count -eq 0) {
            Write-Output '[]'
        } else {
            $results | ConvertTo-Json -Compress
        }
2026-06-17 06:17:50.068 -05:00 [INF] (Thread 35) WindowsUpdateWorker: pass complete. Total=0 Succeeded=0 Failed=0 Skipped=0
2026-06-17 06:17:50.068 -05:00 [INF] (Thread 35) WingetWorker: skipping — last run was 2026-06-11T17:42:33.7339150Z (less than 7 days ago).
2026-06-17 06:17:50.069 -05:00 [INF] (Thread 35) UpdateOrchestrator: cycle complete. Total=0 Succeeded=0 Failed=0 RebootRequired=false
2026-06-17 06:17:50.069 -05:00 [INF] (Thread 35) UpdateOrchestrator: no reboot required — cycle complete.
2026-06-17 06:17:50.069 -05:00 [INF] (Thread 35) UpdateBackgroundService: next cycle in "01:00:00".
2026-06-17 07:17:50.134 -05:00 [INF] (Thread 36) SelfUpdater: checking for updates. Current version: 0.26.230.591
2026-06-17 07:17:50.343 -05:00 [INF] (Thread 36) SelfUpdater: remote version = 0.26.230.591.
2026-06-17 07:17:50.343 -05:00 [INF] (Thread 36) SelfUpdater: already up to date.
2026-06-17 07:17:50.343 -05:00 [INF] (Thread 36) UpdateOrchestrator: === Update cycle starting ===
2026-06-17 07:17:50.343 -05:00 [INF] (Thread 36) WindowsUpdateWorker: starting update pass.
2026-06-17 07:17:50.343 -05:00 [INF] (Thread 36) WindowsUpdateWorker: verifying PSWindowsUpdate module.
2026-06-17 07:17:50.348 -05:00 [DBG] (Thread 36) WindowsUpdateWorker: running PS script: $ProgressPreference = 'SilentlyContinue'
            $ErrorActionPreference = 'Stop'
            try {
                if (-not (Get-PackageProvider -Name NuGet -ListAvailable -ErrorAction SilentlyContinue)) {
                    Install-PackageProvider -Name NuGet -MinimumVersion 2.8.5.201 -Force -Scope AllUsers | Out-Null
                }
                Set-PSRepository -Name PSGallery -InstallationPolicy Trusted -ErrorAction SilentlyContinue
                if (-not (Get-Module -ListAvailable -Name PSWindowsUpdate -ErrorAction SilentlyContinue)) {
                    Install-Module PSWindowsUpdate -Force -SkipPublisherCheck -Scope AllUsers | Out-Null
                }
                Import-Module PSWindowsUpdate -Force -ErrorAction Stop
                try {
                    Add-WUServiceManager -MicrosoftUpdate -Confirm:$false -ErrorAction SilentlyContinue | Out-Null
                } catch {}
                Write-Output 'OK'
            } catch {
                Write-Output ('ERROR: ' + $_.Exception.Message)
            }
2026-06-17 07:18:01.799 -05:00 [INF] (Thread 36) WindowsUpdateWorker: PSWindowsUpdate module OK.
2026-06-17 07:18:01.801 -05:00 [DBG] (Thread 36) WindowsUpdateWorker: running PS script: Import-Module PSWindowsUpdate -ErrorAction Stop
        $ProgressPreference = 'SilentlyContinue'

        # Force the Windows Update Agent to scan before installing.
        # Fixes 0x80248007 (WU_E_DS_NODATA) on fresh builds or machines
        # whose update data store has not been initialised yet.
        try {
            Start-Process -FilePath 'UsoClient.exe' `
                -ArgumentList 'StartScan' `
                -Wait -NoNewWindow -ErrorAction SilentlyContinue
            Start-Sleep -Seconds 30
        } catch {}

        # 2>&1 merges stderr into the pipeline mixing strings with update
        # objects -- we filter them out in the foreach loop below.
        $rawOutput = Install-WindowsUpdate `
            -MicrosoftUpdate `
            -AcceptAll `
            -IgnoreReboot `
            -Install `
            -ErrorAction Continue 2>&1

        # Use a hashtable keyed on Title to keep only the LAST result per update.
        # PSWindowsUpdate emits objects at multiple pipeline stages (search, download,
        # install); overwriting ensures we capture the final post-install ResultCode
        # rather than an early ResultCode=0 (NotStarted).
        $byKey = @{}

        foreach ($u in $rawOutput) {
            if ($null -eq $u -or $u -isnot [PSObject]) { continue }
            if (-not ($u.PSObject.Properties.Name -contains 'Title')) { continue }
            if ([string]::IsNullOrWhiteSpace($u.Title)) { continue }

            $resultCode = 0
            try { $resultCode = [int]$u.ResultCode } catch { $resultCode = 4 }
            $succeeded = ($resultCode -eq 2 -or $resultCode -eq 3)

            # ResultCode=0 means NotStarted — treat as Skipped, not Failed.
            $status = if ($succeeded) { 'Succeeded' } elseif ($resultCode -eq 0) { 'Skipped' } else { 'Failed' }

            $kb = ''
            try {
                if ($u.KBArticleIDs -and $u.KBArticleIDs.Count -gt 0) {
                    $kb = 'KB' + $u.KBArticleIDs[0]
                }
            } catch {}

            $needsReboot = $false
            try { $needsReboot = [bool]$u.RebootRequired } catch {}

            $byKey[$u.Title] = [PSCustomObject]@{
                Identifier     = $kb
                Title          = [string]$u.Title
                Status         = $status
                ErrorMessage   = if ($succeeded -or $resultCode -eq 0) { '' } else { 'ResultCode=' + $resultCode }
                RebootRequired = $needsReboot
                AttemptedAt    = (Get-Date -Format 'o')
            }
        }

        $results = @($byKey.Values)

        if ($results.Count -eq 0) {
            Write-Output '[]'
        } else {
            $results | ConvertTo-Json -Compress
        }
2026-06-17 07:18:43.869 -05:00 [INF] (Thread 36) WindowsUpdateWorker: pass complete. Total=0 Succeeded=0 Failed=0 Skipped=0
2026-06-17 07:18:43.869 -05:00 [INF] (Thread 36) WingetWorker: skipping — last run was 2026-06-11T17:42:33.7339150Z (less than 7 days ago).
2026-06-17 07:18:43.870 -05:00 [INF] (Thread 36) UpdateOrchestrator: cycle complete. Total=0 Succeeded=0 Failed=0 RebootRequired=false
2026-06-17 07:18:43.870 -05:00 [INF] (Thread 36) UpdateOrchestrator: no reboot required — cycle complete.
2026-06-17 07:18:43.870 -05:00 [INF] (Thread 36) UpdateBackgroundService: next cycle in "01:00:00".
2026-06-17 08:18:43.921 -05:00 [INF] (Thread 41) SelfUpdater: checking for updates. Current version: 0.26.230.591
2026-06-17 08:18:44.012 -05:00 [INF] (Thread 41) SelfUpdater: remote version = 0.26.230.591.
2026-06-17 08:18:44.012 -05:00 [INF] (Thread 41) SelfUpdater: already up to date.
2026-06-17 08:18:44.012 -05:00 [INF] (Thread 41) UpdateOrchestrator: === Update cycle starting ===
2026-06-17 08:18:44.012 -05:00 [INF] (Thread 41) WindowsUpdateWorker: starting update pass.
2026-06-17 08:18:44.012 -05:00 [INF] (Thread 41) WindowsUpdateWorker: verifying PSWindowsUpdate module.
2026-06-17 08:18:44.015 -05:00 [DBG] (Thread 41) WindowsUpdateWorker: running PS script: $ProgressPreference = 'SilentlyContinue'
            $ErrorActionPreference = 'Stop'
            try {
                if (-not (Get-PackageProvider -Name NuGet -ListAvailable -ErrorAction SilentlyContinue)) {
                    Install-PackageProvider -Name NuGet -MinimumVersion 2.8.5.201 -Force -Scope AllUsers | Out-Null
                }
                Set-PSRepository -Name PSGallery -InstallationPolicy Trusted -ErrorAction SilentlyContinue
                if (-not (Get-Module -ListAvailable -Name PSWindowsUpdate -ErrorAction SilentlyContinue)) {
                    Install-Module PSWindowsUpdate -Force -SkipPublisherCheck -Scope AllUsers | Out-Null
                }
                Import-Module PSWindowsUpdate -Force -ErrorAction Stop
                try {
                    Add-WUServiceManager -MicrosoftUpdate -Confirm:$false -ErrorAction SilentlyContinue | Out-Null
                } catch {}
                Write-Output 'OK'
            } catch {
                Write-Output ('ERROR: ' + $_.Exception.Message)
            }
2026-06-17 08:18:55.329 -05:00 [INF] (Thread 41) WindowsUpdateWorker: PSWindowsUpdate module OK.
2026-06-17 08:18:55.331 -05:00 [DBG] (Thread 41) WindowsUpdateWorker: running PS script: Import-Module PSWindowsUpdate -ErrorAction Stop
        $ProgressPreference = 'SilentlyContinue'

        # Force the Windows Update Agent to scan before installing.
        # Fixes 0x80248007 (WU_E_DS_NODATA) on fresh builds or machines
        # whose update data store has not been initialised yet.
        try {
            Start-Process -FilePath 'UsoClient.exe' `
                -ArgumentList 'StartScan' `
                -Wait -NoNewWindow -ErrorAction SilentlyContinue
            Start-Sleep -Seconds 30
        } catch {}

        # 2>&1 merges stderr into the pipeline mixing strings with update
        # objects -- we filter them out in the foreach loop below.
        $rawOutput = Install-WindowsUpdate `
            -MicrosoftUpdate `
            -AcceptAll `
            -IgnoreReboot `
            -Install `
            -ErrorAction Continue 2>&1

        # Use a hashtable keyed on Title to keep only the LAST result per update.
        # PSWindowsUpdate emits objects at multiple pipeline stages (search, download,
        # install); overwriting ensures we capture the final post-install ResultCode
        # rather than an early ResultCode=0 (NotStarted).
        $byKey = @{}

        foreach ($u in $rawOutput) {
            if ($null -eq $u -or $u -isnot [PSObject]) { continue }
            if (-not ($u.PSObject.Properties.Name -contains 'Title')) { continue }
            if ([string]::IsNullOrWhiteSpace($u.Title)) { continue }

            $resultCode = 0
            try { $resultCode = [int]$u.ResultCode } catch { $resultCode = 4 }
            $succeeded = ($resultCode -eq 2 -or $resultCode -eq 3)

            # ResultCode=0 means NotStarted — treat as Skipped, not Failed.
            $status = if ($succeeded) { 'Succeeded' } elseif ($resultCode -eq 0) { 'Skipped' } else { 'Failed' }

            $kb = ''
            try {
                if ($u.KBArticleIDs -and $u.KBArticleIDs.Count -gt 0) {
                    $kb = 'KB' + $u.KBArticleIDs[0]
                }
            } catch {}

            $needsReboot = $false
            try { $needsReboot = [bool]$u.RebootRequired } catch {}

            $byKey[$u.Title] = [PSCustomObject]@{
                Identifier     = $kb
                Title          = [string]$u.Title
                Status         = $status
                ErrorMessage   = if ($succeeded -or $resultCode -eq 0) { '' } else { 'ResultCode=' + $resultCode }
                RebootRequired = $needsReboot
                AttemptedAt    = (Get-Date -Format 'o')
            }
        }

        $results = @($byKey.Values)

        if ($results.Count -eq 0) {
            Write-Output '[]'
        } else {
            $results | ConvertTo-Json -Compress
        }
2026-06-17 08:19:37.701 -05:00 [INF] (Thread 41) WindowsUpdateWorker: pass complete. Total=0 Succeeded=0 Failed=0 Skipped=0
2026-06-17 08:19:37.701 -05:00 [INF] (Thread 41) WingetWorker: skipping — last run was 2026-06-11T17:42:33.7339150Z (less than 7 days ago).
2026-06-17 08:19:37.701 -05:00 [INF] (Thread 41) UpdateOrchestrator: cycle complete. Total=0 Succeeded=0 Failed=0 RebootRequired=false
2026-06-17 08:19:37.701 -05:00 [INF] (Thread 41) UpdateOrchestrator: no reboot required — cycle complete.
2026-06-17 08:19:37.701 -05:00 [INF] (Thread 41) UpdateBackgroundService: next cycle in "01:00:00".
2026-06-17 09:19:37.754 -05:00 [INF] (Thread 41) SelfUpdater: checking for updates. Current version: 0.26.230.591
2026-06-17 09:19:37.862 -05:00 [INF] (Thread 41) SelfUpdater: remote version = 0.26.230.591.
2026-06-17 09:19:37.862 -05:00 [INF] (Thread 41) SelfUpdater: already up to date.
2026-06-17 09:19:37.862 -05:00 [INF] (Thread 41) UpdateOrchestrator: === Update cycle starting ===
2026-06-17 09:19:37.862 -05:00 [INF] (Thread 41) WindowsUpdateWorker: starting update pass.
2026-06-17 09:19:37.862 -05:00 [INF] (Thread 41) WindowsUpdateWorker: verifying PSWindowsUpdate module.
2026-06-17 09:19:37.863 -05:00 [DBG] (Thread 41) WindowsUpdateWorker: running PS script: $ProgressPreference = 'SilentlyContinue'
            $ErrorActionPreference = 'Stop'
            try {
                if (-not (Get-PackageProvider -Name NuGet -ListAvailable -ErrorAction SilentlyContinue)) {
                    Install-PackageProvider -Name NuGet -MinimumVersion 2.8.5.201 -Force -Scope AllUsers | Out-Null
                }
                Set-PSRepository -Name PSGallery -InstallationPolicy Trusted -ErrorAction SilentlyContinue
                if (-not (Get-Module -ListAvailable -Name PSWindowsUpdate -ErrorAction SilentlyContinue)) {
                    Install-Module PSWindowsUpdate -Force -SkipPublisherCheck -Scope AllUsers | Out-Null
                }
                Import-Module PSWindowsUpdate -Force -ErrorAction Stop
                try {
                    Add-WUServiceManager -MicrosoftUpdate -Confirm:$false -ErrorAction SilentlyContinue | Out-Null
                } catch {}
                Write-Output 'OK'
            } catch {
                Write-Output ('ERROR: ' + $_.Exception.Message)
            }
2026-06-17 09:19:49.361 -05:00 [INF] (Thread 50) WindowsUpdateWorker: PSWindowsUpdate module OK.
2026-06-17 09:19:49.363 -05:00 [DBG] (Thread 50) WindowsUpdateWorker: running PS script: Import-Module PSWindowsUpdate -ErrorAction Stop
        $ProgressPreference = 'SilentlyContinue'

        # Force the Windows Update Agent to scan before installing.
        # Fixes 0x80248007 (WU_E_DS_NODATA) on fresh builds or machines
        # whose update data store has not been initialised yet.
        try {
            Start-Process -FilePath 'UsoClient.exe' `
                -ArgumentList 'StartScan' `
                -Wait -NoNewWindow -ErrorAction SilentlyContinue
            Start-Sleep -Seconds 30
        } catch {}

        # 2>&1 merges stderr into the pipeline mixing strings with update
        # objects -- we filter them out in the foreach loop below.
        $rawOutput = Install-WindowsUpdate `
            -MicrosoftUpdate `
            -AcceptAll `
            -IgnoreReboot `
            -Install `
            -ErrorAction Continue 2>&1

        # Use a hashtable keyed on Title to keep only the LAST result per update.
        # PSWindowsUpdate emits objects at multiple pipeline stages (search, download,
        # install); overwriting ensures we capture the final post-install ResultCode
        # rather than an early ResultCode=0 (NotStarted).
        $byKey = @{}

        foreach ($u in $rawOutput) {
            if ($null -eq $u -or $u -isnot [PSObject]) { continue }
            if (-not ($u.PSObject.Properties.Name -contains 'Title')) { continue }
            if ([string]::IsNullOrWhiteSpace($u.Title)) { continue }

            $resultCode = 0
            try { $resultCode = [int]$u.ResultCode } catch { $resultCode = 4 }
            $succeeded = ($resultCode -eq 2 -or $resultCode -eq 3)

            # ResultCode=0 means NotStarted — treat as Skipped, not Failed.
            $status = if ($succeeded) { 'Succeeded' } elseif ($resultCode -eq 0) { 'Skipped' } else { 'Failed' }

            $kb = ''
            try {
                if ($u.KBArticleIDs -and $u.KBArticleIDs.Count -gt 0) {
                    $kb = 'KB' + $u.KBArticleIDs[0]
                }
            } catch {}

            $needsReboot = $false
            try { $needsReboot = [bool]$u.RebootRequired } catch {}

            $byKey[$u.Title] = [PSCustomObject]@{
                Identifier     = $kb
                Title          = [string]$u.Title
                Status         = $status
                ErrorMessage   = if ($succeeded -or $resultCode -eq 0) { '' } else { 'ResultCode=' + $resultCode }
                RebootRequired = $needsReboot
                AttemptedAt    = (Get-Date -Format 'o')
            }
        }

        $results = @($byKey.Values)

        if ($results.Count -eq 0) {
            Write-Output '[]'
        } else {
            $results | ConvertTo-Json -Compress
        }
2026-06-17 09:20:31.724 -05:00 [INF] (Thread 48) WindowsUpdateWorker: pass complete. Total=0 Succeeded=0 Failed=0 Skipped=0
2026-06-17 09:20:31.724 -05:00 [INF] (Thread 48) WingetWorker: skipping — last run was 2026-06-11T17:42:33.7339150Z (less than 7 days ago).
2026-06-17 09:20:31.724 -05:00 [INF] (Thread 48) UpdateOrchestrator: cycle complete. Total=0 Succeeded=0 Failed=0 RebootRequired=false
2026-06-17 09:20:31.724 -05:00 [INF] (Thread 48) UpdateOrchestrator: no reboot required — cycle complete.
2026-06-17 09:20:31.724 -05:00 [INF] (Thread 48) UpdateBackgroundService: next cycle in "01:00:00".
2026-06-17 10:20:31.789 -05:00 [INF] (Thread 50) SelfUpdater: checking for updates. Current version: 0.26.230.591
2026-06-17 10:20:34.968 -05:00 [INF] (Thread 47) SelfUpdater: remote version = 0.26.230.591.
2026-06-17 10:20:34.968 -05:00 [INF] (Thread 47) SelfUpdater: already up to date.
2026-06-17 10:20:34.968 -05:00 [INF] (Thread 47) UpdateOrchestrator: === Update cycle starting ===
2026-06-17 10:20:34.968 -05:00 [INF] (Thread 47) WindowsUpdateWorker: starting update pass.
2026-06-17 10:20:34.968 -05:00 [INF] (Thread 47) WindowsUpdateWorker: verifying PSWindowsUpdate module.
2026-06-17 10:20:34.969 -05:00 [DBG] (Thread 47) WindowsUpdateWorker: running PS script: $ProgressPreference = 'SilentlyContinue'
            $ErrorActionPreference = 'Stop'
            try {
                if (-not (Get-PackageProvider -Name NuGet -ListAvailable -ErrorAction SilentlyContinue)) {
                    Install-PackageProvider -Name NuGet -MinimumVersion 2.8.5.201 -Force -Scope AllUsers | Out-Null
                }
                Set-PSRepository -Name PSGallery -InstallationPolicy Trusted -ErrorAction SilentlyContinue
                if (-not (Get-Module -ListAvailable -Name PSWindowsUpdate -ErrorAction SilentlyContinue)) {
                    Install-Module PSWindowsUpdate -Force -SkipPublisherCheck -Scope AllUsers | Out-Null
                }
                Import-Module PSWindowsUpdate -Force -ErrorAction Stop
                try {
                    Add-WUServiceManager -MicrosoftUpdate -Confirm:$false -ErrorAction SilentlyContinue | Out-Null
                } catch {}
                Write-Output 'OK'
            } catch {
                Write-Output ('ERROR: ' + $_.Exception.Message)
            }
2026-06-17 10:20:47.516 -05:00 [INF] (Thread 50) WindowsUpdateWorker: PSWindowsUpdate module OK.
2026-06-17 10:20:47.517 -05:00 [DBG] (Thread 50) WindowsUpdateWorker: running PS script: Import-Module PSWindowsUpdate -ErrorAction Stop
        $ProgressPreference = 'SilentlyContinue'

        # Force the Windows Update Agent to scan before installing.
        # Fixes 0x80248007 (WU_E_DS_NODATA) on fresh builds or machines
        # whose update data store has not been initialised yet.
        try {
            Start-Process -FilePath 'UsoClient.exe' `
                -ArgumentList 'StartScan' `
                -Wait -NoNewWindow -ErrorAction SilentlyContinue
            Start-Sleep -Seconds 30
        } catch {}

        # 2>&1 merges stderr into the pipeline mixing strings with update
        # objects -- we filter them out in the foreach loop below.
        $rawOutput = Install-WindowsUpdate `
            -MicrosoftUpdate `
            -AcceptAll `
            -IgnoreReboot `
            -Install `
            -ErrorAction Continue 2>&1

        # Use a hashtable keyed on Title to keep only the LAST result per update.
        # PSWindowsUpdate emits objects at multiple pipeline stages (search, download,
        # install); overwriting ensures we capture the final post-install ResultCode
        # rather than an early ResultCode=0 (NotStarted).
        $byKey = @{}

        foreach ($u in $rawOutput) {
            if ($null -eq $u -or $u -isnot [PSObject]) { continue }
            if (-not ($u.PSObject.Properties.Name -contains 'Title')) { continue }
            if ([string]::IsNullOrWhiteSpace($u.Title)) { continue }

            $resultCode = 0
            try { $resultCode = [int]$u.ResultCode } catch { $resultCode = 4 }
            $succeeded = ($resultCode -eq 2 -or $resultCode -eq 3)

            # ResultCode=0 means NotStarted — treat as Skipped, not Failed.
            $status = if ($succeeded) { 'Succeeded' } elseif ($resultCode -eq 0) { 'Skipped' } else { 'Failed' }

            $kb = ''
            try {
                if ($u.KBArticleIDs -and $u.KBArticleIDs.Count -gt 0) {
                    $kb = 'KB' + $u.KBArticleIDs[0]
                }
            } catch {}

            $needsReboot = $false
            try { $needsReboot = [bool]$u.RebootRequired } catch {}

            $byKey[$u.Title] = [PSCustomObject]@{
                Identifier     = $kb
                Title          = [string]$u.Title
                Status         = $status
                ErrorMessage   = if ($succeeded -or $resultCode -eq 0) { '' } else { 'ResultCode=' + $resultCode }
                RebootRequired = $needsReboot
                AttemptedAt    = (Get-Date -Format 'o')
            }
        }

        $results = @($byKey.Values)

        if ($results.Count -eq 0) {
            Write-Output '[]'
        } else {
            $results | ConvertTo-Json -Compress
        }
2026-06-17 10:21:31.997 -05:00 [INF] (Thread 50) WindowsUpdateWorker: pass complete. Total=0 Succeeded=0 Failed=0 Skipped=0
2026-06-17 10:21:31.997 -05:00 [INF] (Thread 50) WingetWorker: skipping — last run was 2026-06-11T17:42:33.7339150Z (less than 7 days ago).
2026-06-17 10:21:31.997 -05:00 [INF] (Thread 50) UpdateOrchestrator: cycle complete. Total=0 Succeeded=0 Failed=0 RebootRequired=false
2026-06-17 10:21:31.997 -05:00 [INF] (Thread 50) UpdateOrchestrator: no reboot required — cycle complete.
2026-06-17 10:21:31.997 -05:00 [INF] (Thread 50) UpdateBackgroundService: next cycle in "01:00:00".
2026-06-17 11:21:32.077 -05:00 [INF] (Thread 52) SelfUpdater: checking for updates. Current version: 0.26.230.591
2026-06-17 11:21:32.212 -05:00 [INF] (Thread 52) SelfUpdater: remote version = 0.26.230.591.
2026-06-17 11:21:32.212 -05:00 [INF] (Thread 52) SelfUpdater: already up to date.
2026-06-17 11:21:32.212 -05:00 [INF] (Thread 52) UpdateOrchestrator: === Update cycle starting ===
2026-06-17 11:21:32.212 -05:00 [INF] (Thread 52) WindowsUpdateWorker: starting update pass.
2026-06-17 11:21:32.212 -05:00 [INF] (Thread 52) WindowsUpdateWorker: verifying PSWindowsUpdate module.
2026-06-17 11:21:32.213 -05:00 [DBG] (Thread 52) WindowsUpdateWorker: running PS script: $ProgressPreference = 'SilentlyContinue'
            $ErrorActionPreference = 'Stop'
            try {
                if (-not (Get-PackageProvider -Name NuGet -ListAvailable -ErrorAction SilentlyContinue)) {
                    Install-PackageProvider -Name NuGet -MinimumVersion 2.8.5.201 -Force -Scope AllUsers | Out-Null
                }
                Set-PSRepository -Name PSGallery -InstallationPolicy Trusted -ErrorAction SilentlyContinue
                if (-not (Get-Module -ListAvailable -Name PSWindowsUpdate -ErrorAction SilentlyContinue)) {
                    Install-Module PSWindowsUpdate -Force -SkipPublisherCheck -Scope AllUsers | Out-Null
                }
                Import-Module PSWindowsUpdate -Force -ErrorAction Stop
                try {
                    Add-WUServiceManager -MicrosoftUpdate -Confirm:$false -ErrorAction SilentlyContinue | Out-Null
                } catch {}
                Write-Output 'OK'
            } catch {
                Write-Output ('ERROR: ' + $_.Exception.Message)
            }
2026-06-17 11:21:43.581 -05:00 [INF] (Thread 47) WindowsUpdateWorker: PSWindowsUpdate module OK.
2026-06-17 11:21:43.583 -05:00 [DBG] (Thread 47) WindowsUpdateWorker: running PS script: Import-Module PSWindowsUpdate -ErrorAction Stop
        $ProgressPreference = 'SilentlyContinue'

        # Force the Windows Update Agent to scan before installing.
        # Fixes 0x80248007 (WU_E_DS_NODATA) on fresh builds or machines
        # whose update data store has not been initialised yet.
        try {
            Start-Process -FilePath 'UsoClient.exe' `
                -ArgumentList 'StartScan' `
                -Wait -NoNewWindow -ErrorAction SilentlyContinue
            Start-Sleep -Seconds 30
        } catch {}

        # 2>&1 merges stderr into the pipeline mixing strings with update
        # objects -- we filter them out in the foreach loop below.
        $rawOutput = Install-WindowsUpdate `
            -MicrosoftUpdate `
            -AcceptAll `
            -IgnoreReboot `
            -Install `
            -ErrorAction Continue 2>&1

        # Use a hashtable keyed on Title to keep only the LAST result per update.
        # PSWindowsUpdate emits objects at multiple pipeline stages (search, download,
        # install); overwriting ensures we capture the final post-install ResultCode
        # rather than an early ResultCode=0 (NotStarted).
        $byKey = @{}

        foreach ($u in $rawOutput) {
            if ($null -eq $u -or $u -isnot [PSObject]) { continue }
            if (-not ($u.PSObject.Properties.Name -contains 'Title')) { continue }
            if ([string]::IsNullOrWhiteSpace($u.Title)) { continue }

            $resultCode = 0
            try { $resultCode = [int]$u.ResultCode } catch { $resultCode = 4 }
            $succeeded = ($resultCode -eq 2 -or $resultCode -eq 3)

            # ResultCode=0 means NotStarted — treat as Skipped, not Failed.
            $status = if ($succeeded) { 'Succeeded' } elseif ($resultCode -eq 0) { 'Skipped' } else { 'Failed' }

            $kb = ''
            try {
                if ($u.KBArticleIDs -and $u.KBArticleIDs.Count -gt 0) {
                    $kb = 'KB' + $u.KBArticleIDs[0]
                }
            } catch {}

            $needsReboot = $false
            try { $needsReboot = [bool]$u.RebootRequired } catch {}

            $byKey[$u.Title] = [PSCustomObject]@{
                Identifier     = $kb
                Title          = [string]$u.Title
                Status         = $status
                ErrorMessage   = if ($succeeded -or $resultCode -eq 0) { '' } else { 'ResultCode=' + $resultCode }
                RebootRequired = $needsReboot
                AttemptedAt    = (Get-Date -Format 'o')
            }
        }

        $results = @($byKey.Values)

        if ($results.Count -eq 0) {
            Write-Output '[]'
        } else {
            $results | ConvertTo-Json -Compress
        }
2026-06-17 11:22:27.948 -05:00 [INF] (Thread 47) WindowsUpdateWorker: no updates installed — system reboot is already pending.
2026-06-17 11:22:27.950 -05:00 [INF] (Thread 47) WindowsUpdateWorker: pass complete. Total=1 Succeeded=1 Failed=0 Skipped=0
2026-06-17 11:22:27.958 -05:00 [INF] (Thread 47) WingetWorker: skipping — last run was 2026-06-11T17:42:33.7339150Z (less than 7 days ago).
2026-06-17 11:22:27.958 -05:00 [INF] (Thread 47) UpdateOrchestrator: cycle complete. Total=1 Succeeded=1 Failed=0 RebootRequired=true
2026-06-17 11:22:27.958 -05:00 [INF] (Thread 47) UpdateOrchestrator: reboot required but last reboot was 12.3 hours ago — skipping notification until 2-day minimum has elapsed.
2026-06-17 11:22:27.958 -05:00 [INF] (Thread 47) UpdateBackgroundService: next cycle in "01:00:00".
2026-06-17 12:22:28.048 -05:00 [INF] (Thread 56) SelfUpdater: checking for updates. Current version: 0.26.230.591
2026-06-17 12:22:28.153 -05:00 [INF] (Thread 47) SelfUpdater: remote version = 0.26.230.591.
2026-06-17 12:22:28.153 -05:00 [INF] (Thread 47) SelfUpdater: already up to date.
2026-06-17 12:22:28.153 -05:00 [INF] (Thread 47) UpdateOrchestrator: === Update cycle starting ===
2026-06-17 12:22:28.153 -05:00 [INF] (Thread 47) WindowsUpdateWorker: starting update pass.
2026-06-17 12:22:28.153 -05:00 [INF] (Thread 47) WindowsUpdateWorker: verifying PSWindowsUpdate module.
2026-06-17 12:22:28.155 -05:00 [DBG] (Thread 53) WindowsUpdateWorker: running PS script: $ProgressPreference = 'SilentlyContinue'
            $ErrorActionPreference = 'Stop'
            try {
                if (-not (Get-PackageProvider -Name NuGet -ListAvailable -ErrorAction SilentlyContinue)) {
                    Install-PackageProvider -Name NuGet -MinimumVersion 2.8.5.201 -Force -Scope AllUsers | Out-Null
                }
                Set-PSRepository -Name PSGallery -InstallationPolicy Trusted -ErrorAction SilentlyContinue
                if (-not (Get-Module -ListAvailable -Name PSWindowsUpdate -ErrorAction SilentlyContinue)) {
                    Install-Module PSWindowsUpdate -Force -SkipPublisherCheck -Scope AllUsers | Out-Null
                }
                Import-Module PSWindowsUpdate -Force -ErrorAction Stop
                try {
                    Add-WUServiceManager -MicrosoftUpdate -Confirm:$false -ErrorAction SilentlyContinue | Out-Null
                } catch {}
                Write-Output 'OK'
            } catch {
                Write-Output ('ERROR: ' + $_.Exception.Message)
            }
2026-06-17 12:22:42.298 -05:00 [INF] (Thread 47) WindowsUpdateWorker: PSWindowsUpdate module OK.
2026-06-17 12:22:42.299 -05:00 [DBG] (Thread 47) WindowsUpdateWorker: running PS script: Import-Module PSWindowsUpdate -ErrorAction Stop
        $ProgressPreference = 'SilentlyContinue'

        # Force the Windows Update Agent to scan before installing.
        # Fixes 0x80248007 (WU_E_DS_NODATA) on fresh builds or machines
        # whose update data store has not been initialised yet.
        try {
            Start-Process -FilePath 'UsoClient.exe' `
                -ArgumentList 'StartScan' `
                -Wait -NoNewWindow -ErrorAction SilentlyContinue
            Start-Sleep -Seconds 30
        } catch {}

        # 2>&1 merges stderr into the pipeline mixing strings with update
        # objects -- we filter them out in the foreach loop below.
        $rawOutput = Install-WindowsUpdate `
            -MicrosoftUpdate `
            -AcceptAll `
            -IgnoreReboot `
            -Install `
            -ErrorAction Continue 2>&1

        # Use a hashtable keyed on Title to keep only the LAST result per update.
        # PSWindowsUpdate emits objects at multiple pipeline stages (search, download,
        # install); overwriting ensures we capture the final post-install ResultCode
        # rather than an early ResultCode=0 (NotStarted).
        $byKey = @{}

        foreach ($u in $rawOutput) {
            if ($null -eq $u -or $u -isnot [PSObject]) { continue }
            if (-not ($u.PSObject.Properties.Name -contains 'Title')) { continue }
            if ([string]::IsNullOrWhiteSpace($u.Title)) { continue }

            $resultCode = 0
            try { $resultCode = [int]$u.ResultCode } catch { $resultCode = 4 }
            $succeeded = ($resultCode -eq 2 -or $resultCode -eq 3)

            # ResultCode=0 means NotStarted — treat as Skipped, not Failed.
            $status = if ($succeeded) { 'Succeeded' } elseif ($resultCode -eq 0) { 'Skipped' } else { 'Failed' }

            $kb = ''
            try {
                if ($u.KBArticleIDs -and $u.KBArticleIDs.Count -gt 0) {
                    $kb = 'KB' + $u.KBArticleIDs[0]
                }
            } catch {}

            $needsReboot = $false
            try { $needsReboot = [bool]$u.RebootRequired } catch {}

            $byKey[$u.Title] = [PSCustomObject]@{
                Identifier     = $kb
                Title          = [string]$u.Title
                Status         = $status
                ErrorMessage   = if ($succeeded -or $resultCode -eq 0) { '' } else { 'ResultCode=' + $resultCode }
                RebootRequired = $needsReboot
                AttemptedAt    = (Get-Date -Format 'o')
            }
        }

        $results = @($byKey.Values)

        if ($results.Count -eq 0) {
            Write-Output '[]'
        } else {
            $results | ConvertTo-Json -Compress
        }
2026-06-17 12:23:25.922 -05:00 [INF] (Thread 47) WindowsUpdateWorker: no updates installed — system reboot is already pending.
2026-06-17 12:23:25.922 -05:00 [INF] (Thread 47) WindowsUpdateWorker: pass complete. Total=1 Succeeded=1 Failed=0 Skipped=0
2026-06-17 12:23:25.923 -05:00 [INF] (Thread 47) WingetWorker: skipping — last run was 2026-06-11T17:42:33.7339150Z (less than 7 days ago).
2026-06-17 12:23:25.923 -05:00 [INF] (Thread 47) UpdateOrchestrator: cycle complete. Total=1 Succeeded=1 Failed=0 RebootRequired=true
2026-06-17 12:23:25.923 -05:00 [INF] (Thread 47) UpdateOrchestrator: reboot required but last reboot was 13.3 hours ago — skipping notification until 2-day minimum has elapsed.
2026-06-17 12:23:25.923 -05:00 [INF] (Thread 47) UpdateBackgroundService: next cycle in "01:00:00".
2026-06-17 13:23:25.951 -05:00 [INF] (Thread 47) SelfUpdater: checking for updates. Current version: 0.26.230.591
2026-06-17 13:23:26.063 -05:00 [INF] (Thread 47) SelfUpdater: remote version = 0.26.230.591.
2026-06-17 13:23:26.063 -05:00 [INF] (Thread 47) SelfUpdater: already up to date.
2026-06-17 13:23:26.063 -05:00 [INF] (Thread 47) UpdateOrchestrator: === Update cycle starting ===
2026-06-17 13:23:26.063 -05:00 [INF] (Thread 47) WindowsUpdateWorker: starting update pass.
2026-06-17 13:23:26.063 -05:00 [INF] (Thread 47) WindowsUpdateWorker: verifying PSWindowsUpdate module.
2026-06-17 13:23:26.069 -05:00 [DBG] (Thread 47) WindowsUpdateWorker: running PS script: $ProgressPreference = 'SilentlyContinue'
            $ErrorActionPreference = 'Stop'
            try {
                if (-not (Get-PackageProvider -Name NuGet -ListAvailable -ErrorAction SilentlyContinue)) {
                    Install-PackageProvider -Name NuGet -MinimumVersion 2.8.5.201 -Force -Scope AllUsers | Out-Null
                }
                Set-PSRepository -Name PSGallery -InstallationPolicy Trusted -ErrorAction SilentlyContinue
                if (-not (Get-Module -ListAvailable -Name PSWindowsUpdate -ErrorAction SilentlyContinue)) {
                    Install-Module PSWindowsUpdate -Force -SkipPublisherCheck -Scope AllUsers | Out-Null
                }
                Import-Module PSWindowsUpdate -Force -ErrorAction Stop
                try {
                    Add-WUServiceManager -MicrosoftUpdate -Confirm:$false -ErrorAction SilentlyContinue | Out-Null
                } catch {}
                Write-Output 'OK'
            } catch {
                Write-Output ('ERROR: ' + $_.Exception.Message)
            }
2026-06-17 13:23:40.161 -05:00 [INF] (Thread 57) WindowsUpdateWorker: PSWindowsUpdate module OK.
2026-06-17 13:23:40.162 -05:00 [DBG] (Thread 57) WindowsUpdateWorker: running PS script: Import-Module PSWindowsUpdate -ErrorAction Stop
        $ProgressPreference = 'SilentlyContinue'

        # Force the Windows Update Agent to scan before installing.
        # Fixes 0x80248007 (WU_E_DS_NODATA) on fresh builds or machines
        # whose update data store has not been initialised yet.
        try {
            Start-Process -FilePath 'UsoClient.exe' `
                -ArgumentList 'StartScan' `
                -Wait -NoNewWindow -ErrorAction SilentlyContinue
            Start-Sleep -Seconds 30
        } catch {}

        # 2>&1 merges stderr into the pipeline mixing strings with update
        # objects -- we filter them out in the foreach loop below.
        $rawOutput = Install-WindowsUpdate `
            -MicrosoftUpdate `
            -AcceptAll `
            -IgnoreReboot `
            -Install `
            -ErrorAction Continue 2>&1

        # Use a hashtable keyed on Title to keep only the LAST result per update.
        # PSWindowsUpdate emits objects at multiple pipeline stages (search, download,
        # install); overwriting ensures we capture the final post-install ResultCode
        # rather than an early ResultCode=0 (NotStarted).
        $byKey = @{}

        foreach ($u in $rawOutput) {
            if ($null -eq $u -or $u -isnot [PSObject]) { continue }
            if (-not ($u.PSObject.Properties.Name -contains 'Title')) { continue }
            if ([string]::IsNullOrWhiteSpace($u.Title)) { continue }

            $resultCode = 0
            try { $resultCode = [int]$u.ResultCode } catch { $resultCode = 4 }
            $succeeded = ($resultCode -eq 2 -or $resultCode -eq 3)

            # ResultCode=0 means NotStarted — treat as Skipped, not Failed.
            $status = if ($succeeded) { 'Succeeded' } elseif ($resultCode -eq 0) { 'Skipped' } else { 'Failed' }

            $kb = ''
            try {
                if ($u.KBArticleIDs -and $u.KBArticleIDs.Count -gt 0) {
                    $kb = 'KB' + $u.KBArticleIDs[0]
                }
            } catch {}

            $needsReboot = $false
            try { $needsReboot = [bool]$u.RebootRequired } catch {}

            $byKey[$u.Title] = [PSCustomObject]@{
                Identifier     = $kb
                Title          = [string]$u.Title
                Status         = $status
                ErrorMessage   = if ($succeeded -or $resultCode -eq 0) { '' } else { 'ResultCode=' + $resultCode }
                RebootRequired = $needsReboot
                AttemptedAt    = (Get-Date -Format 'o')
            }
        }

        $results = @($byKey.Values)

        if ($results.Count -eq 0) {
            Write-Output '[]'
        } else {
            $results | ConvertTo-Json -Compress
        }
2026-06-17 13:24:23.751 -05:00 [INF] (Thread 57) WindowsUpdateWorker: no updates installed — system reboot is already pending.
2026-06-17 13:24:23.751 -05:00 [INF] (Thread 57) WindowsUpdateWorker: pass complete. Total=1 Succeeded=1 Failed=0 Skipped=0
2026-06-17 13:24:23.751 -05:00 [INF] (Thread 57) WingetWorker: skipping — last run was 2026-06-11T17:42:33.7339150Z (less than 7 days ago).
2026-06-17 13:24:23.751 -05:00 [INF] (Thread 57) UpdateOrchestrator: cycle complete. Total=1 Succeeded=1 Failed=0 RebootRequired=true
2026-06-17 13:24:23.751 -05:00 [INF] (Thread 57) UpdateOrchestrator: reboot required but last reboot was 14.3 hours ago — skipping notification until 2-day minimum has elapsed.
2026-06-17 13:24:23.752 -05:00 [INF] (Thread 57) UpdateBackgroundService: next cycle in "01:00:00".
2026-06-17 14:24:23.904 -05:00 [INF] (Thread 47) SelfUpdater: checking for updates. Current version: 0.26.230.591
2026-06-17 14:24:24.051 -05:00 [INF] (Thread 47) SelfUpdater: remote version = 0.26.230.591.
2026-06-17 14:24:24.051 -05:00 [INF] (Thread 47) SelfUpdater: already up to date.
2026-06-17 14:24:24.051 -05:00 [INF] (Thread 47) UpdateOrchestrator: === Update cycle starting ===
2026-06-17 14:24:24.051 -05:00 [INF] (Thread 47) WindowsUpdateWorker: starting update pass.
2026-06-17 14:24:24.051 -05:00 [INF] (Thread 47) WindowsUpdateWorker: verifying PSWindowsUpdate module.
2026-06-17 14:24:24.053 -05:00 [DBG] (Thread 47) WindowsUpdateWorker: running PS script: $ProgressPreference = 'SilentlyContinue'
            $ErrorActionPreference = 'Stop'
            try {
                if (-not (Get-PackageProvider -Name NuGet -ListAvailable -ErrorAction SilentlyContinue)) {
                    Install-PackageProvider -Name NuGet -MinimumVersion 2.8.5.201 -Force -Scope AllUsers | Out-Null
                }
                Set-PSRepository -Name PSGallery -InstallationPolicy Trusted -ErrorAction SilentlyContinue
                if (-not (Get-Module -ListAvailable -Name PSWindowsUpdate -ErrorAction SilentlyContinue)) {
                    Install-Module PSWindowsUpdate -Force -SkipPublisherCheck -Scope AllUsers | Out-Null
                }
                Import-Module PSWindowsUpdate -Force -ErrorAction Stop
                try {
                    Add-WUServiceManager -MicrosoftUpdate -Confirm:$false -ErrorAction SilentlyContinue | Out-Null
                } catch {}
                Write-Output 'OK'
            } catch {
                Write-Output ('ERROR: ' + $_.Exception.Message)
            }
2026-06-17 14:24:35.871 -05:00 [INF] (Thread 47) WindowsUpdateWorker: PSWindowsUpdate module OK.
2026-06-17 14:24:35.872 -05:00 [DBG] (Thread 47) WindowsUpdateWorker: running PS script: Import-Module PSWindowsUpdate -ErrorAction Stop
        $ProgressPreference = 'SilentlyContinue'

        # Force the Windows Update Agent to scan before installing.
        # Fixes 0x80248007 (WU_E_DS_NODATA) on fresh builds or machines
        # whose update data store has not been initialised yet.
        try {
            Start-Process -FilePath 'UsoClient.exe' `
                -ArgumentList 'StartScan' `
                -Wait -NoNewWindow -ErrorAction SilentlyContinue
            Start-Sleep -Seconds 30
        } catch {}

        # 2>&1 merges stderr into the pipeline mixing strings with update
        # objects -- we filter them out in the foreach loop below.
        $rawOutput = Install-WindowsUpdate `
            -MicrosoftUpdate `
            -AcceptAll `
            -IgnoreReboot `
            -Install `
            -ErrorAction Continue 2>&1

        # Use a hashtable keyed on Title to keep only the LAST result per update.
        # PSWindowsUpdate emits objects at multiple pipeline stages (search, download,
        # install); overwriting ensures we capture the final post-install ResultCode
        # rather than an early ResultCode=0 (NotStarted).
        $byKey = @{}

        foreach ($u in $rawOutput) {
            if ($null -eq $u -or $u -isnot [PSObject]) { continue }
            if (-not ($u.PSObject.Properties.Name -contains 'Title')) { continue }
            if ([string]::IsNullOrWhiteSpace($u.Title)) { continue }

            $resultCode = 0
            try { $resultCode = [int]$u.ResultCode } catch { $resultCode = 4 }
            $succeeded = ($resultCode -eq 2 -or $resultCode -eq 3)

            # ResultCode=0 means NotStarted — treat as Skipped, not Failed.
            $status = if ($succeeded) { 'Succeeded' } elseif ($resultCode -eq 0) { 'Skipped' } else { 'Failed' }

            $kb = ''
            try {
                if ($u.KBArticleIDs -and $u.KBArticleIDs.Count -gt 0) {
                    $kb = 'KB' + $u.KBArticleIDs[0]
                }
            } catch {}

            $needsReboot = $false
            try { $needsReboot = [bool]$u.RebootRequired } catch {}

            $byKey[$u.Title] = [PSCustomObject]@{
                Identifier     = $kb
                Title          = [string]$u.Title
                Status         = $status
                ErrorMessage   = if ($succeeded -or $resultCode -eq 0) { '' } else { 'ResultCode=' + $resultCode }
                RebootRequired = $needsReboot
                AttemptedAt    = (Get-Date -Format 'o')
            }
        }

        $results = @($byKey.Values)

        if ($results.Count -eq 0) {
            Write-Output '[]'
        } else {
            $results | ConvertTo-Json -Compress
        }
2026-06-17 14:25:19.656 -05:00 [INF] (Thread 59) WindowsUpdateWorker: no updates installed — system reboot is already pending.
2026-06-17 14:25:19.656 -05:00 [INF] (Thread 59) WindowsUpdateWorker: pass complete. Total=1 Succeeded=1 Failed=0 Skipped=0
2026-06-17 14:25:19.656 -05:00 [INF] (Thread 59) WingetWorker: skipping — last run was 2026-06-11T17:42:33.7339150Z (less than 7 days ago).
2026-06-17 14:25:19.656 -05:00 [INF] (Thread 59) UpdateOrchestrator: cycle complete. Total=1 Succeeded=1 Failed=0 RebootRequired=true
2026-06-17 14:25:19.656 -05:00 [INF] (Thread 59) UpdateOrchestrator: reboot required but last reboot was 15.3 hours ago — skipping notification until 2-day minimum has elapsed.
2026-06-17 14:25:19.656 -05:00 [INF] (Thread 59) UpdateBackgroundService: next cycle in "01:00:00".
2026-06-17 15:25:19.700 -05:00 [INF] (Thread 65) SelfUpdater: checking for updates. Current version: 0.26.230.591
2026-06-17 15:25:19.888 -05:00 [INF] (Thread 65) SelfUpdater: remote version = 0.26.230.591.
2026-06-17 15:25:19.888 -05:00 [INF] (Thread 65) SelfUpdater: already up to date.
2026-06-17 15:25:19.888 -05:00 [INF] (Thread 65) UpdateOrchestrator: === Update cycle starting ===
2026-06-17 15:25:19.888 -05:00 [INF] (Thread 65) WindowsUpdateWorker: starting update pass.
2026-06-17 15:25:19.888 -05:00 [INF] (Thread 65) WindowsUpdateWorker: verifying PSWindowsUpdate module.
2026-06-17 15:25:19.889 -05:00 [DBG] (Thread 65) WindowsUpdateWorker: running PS script: $ProgressPreference = 'SilentlyContinue'
            $ErrorActionPreference = 'Stop'
            try {
                if (-not (Get-PackageProvider -Name NuGet -ListAvailable -ErrorAction SilentlyContinue)) {
                    Install-PackageProvider -Name NuGet -MinimumVersion 2.8.5.201 -Force -Scope AllUsers | Out-Null
                }
                Set-PSRepository -Name PSGallery -InstallationPolicy Trusted -ErrorAction SilentlyContinue
                if (-not (Get-Module -ListAvailable -Name PSWindowsUpdate -ErrorAction SilentlyContinue)) {
                    Install-Module PSWindowsUpdate -Force -SkipPublisherCheck -Scope AllUsers | Out-Null
                }
                Import-Module PSWindowsUpdate -Force -ErrorAction Stop
                try {
                    Add-WUServiceManager -MicrosoftUpdate -Confirm:$false -ErrorAction SilentlyContinue | Out-Null
                } catch {}
                Write-Output 'OK'
            } catch {
                Write-Output ('ERROR: ' + $_.Exception.Message)
            }
2026-06-17 15:25:31.437 -05:00 [INF] (Thread 68) WindowsUpdateWorker: PSWindowsUpdate module OK.
2026-06-17 15:25:31.438 -05:00 [DBG] (Thread 68) WindowsUpdateWorker: running PS script: Import-Module PSWindowsUpdate -ErrorAction Stop
        $ProgressPreference = 'SilentlyContinue'

        # Force the Windows Update Agent to scan before installing.
        # Fixes 0x80248007 (WU_E_DS_NODATA) on fresh builds or machines
        # whose update data store has not been initialised yet.
        try {
            Start-Process -FilePath 'UsoClient.exe' `
                -ArgumentList 'StartScan' `
                -Wait -NoNewWindow -ErrorAction SilentlyContinue
            Start-Sleep -Seconds 30
        } catch {}

        # 2>&1 merges stderr into the pipeline mixing strings with update
        # objects -- we filter them out in the foreach loop below.
        $rawOutput = Install-WindowsUpdate `
            -MicrosoftUpdate `
            -AcceptAll `
            -IgnoreReboot `
            -Install `
            -ErrorAction Continue 2>&1

        # Use a hashtable keyed on Title to keep only the LAST result per update.
        # PSWindowsUpdate emits objects at multiple pipeline stages (search, download,
        # install); overwriting ensures we capture the final post-install ResultCode
        # rather than an early ResultCode=0 (NotStarted).
        $byKey = @{}

        foreach ($u in $rawOutput) {
            if ($null -eq $u -or $u -isnot [PSObject]) { continue }
            if (-not ($u.PSObject.Properties.Name -contains 'Title')) { continue }
            if ([string]::IsNullOrWhiteSpace($u.Title)) { continue }

            $resultCode = 0
            try { $resultCode = [int]$u.ResultCode } catch { $resultCode = 4 }
            $succeeded = ($resultCode -eq 2 -or $resultCode -eq 3)

            # ResultCode=0 means NotStarted — treat as Skipped, not Failed.
            $status = if ($succeeded) { 'Succeeded' } elseif ($resultCode -eq 0) { 'Skipped' } else { 'Failed' }

            $kb = ''
            try {
                if ($u.KBArticleIDs -and $u.KBArticleIDs.Count -gt 0) {
                    $kb = 'KB' + $u.KBArticleIDs[0]
                }
            } catch {}

            $needsReboot = $false
            try { $needsReboot = [bool]$u.RebootRequired } catch {}

            $byKey[$u.Title] = [PSCustomObject]@{
                Identifier     = $kb
                Title          = [string]$u.Title
                Status         = $status
                ErrorMessage   = if ($succeeded -or $resultCode -eq 0) { '' } else { 'ResultCode=' + $resultCode }
                RebootRequired = $needsReboot
                AttemptedAt    = (Get-Date -Format 'o')
            }
        }

        $results = @($byKey.Values)

        if ($results.Count -eq 0) {
            Write-Output '[]'
        } else {
            $results | ConvertTo-Json -Compress
        }
2026-06-17 15:26:16.628 -05:00 [INF] (Thread 62) WindowsUpdateWorker: no updates installed — system reboot is already pending.
2026-06-17 15:26:16.629 -05:00 [INF] (Thread 62) WindowsUpdateWorker: pass complete. Total=1 Succeeded=1 Failed=0 Skipped=0
2026-06-17 15:26:16.629 -05:00 [INF] (Thread 62) WingetWorker: skipping — last run was 2026-06-11T17:42:33.7339150Z (less than 7 days ago).
2026-06-17 15:26:16.629 -05:00 [INF] (Thread 62) UpdateOrchestrator: cycle complete. Total=1 Succeeded=1 Failed=0 RebootRequired=true
2026-06-17 15:26:16.629 -05:00 [INF] (Thread 62) UpdateOrchestrator: reboot required but last reboot was 16.3 hours ago — skipping notification until 2-day minimum has elapsed.
2026-06-17 15:26:16.629 -05:00 [INF] (Thread 62) UpdateBackgroundService: next cycle in "01:00:00".
2026-06-17 16:26:16.746 -05:00 [INF] (Thread 65) SelfUpdater: checking for updates. Current version: 0.26.230.591
2026-06-17 16:26:17.015 -05:00 [INF] (Thread 65) SelfUpdater: remote version = 0.26.230.591.
2026-06-17 16:26:17.015 -05:00 [INF] (Thread 65) SelfUpdater: already up to date.
2026-06-17 16:26:17.015 -05:00 [INF] (Thread 65) UpdateOrchestrator: === Update cycle starting ===
2026-06-17 16:26:17.015 -05:00 [INF] (Thread 65) WindowsUpdateWorker: starting update pass.
2026-06-17 16:26:17.015 -05:00 [INF] (Thread 65) WindowsUpdateWorker: verifying PSWindowsUpdate module.
2026-06-17 16:26:17.018 -05:00 [DBG] (Thread 65) WindowsUpdateWorker: running PS script: $ProgressPreference = 'SilentlyContinue'
            $ErrorActionPreference = 'Stop'
            try {
                if (-not (Get-PackageProvider -Name NuGet -ListAvailable -ErrorAction SilentlyContinue)) {
                    Install-PackageProvider -Name NuGet -MinimumVersion 2.8.5.201 -Force -Scope AllUsers | Out-Null
                }
                Set-PSRepository -Name PSGallery -InstallationPolicy Trusted -ErrorAction SilentlyContinue
                if (-not (Get-Module -ListAvailable -Name PSWindowsUpdate -ErrorAction SilentlyContinue)) {
                    Install-Module PSWindowsUpdate -Force -SkipPublisherCheck -Scope AllUsers | Out-Null
                }
                Import-Module PSWindowsUpdate -Force -ErrorAction Stop
                try {
                    Add-WUServiceManager -MicrosoftUpdate -Confirm:$false -ErrorAction SilentlyContinue | Out-Null
                } catch {}
                Write-Output 'OK'
            } catch {
                Write-Output ('ERROR: ' + $_.Exception.Message)
            }
2026-06-17 16:26:30.693 -05:00 [INF] (Thread 65) WindowsUpdateWorker: PSWindowsUpdate module OK.
2026-06-17 16:26:30.694 -05:00 [DBG] (Thread 65) WindowsUpdateWorker: running PS script: Import-Module PSWindowsUpdate -ErrorAction Stop
        $ProgressPreference = 'SilentlyContinue'

        # Force the Windows Update Agent to scan before installing.
        # Fixes 0x80248007 (WU_E_DS_NODATA) on fresh builds or machines
        # whose update data store has not been initialised yet.
        try {
            Start-Process -FilePath 'UsoClient.exe' `
                -ArgumentList 'StartScan' `
                -Wait -NoNewWindow -ErrorAction SilentlyContinue
            Start-Sleep -Seconds 30
        } catch {}

        # 2>&1 merges stderr into the pipeline mixing strings with update
        # objects -- we filter them out in the foreach loop below.
        $rawOutput = Install-WindowsUpdate `
            -MicrosoftUpdate `
            -AcceptAll `
            -IgnoreReboot `
            -Install `
            -ErrorAction Continue 2>&1

        # Use a hashtable keyed on Title to keep only the LAST result per update.
        # PSWindowsUpdate emits objects at multiple pipeline stages (search, download,
        # install); overwriting ensures we capture the final post-install ResultCode
        # rather than an early ResultCode=0 (NotStarted).
        $byKey = @{}

        foreach ($u in $rawOutput) {
            if ($null -eq $u -or $u -isnot [PSObject]) { continue }
            if (-not ($u.PSObject.Properties.Name -contains 'Title')) { continue }
            if ([string]::IsNullOrWhiteSpace($u.Title)) { continue }

            $resultCode = 0
            try { $resultCode = [int]$u.ResultCode } catch { $resultCode = 4 }
            $succeeded = ($resultCode -eq 2 -or $resultCode -eq 3)

            # ResultCode=0 means NotStarted — treat as Skipped, not Failed.
            $status = if ($succeeded) { 'Succeeded' } elseif ($resultCode -eq 0) { 'Skipped' } else { 'Failed' }

            $kb = ''
            try {
                if ($u.KBArticleIDs -and $u.KBArticleIDs.Count -gt 0) {
                    $kb = 'KB' + $u.KBArticleIDs[0]
                }
            } catch {}

            $needsReboot = $false
            try { $needsReboot = [bool]$u.RebootRequired } catch {}

            $byKey[$u.Title] = [PSCustomObject]@{
                Identifier     = $kb
                Title          = [string]$u.Title
                Status         = $status
                ErrorMessage   = if ($succeeded -or $resultCode -eq 0) { '' } else { 'ResultCode=' + $resultCode }
                RebootRequired = $needsReboot
                AttemptedAt    = (Get-Date -Format 'o')
            }
        }

        $results = @($byKey.Values)

        if ($results.Count -eq 0) {
            Write-Output '[]'
        } else {
            $results | ConvertTo-Json -Compress
        }
2026-06-17 16:27:13.577 -05:00 [INF] (Thread 69) WindowsUpdateWorker: no updates installed — system reboot is already pending.
2026-06-17 16:27:13.577 -05:00 [INF] (Thread 69) WindowsUpdateWorker: pass complete. Total=1 Succeeded=1 Failed=0 Skipped=0
2026-06-17 16:27:13.578 -05:00 [INF] (Thread 69) WingetWorker: skipping — last run was 2026-06-11T17:42:33.7339150Z (less than 7 days ago).
2026-06-17 16:27:13.578 -05:00 [INF] (Thread 69) UpdateOrchestrator: cycle complete. Total=1 Succeeded=1 Failed=0 RebootRequired=true
2026-06-17 16:27:13.578 -05:00 [INF] (Thread 69) UpdateOrchestrator: reboot required but last reboot was 17.4 hours ago — skipping notification until 2-day minimum has elapsed.
2026-06-17 16:27:13.578 -05:00 [INF] (Thread 69) UpdateBackgroundService: next cycle in "01:00:00".
2026-06-17 17:27:13.642 -05:00 [INF] (Thread 73) SelfUpdater: checking for updates. Current version: 0.26.230.591
2026-06-17 17:27:13.793 -05:00 [INF] (Thread 73) SelfUpdater: remote version = 0.26.230.591.
2026-06-17 17:27:13.793 -05:00 [INF] (Thread 73) SelfUpdater: already up to date.
2026-06-17 17:27:13.793 -05:00 [INF] (Thread 73) UpdateOrchestrator: === Update cycle starting ===
2026-06-17 17:27:13.793 -05:00 [INF] (Thread 73) WindowsUpdateWorker: starting update pass.
2026-06-17 17:27:13.793 -05:00 [INF] (Thread 73) WindowsUpdateWorker: verifying PSWindowsUpdate module.
2026-06-17 17:27:13.795 -05:00 [DBG] (Thread 73) WindowsUpdateWorker: running PS script: $ProgressPreference = 'SilentlyContinue'
            $ErrorActionPreference = 'Stop'
            try {
                if (-not (Get-PackageProvider -Name NuGet -ListAvailable -ErrorAction SilentlyContinue)) {
                    Install-PackageProvider -Name NuGet -MinimumVersion 2.8.5.201 -Force -Scope AllUsers | Out-Null
                }
                Set-PSRepository -Name PSGallery -InstallationPolicy Trusted -ErrorAction SilentlyContinue
                if (-not (Get-Module -ListAvailable -Name PSWindowsUpdate -ErrorAction SilentlyContinue)) {
                    Install-Module PSWindowsUpdate -Force -SkipPublisherCheck -Scope AllUsers | Out-Null
                }
                Import-Module PSWindowsUpdate -Force -ErrorAction Stop
                try {
                    Add-WUServiceManager -MicrosoftUpdate -Confirm:$false -ErrorAction SilentlyContinue | Out-Null
                } catch {}
                Write-Output 'OK'
            } catch {
                Write-Output ('ERROR: ' + $_.Exception.Message)
            }
2026-06-17 17:27:25.485 -05:00 [INF] (Thread 74) WindowsUpdateWorker: PSWindowsUpdate module OK.
2026-06-17 17:27:25.487 -05:00 [DBG] (Thread 74) WindowsUpdateWorker: running PS script: Import-Module PSWindowsUpdate -ErrorAction Stop
        $ProgressPreference = 'SilentlyContinue'

        # Force the Windows Update Agent to scan before installing.
        # Fixes 0x80248007 (WU_E_DS_NODATA) on fresh builds or machines
        # whose update data store has not been initialised yet.
        try {
            Start-Process -FilePath 'UsoClient.exe' `
                -ArgumentList 'StartScan' `
                -Wait -NoNewWindow -ErrorAction SilentlyContinue
            Start-Sleep -Seconds 30
        } catch {}

        # 2>&1 merges stderr into the pipeline mixing strings with update
        # objects -- we filter them out in the foreach loop below.
        $rawOutput = Install-WindowsUpdate `
            -MicrosoftUpdate `
            -AcceptAll `
            -IgnoreReboot `
            -Install `
            -ErrorAction Continue 2>&1

        # Use a hashtable keyed on Title to keep only the LAST result per update.
        # PSWindowsUpdate emits objects at multiple pipeline stages (search, download,
        # install); overwriting ensures we capture the final post-install ResultCode
        # rather than an early ResultCode=0 (NotStarted).
        $byKey = @{}

        foreach ($u in $rawOutput) {
            if ($null -eq $u -or $u -isnot [PSObject]) { continue }
            if (-not ($u.PSObject.Properties.Name -contains 'Title')) { continue }
            if ([string]::IsNullOrWhiteSpace($u.Title)) { continue }

            $resultCode = 0
            try { $resultCode = [int]$u.ResultCode } catch { $resultCode = 4 }
            $succeeded = ($resultCode -eq 2 -or $resultCode -eq 3)

            # ResultCode=0 means NotStarted — treat as Skipped, not Failed.
            $status = if ($succeeded) { 'Succeeded' } elseif ($resultCode -eq 0) { 'Skipped' } else { 'Failed' }

            $kb = ''
            try {
                if ($u.KBArticleIDs -and $u.KBArticleIDs.Count -gt 0) {
                    $kb = 'KB' + $u.KBArticleIDs[0]
                }
            } catch {}

            $needsReboot = $false
            try { $needsReboot = [bool]$u.RebootRequired } catch {}

            $byKey[$u.Title] = [PSCustomObject]@{
                Identifier     = $kb
                Title          = [string]$u.Title
                Status         = $status
                ErrorMessage   = if ($succeeded -or $resultCode -eq 0) { '' } else { 'ResultCode=' + $resultCode }
                RebootRequired = $needsReboot
                AttemptedAt    = (Get-Date -Format 'o')
            }
        }

        $results = @($byKey.Values)

        if ($results.Count -eq 0) {
            Write-Output '[]'
        } else {
            $results | ConvertTo-Json -Compress
        }
2026-06-17 17:28:10.205 -05:00 [INF] (Thread 76) WindowsUpdateWorker: no updates installed — system reboot is already pending.
2026-06-17 17:28:10.205 -05:00 [INF] (Thread 76) WindowsUpdateWorker: pass complete. Total=1 Succeeded=1 Failed=0 Skipped=0
2026-06-17 17:28:10.205 -05:00 [INF] (Thread 76) WingetWorker: skipping — last run was 2026-06-11T17:42:33.7339150Z (less than 7 days ago).
2026-06-17 17:28:10.205 -05:00 [INF] (Thread 76) UpdateOrchestrator: cycle complete. Total=1 Succeeded=1 Failed=0 RebootRequired=true
2026-06-17 17:28:10.205 -05:00 [INF] (Thread 76) UpdateOrchestrator: reboot required but last reboot was 18.4 hours ago — skipping notification until 2-day minimum has elapsed.
2026-06-17 17:28:10.205 -05:00 [INF] (Thread 76) UpdateBackgroundService: next cycle in "01:00:00".
2026-06-17 18:28:10.274 -05:00 [INF] (Thread 76) SelfUpdater: checking for updates. Current version: 0.26.230.591
2026-06-17 18:28:10.399 -05:00 [INF] (Thread 73) SelfUpdater: remote version = 0.26.230.591.
2026-06-17 18:28:10.399 -05:00 [INF] (Thread 73) SelfUpdater: already up to date.
2026-06-17 18:28:10.399 -05:00 [INF] (Thread 73) UpdateOrchestrator: === Update cycle starting ===
2026-06-17 18:28:10.399 -05:00 [INF] (Thread 73) WindowsUpdateWorker: starting update pass.
2026-06-17 18:28:10.399 -05:00 [INF] (Thread 73) WindowsUpdateWorker: verifying PSWindowsUpdate module.
2026-06-17 18:28:10.405 -05:00 [DBG] (Thread 73) WindowsUpdateWorker: running PS script: $ProgressPreference = 'SilentlyContinue'
            $ErrorActionPreference = 'Stop'
            try {
                if (-not (Get-PackageProvider -Name NuGet -ListAvailable -ErrorAction SilentlyContinue)) {
                    Install-PackageProvider -Name NuGet -MinimumVersion 2.8.5.201 -Force -Scope AllUsers | Out-Null
                }
                Set-PSRepository -Name PSGallery -InstallationPolicy Trusted -ErrorAction SilentlyContinue
                if (-not (Get-Module -ListAvailable -Name PSWindowsUpdate -ErrorAction SilentlyContinue)) {
                    Install-Module PSWindowsUpdate -Force -SkipPublisherCheck -Scope AllUsers | Out-Null
                }
                Import-Module PSWindowsUpdate -Force -ErrorAction Stop
                try {
                    Add-WUServiceManager -MicrosoftUpdate -Confirm:$false -ErrorAction SilentlyContinue | Out-Null
                } catch {}
                Write-Output 'OK'
            } catch {
                Write-Output ('ERROR: ' + $_.Exception.Message)
            }
2026-06-17 18:28:23.908 -05:00 [INF] (Thread 73) WindowsUpdateWorker: PSWindowsUpdate module OK.
2026-06-17 18:28:23.909 -05:00 [DBG] (Thread 73) WindowsUpdateWorker: running PS script: Import-Module PSWindowsUpdate -ErrorAction Stop
        $ProgressPreference = 'SilentlyContinue'

        # Force the Windows Update Agent to scan before installing.
        # Fixes 0x80248007 (WU_E_DS_NODATA) on fresh builds or machines
        # whose update data store has not been initialised yet.
        try {
            Start-Process -FilePath 'UsoClient.exe' `
                -ArgumentList 'StartScan' `
                -Wait -NoNewWindow -ErrorAction SilentlyContinue
            Start-Sleep -Seconds 30
        } catch {}

        # 2>&1 merges stderr into the pipeline mixing strings with update
        # objects -- we filter them out in the foreach loop below.
        $rawOutput = Install-WindowsUpdate `
            -MicrosoftUpdate `
            -AcceptAll `
            -IgnoreReboot `
            -Install `
            -ErrorAction Continue 2>&1

        # Use a hashtable keyed on Title to keep only the LAST result per update.
        # PSWindowsUpdate emits objects at multiple pipeline stages (search, download,
        # install); overwriting ensures we capture the final post-install ResultCode
        # rather than an early ResultCode=0 (NotStarted).
        $byKey = @{}

        foreach ($u in $rawOutput) {
            if ($null -eq $u -or $u -isnot [PSObject]) { continue }
            if (-not ($u.PSObject.Properties.Name -contains 'Title')) { continue }
            if ([string]::IsNullOrWhiteSpace($u.Title)) { continue }

            $resultCode = 0
            try { $resultCode = [int]$u.ResultCode } catch { $resultCode = 4 }
            $succeeded = ($resultCode -eq 2 -or $resultCode -eq 3)

            # ResultCode=0 means NotStarted — treat as Skipped, not Failed.
            $status = if ($succeeded) { 'Succeeded' } elseif ($resultCode -eq 0) { 'Skipped' } else { 'Failed' }

            $kb = ''
            try {
                if ($u.KBArticleIDs -and $u.KBArticleIDs.Count -gt 0) {
                    $kb = 'KB' + $u.KBArticleIDs[0]
                }
            } catch {}

            $needsReboot = $false
            try { $needsReboot = [bool]$u.RebootRequired } catch {}

            $byKey[$u.Title] = [PSCustomObject]@{
                Identifier     = $kb
                Title          = [string]$u.Title
                Status         = $status
                ErrorMessage   = if ($succeeded -or $resultCode -eq 0) { '' } else { 'ResultCode=' + $resultCode }
                RebootRequired = $needsReboot
                AttemptedAt    = (Get-Date -Format 'o')
            }
        }

        $results = @($byKey.Values)

        if ($results.Count -eq 0) {
            Write-Output '[]'
        } else {
            $results | ConvertTo-Json -Compress
        }
2026-06-17 18:29:07.769 -05:00 [INF] (Thread 73) WindowsUpdateWorker: no updates installed — system reboot is already pending.
2026-06-17 18:29:07.769 -05:00 [INF] (Thread 73) WindowsUpdateWorker: pass complete. Total=1 Succeeded=1 Failed=0 Skipped=0
2026-06-17 18:29:07.769 -05:00 [INF] (Thread 73) WingetWorker: skipping — last run was 2026-06-11T17:42:33.7339150Z (less than 7 days ago).
2026-06-17 18:29:07.769 -05:00 [INF] (Thread 73) UpdateOrchestrator: cycle complete. Total=1 Succeeded=1 Failed=0 RebootRequired=true
2026-06-17 18:29:07.769 -05:00 [INF] (Thread 73) UpdateOrchestrator: reboot required but last reboot was 19.4 hours ago — skipping notification until 2-day minimum has elapsed.
2026-06-17 18:29:07.769 -05:00 [INF] (Thread 73) UpdateBackgroundService: next cycle in "01:00:00".
2026-06-17 19:29:07.848 -05:00 [INF] (Thread 79) SelfUpdater: checking for updates. Current version: 0.26.230.591
2026-06-17 19:29:07.928 -05:00 [INF] (Thread 79) SelfUpdater: remote version = 0.26.230.591.
2026-06-17 19:29:07.928 -05:00 [INF] (Thread 79) SelfUpdater: already up to date.
2026-06-17 19:29:07.928 -05:00 [INF] (Thread 79) UpdateOrchestrator: === Update cycle starting ===
2026-06-17 19:29:07.928 -05:00 [INF] (Thread 79) WindowsUpdateWorker: starting update pass.
2026-06-17 19:29:07.928 -05:00 [INF] (Thread 79) WindowsUpdateWorker: verifying PSWindowsUpdate module.
2026-06-17 19:29:07.929 -05:00 [DBG] (Thread 79) WindowsUpdateWorker: running PS script: $ProgressPreference = 'SilentlyContinue'
            $ErrorActionPreference = 'Stop'
            try {
                if (-not (Get-PackageProvider -Name NuGet -ListAvailable -ErrorAction SilentlyContinue)) {
                    Install-PackageProvider -Name NuGet -MinimumVersion 2.8.5.201 -Force -Scope AllUsers | Out-Null
                }
                Set-PSRepository -Name PSGallery -InstallationPolicy Trusted -ErrorAction SilentlyContinue
                if (-not (Get-Module -ListAvailable -Name PSWindowsUpdate -ErrorAction SilentlyContinue)) {
                    Install-Module PSWindowsUpdate -Force -SkipPublisherCheck -Scope AllUsers | Out-Null
                }
                Import-Module PSWindowsUpdate -Force -ErrorAction Stop
                try {
                    Add-WUServiceManager -MicrosoftUpdate -Confirm:$false -ErrorAction SilentlyContinue | Out-Null
                } catch {}
                Write-Output 'OK'
            } catch {
                Write-Output ('ERROR: ' + $_.Exception.Message)
            }
2026-06-17 19:29:19.664 -05:00 [INF] (Thread 83) WindowsUpdateWorker: PSWindowsUpdate module OK.
2026-06-17 19:29:19.665 -05:00 [DBG] (Thread 83) WindowsUpdateWorker: running PS script: Import-Module PSWindowsUpdate -ErrorAction Stop
        $ProgressPreference = 'SilentlyContinue'

        # Force the Windows Update Agent to scan before installing.
        # Fixes 0x80248007 (WU_E_DS_NODATA) on fresh builds or machines
        # whose update data store has not been initialised yet.
        try {
            Start-Process -FilePath 'UsoClient.exe' `
                -ArgumentList 'StartScan' `
                -Wait -NoNewWindow -ErrorAction SilentlyContinue
            Start-Sleep -Seconds 30
        } catch {}

        # 2>&1 merges stderr into the pipeline mixing strings with update
        # objects -- we filter them out in the foreach loop below.
        $rawOutput = Install-WindowsUpdate `
            -MicrosoftUpdate `
            -AcceptAll `
            -IgnoreReboot `
            -Install `
            -ErrorAction Continue 2>&1

        # Use a hashtable keyed on Title to keep only the LAST result per update.
        # PSWindowsUpdate emits objects at multiple pipeline stages (search, download,
        # install); overwriting ensures we capture the final post-install ResultCode
        # rather than an early ResultCode=0 (NotStarted).
        $byKey = @{}

        foreach ($u in $rawOutput) {
            if ($null -eq $u -or $u -isnot [PSObject]) { continue }
            if (-not ($u.PSObject.Properties.Name -contains 'Title')) { continue }
            if ([string]::IsNullOrWhiteSpace($u.Title)) { continue }

            $resultCode = 0
            try { $resultCode = [int]$u.ResultCode } catch { $resultCode = 4 }
            $succeeded = ($resultCode -eq 2 -or $resultCode -eq 3)

            # ResultCode=0 means NotStarted — treat as Skipped, not Failed.
            $status = if ($succeeded) { 'Succeeded' } elseif ($resultCode -eq 0) { 'Skipped' } else { 'Failed' }

            $kb = ''
            try {
                if ($u.KBArticleIDs -and $u.KBArticleIDs.Count -gt 0) {
                    $kb = 'KB' + $u.KBArticleIDs[0]
                }
            } catch {}

            $needsReboot = $false
            try { $needsReboot = [bool]$u.RebootRequired } catch {}

            $byKey[$u.Title] = [PSCustomObject]@{
                Identifier     = $kb
                Title          = [string]$u.Title
                Status         = $status
                ErrorMessage   = if ($succeeded -or $resultCode -eq 0) { '' } else { 'ResultCode=' + $resultCode }
                RebootRequired = $needsReboot
                AttemptedAt    = (Get-Date -Format 'o')
            }
        }

        $results = @($byKey.Values)

        if ($results.Count -eq 0) {
            Write-Output '[]'
        } else {
            $results | ConvertTo-Json -Compress
        }
2026-06-17 19:30:02.822 -05:00 [INF] (Thread 79) WindowsUpdateWorker: no updates installed — system reboot is already pending.
2026-06-17 19:30:02.822 -05:00 [INF] (Thread 79) WindowsUpdateWorker: pass complete. Total=1 Succeeded=1 Failed=0 Skipped=0
2026-06-17 19:30:02.823 -05:00 [INF] (Thread 79) WingetWorker: skipping — last run was 2026-06-11T17:42:33.7339150Z (less than 7 days ago).
2026-06-17 19:30:02.823 -05:00 [INF] (Thread 79) UpdateOrchestrator: cycle complete. Total=1 Succeeded=1 Failed=0 RebootRequired=true
2026-06-17 19:30:02.823 -05:00 [INF] (Thread 79) UpdateOrchestrator: reboot required but last reboot was 20.4 hours ago — skipping notification until 2-day minimum has elapsed.
2026-06-17 19:30:02.823 -05:00 [INF] (Thread 79) UpdateBackgroundService: next cycle in "01:00:00".
2026-06-17 20:30:02.878 -05:00 [INF] (Thread 81) SelfUpdater: checking for updates. Current version: 0.26.230.591
2026-06-17 20:30:03.031 -05:00 [INF] (Thread 79) SelfUpdater: remote version = 0.26.230.591.
2026-06-17 20:30:03.031 -05:00 [INF] (Thread 79) SelfUpdater: already up to date.
2026-06-17 20:30:03.032 -05:00 [INF] (Thread 79) UpdateOrchestrator: === Update cycle starting ===
2026-06-17 20:30:03.032 -05:00 [INF] (Thread 79) WindowsUpdateWorker: starting update pass.
2026-06-17 20:30:03.032 -05:00 [INF] (Thread 79) WindowsUpdateWorker: verifying PSWindowsUpdate module.
2026-06-17 20:30:03.034 -05:00 [DBG] (Thread 79) WindowsUpdateWorker: running PS script: $ProgressPreference = 'SilentlyContinue'
            $ErrorActionPreference = 'Stop'
            try {
                if (-not (Get-PackageProvider -Name NuGet -ListAvailable -ErrorAction SilentlyContinue)) {
                    Install-PackageProvider -Name NuGet -MinimumVersion 2.8.5.201 -Force -Scope AllUsers | Out-Null
                }
                Set-PSRepository -Name PSGallery -InstallationPolicy Trusted -ErrorAction SilentlyContinue
                if (-not (Get-Module -ListAvailable -Name PSWindowsUpdate -ErrorAction SilentlyContinue)) {
                    Install-Module PSWindowsUpdate -Force -SkipPublisherCheck -Scope AllUsers | Out-Null
                }
                Import-Module PSWindowsUpdate -Force -ErrorAction Stop
                try {
                    Add-WUServiceManager -MicrosoftUpdate -Confirm:$false -ErrorAction SilentlyContinue | Out-Null
                } catch {}
                Write-Output 'OK'
            } catch {
                Write-Output ('ERROR: ' + $_.Exception.Message)
            }
2026-06-17 20:30:17.158 -05:00 [INF] (Thread 81) WindowsUpdateWorker: PSWindowsUpdate module OK.
2026-06-17 20:30:17.159 -05:00 [DBG] (Thread 81) WindowsUpdateWorker: running PS script: Import-Module PSWindowsUpdate -ErrorAction Stop
        $ProgressPreference = 'SilentlyContinue'

        # Force the Windows Update Agent to scan before installing.
        # Fixes 0x80248007 (WU_E_DS_NODATA) on fresh builds or machines
        # whose update data store has not been initialised yet.
        try {
            Start-Process -FilePath 'UsoClient.exe' `
                -ArgumentList 'StartScan' `
                -Wait -NoNewWindow -ErrorAction SilentlyContinue
            Start-Sleep -Seconds 30
        } catch {}

        # 2>&1 merges stderr into the pipeline mixing strings with update
        # objects -- we filter them out in the foreach loop below.
        $rawOutput = Install-WindowsUpdate `
            -MicrosoftUpdate `
            -AcceptAll `
            -IgnoreReboot `
            -Install `
            -ErrorAction Continue 2>&1

        # Use a hashtable keyed on Title to keep only the LAST result per update.
        # PSWindowsUpdate emits objects at multiple pipeline stages (search, download,
        # install); overwriting ensures we capture the final post-install ResultCode
        # rather than an early ResultCode=0 (NotStarted).
        $byKey = @{}

        foreach ($u in $rawOutput) {
            if ($null -eq $u -or $u -isnot [PSObject]) { continue }
            if (-not ($u.PSObject.Properties.Name -contains 'Title')) { continue }
            if ([string]::IsNullOrWhiteSpace($u.Title)) { continue }

            $resultCode = 0
            try { $resultCode = [int]$u.ResultCode } catch { $resultCode = 4 }
            $succeeded = ($resultCode -eq 2 -or $resultCode -eq 3)

            # ResultCode=0 means NotStarted — treat as Skipped, not Failed.
            $status = if ($succeeded) { 'Succeeded' } elseif ($resultCode -eq 0) { 'Skipped' } else { 'Failed' }

            $kb = ''
            try {
                if ($u.KBArticleIDs -and $u.KBArticleIDs.Count -gt 0) {
                    $kb = 'KB' + $u.KBArticleIDs[0]
                }
            } catch {}

            $needsReboot = $false
            try { $needsReboot = [bool]$u.RebootRequired } catch {}

            $byKey[$u.Title] = [PSCustomObject]@{
                Identifier     = $kb
                Title          = [string]$u.Title
                Status         = $status
                ErrorMessage   = if ($succeeded -or $resultCode -eq 0) { '' } else { 'ResultCode=' + $resultCode }
                RebootRequired = $needsReboot
                AttemptedAt    = (Get-Date -Format 'o')
            }
        }

        $results = @($byKey.Values)

        if ($results.Count -eq 0) {
            Write-Output '[]'
        } else {
            $results | ConvertTo-Json -Compress
        }
2026-06-17 20:30:59.629 -05:00 [INF] (Thread 81) WindowsUpdateWorker: no updates installed — system reboot is already pending.
2026-06-17 20:30:59.629 -05:00 [INF] (Thread 81) WindowsUpdateWorker: pass complete. Total=1 Succeeded=1 Failed=0 Skipped=0
2026-06-17 20:30:59.629 -05:00 [INF] (Thread 81) WingetWorker: skipping — last run was 2026-06-11T17:42:33.7339150Z (less than 7 days ago).
2026-06-17 20:30:59.630 -05:00 [INF] (Thread 81) UpdateOrchestrator: cycle complete. Total=1 Succeeded=1 Failed=0 RebootRequired=true
2026-06-17 20:30:59.630 -05:00 [INF] (Thread 81) UpdateOrchestrator: reboot required but last reboot was 21.4 hours ago — skipping notification until 2-day minimum has elapsed.
2026-06-17 20:30:59.630 -05:00 [INF] (Thread 81) UpdateBackgroundService: next cycle in "01:00:00".
2026-06-17 21:30:59.727 -05:00 [INF] (Thread 81) SelfUpdater: checking for updates. Current version: 0.26.230.591
2026-06-17 21:30:59.943 -05:00 [INF] (Thread 81) SelfUpdater: remote version = 0.26.230.591.
2026-06-17 21:30:59.943 -05:00 [INF] (Thread 81) SelfUpdater: already up to date.
2026-06-17 21:30:59.943 -05:00 [INF] (Thread 81) UpdateOrchestrator: === Update cycle starting ===
2026-06-17 21:30:59.943 -05:00 [INF] (Thread 81) WindowsUpdateWorker: starting update pass.
2026-06-17 21:30:59.943 -05:00 [INF] (Thread 81) WindowsUpdateWorker: verifying PSWindowsUpdate module.
2026-06-17 21:30:59.946 -05:00 [DBG] (Thread 81) WindowsUpdateWorker: running PS script: $ProgressPreference = 'SilentlyContinue'
            $ErrorActionPreference = 'Stop'
            try {
                if (-not (Get-PackageProvider -Name NuGet -ListAvailable -ErrorAction SilentlyContinue)) {
                    Install-PackageProvider -Name NuGet -MinimumVersion 2.8.5.201 -Force -Scope AllUsers | Out-Null
                }
                Set-PSRepository -Name PSGallery -InstallationPolicy Trusted -ErrorAction SilentlyContinue
                if (-not (Get-Module -ListAvailable -Name PSWindowsUpdate -ErrorAction SilentlyContinue)) {
                    Install-Module PSWindowsUpdate -Force -SkipPublisherCheck -Scope AllUsers | Out-Null
                }
                Import-Module PSWindowsUpdate -Force -ErrorAction Stop
                try {
                    Add-WUServiceManager -MicrosoftUpdate -Confirm:$false -ErrorAction SilentlyContinue | Out-Null
                } catch {}
                Write-Output 'OK'
            } catch {
                Write-Output ('ERROR: ' + $_.Exception.Message)
            }
2026-06-17 21:31:12.280 -05:00 [INF] (Thread 81) WindowsUpdateWorker: PSWindowsUpdate module OK.
2026-06-17 21:31:12.281 -05:00 [DBG] (Thread 81) WindowsUpdateWorker: running PS script: Import-Module PSWindowsUpdate -ErrorAction Stop
        $ProgressPreference = 'SilentlyContinue'

        # Force the Windows Update Agent to scan before installing.
        # Fixes 0x80248007 (WU_E_DS_NODATA) on fresh builds or machines
        # whose update data store has not been initialised yet.
        try {
            Start-Process -FilePath 'UsoClient.exe' `
                -ArgumentList 'StartScan' `
                -Wait -NoNewWindow -ErrorAction SilentlyContinue
            Start-Sleep -Seconds 30
        } catch {}

        # 2>&1 merges stderr into the pipeline mixing strings with update
        # objects -- we filter them out in the foreach loop below.
        $rawOutput = Install-WindowsUpdate `
            -MicrosoftUpdate `
            -AcceptAll `
            -IgnoreReboot `
            -Install `
            -ErrorAction Continue 2>&1

        # Use a hashtable keyed on Title to keep only the LAST result per update.
        # PSWindowsUpdate emits objects at multiple pipeline stages (search, download,
        # install); overwriting ensures we capture the final post-install ResultCode
        # rather than an early ResultCode=0 (NotStarted).
        $byKey = @{}

        foreach ($u in $rawOutput) {
            if ($null -eq $u -or $u -isnot [PSObject]) { continue }
            if (-not ($u.PSObject.Properties.Name -contains 'Title')) { continue }
            if ([string]::IsNullOrWhiteSpace($u.Title)) { continue }

            $resultCode = 0
            try { $resultCode = [int]$u.ResultCode } catch { $resultCode = 4 }
            $succeeded = ($resultCode -eq 2 -or $resultCode -eq 3)

            # ResultCode=0 means NotStarted — treat as Skipped, not Failed.
            $status = if ($succeeded) { 'Succeeded' } elseif ($resultCode -eq 0) { 'Skipped' } else { 'Failed' }

            $kb = ''
            try {
                if ($u.KBArticleIDs -and $u.KBArticleIDs.Count -gt 0) {
                    $kb = 'KB' + $u.KBArticleIDs[0]
                }
            } catch {}

            $needsReboot = $false
            try { $needsReboot = [bool]$u.RebootRequired } catch {}

            $byKey[$u.Title] = [PSCustomObject]@{
                Identifier     = $kb
                Title          = [string]$u.Title
                Status         = $status
                ErrorMessage   = if ($succeeded -or $resultCode -eq 0) { '' } else { 'ResultCode=' + $resultCode }
                RebootRequired = $needsReboot
                AttemptedAt    = (Get-Date -Format 'o')
            }
        }

        $results = @($byKey.Values)

        if ($results.Count -eq 0) {
            Write-Output '[]'
        } else {
            $results | ConvertTo-Json -Compress
        }
2026-06-17 21:32:03.791 -05:00 [INF] (Thread 82) WindowsUpdateWorker: no updates installed — system reboot is already pending.
2026-06-17 21:32:03.791 -05:00 [INF] (Thread 82) WindowsUpdateWorker: pass complete. Total=1 Succeeded=1 Failed=0 Skipped=0
2026-06-17 21:32:03.791 -05:00 [INF] (Thread 82) WingetWorker: skipping — last run was 2026-06-11T17:42:33.7339150Z (less than 7 days ago).
2026-06-17 21:32:03.791 -05:00 [INF] (Thread 82) UpdateOrchestrator: cycle complete. Total=1 Succeeded=1 Failed=0 RebootRequired=true
2026-06-17 21:32:03.791 -05:00 [INF] (Thread 82) UpdateOrchestrator: reboot required but last reboot was 22.4 hours ago — skipping notification until 2-day minimum has elapsed.
2026-06-17 21:32:03.791 -05:00 [INF] (Thread 82) UpdateBackgroundService: next cycle in "01:00:00".
2026-06-17 22:32:03.844 -05:00 [INF] (Thread 81) SelfUpdater: checking for updates. Current version: 0.26.230.591
2026-06-17 22:32:03.975 -05:00 [INF] (Thread 81) SelfUpdater: remote version = 0.26.230.591.
2026-06-17 22:32:03.975 -05:00 [INF] (Thread 81) SelfUpdater: already up to date.
2026-06-17 22:32:03.975 -05:00 [INF] (Thread 81) UpdateOrchestrator: === Update cycle starting ===
2026-06-17 22:32:03.975 -05:00 [INF] (Thread 81) WindowsUpdateWorker: starting update pass.
2026-06-17 22:32:03.975 -05:00 [INF] (Thread 81) WindowsUpdateWorker: verifying PSWindowsUpdate module.
2026-06-17 22:32:03.982 -05:00 [DBG] (Thread 81) WindowsUpdateWorker: running PS script: $ProgressPreference = 'SilentlyContinue'
            $ErrorActionPreference = 'Stop'
            try {
                if (-not (Get-PackageProvider -Name NuGet -ListAvailable -ErrorAction SilentlyContinue)) {
                    Install-PackageProvider -Name NuGet -MinimumVersion 2.8.5.201 -Force -Scope AllUsers | Out-Null
                }
                Set-PSRepository -Name PSGallery -InstallationPolicy Trusted -ErrorAction SilentlyContinue
                if (-not (Get-Module -ListAvailable -Name PSWindowsUpdate -ErrorAction SilentlyContinue)) {
                    Install-Module PSWindowsUpdate -Force -SkipPublisherCheck -Scope AllUsers | Out-Null
                }
                Import-Module PSWindowsUpdate -Force -ErrorAction Stop
                try {
                    Add-WUServiceManager -MicrosoftUpdate -Confirm:$false -ErrorAction SilentlyContinue | Out-Null
                } catch {}
                Write-Output 'OK'
            } catch {
                Write-Output ('ERROR: ' + $_.Exception.Message)
            }
2026-06-17 22:32:21.433 -05:00 [INF] (Thread 81) WindowsUpdateWorker: PSWindowsUpdate module OK.
2026-06-17 22:32:21.434 -05:00 [DBG] (Thread 81) WindowsUpdateWorker: running PS script: Import-Module PSWindowsUpdate -ErrorAction Stop
        $ProgressPreference = 'SilentlyContinue'

        # Force the Windows Update Agent to scan before installing.
        # Fixes 0x80248007 (WU_E_DS_NODATA) on fresh builds or machines
        # whose update data store has not been initialised yet.
        try {
            Start-Process -FilePath 'UsoClient.exe' `
                -ArgumentList 'StartScan' `
                -Wait -NoNewWindow -ErrorAction SilentlyContinue
            Start-Sleep -Seconds 30
        } catch {}

        # 2>&1 merges stderr into the pipeline mixing strings with update
        # objects -- we filter them out in the foreach loop below.
        $rawOutput = Install-WindowsUpdate `
            -MicrosoftUpdate `
            -AcceptAll `
            -IgnoreReboot `
            -Install `
            -ErrorAction Continue 2>&1

        # Use a hashtable keyed on Title to keep only the LAST result per update.
        # PSWindowsUpdate emits objects at multiple pipeline stages (search, download,
        # install); overwriting ensures we capture the final post-install ResultCode
        # rather than an early ResultCode=0 (NotStarted).
        $byKey = @{}

        foreach ($u in $rawOutput) {
            if ($null -eq $u -or $u -isnot [PSObject]) { continue }
            if (-not ($u.PSObject.Properties.Name -contains 'Title')) { continue }
            if ([string]::IsNullOrWhiteSpace($u.Title)) { continue }

            $resultCode = 0
            try { $resultCode = [int]$u.ResultCode } catch { $resultCode = 4 }
            $succeeded = ($resultCode -eq 2 -or $resultCode -eq 3)

            # ResultCode=0 means NotStarted — treat as Skipped, not Failed.
            $status = if ($succeeded) { 'Succeeded' } elseif ($resultCode -eq 0) { 'Skipped' } else { 'Failed' }

            $kb = ''
            try {
                if ($u.KBArticleIDs -and $u.KBArticleIDs.Count -gt 0) {
                    $kb = 'KB' + $u.KBArticleIDs[0]
                }
            } catch {}

            $needsReboot = $false
            try { $needsReboot = [bool]$u.RebootRequired } catch {}

            $byKey[$u.Title] = [PSCustomObject]@{
                Identifier     = $kb
                Title          = [string]$u.Title
                Status         = $status
                ErrorMessage   = if ($succeeded -or $resultCode -eq 0) { '' } else { 'ResultCode=' + $resultCode }
                RebootRequired = $needsReboot
                AttemptedAt    = (Get-Date -Format 'o')
            }
        }

        $results = @($byKey.Values)

        if ($results.Count -eq 0) {
            Write-Output '[]'
        } else {
            $results | ConvertTo-Json -Compress
        }
2026-06-17 22:33:06.151 -05:00 [INF] (Thread 76) WindowsUpdateWorker: no updates installed — system reboot is already pending.
2026-06-17 22:33:06.151 -05:00 [INF] (Thread 76) WindowsUpdateWorker: pass complete. Total=1 Succeeded=1 Failed=0 Skipped=0
2026-06-17 22:33:06.151 -05:00 [INF] (Thread 76) WingetWorker: skipping — last run was 2026-06-11T17:42:33.7339150Z (less than 7 days ago).
2026-06-17 22:33:06.151 -05:00 [INF] (Thread 76) UpdateOrchestrator: cycle complete. Total=1 Succeeded=1 Failed=0 RebootRequired=true
2026-06-17 22:33:06.151 -05:00 [INF] (Thread 76) UpdateOrchestrator: reboot required but last reboot was 23.5 hours ago — skipping notification until 2-day minimum has elapsed.
2026-06-17 22:33:06.151 -05:00 [INF] (Thread 76) UpdateBackgroundService: next cycle in "01:00:00".
2026-06-17 23:33:06.253 -05:00 [INF] (Thread 78) SelfUpdater: checking for updates. Current version: 0.26.230.591
2026-06-17 23:33:06.437 -05:00 [INF] (Thread 78) SelfUpdater: remote version = 0.26.230.591.
2026-06-17 23:33:06.437 -05:00 [INF] (Thread 78) SelfUpdater: already up to date.
2026-06-17 23:33:06.437 -05:00 [INF] (Thread 78) UpdateOrchestrator: === Update cycle starting ===
2026-06-17 23:33:06.437 -05:00 [INF] (Thread 78) WindowsUpdateWorker: starting update pass.
2026-06-17 23:33:06.437 -05:00 [INF] (Thread 78) WindowsUpdateWorker: verifying PSWindowsUpdate module.
2026-06-17 23:33:06.439 -05:00 [DBG] (Thread 78) WindowsUpdateWorker: running PS script: $ProgressPreference = 'SilentlyContinue'
            $ErrorActionPreference = 'Stop'
            try {
                if (-not (Get-PackageProvider -Name NuGet -ListAvailable -ErrorAction SilentlyContinue)) {
                    Install-PackageProvider -Name NuGet -MinimumVersion 2.8.5.201 -Force -Scope AllUsers | Out-Null
                }
                Set-PSRepository -Name PSGallery -InstallationPolicy Trusted -ErrorAction SilentlyContinue
                if (-not (Get-Module -ListAvailable -Name PSWindowsUpdate -ErrorAction SilentlyContinue)) {
                    Install-Module PSWindowsUpdate -Force -SkipPublisherCheck -Scope AllUsers | Out-Null
                }
                Import-Module PSWindowsUpdate -Force -ErrorAction Stop
                try {
                    Add-WUServiceManager -MicrosoftUpdate -Confirm:$false -ErrorAction SilentlyContinue | Out-Null
                } catch {}
                Write-Output 'OK'
            } catch {
                Write-Output ('ERROR: ' + $_.Exception.Message)
            }
2026-06-17 23:33:18.055 -05:00 [INF] (Thread 74) WindowsUpdateWorker: PSWindowsUpdate module OK.
2026-06-17 23:33:18.056 -05:00 [DBG] (Thread 74) WindowsUpdateWorker: running PS script: Import-Module PSWindowsUpdate -ErrorAction Stop
        $ProgressPreference = 'SilentlyContinue'

        # Force the Windows Update Agent to scan before installing.
        # Fixes 0x80248007 (WU_E_DS_NODATA) on fresh builds or machines
        # whose update data store has not been initialised yet.
        try {
            Start-Process -FilePath 'UsoClient.exe' `
                -ArgumentList 'StartScan' `
                -Wait -NoNewWindow -ErrorAction SilentlyContinue
            Start-Sleep -Seconds 30
        } catch {}

        # 2>&1 merges stderr into the pipeline mixing strings with update
        # objects -- we filter them out in the foreach loop below.
        $rawOutput = Install-WindowsUpdate `
            -MicrosoftUpdate `
            -AcceptAll `
            -IgnoreReboot `
            -Install `
            -ErrorAction Continue 2>&1

        # Use a hashtable keyed on Title to keep only the LAST result per update.
        # PSWindowsUpdate emits objects at multiple pipeline stages (search, download,
        # install); overwriting ensures we capture the final post-install ResultCode
        # rather than an early ResultCode=0 (NotStarted).
        $byKey = @{}

        foreach ($u in $rawOutput) {
            if ($null -eq $u -or $u -isnot [PSObject]) { continue }
            if (-not ($u.PSObject.Properties.Name -contains 'Title')) { continue }
            if ([string]::IsNullOrWhiteSpace($u.Title)) { continue }

            $resultCode = 0
            try { $resultCode = [int]$u.ResultCode } catch { $resultCode = 4 }
            $succeeded = ($resultCode -eq 2 -or $resultCode -eq 3)

            # ResultCode=0 means NotStarted — treat as Skipped, not Failed.
            $status = if ($succeeded) { 'Succeeded' } elseif ($resultCode -eq 0) { 'Skipped' } else { 'Failed' }

            $kb = ''
            try {
                if ($u.KBArticleIDs -and $u.KBArticleIDs.Count -gt 0) {
                    $kb = 'KB' + $u.KBArticleIDs[0]
                }
            } catch {}

            $needsReboot = $false
            try { $needsReboot = [bool]$u.RebootRequired } catch {}

            $byKey[$u.Title] = [PSCustomObject]@{
                Identifier     = $kb
                Title          = [string]$u.Title
                Status         = $status
                ErrorMessage   = if ($succeeded -or $resultCode -eq 0) { '' } else { 'ResultCode=' + $resultCode }
                RebootRequired = $needsReboot
                AttemptedAt    = (Get-Date -Format 'o')
            }
        }

        $results = @($byKey.Values)

        if ($results.Count -eq 0) {
            Write-Output '[]'
        } else {
            $results | ConvertTo-Json -Compress
        }
2026-06-17 23:34:01.855 -05:00 [INF] (Thread 78) WindowsUpdateWorker: no updates installed — system reboot is already pending.
2026-06-17 23:34:01.855 -05:00 [INF] (Thread 78) WindowsUpdateWorker: pass complete. Total=1 Succeeded=1 Failed=0 Skipped=0
2026-06-17 23:34:01.856 -05:00 [INF] (Thread 78) WingetWorker: skipping — last run was 2026-06-11T17:42:33.7339150Z (less than 7 days ago).
2026-06-17 23:34:01.856 -05:00 [INF] (Thread 78) UpdateOrchestrator: cycle complete. Total=1 Succeeded=1 Failed=0 RebootRequired=true
2026-06-17 23:34:01.856 -05:00 [INF] (Thread 78) UpdateOrchestrator: reboot required but last reboot was 24.5 hours ago — skipping notification until 2-day minimum has elapsed.
2026-06-17 23:34:01.856 -05:00 [INF] (Thread 78) UpdateBackgroundService: next cycle in "01:00:00".
