2026-06-26 00:42:07.964 -05:00 [INF] (Thread 68) SelfUpdater: checking for updates. Current version: 0.26.230.591
2026-06-26 00:42:08.129 -05:00 [INF] (Thread 68) SelfUpdater: remote version = 0.26.230.591.
2026-06-26 00:42:08.129 -05:00 [INF] (Thread 68) SelfUpdater: already up to date.
2026-06-26 00:42:08.129 -05:00 [INF] (Thread 68) UpdateOrchestrator: === Update cycle starting ===
2026-06-26 00:42:08.129 -05:00 [INF] (Thread 68) WindowsUpdateWorker: starting update pass.
2026-06-26 00:42:08.129 -05:00 [INF] (Thread 68) WindowsUpdateWorker: verifying PSWindowsUpdate module.
2026-06-26 00:42:08.133 -05:00 [DBG] (Thread 68) WindowsUpdateWorker: running PS script: $ProgressPreference = 'SilentlyContinue'
            $ErrorActionPreference = 'Stop'
            try {
                if (-not (Get-PackageProvider -Name NuGet -ListAvailable -ErrorAction SilentlyContinue)) {
                    Install-PackageProvider -Name NuGet -MinimumVersion 2.8.5.201 -Force -Scope AllUsers | Out-Null
                }
                Set-PSRepository -Name PSGallery -InstallationPolicy Trusted -ErrorAction SilentlyContinue
                if (-not (Get-Module -ListAvailable -Name PSWindowsUpdate -ErrorAction SilentlyContinue)) {
                    Install-Module PSWindowsUpdate -Force -SkipPublisherCheck -Scope AllUsers | Out-Null
                }
                Import-Module PSWindowsUpdate -Force -ErrorAction Stop
                try {
                    Add-WUServiceManager -MicrosoftUpdate -Confirm:$false -ErrorAction SilentlyContinue | Out-Null
                } catch {}
                Write-Output 'OK'
            } catch {
                Write-Output ('ERROR: ' + $_.Exception.Message)
            }
2026-06-26 00:42:21.568 -05:00 [INF] (Thread 68) WindowsUpdateWorker: PSWindowsUpdate module OK.
2026-06-26 00:42:21.569 -05:00 [DBG] (Thread 68) WindowsUpdateWorker: running PS script: Import-Module PSWindowsUpdate -ErrorAction Stop
        $ProgressPreference = 'SilentlyContinue'

        # Force the Windows Update Agent to scan before installing.
        # Fixes 0x80248007 (WU_E_DS_NODATA) on fresh builds or machines
        # whose update data store has not been initialised yet.
        try {
            Start-Process -FilePath 'UsoClient.exe' `
                -ArgumentList 'StartScan' `
                -Wait -NoNewWindow -ErrorAction SilentlyContinue
            Start-Sleep -Seconds 30
        } catch {}

        # 2>&1 merges stderr into the pipeline mixing strings with update
        # objects -- we filter them out in the foreach loop below.
        $rawOutput = Install-WindowsUpdate `
            -MicrosoftUpdate `
            -AcceptAll `
            -IgnoreReboot `
            -Install `
            -ErrorAction Continue 2>&1

        # Use a hashtable keyed on Title to keep only the LAST result per update.
        # PSWindowsUpdate emits objects at multiple pipeline stages (search, download,
        # install); overwriting ensures we capture the final post-install ResultCode
        # rather than an early ResultCode=0 (NotStarted).
        $byKey = @{}

        foreach ($u in $rawOutput) {
            if ($null -eq $u -or $u -isnot [PSObject]) { continue }
            if (-not ($u.PSObject.Properties.Name -contains 'Title')) { continue }
            if ([string]::IsNullOrWhiteSpace($u.Title)) { continue }

            $resultCode = 0
            try { $resultCode = [int]$u.ResultCode } catch { $resultCode = 4 }
            $succeeded = ($resultCode -eq 2 -or $resultCode -eq 3)

            # ResultCode=0 means NotStarted — treat as Skipped, not Failed.
            $status = if ($succeeded) { 'Succeeded' } elseif ($resultCode -eq 0) { 'Skipped' } else { 'Failed' }

            $kb = ''
            try {
                if ($u.KBArticleIDs -and $u.KBArticleIDs.Count -gt 0) {
                    $kb = 'KB' + $u.KBArticleIDs[0]
                }
            } catch {}

            $needsReboot = $false
            try { $needsReboot = [bool]$u.RebootRequired } catch {}

            $byKey[$u.Title] = [PSCustomObject]@{
                Identifier     = $kb
                Title          = [string]$u.Title
                Status         = $status
                ErrorMessage   = if ($succeeded -or $resultCode -eq 0) { '' } else { 'ResultCode=' + $resultCode }
                RebootRequired = $needsReboot
                AttemptedAt    = (Get-Date -Format 'o')
            }
        }

        $results = @($byKey.Values)

        if ($results.Count -eq 0) {
            Write-Output '[]'
        } else {
            $results | ConvertTo-Json -Compress
        }
2026-06-26 00:43:05.631 -05:00 [INF] (Thread 67) WindowsUpdateWorker: no updates installed — system reboot is already pending.
2026-06-26 00:43:05.631 -05:00 [INF] (Thread 67) WindowsUpdateWorker: pass complete. Total=1 Succeeded=1 Failed=0 Skipped=0
2026-06-26 00:43:05.632 -05:00 [INF] (Thread 67) WingetWorker: skipping — last run was 2026-06-25T18:31:38.1278849Z (less than 7 days ago).
2026-06-26 00:43:05.632 -05:00 [INF] (Thread 67) UpdateOrchestrator: cycle complete. Total=1 Succeeded=1 Failed=0 RebootRequired=true
2026-06-26 00:43:05.632 -05:00 [INF] (Thread 67) UpdateOrchestrator: reboot required but last reboot was 17.4 hours ago — skipping notification until 2-day minimum has elapsed.
2026-06-26 00:43:05.632 -05:00 [INF] (Thread 67) UpdateBackgroundService: next cycle in "01:00:00".
2026-06-26 01:43:05.667 -05:00 [INF] (Thread 70) SelfUpdater: checking for updates. Current version: 0.26.230.591
2026-06-26 01:43:05.817 -05:00 [INF] (Thread 70) SelfUpdater: remote version = 0.26.230.591.
2026-06-26 01:43:05.817 -05:00 [INF] (Thread 70) SelfUpdater: already up to date.
2026-06-26 01:43:05.817 -05:00 [INF] (Thread 70) UpdateOrchestrator: === Update cycle starting ===
2026-06-26 01:43:05.817 -05:00 [INF] (Thread 70) WindowsUpdateWorker: starting update pass.
2026-06-26 01:43:05.817 -05:00 [INF] (Thread 70) WindowsUpdateWorker: verifying PSWindowsUpdate module.
2026-06-26 01:43:05.819 -05:00 [DBG] (Thread 70) WindowsUpdateWorker: running PS script: $ProgressPreference = 'SilentlyContinue'
            $ErrorActionPreference = 'Stop'
            try {
                if (-not (Get-PackageProvider -Name NuGet -ListAvailable -ErrorAction SilentlyContinue)) {
                    Install-PackageProvider -Name NuGet -MinimumVersion 2.8.5.201 -Force -Scope AllUsers | Out-Null
                }
                Set-PSRepository -Name PSGallery -InstallationPolicy Trusted -ErrorAction SilentlyContinue
                if (-not (Get-Module -ListAvailable -Name PSWindowsUpdate -ErrorAction SilentlyContinue)) {
                    Install-Module PSWindowsUpdate -Force -SkipPublisherCheck -Scope AllUsers | Out-Null
                }
                Import-Module PSWindowsUpdate -Force -ErrorAction Stop
                try {
                    Add-WUServiceManager -MicrosoftUpdate -Confirm:$false -ErrorAction SilentlyContinue | Out-Null
                } catch {}
                Write-Output 'OK'
            } catch {
                Write-Output ('ERROR: ' + $_.Exception.Message)
            }
2026-06-26 01:43:17.532 -05:00 [INF] (Thread 70) WindowsUpdateWorker: PSWindowsUpdate module OK.
2026-06-26 01:43:17.534 -05:00 [DBG] (Thread 70) WindowsUpdateWorker: running PS script: Import-Module PSWindowsUpdate -ErrorAction Stop
        $ProgressPreference = 'SilentlyContinue'

        # Force the Windows Update Agent to scan before installing.
        # Fixes 0x80248007 (WU_E_DS_NODATA) on fresh builds or machines
        # whose update data store has not been initialised yet.
        try {
            Start-Process -FilePath 'UsoClient.exe' `
                -ArgumentList 'StartScan' `
                -Wait -NoNewWindow -ErrorAction SilentlyContinue
            Start-Sleep -Seconds 30
        } catch {}

        # 2>&1 merges stderr into the pipeline mixing strings with update
        # objects -- we filter them out in the foreach loop below.
        $rawOutput = Install-WindowsUpdate `
            -MicrosoftUpdate `
            -AcceptAll `
            -IgnoreReboot `
            -Install `
            -ErrorAction Continue 2>&1

        # Use a hashtable keyed on Title to keep only the LAST result per update.
        # PSWindowsUpdate emits objects at multiple pipeline stages (search, download,
        # install); overwriting ensures we capture the final post-install ResultCode
        # rather than an early ResultCode=0 (NotStarted).
        $byKey = @{}

        foreach ($u in $rawOutput) {
            if ($null -eq $u -or $u -isnot [PSObject]) { continue }
            if (-not ($u.PSObject.Properties.Name -contains 'Title')) { continue }
            if ([string]::IsNullOrWhiteSpace($u.Title)) { continue }

            $resultCode = 0
            try { $resultCode = [int]$u.ResultCode } catch { $resultCode = 4 }
            $succeeded = ($resultCode -eq 2 -or $resultCode -eq 3)

            # ResultCode=0 means NotStarted — treat as Skipped, not Failed.
            $status = if ($succeeded) { 'Succeeded' } elseif ($resultCode -eq 0) { 'Skipped' } else { 'Failed' }

            $kb = ''
            try {
                if ($u.KBArticleIDs -and $u.KBArticleIDs.Count -gt 0) {
                    $kb = 'KB' + $u.KBArticleIDs[0]
                }
            } catch {}

            $needsReboot = $false
            try { $needsReboot = [bool]$u.RebootRequired } catch {}

            $byKey[$u.Title] = [PSCustomObject]@{
                Identifier     = $kb
                Title          = [string]$u.Title
                Status         = $status
                ErrorMessage   = if ($succeeded -or $resultCode -eq 0) { '' } else { 'ResultCode=' + $resultCode }
                RebootRequired = $needsReboot
                AttemptedAt    = (Get-Date -Format 'o')
            }
        }

        $results = @($byKey.Values)

        if ($results.Count -eq 0) {
            Write-Output '[]'
        } else {
            $results | ConvertTo-Json -Compress
        }
2026-06-26 01:44:02.544 -05:00 [INF] (Thread 71) WindowsUpdateWorker: no updates installed — system reboot is already pending.
2026-06-26 01:44:02.545 -05:00 [INF] (Thread 71) WindowsUpdateWorker: pass complete. Total=1 Succeeded=1 Failed=0 Skipped=0
2026-06-26 01:44:02.545 -05:00 [INF] (Thread 71) WingetWorker: skipping — last run was 2026-06-25T18:31:38.1278849Z (less than 7 days ago).
2026-06-26 01:44:02.545 -05:00 [INF] (Thread 71) UpdateOrchestrator: cycle complete. Total=1 Succeeded=1 Failed=0 RebootRequired=true
2026-06-26 01:44:02.545 -05:00 [INF] (Thread 71) UpdateOrchestrator: reboot required but last reboot was 18.4 hours ago — skipping notification until 2-day minimum has elapsed.
2026-06-26 01:44:02.545 -05:00 [INF] (Thread 71) UpdateBackgroundService: next cycle in "01:00:00".
2026-06-26 02:44:02.625 -05:00 [INF] (Thread 72) SelfUpdater: checking for updates. Current version: 0.26.230.591
2026-06-26 02:44:02.778 -05:00 [INF] (Thread 72) SelfUpdater: remote version = 0.26.230.591.
2026-06-26 02:44:02.778 -05:00 [INF] (Thread 72) SelfUpdater: already up to date.
2026-06-26 02:44:02.778 -05:00 [INF] (Thread 72) UpdateOrchestrator: === Update cycle starting ===
2026-06-26 02:44:02.778 -05:00 [INF] (Thread 72) WindowsUpdateWorker: starting update pass.
2026-06-26 02:44:02.778 -05:00 [INF] (Thread 72) WindowsUpdateWorker: verifying PSWindowsUpdate module.
2026-06-26 02:44:02.780 -05:00 [DBG] (Thread 72) WindowsUpdateWorker: running PS script: $ProgressPreference = 'SilentlyContinue'
            $ErrorActionPreference = 'Stop'
            try {
                if (-not (Get-PackageProvider -Name NuGet -ListAvailable -ErrorAction SilentlyContinue)) {
                    Install-PackageProvider -Name NuGet -MinimumVersion 2.8.5.201 -Force -Scope AllUsers | Out-Null
                }
                Set-PSRepository -Name PSGallery -InstallationPolicy Trusted -ErrorAction SilentlyContinue
                if (-not (Get-Module -ListAvailable -Name PSWindowsUpdate -ErrorAction SilentlyContinue)) {
                    Install-Module PSWindowsUpdate -Force -SkipPublisherCheck -Scope AllUsers | Out-Null
                }
                Import-Module PSWindowsUpdate -Force -ErrorAction Stop
                try {
                    Add-WUServiceManager -MicrosoftUpdate -Confirm:$false -ErrorAction SilentlyContinue | Out-Null
                } catch {}
                Write-Output 'OK'
            } catch {
                Write-Output ('ERROR: ' + $_.Exception.Message)
            }
2026-06-26 02:44:14.452 -05:00 [INF] (Thread 72) WindowsUpdateWorker: PSWindowsUpdate module OK.
2026-06-26 02:44:14.452 -05:00 [DBG] (Thread 72) WindowsUpdateWorker: running PS script: Import-Module PSWindowsUpdate -ErrorAction Stop
        $ProgressPreference = 'SilentlyContinue'

        # Force the Windows Update Agent to scan before installing.
        # Fixes 0x80248007 (WU_E_DS_NODATA) on fresh builds or machines
        # whose update data store has not been initialised yet.
        try {
            Start-Process -FilePath 'UsoClient.exe' `
                -ArgumentList 'StartScan' `
                -Wait -NoNewWindow -ErrorAction SilentlyContinue
            Start-Sleep -Seconds 30
        } catch {}

        # 2>&1 merges stderr into the pipeline mixing strings with update
        # objects -- we filter them out in the foreach loop below.
        $rawOutput = Install-WindowsUpdate `
            -MicrosoftUpdate `
            -AcceptAll `
            -IgnoreReboot `
            -Install `
            -ErrorAction Continue 2>&1

        # Use a hashtable keyed on Title to keep only the LAST result per update.
        # PSWindowsUpdate emits objects at multiple pipeline stages (search, download,
        # install); overwriting ensures we capture the final post-install ResultCode
        # rather than an early ResultCode=0 (NotStarted).
        $byKey = @{}

        foreach ($u in $rawOutput) {
            if ($null -eq $u -or $u -isnot [PSObject]) { continue }
            if (-not ($u.PSObject.Properties.Name -contains 'Title')) { continue }
            if ([string]::IsNullOrWhiteSpace($u.Title)) { continue }

            $resultCode = 0
            try { $resultCode = [int]$u.ResultCode } catch { $resultCode = 4 }
            $succeeded = ($resultCode -eq 2 -or $resultCode -eq 3)

            # ResultCode=0 means NotStarted — treat as Skipped, not Failed.
            $status = if ($succeeded) { 'Succeeded' } elseif ($resultCode -eq 0) { 'Skipped' } else { 'Failed' }

            $kb = ''
            try {
                if ($u.KBArticleIDs -and $u.KBArticleIDs.Count -gt 0) {
                    $kb = 'KB' + $u.KBArticleIDs[0]
                }
            } catch {}

            $needsReboot = $false
            try { $needsReboot = [bool]$u.RebootRequired } catch {}

            $byKey[$u.Title] = [PSCustomObject]@{
                Identifier     = $kb
                Title          = [string]$u.Title
                Status         = $status
                ErrorMessage   = if ($succeeded -or $resultCode -eq 0) { '' } else { 'ResultCode=' + $resultCode }
                RebootRequired = $needsReboot
                AttemptedAt    = (Get-Date -Format 'o')
            }
        }

        $results = @($byKey.Values)

        if ($results.Count -eq 0) {
            Write-Output '[]'
        } else {
            $results | ConvertTo-Json -Compress
        }
2026-06-26 02:44:57.994 -05:00 [INF] (Thread 73) WindowsUpdateWorker: no updates installed — system reboot is already pending.
2026-06-26 02:44:57.994 -05:00 [INF] (Thread 73) WindowsUpdateWorker: pass complete. Total=1 Succeeded=1 Failed=0 Skipped=0
2026-06-26 02:44:57.994 -05:00 [INF] (Thread 73) WingetWorker: skipping — last run was 2026-06-25T18:31:38.1278849Z (less than 7 days ago).
2026-06-26 02:44:57.994 -05:00 [INF] (Thread 73) UpdateOrchestrator: cycle complete. Total=1 Succeeded=1 Failed=0 RebootRequired=true
2026-06-26 02:44:57.994 -05:00 [INF] (Thread 73) UpdateOrchestrator: reboot required but last reboot was 19.4 hours ago — skipping notification until 2-day minimum has elapsed.
2026-06-26 02:44:57.994 -05:00 [INF] (Thread 73) UpdateBackgroundService: next cycle in "01:00:00".
2026-06-26 03:44:58.051 -05:00 [INF] (Thread 76) SelfUpdater: checking for updates. Current version: 0.26.230.591
2026-06-26 03:44:58.295 -05:00 [INF] (Thread 76) SelfUpdater: remote version = 0.26.230.591.
2026-06-26 03:44:58.295 -05:00 [INF] (Thread 76) SelfUpdater: already up to date.
2026-06-26 03:44:58.295 -05:00 [INF] (Thread 76) UpdateOrchestrator: === Update cycle starting ===
2026-06-26 03:44:58.295 -05:00 [INF] (Thread 76) WindowsUpdateWorker: starting update pass.
2026-06-26 03:44:58.295 -05:00 [INF] (Thread 76) WindowsUpdateWorker: verifying PSWindowsUpdate module.
2026-06-26 03:44:58.298 -05:00 [DBG] (Thread 76) WindowsUpdateWorker: running PS script: $ProgressPreference = 'SilentlyContinue'
            $ErrorActionPreference = 'Stop'
            try {
                if (-not (Get-PackageProvider -Name NuGet -ListAvailable -ErrorAction SilentlyContinue)) {
                    Install-PackageProvider -Name NuGet -MinimumVersion 2.8.5.201 -Force -Scope AllUsers | Out-Null
                }
                Set-PSRepository -Name PSGallery -InstallationPolicy Trusted -ErrorAction SilentlyContinue
                if (-not (Get-Module -ListAvailable -Name PSWindowsUpdate -ErrorAction SilentlyContinue)) {
                    Install-Module PSWindowsUpdate -Force -SkipPublisherCheck -Scope AllUsers | Out-Null
                }
                Import-Module PSWindowsUpdate -Force -ErrorAction Stop
                try {
                    Add-WUServiceManager -MicrosoftUpdate -Confirm:$false -ErrorAction SilentlyContinue | Out-Null
                } catch {}
                Write-Output 'OK'
            } catch {
                Write-Output ('ERROR: ' + $_.Exception.Message)
            }
2026-06-26 03:45:10.595 -05:00 [INF] (Thread 76) WindowsUpdateWorker: PSWindowsUpdate module OK.
2026-06-26 03:45:10.596 -05:00 [DBG] (Thread 76) WindowsUpdateWorker: running PS script: Import-Module PSWindowsUpdate -ErrorAction Stop
        $ProgressPreference = 'SilentlyContinue'

        # Force the Windows Update Agent to scan before installing.
        # Fixes 0x80248007 (WU_E_DS_NODATA) on fresh builds or machines
        # whose update data store has not been initialised yet.
        try {
            Start-Process -FilePath 'UsoClient.exe' `
                -ArgumentList 'StartScan' `
                -Wait -NoNewWindow -ErrorAction SilentlyContinue
            Start-Sleep -Seconds 30
        } catch {}

        # 2>&1 merges stderr into the pipeline mixing strings with update
        # objects -- we filter them out in the foreach loop below.
        $rawOutput = Install-WindowsUpdate `
            -MicrosoftUpdate `
            -AcceptAll `
            -IgnoreReboot `
            -Install `
            -ErrorAction Continue 2>&1

        # Use a hashtable keyed on Title to keep only the LAST result per update.
        # PSWindowsUpdate emits objects at multiple pipeline stages (search, download,
        # install); overwriting ensures we capture the final post-install ResultCode
        # rather than an early ResultCode=0 (NotStarted).
        $byKey = @{}

        foreach ($u in $rawOutput) {
            if ($null -eq $u -or $u -isnot [PSObject]) { continue }
            if (-not ($u.PSObject.Properties.Name -contains 'Title')) { continue }
            if ([string]::IsNullOrWhiteSpace($u.Title)) { continue }

            $resultCode = 0
            try { $resultCode = [int]$u.ResultCode } catch { $resultCode = 4 }
            $succeeded = ($resultCode -eq 2 -or $resultCode -eq 3)

            # ResultCode=0 means NotStarted — treat as Skipped, not Failed.
            $status = if ($succeeded) { 'Succeeded' } elseif ($resultCode -eq 0) { 'Skipped' } else { 'Failed' }

            $kb = ''
            try {
                if ($u.KBArticleIDs -and $u.KBArticleIDs.Count -gt 0) {
                    $kb = 'KB' + $u.KBArticleIDs[0]
                }
            } catch {}

            $needsReboot = $false
            try { $needsReboot = [bool]$u.RebootRequired } catch {}

            $byKey[$u.Title] = [PSCustomObject]@{
                Identifier     = $kb
                Title          = [string]$u.Title
                Status         = $status
                ErrorMessage   = if ($succeeded -or $resultCode -eq 0) { '' } else { 'ResultCode=' + $resultCode }
                RebootRequired = $needsReboot
                AttemptedAt    = (Get-Date -Format 'o')
            }
        }

        $results = @($byKey.Values)

        if ($results.Count -eq 0) {
            Write-Output '[]'
        } else {
            $results | ConvertTo-Json -Compress
        }
2026-06-26 03:45:55.240 -05:00 [INF] (Thread 76) WindowsUpdateWorker: no updates installed — system reboot is already pending.
2026-06-26 03:45:55.240 -05:00 [INF] (Thread 76) WindowsUpdateWorker: pass complete. Total=1 Succeeded=1 Failed=0 Skipped=0
2026-06-26 03:45:55.247 -05:00 [INF] (Thread 76) WingetWorker: skipping — last run was 2026-06-25T18:31:38.1278849Z (less than 7 days ago).
2026-06-26 03:45:55.247 -05:00 [INF] (Thread 76) UpdateOrchestrator: cycle complete. Total=1 Succeeded=1 Failed=0 RebootRequired=true
2026-06-26 03:45:55.247 -05:00 [INF] (Thread 76) UpdateOrchestrator: reboot required but last reboot was 20.4 hours ago — skipping notification until 2-day minimum has elapsed.
2026-06-26 03:45:55.247 -05:00 [INF] (Thread 76) UpdateBackgroundService: next cycle in "01:00:00".
2026-06-26 04:45:55.322 -05:00 [INF] (Thread 76) SelfUpdater: checking for updates. Current version: 0.26.230.591
2026-06-26 04:45:55.532 -05:00 [INF] (Thread 77) SelfUpdater: remote version = 0.26.230.591.
2026-06-26 04:45:55.532 -05:00 [INF] (Thread 77) SelfUpdater: already up to date.
2026-06-26 04:45:55.532 -05:00 [INF] (Thread 77) UpdateOrchestrator: === Update cycle starting ===
2026-06-26 04:45:55.532 -05:00 [INF] (Thread 77) WindowsUpdateWorker: starting update pass.
2026-06-26 04:45:55.532 -05:00 [INF] (Thread 77) WindowsUpdateWorker: verifying PSWindowsUpdate module.
2026-06-26 04:45:55.534 -05:00 [DBG] (Thread 77) WindowsUpdateWorker: running PS script: $ProgressPreference = 'SilentlyContinue'
            $ErrorActionPreference = 'Stop'
            try {
                if (-not (Get-PackageProvider -Name NuGet -ListAvailable -ErrorAction SilentlyContinue)) {
                    Install-PackageProvider -Name NuGet -MinimumVersion 2.8.5.201 -Force -Scope AllUsers | Out-Null
                }
                Set-PSRepository -Name PSGallery -InstallationPolicy Trusted -ErrorAction SilentlyContinue
                if (-not (Get-Module -ListAvailable -Name PSWindowsUpdate -ErrorAction SilentlyContinue)) {
                    Install-Module PSWindowsUpdate -Force -SkipPublisherCheck -Scope AllUsers | Out-Null
                }
                Import-Module PSWindowsUpdate -Force -ErrorAction Stop
                try {
                    Add-WUServiceManager -MicrosoftUpdate -Confirm:$false -ErrorAction SilentlyContinue | Out-Null
                } catch {}
                Write-Output 'OK'
            } catch {
                Write-Output ('ERROR: ' + $_.Exception.Message)
            }
2026-06-26 04:46:07.060 -05:00 [INF] (Thread 76) WindowsUpdateWorker: PSWindowsUpdate module OK.
2026-06-26 04:46:07.061 -05:00 [DBG] (Thread 76) WindowsUpdateWorker: running PS script: Import-Module PSWindowsUpdate -ErrorAction Stop
        $ProgressPreference = 'SilentlyContinue'

        # Force the Windows Update Agent to scan before installing.
        # Fixes 0x80248007 (WU_E_DS_NODATA) on fresh builds or machines
        # whose update data store has not been initialised yet.
        try {
            Start-Process -FilePath 'UsoClient.exe' `
                -ArgumentList 'StartScan' `
                -Wait -NoNewWindow -ErrorAction SilentlyContinue
            Start-Sleep -Seconds 30
        } catch {}

        # 2>&1 merges stderr into the pipeline mixing strings with update
        # objects -- we filter them out in the foreach loop below.
        $rawOutput = Install-WindowsUpdate `
            -MicrosoftUpdate `
            -AcceptAll `
            -IgnoreReboot `
            -Install `
            -ErrorAction Continue 2>&1

        # Use a hashtable keyed on Title to keep only the LAST result per update.
        # PSWindowsUpdate emits objects at multiple pipeline stages (search, download,
        # install); overwriting ensures we capture the final post-install ResultCode
        # rather than an early ResultCode=0 (NotStarted).
        $byKey = @{}

        foreach ($u in $rawOutput) {
            if ($null -eq $u -or $u -isnot [PSObject]) { continue }
            if (-not ($u.PSObject.Properties.Name -contains 'Title')) { continue }
            if ([string]::IsNullOrWhiteSpace($u.Title)) { continue }

            $resultCode = 0
            try { $resultCode = [int]$u.ResultCode } catch { $resultCode = 4 }
            $succeeded = ($resultCode -eq 2 -or $resultCode -eq 3)

            # ResultCode=0 means NotStarted — treat as Skipped, not Failed.
            $status = if ($succeeded) { 'Succeeded' } elseif ($resultCode -eq 0) { 'Skipped' } else { 'Failed' }

            $kb = ''
            try {
                if ($u.KBArticleIDs -and $u.KBArticleIDs.Count -gt 0) {
                    $kb = 'KB' + $u.KBArticleIDs[0]
                }
            } catch {}

            $needsReboot = $false
            try { $needsReboot = [bool]$u.RebootRequired } catch {}

            $byKey[$u.Title] = [PSCustomObject]@{
                Identifier     = $kb
                Title          = [string]$u.Title
                Status         = $status
                ErrorMessage   = if ($succeeded -or $resultCode -eq 0) { '' } else { 'ResultCode=' + $resultCode }
                RebootRequired = $needsReboot
                AttemptedAt    = (Get-Date -Format 'o')
            }
        }

        $results = @($byKey.Values)

        if ($results.Count -eq 0) {
            Write-Output '[]'
        } else {
            $results | ConvertTo-Json -Compress
        }
2026-06-26 04:46:53.554 -05:00 [INF] (Thread 77) WindowsUpdateWorker: no updates installed — system reboot is already pending.
2026-06-26 04:46:53.555 -05:00 [INF] (Thread 77) WindowsUpdateWorker: pass complete. Total=1 Succeeded=1 Failed=0 Skipped=0
2026-06-26 04:46:53.555 -05:00 [INF] (Thread 77) WingetWorker: skipping — last run was 2026-06-25T18:31:38.1278849Z (less than 7 days ago).
2026-06-26 04:46:53.555 -05:00 [INF] (Thread 77) UpdateOrchestrator: cycle complete. Total=1 Succeeded=1 Failed=0 RebootRequired=true
2026-06-26 04:46:53.555 -05:00 [INF] (Thread 77) UpdateOrchestrator: reboot required but last reboot was 21.4 hours ago — skipping notification until 2-day minimum has elapsed.
2026-06-26 04:46:53.555 -05:00 [INF] (Thread 77) UpdateBackgroundService: next cycle in "01:00:00".
2026-06-26 05:46:53.644 -05:00 [INF] (Thread 77) SelfUpdater: checking for updates. Current version: 0.26.230.591
2026-06-26 05:46:53.799 -05:00 [INF] (Thread 79) SelfUpdater: remote version = 0.26.230.591.
2026-06-26 05:46:53.799 -05:00 [INF] (Thread 79) SelfUpdater: already up to date.
2026-06-26 05:46:53.799 -05:00 [INF] (Thread 79) UpdateOrchestrator: === Update cycle starting ===
2026-06-26 05:46:53.799 -05:00 [INF] (Thread 79) WindowsUpdateWorker: starting update pass.
2026-06-26 05:46:53.799 -05:00 [INF] (Thread 79) WindowsUpdateWorker: verifying PSWindowsUpdate module.
2026-06-26 05:46:53.800 -05:00 [DBG] (Thread 79) WindowsUpdateWorker: running PS script: $ProgressPreference = 'SilentlyContinue'
            $ErrorActionPreference = 'Stop'
            try {
                if (-not (Get-PackageProvider -Name NuGet -ListAvailable -ErrorAction SilentlyContinue)) {
                    Install-PackageProvider -Name NuGet -MinimumVersion 2.8.5.201 -Force -Scope AllUsers | Out-Null
                }
                Set-PSRepository -Name PSGallery -InstallationPolicy Trusted -ErrorAction SilentlyContinue
                if (-not (Get-Module -ListAvailable -Name PSWindowsUpdate -ErrorAction SilentlyContinue)) {
                    Install-Module PSWindowsUpdate -Force -SkipPublisherCheck -Scope AllUsers | Out-Null
                }
                Import-Module PSWindowsUpdate -Force -ErrorAction Stop
                try {
                    Add-WUServiceManager -MicrosoftUpdate -Confirm:$false -ErrorAction SilentlyContinue | Out-Null
                } catch {}
                Write-Output 'OK'
            } catch {
                Write-Output ('ERROR: ' + $_.Exception.Message)
            }
2026-06-26 05:47:05.824 -05:00 [INF] (Thread 79) WindowsUpdateWorker: PSWindowsUpdate module OK.
2026-06-26 05:47:05.825 -05:00 [DBG] (Thread 79) WindowsUpdateWorker: running PS script: Import-Module PSWindowsUpdate -ErrorAction Stop
        $ProgressPreference = 'SilentlyContinue'

        # Force the Windows Update Agent to scan before installing.
        # Fixes 0x80248007 (WU_E_DS_NODATA) on fresh builds or machines
        # whose update data store has not been initialised yet.
        try {
            Start-Process -FilePath 'UsoClient.exe' `
                -ArgumentList 'StartScan' `
                -Wait -NoNewWindow -ErrorAction SilentlyContinue
            Start-Sleep -Seconds 30
        } catch {}

        # 2>&1 merges stderr into the pipeline mixing strings with update
        # objects -- we filter them out in the foreach loop below.
        $rawOutput = Install-WindowsUpdate `
            -MicrosoftUpdate `
            -AcceptAll `
            -IgnoreReboot `
            -Install `
            -ErrorAction Continue 2>&1

        # Use a hashtable keyed on Title to keep only the LAST result per update.
        # PSWindowsUpdate emits objects at multiple pipeline stages (search, download,
        # install); overwriting ensures we capture the final post-install ResultCode
        # rather than an early ResultCode=0 (NotStarted).
        $byKey = @{}

        foreach ($u in $rawOutput) {
            if ($null -eq $u -or $u -isnot [PSObject]) { continue }
            if (-not ($u.PSObject.Properties.Name -contains 'Title')) { continue }
            if ([string]::IsNullOrWhiteSpace($u.Title)) { continue }

            $resultCode = 0
            try { $resultCode = [int]$u.ResultCode } catch { $resultCode = 4 }
            $succeeded = ($resultCode -eq 2 -or $resultCode -eq 3)

            # ResultCode=0 means NotStarted — treat as Skipped, not Failed.
            $status = if ($succeeded) { 'Succeeded' } elseif ($resultCode -eq 0) { 'Skipped' } else { 'Failed' }

            $kb = ''
            try {
                if ($u.KBArticleIDs -and $u.KBArticleIDs.Count -gt 0) {
                    $kb = 'KB' + $u.KBArticleIDs[0]
                }
            } catch {}

            $needsReboot = $false
            try { $needsReboot = [bool]$u.RebootRequired } catch {}

            $byKey[$u.Title] = [PSCustomObject]@{
                Identifier     = $kb
                Title          = [string]$u.Title
                Status         = $status
                ErrorMessage   = if ($succeeded -or $resultCode -eq 0) { '' } else { 'ResultCode=' + $resultCode }
                RebootRequired = $needsReboot
                AttemptedAt    = (Get-Date -Format 'o')
            }
        }

        $results = @($byKey.Values)

        if ($results.Count -eq 0) {
            Write-Output '[]'
        } else {
            $results | ConvertTo-Json -Compress
        }
2026-06-26 05:47:50.431 -05:00 [INF] (Thread 84) WindowsUpdateWorker: no updates installed — system reboot is already pending.
2026-06-26 05:47:50.431 -05:00 [INF] (Thread 84) WindowsUpdateWorker: pass complete. Total=1 Succeeded=1 Failed=0 Skipped=0
2026-06-26 05:47:50.431 -05:00 [INF] (Thread 84) WingetWorker: skipping — last run was 2026-06-25T18:31:38.1278849Z (less than 7 days ago).
2026-06-26 05:47:50.431 -05:00 [INF] (Thread 84) UpdateOrchestrator: cycle complete. Total=1 Succeeded=1 Failed=0 RebootRequired=true
2026-06-26 05:47:50.431 -05:00 [INF] (Thread 84) UpdateOrchestrator: reboot required but last reboot was 22.5 hours ago — skipping notification until 2-day minimum has elapsed.
2026-06-26 05:47:50.431 -05:00 [INF] (Thread 84) UpdateBackgroundService: next cycle in "01:00:00".
2026-06-26 06:47:50.489 -05:00 [INF] (Thread 84) SelfUpdater: checking for updates. Current version: 0.26.230.591
2026-06-26 06:47:50.638 -05:00 [INF] (Thread 84) SelfUpdater: remote version = 0.26.230.591.
2026-06-26 06:47:50.638 -05:00 [INF] (Thread 84) SelfUpdater: already up to date.
2026-06-26 06:47:50.638 -05:00 [INF] (Thread 84) UpdateOrchestrator: === Update cycle starting ===
2026-06-26 06:47:50.638 -05:00 [INF] (Thread 84) WindowsUpdateWorker: starting update pass.
2026-06-26 06:47:50.638 -05:00 [INF] (Thread 84) WindowsUpdateWorker: verifying PSWindowsUpdate module.
2026-06-26 06:47:50.641 -05:00 [DBG] (Thread 84) WindowsUpdateWorker: running PS script: $ProgressPreference = 'SilentlyContinue'
            $ErrorActionPreference = 'Stop'
            try {
                if (-not (Get-PackageProvider -Name NuGet -ListAvailable -ErrorAction SilentlyContinue)) {
                    Install-PackageProvider -Name NuGet -MinimumVersion 2.8.5.201 -Force -Scope AllUsers | Out-Null
                }
                Set-PSRepository -Name PSGallery -InstallationPolicy Trusted -ErrorAction SilentlyContinue
                if (-not (Get-Module -ListAvailable -Name PSWindowsUpdate -ErrorAction SilentlyContinue)) {
                    Install-Module PSWindowsUpdate -Force -SkipPublisherCheck -Scope AllUsers | Out-Null
                }
                Import-Module PSWindowsUpdate -Force -ErrorAction Stop
                try {
                    Add-WUServiceManager -MicrosoftUpdate -Confirm:$false -ErrorAction SilentlyContinue | Out-Null
                } catch {}
                Write-Output 'OK'
            } catch {
                Write-Output ('ERROR: ' + $_.Exception.Message)
            }
2026-06-26 06:48:01.888 -05:00 [INF] (Thread 79) WindowsUpdateWorker: PSWindowsUpdate module OK.
2026-06-26 06:48:01.888 -05:00 [DBG] (Thread 84) WindowsUpdateWorker: running PS script: Import-Module PSWindowsUpdate -ErrorAction Stop
        $ProgressPreference = 'SilentlyContinue'

        # Force the Windows Update Agent to scan before installing.
        # Fixes 0x80248007 (WU_E_DS_NODATA) on fresh builds or machines
        # whose update data store has not been initialised yet.
        try {
            Start-Process -FilePath 'UsoClient.exe' `
                -ArgumentList 'StartScan' `
                -Wait -NoNewWindow -ErrorAction SilentlyContinue
            Start-Sleep -Seconds 30
        } catch {}

        # 2>&1 merges stderr into the pipeline mixing strings with update
        # objects -- we filter them out in the foreach loop below.
        $rawOutput = Install-WindowsUpdate `
            -MicrosoftUpdate `
            -AcceptAll `
            -IgnoreReboot `
            -Install `
            -ErrorAction Continue 2>&1

        # Use a hashtable keyed on Title to keep only the LAST result per update.
        # PSWindowsUpdate emits objects at multiple pipeline stages (search, download,
        # install); overwriting ensures we capture the final post-install ResultCode
        # rather than an early ResultCode=0 (NotStarted).
        $byKey = @{}

        foreach ($u in $rawOutput) {
            if ($null -eq $u -or $u -isnot [PSObject]) { continue }
            if (-not ($u.PSObject.Properties.Name -contains 'Title')) { continue }
            if ([string]::IsNullOrWhiteSpace($u.Title)) { continue }

            $resultCode = 0
            try { $resultCode = [int]$u.ResultCode } catch { $resultCode = 4 }
            $succeeded = ($resultCode -eq 2 -or $resultCode -eq 3)

            # ResultCode=0 means NotStarted — treat as Skipped, not Failed.
            $status = if ($succeeded) { 'Succeeded' } elseif ($resultCode -eq 0) { 'Skipped' } else { 'Failed' }

            $kb = ''
            try {
                if ($u.KBArticleIDs -and $u.KBArticleIDs.Count -gt 0) {
                    $kb = 'KB' + $u.KBArticleIDs[0]
                }
            } catch {}

            $needsReboot = $false
            try { $needsReboot = [bool]$u.RebootRequired } catch {}

            $byKey[$u.Title] = [PSCustomObject]@{
                Identifier     = $kb
                Title          = [string]$u.Title
                Status         = $status
                ErrorMessage   = if ($succeeded -or $resultCode -eq 0) { '' } else { 'ResultCode=' + $resultCode }
                RebootRequired = $needsReboot
                AttemptedAt    = (Get-Date -Format 'o')
            }
        }

        $results = @($byKey.Values)

        if ($results.Count -eq 0) {
            Write-Output '[]'
        } else {
            $results | ConvertTo-Json -Compress
        }
2026-06-26 06:49:13.484 -05:00 [INF] (Thread 81) WindowsUpdateWorker: no updates installed — system reboot is already pending.
2026-06-26 06:49:13.484 -05:00 [INF] (Thread 81) WindowsUpdateWorker: pass complete. Total=1 Succeeded=1 Failed=0 Skipped=0
2026-06-26 06:49:13.485 -05:00 [INF] (Thread 81) WingetWorker: skipping — last run was 2026-06-25T18:31:38.1278849Z (less than 7 days ago).
2026-06-26 06:49:13.485 -05:00 [INF] (Thread 81) UpdateOrchestrator: cycle complete. Total=1 Succeeded=1 Failed=0 RebootRequired=true
2026-06-26 06:49:13.485 -05:00 [INF] (Thread 81) UpdateOrchestrator: reboot required but last reboot was 23.5 hours ago — skipping notification until 2-day minimum has elapsed.
2026-06-26 06:49:13.485 -05:00 [INF] (Thread 81) UpdateBackgroundService: next cycle in "01:00:00".
2026-06-26 07:49:13.577 -05:00 [INF] (Thread 81) SelfUpdater: checking for updates. Current version: 0.26.230.591
2026-06-26 07:49:13.753 -05:00 [INF] (Thread 81) SelfUpdater: remote version = 0.26.230.591.
2026-06-26 07:49:13.753 -05:00 [INF] (Thread 81) SelfUpdater: already up to date.
2026-06-26 07:49:13.753 -05:00 [INF] (Thread 81) UpdateOrchestrator: === Update cycle starting ===
2026-06-26 07:49:13.753 -05:00 [INF] (Thread 81) WindowsUpdateWorker: starting update pass.
2026-06-26 07:49:13.753 -05:00 [INF] (Thread 81) WindowsUpdateWorker: verifying PSWindowsUpdate module.
2026-06-26 07:49:13.756 -05:00 [DBG] (Thread 81) WindowsUpdateWorker: running PS script: $ProgressPreference = 'SilentlyContinue'
            $ErrorActionPreference = 'Stop'
            try {
                if (-not (Get-PackageProvider -Name NuGet -ListAvailable -ErrorAction SilentlyContinue)) {
                    Install-PackageProvider -Name NuGet -MinimumVersion 2.8.5.201 -Force -Scope AllUsers | Out-Null
                }
                Set-PSRepository -Name PSGallery -InstallationPolicy Trusted -ErrorAction SilentlyContinue
                if (-not (Get-Module -ListAvailable -Name PSWindowsUpdate -ErrorAction SilentlyContinue)) {
                    Install-Module PSWindowsUpdate -Force -SkipPublisherCheck -Scope AllUsers | Out-Null
                }
                Import-Module PSWindowsUpdate -Force -ErrorAction Stop
                try {
                    Add-WUServiceManager -MicrosoftUpdate -Confirm:$false -ErrorAction SilentlyContinue | Out-Null
                } catch {}
                Write-Output 'OK'
            } catch {
                Write-Output ('ERROR: ' + $_.Exception.Message)
            }
2026-06-26 07:49:26.918 -05:00 [INF] (Thread 84) WindowsUpdateWorker: PSWindowsUpdate module OK.
2026-06-26 07:49:26.920 -05:00 [DBG] (Thread 84) WindowsUpdateWorker: running PS script: Import-Module PSWindowsUpdate -ErrorAction Stop
        $ProgressPreference = 'SilentlyContinue'

        # Force the Windows Update Agent to scan before installing.
        # Fixes 0x80248007 (WU_E_DS_NODATA) on fresh builds or machines
        # whose update data store has not been initialised yet.
        try {
            Start-Process -FilePath 'UsoClient.exe' `
                -ArgumentList 'StartScan' `
                -Wait -NoNewWindow -ErrorAction SilentlyContinue
            Start-Sleep -Seconds 30
        } catch {}

        # 2>&1 merges stderr into the pipeline mixing strings with update
        # objects -- we filter them out in the foreach loop below.
        $rawOutput = Install-WindowsUpdate `
            -MicrosoftUpdate `
            -AcceptAll `
            -IgnoreReboot `
            -Install `
            -ErrorAction Continue 2>&1

        # Use a hashtable keyed on Title to keep only the LAST result per update.
        # PSWindowsUpdate emits objects at multiple pipeline stages (search, download,
        # install); overwriting ensures we capture the final post-install ResultCode
        # rather than an early ResultCode=0 (NotStarted).
        $byKey = @{}

        foreach ($u in $rawOutput) {
            if ($null -eq $u -or $u -isnot [PSObject]) { continue }
            if (-not ($u.PSObject.Properties.Name -contains 'Title')) { continue }
            if ([string]::IsNullOrWhiteSpace($u.Title)) { continue }

            $resultCode = 0
            try { $resultCode = [int]$u.ResultCode } catch { $resultCode = 4 }
            $succeeded = ($resultCode -eq 2 -or $resultCode -eq 3)

            # ResultCode=0 means NotStarted — treat as Skipped, not Failed.
            $status = if ($succeeded) { 'Succeeded' } elseif ($resultCode -eq 0) { 'Skipped' } else { 'Failed' }

            $kb = ''
            try {
                if ($u.KBArticleIDs -and $u.KBArticleIDs.Count -gt 0) {
                    $kb = 'KB' + $u.KBArticleIDs[0]
                }
            } catch {}

            $needsReboot = $false
            try { $needsReboot = [bool]$u.RebootRequired } catch {}

            $byKey[$u.Title] = [PSCustomObject]@{
                Identifier     = $kb
                Title          = [string]$u.Title
                Status         = $status
                ErrorMessage   = if ($succeeded -or $resultCode -eq 0) { '' } else { 'ResultCode=' + $resultCode }
                RebootRequired = $needsReboot
                AttemptedAt    = (Get-Date -Format 'o')
            }
        }

        $results = @($byKey.Values)

        if ($results.Count -eq 0) {
            Write-Output '[]'
        } else {
            $results | ConvertTo-Json -Compress
        }
2026-06-26 07:50:11.675 -05:00 [INF] (Thread 76) WindowsUpdateWorker: no updates installed — system reboot is already pending.
2026-06-26 07:50:11.675 -05:00 [INF] (Thread 76) WindowsUpdateWorker: pass complete. Total=1 Succeeded=1 Failed=0 Skipped=0
2026-06-26 07:50:11.675 -05:00 [INF] (Thread 76) WingetWorker: skipping — last run was 2026-06-25T18:31:38.1278849Z (less than 7 days ago).
2026-06-26 07:50:11.675 -05:00 [INF] (Thread 76) UpdateOrchestrator: cycle complete. Total=1 Succeeded=1 Failed=0 RebootRequired=true
2026-06-26 07:50:11.675 -05:00 [INF] (Thread 76) UpdateOrchestrator: reboot required but last reboot was 24.5 hours ago — skipping notification until 2-day minimum has elapsed.
2026-06-26 07:50:11.675 -05:00 [INF] (Thread 76) UpdateBackgroundService: next cycle in "01:00:00".
2026-06-26 08:50:11.721 -05:00 [INF] (Thread 76) SelfUpdater: checking for updates. Current version: 0.26.230.591
2026-06-26 08:50:11.876 -05:00 [INF] (Thread 77) SelfUpdater: remote version = 0.26.230.591.
2026-06-26 08:50:11.876 -05:00 [INF] (Thread 77) SelfUpdater: already up to date.
2026-06-26 08:50:11.876 -05:00 [INF] (Thread 77) UpdateOrchestrator: === Update cycle starting ===
2026-06-26 08:50:11.876 -05:00 [INF] (Thread 77) WindowsUpdateWorker: starting update pass.
2026-06-26 08:50:11.876 -05:00 [INF] (Thread 77) WindowsUpdateWorker: verifying PSWindowsUpdate module.
2026-06-26 08:50:11.880 -05:00 [DBG] (Thread 77) WindowsUpdateWorker: running PS script: $ProgressPreference = 'SilentlyContinue'
            $ErrorActionPreference = 'Stop'
            try {
                if (-not (Get-PackageProvider -Name NuGet -ListAvailable -ErrorAction SilentlyContinue)) {
                    Install-PackageProvider -Name NuGet -MinimumVersion 2.8.5.201 -Force -Scope AllUsers | Out-Null
                }
                Set-PSRepository -Name PSGallery -InstallationPolicy Trusted -ErrorAction SilentlyContinue
                if (-not (Get-Module -ListAvailable -Name PSWindowsUpdate -ErrorAction SilentlyContinue)) {
                    Install-Module PSWindowsUpdate -Force -SkipPublisherCheck -Scope AllUsers | Out-Null
                }
                Import-Module PSWindowsUpdate -Force -ErrorAction Stop
                try {
                    Add-WUServiceManager -MicrosoftUpdate -Confirm:$false -ErrorAction SilentlyContinue | Out-Null
                } catch {}
                Write-Output 'OK'
            } catch {
                Write-Output ('ERROR: ' + $_.Exception.Message)
            }
2026-06-26 08:50:23.621 -05:00 [INF] (Thread 77) WindowsUpdateWorker: PSWindowsUpdate module OK.
2026-06-26 08:50:23.623 -05:00 [DBG] (Thread 77) WindowsUpdateWorker: running PS script: Import-Module PSWindowsUpdate -ErrorAction Stop
        $ProgressPreference = 'SilentlyContinue'

        # Force the Windows Update Agent to scan before installing.
        # Fixes 0x80248007 (WU_E_DS_NODATA) on fresh builds or machines
        # whose update data store has not been initialised yet.
        try {
            Start-Process -FilePath 'UsoClient.exe' `
                -ArgumentList 'StartScan' `
                -Wait -NoNewWindow -ErrorAction SilentlyContinue
            Start-Sleep -Seconds 30
        } catch {}

        # 2>&1 merges stderr into the pipeline mixing strings with update
        # objects -- we filter them out in the foreach loop below.
        $rawOutput = Install-WindowsUpdate `
            -MicrosoftUpdate `
            -AcceptAll `
            -IgnoreReboot `
            -Install `
            -ErrorAction Continue 2>&1

        # Use a hashtable keyed on Title to keep only the LAST result per update.
        # PSWindowsUpdate emits objects at multiple pipeline stages (search, download,
        # install); overwriting ensures we capture the final post-install ResultCode
        # rather than an early ResultCode=0 (NotStarted).
        $byKey = @{}

        foreach ($u in $rawOutput) {
            if ($null -eq $u -or $u -isnot [PSObject]) { continue }
            if (-not ($u.PSObject.Properties.Name -contains 'Title')) { continue }
            if ([string]::IsNullOrWhiteSpace($u.Title)) { continue }

            $resultCode = 0
            try { $resultCode = [int]$u.ResultCode } catch { $resultCode = 4 }
            $succeeded = ($resultCode -eq 2 -or $resultCode -eq 3)

            # ResultCode=0 means NotStarted — treat as Skipped, not Failed.
            $status = if ($succeeded) { 'Succeeded' } elseif ($resultCode -eq 0) { 'Skipped' } else { 'Failed' }

            $kb = ''
            try {
                if ($u.KBArticleIDs -and $u.KBArticleIDs.Count -gt 0) {
                    $kb = 'KB' + $u.KBArticleIDs[0]
                }
            } catch {}

            $needsReboot = $false
            try { $needsReboot = [bool]$u.RebootRequired } catch {}

            $byKey[$u.Title] = [PSCustomObject]@{
                Identifier     = $kb
                Title          = [string]$u.Title
                Status         = $status
                ErrorMessage   = if ($succeeded -or $resultCode -eq 0) { '' } else { 'ResultCode=' + $resultCode }
                RebootRequired = $needsReboot
                AttemptedAt    = (Get-Date -Format 'o')
            }
        }

        $results = @($byKey.Values)

        if ($results.Count -eq 0) {
            Write-Output '[]'
        } else {
            $results | ConvertTo-Json -Compress
        }
2026-06-26 08:51:16.322 -05:00 [INF] (Thread 74) WindowsUpdateWorker: no updates installed — system reboot is already pending.
2026-06-26 08:51:16.322 -05:00 [INF] (Thread 74) WindowsUpdateWorker: pass complete. Total=1 Succeeded=1 Failed=0 Skipped=0
2026-06-26 08:51:16.323 -05:00 [INF] (Thread 74) WingetWorker: skipping — last run was 2026-06-25T18:31:38.1278849Z (less than 7 days ago).
2026-06-26 08:51:16.323 -05:00 [INF] (Thread 74) UpdateOrchestrator: cycle complete. Total=1 Succeeded=1 Failed=0 RebootRequired=true
2026-06-26 08:51:16.323 -05:00 [INF] (Thread 74) UpdateOrchestrator: reboot required but last reboot was 25.5 hours ago — skipping notification until 2-day minimum has elapsed.
2026-06-26 08:51:16.323 -05:00 [INF] (Thread 74) UpdateBackgroundService: next cycle in "01:00:00".
2026-06-26 09:51:16.431 -05:00 [INF] (Thread 70) SelfUpdater: checking for updates. Current version: 0.26.230.591
2026-06-26 09:51:16.586 -05:00 [INF] (Thread 75) SelfUpdater: remote version = 0.26.230.591.
2026-06-26 09:51:16.586 -05:00 [INF] (Thread 75) SelfUpdater: already up to date.
2026-06-26 09:51:16.586 -05:00 [INF] (Thread 75) UpdateOrchestrator: === Update cycle starting ===
2026-06-26 09:51:16.586 -05:00 [INF] (Thread 75) WindowsUpdateWorker: starting update pass.
2026-06-26 09:51:16.586 -05:00 [INF] (Thread 75) WindowsUpdateWorker: verifying PSWindowsUpdate module.
2026-06-26 09:51:16.589 -05:00 [DBG] (Thread 75) WindowsUpdateWorker: running PS script: $ProgressPreference = 'SilentlyContinue'
            $ErrorActionPreference = 'Stop'
            try {
                if (-not (Get-PackageProvider -Name NuGet -ListAvailable -ErrorAction SilentlyContinue)) {
                    Install-PackageProvider -Name NuGet -MinimumVersion 2.8.5.201 -Force -Scope AllUsers | Out-Null
                }
                Set-PSRepository -Name PSGallery -InstallationPolicy Trusted -ErrorAction SilentlyContinue
                if (-not (Get-Module -ListAvailable -Name PSWindowsUpdate -ErrorAction SilentlyContinue)) {
                    Install-Module PSWindowsUpdate -Force -SkipPublisherCheck -Scope AllUsers | Out-Null
                }
                Import-Module PSWindowsUpdate -Force -ErrorAction Stop
                try {
                    Add-WUServiceManager -MicrosoftUpdate -Confirm:$false -ErrorAction SilentlyContinue | Out-Null
                } catch {}
                Write-Output 'OK'
            } catch {
                Write-Output ('ERROR: ' + $_.Exception.Message)
            }
2026-06-26 09:51:28.289 -05:00 [INF] (Thread 71) WindowsUpdateWorker: PSWindowsUpdate module OK.
2026-06-26 09:51:28.290 -05:00 [DBG] (Thread 71) WindowsUpdateWorker: running PS script: Import-Module PSWindowsUpdate -ErrorAction Stop
        $ProgressPreference = 'SilentlyContinue'

        # Force the Windows Update Agent to scan before installing.
        # Fixes 0x80248007 (WU_E_DS_NODATA) on fresh builds or machines
        # whose update data store has not been initialised yet.
        try {
            Start-Process -FilePath 'UsoClient.exe' `
                -ArgumentList 'StartScan' `
                -Wait -NoNewWindow -ErrorAction SilentlyContinue
            Start-Sleep -Seconds 30
        } catch {}

        # 2>&1 merges stderr into the pipeline mixing strings with update
        # objects -- we filter them out in the foreach loop below.
        $rawOutput = Install-WindowsUpdate `
            -MicrosoftUpdate `
            -AcceptAll `
            -IgnoreReboot `
            -Install `
            -ErrorAction Continue 2>&1

        # Use a hashtable keyed on Title to keep only the LAST result per update.
        # PSWindowsUpdate emits objects at multiple pipeline stages (search, download,
        # install); overwriting ensures we capture the final post-install ResultCode
        # rather than an early ResultCode=0 (NotStarted).
        $byKey = @{}

        foreach ($u in $rawOutput) {
            if ($null -eq $u -or $u -isnot [PSObject]) { continue }
            if (-not ($u.PSObject.Properties.Name -contains 'Title')) { continue }
            if ([string]::IsNullOrWhiteSpace($u.Title)) { continue }

            $resultCode = 0
            try { $resultCode = [int]$u.ResultCode } catch { $resultCode = 4 }
            $succeeded = ($resultCode -eq 2 -or $resultCode -eq 3)

            # ResultCode=0 means NotStarted — treat as Skipped, not Failed.
            $status = if ($succeeded) { 'Succeeded' } elseif ($resultCode -eq 0) { 'Skipped' } else { 'Failed' }

            $kb = ''
            try {
                if ($u.KBArticleIDs -and $u.KBArticleIDs.Count -gt 0) {
                    $kb = 'KB' + $u.KBArticleIDs[0]
                }
            } catch {}

            $needsReboot = $false
            try { $needsReboot = [bool]$u.RebootRequired } catch {}

            $byKey[$u.Title] = [PSCustomObject]@{
                Identifier     = $kb
                Title          = [string]$u.Title
                Status         = $status
                ErrorMessage   = if ($succeeded -or $resultCode -eq 0) { '' } else { 'ResultCode=' + $resultCode }
                RebootRequired = $needsReboot
                AttemptedAt    = (Get-Date -Format 'o')
            }
        }

        $results = @($byKey.Values)

        if ($results.Count -eq 0) {
            Write-Output '[]'
        } else {
            $results | ConvertTo-Json -Compress
        }
2026-06-26 09:52:12.506 -05:00 [INF] (Thread 71) WindowsUpdateWorker: no updates installed — system reboot is already pending.
2026-06-26 09:52:12.506 -05:00 [INF] (Thread 71) WindowsUpdateWorker: pass complete. Total=1 Succeeded=1 Failed=0 Skipped=0
2026-06-26 09:52:12.506 -05:00 [INF] (Thread 71) WingetWorker: skipping — last run was 2026-06-25T18:31:38.1278849Z (less than 7 days ago).
2026-06-26 09:52:12.506 -05:00 [INF] (Thread 71) UpdateOrchestrator: cycle complete. Total=1 Succeeded=1 Failed=0 RebootRequired=true
2026-06-26 09:52:12.506 -05:00 [INF] (Thread 71) UpdateOrchestrator: reboot required but last reboot was 26.5 hours ago — skipping notification until 2-day minimum has elapsed.
2026-06-26 09:52:12.506 -05:00 [INF] (Thread 71) UpdateBackgroundService: next cycle in "01:00:00".
2026-06-26 10:52:12.562 -05:00 [INF] (Thread 71) SelfUpdater: checking for updates. Current version: 0.26.230.591
2026-06-26 10:52:12.715 -05:00 [INF] (Thread 71) SelfUpdater: remote version = 0.26.230.591.
2026-06-26 10:52:12.715 -05:00 [INF] (Thread 71) SelfUpdater: already up to date.
2026-06-26 10:52:12.715 -05:00 [INF] (Thread 71) UpdateOrchestrator: === Update cycle starting ===
2026-06-26 10:52:12.715 -05:00 [INF] (Thread 71) WindowsUpdateWorker: starting update pass.
2026-06-26 10:52:12.715 -05:00 [INF] (Thread 71) WindowsUpdateWorker: verifying PSWindowsUpdate module.
2026-06-26 10:52:12.715 -05:00 [DBG] (Thread 71) WindowsUpdateWorker: running PS script: $ProgressPreference = 'SilentlyContinue'
            $ErrorActionPreference = 'Stop'
            try {
                if (-not (Get-PackageProvider -Name NuGet -ListAvailable -ErrorAction SilentlyContinue)) {
                    Install-PackageProvider -Name NuGet -MinimumVersion 2.8.5.201 -Force -Scope AllUsers | Out-Null
                }
                Set-PSRepository -Name PSGallery -InstallationPolicy Trusted -ErrorAction SilentlyContinue
                if (-not (Get-Module -ListAvailable -Name PSWindowsUpdate -ErrorAction SilentlyContinue)) {
                    Install-Module PSWindowsUpdate -Force -SkipPublisherCheck -Scope AllUsers | Out-Null
                }
                Import-Module PSWindowsUpdate -Force -ErrorAction Stop
                try {
                    Add-WUServiceManager -MicrosoftUpdate -Confirm:$false -ErrorAction SilentlyContinue | Out-Null
                } catch {}
                Write-Output 'OK'
            } catch {
                Write-Output ('ERROR: ' + $_.Exception.Message)
            }
2026-06-26 10:52:24.537 -05:00 [INF] (Thread 70) WindowsUpdateWorker: PSWindowsUpdate module OK.
2026-06-26 10:52:24.538 -05:00 [DBG] (Thread 70) WindowsUpdateWorker: running PS script: Import-Module PSWindowsUpdate -ErrorAction Stop
        $ProgressPreference = 'SilentlyContinue'

        # Force the Windows Update Agent to scan before installing.
        # Fixes 0x80248007 (WU_E_DS_NODATA) on fresh builds or machines
        # whose update data store has not been initialised yet.
        try {
            Start-Process -FilePath 'UsoClient.exe' `
                -ArgumentList 'StartScan' `
                -Wait -NoNewWindow -ErrorAction SilentlyContinue
            Start-Sleep -Seconds 30
        } catch {}

        # 2>&1 merges stderr into the pipeline mixing strings with update
        # objects -- we filter them out in the foreach loop below.
        $rawOutput = Install-WindowsUpdate `
            -MicrosoftUpdate `
            -AcceptAll `
            -IgnoreReboot `
            -Install `
            -ErrorAction Continue 2>&1

        # Use a hashtable keyed on Title to keep only the LAST result per update.
        # PSWindowsUpdate emits objects at multiple pipeline stages (search, download,
        # install); overwriting ensures we capture the final post-install ResultCode
        # rather than an early ResultCode=0 (NotStarted).
        $byKey = @{}

        foreach ($u in $rawOutput) {
            if ($null -eq $u -or $u -isnot [PSObject]) { continue }
            if (-not ($u.PSObject.Properties.Name -contains 'Title')) { continue }
            if ([string]::IsNullOrWhiteSpace($u.Title)) { continue }

            $resultCode = 0
            try { $resultCode = [int]$u.ResultCode } catch { $resultCode = 4 }
            $succeeded = ($resultCode -eq 2 -or $resultCode -eq 3)

            # ResultCode=0 means NotStarted — treat as Skipped, not Failed.
            $status = if ($succeeded) { 'Succeeded' } elseif ($resultCode -eq 0) { 'Skipped' } else { 'Failed' }

            $kb = ''
            try {
                if ($u.KBArticleIDs -and $u.KBArticleIDs.Count -gt 0) {
                    $kb = 'KB' + $u.KBArticleIDs[0]
                }
            } catch {}

            $needsReboot = $false
            try { $needsReboot = [bool]$u.RebootRequired } catch {}

            $byKey[$u.Title] = [PSCustomObject]@{
                Identifier     = $kb
                Title          = [string]$u.Title
                Status         = $status
                ErrorMessage   = if ($succeeded -or $resultCode -eq 0) { '' } else { 'ResultCode=' + $resultCode }
                RebootRequired = $needsReboot
                AttemptedAt    = (Get-Date -Format 'o')
            }
        }

        $results = @($byKey.Values)

        if ($results.Count -eq 0) {
            Write-Output '[]'
        } else {
            $results | ConvertTo-Json -Compress
        }
2026-06-26 10:53:08.594 -05:00 [INF] (Thread 70) WindowsUpdateWorker: no updates installed — system reboot is already pending.
2026-06-26 10:53:08.594 -05:00 [INF] (Thread 70) WindowsUpdateWorker: pass complete. Total=1 Succeeded=1 Failed=0 Skipped=0
2026-06-26 10:53:08.594 -05:00 [INF] (Thread 70) WingetWorker: skipping — last run was 2026-06-25T18:31:38.1278849Z (less than 7 days ago).
2026-06-26 10:53:08.594 -05:00 [INF] (Thread 70) UpdateOrchestrator: cycle complete. Total=1 Succeeded=1 Failed=0 RebootRequired=true
2026-06-26 10:53:08.594 -05:00 [INF] (Thread 70) UpdateOrchestrator: reboot required but last reboot was 27.6 hours ago — skipping notification until 2-day minimum has elapsed.
2026-06-26 10:53:08.594 -05:00 [INF] (Thread 70) UpdateBackgroundService: next cycle in "01:00:00".
2026-06-26 11:53:08.626 -05:00 [INF] (Thread 70) SelfUpdater: checking for updates. Current version: 0.26.230.591
2026-06-26 11:53:08.777 -05:00 [INF] (Thread 58) SelfUpdater: remote version = 0.26.230.591.
2026-06-26 11:53:08.777 -05:00 [INF] (Thread 58) SelfUpdater: already up to date.
2026-06-26 11:53:08.778 -05:00 [INF] (Thread 58) UpdateOrchestrator: === Update cycle starting ===
2026-06-26 11:53:08.778 -05:00 [INF] (Thread 58) WindowsUpdateWorker: starting update pass.
2026-06-26 11:53:08.778 -05:00 [INF] (Thread 58) WindowsUpdateWorker: verifying PSWindowsUpdate module.
2026-06-26 11:53:08.781 -05:00 [DBG] (Thread 58) WindowsUpdateWorker: running PS script: $ProgressPreference = 'SilentlyContinue'
            $ErrorActionPreference = 'Stop'
            try {
                if (-not (Get-PackageProvider -Name NuGet -ListAvailable -ErrorAction SilentlyContinue)) {
                    Install-PackageProvider -Name NuGet -MinimumVersion 2.8.5.201 -Force -Scope AllUsers | Out-Null
                }
                Set-PSRepository -Name PSGallery -InstallationPolicy Trusted -ErrorAction SilentlyContinue
                if (-not (Get-Module -ListAvailable -Name PSWindowsUpdate -ErrorAction SilentlyContinue)) {
                    Install-Module PSWindowsUpdate -Force -SkipPublisherCheck -Scope AllUsers | Out-Null
                }
                Import-Module PSWindowsUpdate -Force -ErrorAction Stop
                try {
                    Add-WUServiceManager -MicrosoftUpdate -Confirm:$false -ErrorAction SilentlyContinue | Out-Null
                } catch {}
                Write-Output 'OK'
            } catch {
                Write-Output ('ERROR: ' + $_.Exception.Message)
            }
2026-06-26 11:53:20.336 -05:00 [INF] (Thread 58) WindowsUpdateWorker: PSWindowsUpdate module OK.
2026-06-26 11:53:20.337 -05:00 [DBG] (Thread 69) WindowsUpdateWorker: running PS script: Import-Module PSWindowsUpdate -ErrorAction Stop
        $ProgressPreference = 'SilentlyContinue'

        # Force the Windows Update Agent to scan before installing.
        # Fixes 0x80248007 (WU_E_DS_NODATA) on fresh builds or machines
        # whose update data store has not been initialised yet.
        try {
            Start-Process -FilePath 'UsoClient.exe' `
                -ArgumentList 'StartScan' `
                -Wait -NoNewWindow -ErrorAction SilentlyContinue
            Start-Sleep -Seconds 30
        } catch {}

        # 2>&1 merges stderr into the pipeline mixing strings with update
        # objects -- we filter them out in the foreach loop below.
        $rawOutput = Install-WindowsUpdate `
            -MicrosoftUpdate `
            -AcceptAll `
            -IgnoreReboot `
            -Install `
            -ErrorAction Continue 2>&1

        # Use a hashtable keyed on Title to keep only the LAST result per update.
        # PSWindowsUpdate emits objects at multiple pipeline stages (search, download,
        # install); overwriting ensures we capture the final post-install ResultCode
        # rather than an early ResultCode=0 (NotStarted).
        $byKey = @{}

        foreach ($u in $rawOutput) {
            if ($null -eq $u -or $u -isnot [PSObject]) { continue }
            if (-not ($u.PSObject.Properties.Name -contains 'Title')) { continue }
            if ([string]::IsNullOrWhiteSpace($u.Title)) { continue }

            $resultCode = 0
            try { $resultCode = [int]$u.ResultCode } catch { $resultCode = 4 }
            $succeeded = ($resultCode -eq 2 -or $resultCode -eq 3)

            # ResultCode=0 means NotStarted — treat as Skipped, not Failed.
            $status = if ($succeeded) { 'Succeeded' } elseif ($resultCode -eq 0) { 'Skipped' } else { 'Failed' }

            $kb = ''
            try {
                if ($u.KBArticleIDs -and $u.KBArticleIDs.Count -gt 0) {
                    $kb = 'KB' + $u.KBArticleIDs[0]
                }
            } catch {}

            $needsReboot = $false
            try { $needsReboot = [bool]$u.RebootRequired } catch {}

            $byKey[$u.Title] = [PSCustomObject]@{
                Identifier     = $kb
                Title          = [string]$u.Title
                Status         = $status
                ErrorMessage   = if ($succeeded -or $resultCode -eq 0) { '' } else { 'ResultCode=' + $resultCode }
                RebootRequired = $needsReboot
                AttemptedAt    = (Get-Date -Format 'o')
            }
        }

        $results = @($byKey.Values)

        if ($results.Count -eq 0) {
            Write-Output '[]'
        } else {
            $results | ConvertTo-Json -Compress
        }
2026-06-26 11:54:04.830 -05:00 [INF] (Thread 69) WindowsUpdateWorker: no updates installed — system reboot is already pending.
2026-06-26 11:54:04.830 -05:00 [INF] (Thread 69) WindowsUpdateWorker: pass complete. Total=1 Succeeded=1 Failed=0 Skipped=0
2026-06-26 11:54:04.831 -05:00 [INF] (Thread 69) WingetWorker: skipping — last run was 2026-06-25T18:31:38.1278849Z (less than 7 days ago).
2026-06-26 11:54:04.831 -05:00 [INF] (Thread 69) UpdateOrchestrator: cycle complete. Total=1 Succeeded=1 Failed=0 RebootRequired=true
2026-06-26 11:54:04.831 -05:00 [INF] (Thread 69) UpdateOrchestrator: reboot required but last reboot was 28.6 hours ago — skipping notification until 2-day minimum has elapsed.
2026-06-26 11:54:04.831 -05:00 [INF] (Thread 69) UpdateBackgroundService: next cycle in "01:00:00".
2026-06-26 12:54:04.858 -05:00 [INF] (Thread 67) SelfUpdater: checking for updates. Current version: 0.26.230.591
2026-06-26 12:54:04.940 -05:00 [INF] (Thread 67) SelfUpdater: remote version = 0.26.230.591.
2026-06-26 12:54:04.940 -05:00 [INF] (Thread 67) SelfUpdater: already up to date.
2026-06-26 12:54:04.940 -05:00 [INF] (Thread 67) UpdateOrchestrator: === Update cycle starting ===
2026-06-26 12:54:04.940 -05:00 [INF] (Thread 67) WindowsUpdateWorker: starting update pass.
2026-06-26 12:54:04.940 -05:00 [INF] (Thread 67) WindowsUpdateWorker: verifying PSWindowsUpdate module.
2026-06-26 12:54:04.941 -05:00 [DBG] (Thread 67) WindowsUpdateWorker: running PS script: $ProgressPreference = 'SilentlyContinue'
            $ErrorActionPreference = 'Stop'
            try {
                if (-not (Get-PackageProvider -Name NuGet -ListAvailable -ErrorAction SilentlyContinue)) {
                    Install-PackageProvider -Name NuGet -MinimumVersion 2.8.5.201 -Force -Scope AllUsers | Out-Null
                }
                Set-PSRepository -Name PSGallery -InstallationPolicy Trusted -ErrorAction SilentlyContinue
                if (-not (Get-Module -ListAvailable -Name PSWindowsUpdate -ErrorAction SilentlyContinue)) {
                    Install-Module PSWindowsUpdate -Force -SkipPublisherCheck -Scope AllUsers | Out-Null
                }
                Import-Module PSWindowsUpdate -Force -ErrorAction Stop
                try {
                    Add-WUServiceManager -MicrosoftUpdate -Confirm:$false -ErrorAction SilentlyContinue | Out-Null
                } catch {}
                Write-Output 'OK'
            } catch {
                Write-Output ('ERROR: ' + $_.Exception.Message)
            }
2026-06-26 12:54:16.405 -05:00 [INF] (Thread 67) WindowsUpdateWorker: PSWindowsUpdate module OK.
2026-06-26 12:54:16.406 -05:00 [DBG] (Thread 67) WindowsUpdateWorker: running PS script: Import-Module PSWindowsUpdate -ErrorAction Stop
        $ProgressPreference = 'SilentlyContinue'

        # Force the Windows Update Agent to scan before installing.
        # Fixes 0x80248007 (WU_E_DS_NODATA) on fresh builds or machines
        # whose update data store has not been initialised yet.
        try {
            Start-Process -FilePath 'UsoClient.exe' `
                -ArgumentList 'StartScan' `
                -Wait -NoNewWindow -ErrorAction SilentlyContinue
            Start-Sleep -Seconds 30
        } catch {}

        # 2>&1 merges stderr into the pipeline mixing strings with update
        # objects -- we filter them out in the foreach loop below.
        $rawOutput = Install-WindowsUpdate `
            -MicrosoftUpdate `
            -AcceptAll `
            -IgnoreReboot `
            -Install `
            -ErrorAction Continue 2>&1

        # Use a hashtable keyed on Title to keep only the LAST result per update.
        # PSWindowsUpdate emits objects at multiple pipeline stages (search, download,
        # install); overwriting ensures we capture the final post-install ResultCode
        # rather than an early ResultCode=0 (NotStarted).
        $byKey = @{}

        foreach ($u in $rawOutput) {
            if ($null -eq $u -or $u -isnot [PSObject]) { continue }
            if (-not ($u.PSObject.Properties.Name -contains 'Title')) { continue }
            if ([string]::IsNullOrWhiteSpace($u.Title)) { continue }

            $resultCode = 0
            try { $resultCode = [int]$u.ResultCode } catch { $resultCode = 4 }
            $succeeded = ($resultCode -eq 2 -or $resultCode -eq 3)

            # ResultCode=0 means NotStarted — treat as Skipped, not Failed.
            $status = if ($succeeded) { 'Succeeded' } elseif ($resultCode -eq 0) { 'Skipped' } else { 'Failed' }

            $kb = ''
            try {
                if ($u.KBArticleIDs -and $u.KBArticleIDs.Count -gt 0) {
                    $kb = 'KB' + $u.KBArticleIDs[0]
                }
            } catch {}

            $needsReboot = $false
            try { $needsReboot = [bool]$u.RebootRequired } catch {}

            $byKey[$u.Title] = [PSCustomObject]@{
                Identifier     = $kb
                Title          = [string]$u.Title
                Status         = $status
                ErrorMessage   = if ($succeeded -or $resultCode -eq 0) { '' } else { 'ResultCode=' + $resultCode }
                RebootRequired = $needsReboot
                AttemptedAt    = (Get-Date -Format 'o')
            }
        }

        $results = @($byKey.Values)

        if ($results.Count -eq 0) {
            Write-Output '[]'
        } else {
            $results | ConvertTo-Json -Compress
        }
2026-06-26 12:55:03.533 -05:00 [INF] (Thread 69) WindowsUpdateWorker: no updates installed — system reboot is already pending.
2026-06-26 12:55:03.533 -05:00 [INF] (Thread 69) WindowsUpdateWorker: pass complete. Total=1 Succeeded=1 Failed=0 Skipped=0
2026-06-26 12:55:03.534 -05:00 [INF] (Thread 69) WingetWorker: skipping — last run was 2026-06-25T18:31:38.1278849Z (less than 7 days ago).
2026-06-26 12:55:03.534 -05:00 [INF] (Thread 69) UpdateOrchestrator: cycle complete. Total=1 Succeeded=1 Failed=0 RebootRequired=true
2026-06-26 12:55:03.534 -05:00 [INF] (Thread 69) UpdateOrchestrator: reboot required but last reboot was 29.6 hours ago — skipping notification until 2-day minimum has elapsed.
2026-06-26 12:55:03.534 -05:00 [INF] (Thread 69) UpdateBackgroundService: next cycle in "01:00:00".
2026-06-26 13:55:03.656 -05:00 [INF] (Thread 69) SelfUpdater: checking for updates. Current version: 0.26.230.591
2026-06-26 13:55:04.758 -05:00 [INF] (Thread 69) SelfUpdater: remote version = 0.26.230.591.
2026-06-26 13:55:04.758 -05:00 [INF] (Thread 69) SelfUpdater: already up to date.
2026-06-26 13:55:04.758 -05:00 [INF] (Thread 69) UpdateOrchestrator: === Update cycle starting ===
2026-06-26 13:55:04.758 -05:00 [INF] (Thread 69) WindowsUpdateWorker: starting update pass.
2026-06-26 13:55:04.758 -05:00 [INF] (Thread 69) WindowsUpdateWorker: verifying PSWindowsUpdate module.
2026-06-26 13:55:04.759 -05:00 [DBG] (Thread 69) WindowsUpdateWorker: running PS script: $ProgressPreference = 'SilentlyContinue'
            $ErrorActionPreference = 'Stop'
            try {
                if (-not (Get-PackageProvider -Name NuGet -ListAvailable -ErrorAction SilentlyContinue)) {
                    Install-PackageProvider -Name NuGet -MinimumVersion 2.8.5.201 -Force -Scope AllUsers | Out-Null
                }
                Set-PSRepository -Name PSGallery -InstallationPolicy Trusted -ErrorAction SilentlyContinue
                if (-not (Get-Module -ListAvailable -Name PSWindowsUpdate -ErrorAction SilentlyContinue)) {
                    Install-Module PSWindowsUpdate -Force -SkipPublisherCheck -Scope AllUsers | Out-Null
                }
                Import-Module PSWindowsUpdate -Force -ErrorAction Stop
                try {
                    Add-WUServiceManager -MicrosoftUpdate -Confirm:$false -ErrorAction SilentlyContinue | Out-Null
                } catch {}
                Write-Output 'OK'
            } catch {
                Write-Output ('ERROR: ' + $_.Exception.Message)
            }
2026-06-26 13:55:25.647 -05:00 [INF] (Thread 62) WindowsUpdateWorker: PSWindowsUpdate module OK.
2026-06-26 13:55:25.649 -05:00 [DBG] (Thread 62) WindowsUpdateWorker: running PS script: Import-Module PSWindowsUpdate -ErrorAction Stop
        $ProgressPreference = 'SilentlyContinue'

        # Force the Windows Update Agent to scan before installing.
        # Fixes 0x80248007 (WU_E_DS_NODATA) on fresh builds or machines
        # whose update data store has not been initialised yet.
        try {
            Start-Process -FilePath 'UsoClient.exe' `
                -ArgumentList 'StartScan' `
                -Wait -NoNewWindow -ErrorAction SilentlyContinue
            Start-Sleep -Seconds 30
        } catch {}

        # 2>&1 merges stderr into the pipeline mixing strings with update
        # objects -- we filter them out in the foreach loop below.
        $rawOutput = Install-WindowsUpdate `
            -MicrosoftUpdate `
            -AcceptAll `
            -IgnoreReboot `
            -Install `
            -ErrorAction Continue 2>&1

        # Use a hashtable keyed on Title to keep only the LAST result per update.
        # PSWindowsUpdate emits objects at multiple pipeline stages (search, download,
        # install); overwriting ensures we capture the final post-install ResultCode
        # rather than an early ResultCode=0 (NotStarted).
        $byKey = @{}

        foreach ($u in $rawOutput) {
            if ($null -eq $u -or $u -isnot [PSObject]) { continue }
            if (-not ($u.PSObject.Properties.Name -contains 'Title')) { continue }
            if ([string]::IsNullOrWhiteSpace($u.Title)) { continue }

            $resultCode = 0
            try { $resultCode = [int]$u.ResultCode } catch { $resultCode = 4 }
            $succeeded = ($resultCode -eq 2 -or $resultCode -eq 3)

            # ResultCode=0 means NotStarted — treat as Skipped, not Failed.
            $status = if ($succeeded) { 'Succeeded' } elseif ($resultCode -eq 0) { 'Skipped' } else { 'Failed' }

            $kb = ''
            try {
                if ($u.KBArticleIDs -and $u.KBArticleIDs.Count -gt 0) {
                    $kb = 'KB' + $u.KBArticleIDs[0]
                }
            } catch {}

            $needsReboot = $false
            try { $needsReboot = [bool]$u.RebootRequired } catch {}

            $byKey[$u.Title] = [PSCustomObject]@{
                Identifier     = $kb
                Title          = [string]$u.Title
                Status         = $status
                ErrorMessage   = if ($succeeded -or $resultCode -eq 0) { '' } else { 'ResultCode=' + $resultCode }
                RebootRequired = $needsReboot
                AttemptedAt    = (Get-Date -Format 'o')
            }
        }

        $results = @($byKey.Values)

        if ($results.Count -eq 0) {
            Write-Output '[]'
        } else {
            $results | ConvertTo-Json -Compress
        }
2026-06-26 13:56:12.175 -05:00 [INF] (Thread 62) WindowsUpdateWorker: no updates installed — system reboot is already pending.
2026-06-26 13:56:12.176 -05:00 [INF] (Thread 62) WindowsUpdateWorker: pass complete. Total=1 Succeeded=1 Failed=0 Skipped=0
2026-06-26 13:56:12.176 -05:00 [INF] (Thread 62) WingetWorker: skipping — last run was 2026-06-25T18:31:38.1278849Z (less than 7 days ago).
2026-06-26 13:56:12.176 -05:00 [INF] (Thread 62) UpdateOrchestrator: cycle complete. Total=1 Succeeded=1 Failed=0 RebootRequired=true
2026-06-26 13:56:12.176 -05:00 [INF] (Thread 62) UpdateOrchestrator: reboot required but last reboot was 30.6 hours ago — skipping notification until 2-day minimum has elapsed.
2026-06-26 13:56:12.176 -05:00 [INF] (Thread 62) UpdateBackgroundService: next cycle in "01:00:00".
2026-06-26 14:56:12.314 -05:00 [INF] (Thread 64) SelfUpdater: checking for updates. Current version: 0.26.230.591
2026-06-26 14:56:12.429 -05:00 [INF] (Thread 61) SelfUpdater: remote version = 0.26.230.591.
2026-06-26 14:56:12.430 -05:00 [INF] (Thread 61) SelfUpdater: already up to date.
2026-06-26 14:56:12.430 -05:00 [INF] (Thread 61) UpdateOrchestrator: === Update cycle starting ===
2026-06-26 14:56:12.430 -05:00 [INF] (Thread 61) WindowsUpdateWorker: starting update pass.
2026-06-26 14:56:12.430 -05:00 [INF] (Thread 61) WindowsUpdateWorker: verifying PSWindowsUpdate module.
2026-06-26 14:56:12.432 -05:00 [DBG] (Thread 61) WindowsUpdateWorker: running PS script: $ProgressPreference = 'SilentlyContinue'
            $ErrorActionPreference = 'Stop'
            try {
                if (-not (Get-PackageProvider -Name NuGet -ListAvailable -ErrorAction SilentlyContinue)) {
                    Install-PackageProvider -Name NuGet -MinimumVersion 2.8.5.201 -Force -Scope AllUsers | Out-Null
                }
                Set-PSRepository -Name PSGallery -InstallationPolicy Trusted -ErrorAction SilentlyContinue
                if (-not (Get-Module -ListAvailable -Name PSWindowsUpdate -ErrorAction SilentlyContinue)) {
                    Install-Module PSWindowsUpdate -Force -SkipPublisherCheck -Scope AllUsers | Out-Null
                }
                Import-Module PSWindowsUpdate -Force -ErrorAction Stop
                try {
                    Add-WUServiceManager -MicrosoftUpdate -Confirm:$false -ErrorAction SilentlyContinue | Out-Null
                } catch {}
                Write-Output 'OK'
            } catch {
                Write-Output ('ERROR: ' + $_.Exception.Message)
            }
2026-06-26 14:56:26.638 -05:00 [INF] (Thread 57) WindowsUpdateWorker: PSWindowsUpdate module OK.
2026-06-26 14:56:26.641 -05:00 [DBG] (Thread 57) WindowsUpdateWorker: running PS script: Import-Module PSWindowsUpdate -ErrorAction Stop
        $ProgressPreference = 'SilentlyContinue'

        # Force the Windows Update Agent to scan before installing.
        # Fixes 0x80248007 (WU_E_DS_NODATA) on fresh builds or machines
        # whose update data store has not been initialised yet.
        try {
            Start-Process -FilePath 'UsoClient.exe' `
                -ArgumentList 'StartScan' `
                -Wait -NoNewWindow -ErrorAction SilentlyContinue
            Start-Sleep -Seconds 30
        } catch {}

        # 2>&1 merges stderr into the pipeline mixing strings with update
        # objects -- we filter them out in the foreach loop below.
        $rawOutput = Install-WindowsUpdate `
            -MicrosoftUpdate `
            -AcceptAll `
            -IgnoreReboot `
            -Install `
            -ErrorAction Continue 2>&1

        # Use a hashtable keyed on Title to keep only the LAST result per update.
        # PSWindowsUpdate emits objects at multiple pipeline stages (search, download,
        # install); overwriting ensures we capture the final post-install ResultCode
        # rather than an early ResultCode=0 (NotStarted).
        $byKey = @{}

        foreach ($u in $rawOutput) {
            if ($null -eq $u -or $u -isnot [PSObject]) { continue }
            if (-not ($u.PSObject.Properties.Name -contains 'Title')) { continue }
            if ([string]::IsNullOrWhiteSpace($u.Title)) { continue }

            $resultCode = 0
            try { $resultCode = [int]$u.ResultCode } catch { $resultCode = 4 }
            $succeeded = ($resultCode -eq 2 -or $resultCode -eq 3)

            # ResultCode=0 means NotStarted — treat as Skipped, not Failed.
            $status = if ($succeeded) { 'Succeeded' } elseif ($resultCode -eq 0) { 'Skipped' } else { 'Failed' }

            $kb = ''
            try {
                if ($u.KBArticleIDs -and $u.KBArticleIDs.Count -gt 0) {
                    $kb = 'KB' + $u.KBArticleIDs[0]
                }
            } catch {}

            $needsReboot = $false
            try { $needsReboot = [bool]$u.RebootRequired } catch {}

            $byKey[$u.Title] = [PSCustomObject]@{
                Identifier     = $kb
                Title          = [string]$u.Title
                Status         = $status
                ErrorMessage   = if ($succeeded -or $resultCode -eq 0) { '' } else { 'ResultCode=' + $resultCode }
                RebootRequired = $needsReboot
                AttemptedAt    = (Get-Date -Format 'o')
            }
        }

        $results = @($byKey.Values)

        if ($results.Count -eq 0) {
            Write-Output '[]'
        } else {
            $results | ConvertTo-Json -Compress
        }
2026-06-26 14:57:34.877 -05:00 [INF] (Thread 54) WindowsUpdateWorker: no updates installed — system reboot is already pending.
2026-06-26 14:57:34.877 -05:00 [INF] (Thread 54) WindowsUpdateWorker: pass complete. Total=1 Succeeded=1 Failed=0 Skipped=0
2026-06-26 14:57:34.877 -05:00 [INF] (Thread 54) WingetWorker: skipping — last run was 2026-06-25T18:31:38.1278849Z (less than 7 days ago).
2026-06-26 14:57:34.877 -05:00 [INF] (Thread 54) UpdateOrchestrator: cycle complete. Total=1 Succeeded=1 Failed=0 RebootRequired=true
2026-06-26 14:57:34.877 -05:00 [INF] (Thread 54) UpdateOrchestrator: reboot required but last reboot was 31.6 hours ago — skipping notification until 2-day minimum has elapsed.
2026-06-26 14:57:34.877 -05:00 [INF] (Thread 54) UpdateBackgroundService: next cycle in "01:00:00".
2026-06-26 15:57:34.939 -05:00 [INF] (Thread 56) SelfUpdater: checking for updates. Current version: 0.26.230.591
2026-06-26 15:57:35.046 -05:00 [INF] (Thread 57) SelfUpdater: remote version = 0.26.230.591.
2026-06-26 15:57:35.046 -05:00 [INF] (Thread 57) SelfUpdater: already up to date.
2026-06-26 15:57:35.046 -05:00 [INF] (Thread 57) UpdateOrchestrator: === Update cycle starting ===
2026-06-26 15:57:35.046 -05:00 [INF] (Thread 57) WindowsUpdateWorker: starting update pass.
2026-06-26 15:57:35.046 -05:00 [INF] (Thread 57) WindowsUpdateWorker: verifying PSWindowsUpdate module.
2026-06-26 15:57:35.048 -05:00 [DBG] (Thread 57) WindowsUpdateWorker: running PS script: $ProgressPreference = 'SilentlyContinue'
            $ErrorActionPreference = 'Stop'
            try {
                if (-not (Get-PackageProvider -Name NuGet -ListAvailable -ErrorAction SilentlyContinue)) {
                    Install-PackageProvider -Name NuGet -MinimumVersion 2.8.5.201 -Force -Scope AllUsers | Out-Null
                }
                Set-PSRepository -Name PSGallery -InstallationPolicy Trusted -ErrorAction SilentlyContinue
                if (-not (Get-Module -ListAvailable -Name PSWindowsUpdate -ErrorAction SilentlyContinue)) {
                    Install-Module PSWindowsUpdate -Force -SkipPublisherCheck -Scope AllUsers | Out-Null
                }
                Import-Module PSWindowsUpdate -Force -ErrorAction Stop
                try {
                    Add-WUServiceManager -MicrosoftUpdate -Confirm:$false -ErrorAction SilentlyContinue | Out-Null
                } catch {}
                Write-Output 'OK'
            } catch {
                Write-Output ('ERROR: ' + $_.Exception.Message)
            }
2026-06-26 15:57:47.393 -05:00 [INF] (Thread 60) WindowsUpdateWorker: PSWindowsUpdate module OK.
2026-06-26 15:57:47.394 -05:00 [DBG] (Thread 60) WindowsUpdateWorker: running PS script: Import-Module PSWindowsUpdate -ErrorAction Stop
        $ProgressPreference = 'SilentlyContinue'

        # Force the Windows Update Agent to scan before installing.
        # Fixes 0x80248007 (WU_E_DS_NODATA) on fresh builds or machines
        # whose update data store has not been initialised yet.
        try {
            Start-Process -FilePath 'UsoClient.exe' `
                -ArgumentList 'StartScan' `
                -Wait -NoNewWindow -ErrorAction SilentlyContinue
            Start-Sleep -Seconds 30
        } catch {}

        # 2>&1 merges stderr into the pipeline mixing strings with update
        # objects -- we filter them out in the foreach loop below.
        $rawOutput = Install-WindowsUpdate `
            -MicrosoftUpdate `
            -AcceptAll `
            -IgnoreReboot `
            -Install `
            -ErrorAction Continue 2>&1

        # Use a hashtable keyed on Title to keep only the LAST result per update.
        # PSWindowsUpdate emits objects at multiple pipeline stages (search, download,
        # install); overwriting ensures we capture the final post-install ResultCode
        # rather than an early ResultCode=0 (NotStarted).
        $byKey = @{}

        foreach ($u in $rawOutput) {
            if ($null -eq $u -or $u -isnot [PSObject]) { continue }
            if (-not ($u.PSObject.Properties.Name -contains 'Title')) { continue }
            if ([string]::IsNullOrWhiteSpace($u.Title)) { continue }

            $resultCode = 0
            try { $resultCode = [int]$u.ResultCode } catch { $resultCode = 4 }
            $succeeded = ($resultCode -eq 2 -or $resultCode -eq 3)

            # ResultCode=0 means NotStarted — treat as Skipped, not Failed.
            $status = if ($succeeded) { 'Succeeded' } elseif ($resultCode -eq 0) { 'Skipped' } else { 'Failed' }

            $kb = ''
            try {
                if ($u.KBArticleIDs -and $u.KBArticleIDs.Count -gt 0) {
                    $kb = 'KB' + $u.KBArticleIDs[0]
                }
            } catch {}

            $needsReboot = $false
            try { $needsReboot = [bool]$u.RebootRequired } catch {}

            $byKey[$u.Title] = [PSCustomObject]@{
                Identifier     = $kb
                Title          = [string]$u.Title
                Status         = $status
                ErrorMessage   = if ($succeeded -or $resultCode -eq 0) { '' } else { 'ResultCode=' + $resultCode }
                RebootRequired = $needsReboot
                AttemptedAt    = (Get-Date -Format 'o')
            }
        }

        $results = @($byKey.Values)

        if ($results.Count -eq 0) {
            Write-Output '[]'
        } else {
            $results | ConvertTo-Json -Compress
        }
2026-06-26 15:58:38.145 -05:00 [INF] (Thread 56) WindowsUpdateWorker: no updates installed — system reboot is already pending.
2026-06-26 15:58:38.146 -05:00 [INF] (Thread 56) WindowsUpdateWorker: pass complete. Total=1 Succeeded=1 Failed=0 Skipped=0
2026-06-26 15:58:38.146 -05:00 [INF] (Thread 56) WingetWorker: skipping — last run was 2026-06-25T18:31:38.1278849Z (less than 7 days ago).
2026-06-26 15:58:38.146 -05:00 [INF] (Thread 56) UpdateOrchestrator: cycle complete. Total=1 Succeeded=1 Failed=0 RebootRequired=true
2026-06-26 15:58:38.146 -05:00 [INF] (Thread 56) UpdateOrchestrator: reboot required but last reboot was 32.6 hours ago — skipping notification until 2-day minimum has elapsed.
2026-06-26 15:58:38.146 -05:00 [INF] (Thread 56) UpdateBackgroundService: next cycle in "01:00:00".
2026-06-26 16:58:38.182 -05:00 [INF] (Thread 56) SelfUpdater: checking for updates. Current version: 0.26.230.591
2026-06-26 16:58:38.310 -05:00 [INF] (Thread 50) SelfUpdater: remote version = 0.26.230.591.
2026-06-26 16:58:38.310 -05:00 [INF] (Thread 50) SelfUpdater: already up to date.
2026-06-26 16:58:38.310 -05:00 [INF] (Thread 50) UpdateOrchestrator: === Update cycle starting ===
2026-06-26 16:58:38.310 -05:00 [INF] (Thread 50) WindowsUpdateWorker: starting update pass.
2026-06-26 16:58:38.310 -05:00 [INF] (Thread 50) WindowsUpdateWorker: verifying PSWindowsUpdate module.
2026-06-26 16:58:38.311 -05:00 [DBG] (Thread 50) WindowsUpdateWorker: running PS script: $ProgressPreference = 'SilentlyContinue'
            $ErrorActionPreference = 'Stop'
            try {
                if (-not (Get-PackageProvider -Name NuGet -ListAvailable -ErrorAction SilentlyContinue)) {
                    Install-PackageProvider -Name NuGet -MinimumVersion 2.8.5.201 -Force -Scope AllUsers | Out-Null
                }
                Set-PSRepository -Name PSGallery -InstallationPolicy Trusted -ErrorAction SilentlyContinue
                if (-not (Get-Module -ListAvailable -Name PSWindowsUpdate -ErrorAction SilentlyContinue)) {
                    Install-Module PSWindowsUpdate -Force -SkipPublisherCheck -Scope AllUsers | Out-Null
                }
                Import-Module PSWindowsUpdate -Force -ErrorAction Stop
                try {
                    Add-WUServiceManager -MicrosoftUpdate -Confirm:$false -ErrorAction SilentlyContinue | Out-Null
                } catch {}
                Write-Output 'OK'
            } catch {
                Write-Output ('ERROR: ' + $_.Exception.Message)
            }
2026-06-26 16:58:50.400 -05:00 [INF] (Thread 56) WindowsUpdateWorker: PSWindowsUpdate module OK.
2026-06-26 16:58:50.402 -05:00 [DBG] (Thread 56) WindowsUpdateWorker: running PS script: Import-Module PSWindowsUpdate -ErrorAction Stop
        $ProgressPreference = 'SilentlyContinue'

        # Force the Windows Update Agent to scan before installing.
        # Fixes 0x80248007 (WU_E_DS_NODATA) on fresh builds or machines
        # whose update data store has not been initialised yet.
        try {
            Start-Process -FilePath 'UsoClient.exe' `
                -ArgumentList 'StartScan' `
                -Wait -NoNewWindow -ErrorAction SilentlyContinue
            Start-Sleep -Seconds 30
        } catch {}

        # 2>&1 merges stderr into the pipeline mixing strings with update
        # objects -- we filter them out in the foreach loop below.
        $rawOutput = Install-WindowsUpdate `
            -MicrosoftUpdate `
            -AcceptAll `
            -IgnoreReboot `
            -Install `
            -ErrorAction Continue 2>&1

        # Use a hashtable keyed on Title to keep only the LAST result per update.
        # PSWindowsUpdate emits objects at multiple pipeline stages (search, download,
        # install); overwriting ensures we capture the final post-install ResultCode
        # rather than an early ResultCode=0 (NotStarted).
        $byKey = @{}

        foreach ($u in $rawOutput) {
            if ($null -eq $u -or $u -isnot [PSObject]) { continue }
            if (-not ($u.PSObject.Properties.Name -contains 'Title')) { continue }
            if ([string]::IsNullOrWhiteSpace($u.Title)) { continue }

            $resultCode = 0
            try { $resultCode = [int]$u.ResultCode } catch { $resultCode = 4 }
            $succeeded = ($resultCode -eq 2 -or $resultCode -eq 3)

            # ResultCode=0 means NotStarted — treat as Skipped, not Failed.
            $status = if ($succeeded) { 'Succeeded' } elseif ($resultCode -eq 0) { 'Skipped' } else { 'Failed' }

            $kb = ''
            try {
                if ($u.KBArticleIDs -and $u.KBArticleIDs.Count -gt 0) {
                    $kb = 'KB' + $u.KBArticleIDs[0]
                }
            } catch {}

            $needsReboot = $false
            try { $needsReboot = [bool]$u.RebootRequired } catch {}

            $byKey[$u.Title] = [PSCustomObject]@{
                Identifier     = $kb
                Title          = [string]$u.Title
                Status         = $status
                ErrorMessage   = if ($succeeded -or $resultCode -eq 0) { '' } else { 'ResultCode=' + $resultCode }
                RebootRequired = $needsReboot
                AttemptedAt    = (Get-Date -Format 'o')
            }
        }

        $results = @($byKey.Values)

        if ($results.Count -eq 0) {
            Write-Output '[]'
        } else {
            $results | ConvertTo-Json -Compress
        }
2026-06-26 16:59:35.187 -05:00 [INF] (Thread 57) WindowsUpdateWorker: no updates installed — system reboot is already pending.
2026-06-26 16:59:35.187 -05:00 [INF] (Thread 57) WindowsUpdateWorker: pass complete. Total=1 Succeeded=1 Failed=0 Skipped=0
2026-06-26 16:59:35.187 -05:00 [INF] (Thread 57) WingetWorker: skipping — last run was 2026-06-25T18:31:38.1278849Z (less than 7 days ago).
2026-06-26 16:59:35.187 -05:00 [INF] (Thread 57) UpdateOrchestrator: cycle complete. Total=1 Succeeded=1 Failed=0 RebootRequired=true
2026-06-26 16:59:35.187 -05:00 [INF] (Thread 57) UpdateOrchestrator: reboot required but last reboot was 33.7 hours ago — skipping notification until 2-day minimum has elapsed.
2026-06-26 16:59:35.187 -05:00 [INF] (Thread 57) UpdateBackgroundService: next cycle in "01:00:00".
2026-06-26 17:59:35.221 -05:00 [INF] (Thread 57) SelfUpdater: checking for updates. Current version: 0.26.230.591
2026-06-26 17:59:35.313 -05:00 [INF] (Thread 57) SelfUpdater: remote version = 0.26.230.591.
2026-06-26 17:59:35.313 -05:00 [INF] (Thread 57) SelfUpdater: already up to date.
2026-06-26 17:59:35.313 -05:00 [INF] (Thread 57) UpdateOrchestrator: === Update cycle starting ===
2026-06-26 17:59:35.313 -05:00 [INF] (Thread 57) WindowsUpdateWorker: starting update pass.
2026-06-26 17:59:35.314 -05:00 [INF] (Thread 57) WindowsUpdateWorker: verifying PSWindowsUpdate module.
2026-06-26 17:59:35.315 -05:00 [DBG] (Thread 57) WindowsUpdateWorker: running PS script: $ProgressPreference = 'SilentlyContinue'
            $ErrorActionPreference = 'Stop'
            try {
                if (-not (Get-PackageProvider -Name NuGet -ListAvailable -ErrorAction SilentlyContinue)) {
                    Install-PackageProvider -Name NuGet -MinimumVersion 2.8.5.201 -Force -Scope AllUsers | Out-Null
                }
                Set-PSRepository -Name PSGallery -InstallationPolicy Trusted -ErrorAction SilentlyContinue
                if (-not (Get-Module -ListAvailable -Name PSWindowsUpdate -ErrorAction SilentlyContinue)) {
                    Install-Module PSWindowsUpdate -Force -SkipPublisherCheck -Scope AllUsers | Out-Null
                }
                Import-Module PSWindowsUpdate -Force -ErrorAction Stop
                try {
                    Add-WUServiceManager -MicrosoftUpdate -Confirm:$false -ErrorAction SilentlyContinue | Out-Null
                } catch {}
                Write-Output 'OK'
            } catch {
                Write-Output ('ERROR: ' + $_.Exception.Message)
            }
2026-06-26 17:59:48.969 -05:00 [INF] (Thread 57) WindowsUpdateWorker: PSWindowsUpdate module OK.
2026-06-26 17:59:48.970 -05:00 [DBG] (Thread 57) WindowsUpdateWorker: running PS script: Import-Module PSWindowsUpdate -ErrorAction Stop
        $ProgressPreference = 'SilentlyContinue'

        # Force the Windows Update Agent to scan before installing.
        # Fixes 0x80248007 (WU_E_DS_NODATA) on fresh builds or machines
        # whose update data store has not been initialised yet.
        try {
            Start-Process -FilePath 'UsoClient.exe' `
                -ArgumentList 'StartScan' `
                -Wait -NoNewWindow -ErrorAction SilentlyContinue
            Start-Sleep -Seconds 30
        } catch {}

        # 2>&1 merges stderr into the pipeline mixing strings with update
        # objects -- we filter them out in the foreach loop below.
        $rawOutput = Install-WindowsUpdate `
            -MicrosoftUpdate `
            -AcceptAll `
            -IgnoreReboot `
            -Install `
            -ErrorAction Continue 2>&1

        # Use a hashtable keyed on Title to keep only the LAST result per update.
        # PSWindowsUpdate emits objects at multiple pipeline stages (search, download,
        # install); overwriting ensures we capture the final post-install ResultCode
        # rather than an early ResultCode=0 (NotStarted).
        $byKey = @{}

        foreach ($u in $rawOutput) {
            if ($null -eq $u -or $u -isnot [PSObject]) { continue }
            if (-not ($u.PSObject.Properties.Name -contains 'Title')) { continue }
            if ([string]::IsNullOrWhiteSpace($u.Title)) { continue }

            $resultCode = 0
            try { $resultCode = [int]$u.ResultCode } catch { $resultCode = 4 }
            $succeeded = ($resultCode -eq 2 -or $resultCode -eq 3)

            # ResultCode=0 means NotStarted — treat as Skipped, not Failed.
            $status = if ($succeeded) { 'Succeeded' } elseif ($resultCode -eq 0) { 'Skipped' } else { 'Failed' }

            $kb = ''
            try {
                if ($u.KBArticleIDs -and $u.KBArticleIDs.Count -gt 0) {
                    $kb = 'KB' + $u.KBArticleIDs[0]
                }
            } catch {}

            $needsReboot = $false
            try { $needsReboot = [bool]$u.RebootRequired } catch {}

            $byKey[$u.Title] = [PSCustomObject]@{
                Identifier     = $kb
                Title          = [string]$u.Title
                Status         = $status
                ErrorMessage   = if ($succeeded -or $resultCode -eq 0) { '' } else { 'ResultCode=' + $resultCode }
                RebootRequired = $needsReboot
                AttemptedAt    = (Get-Date -Format 'o')
            }
        }

        $results = @($byKey.Values)

        if ($results.Count -eq 0) {
            Write-Output '[]'
        } else {
            $results | ConvertTo-Json -Compress
        }
2026-06-26 18:00:33.487 -05:00 [INF] (Thread 52) WindowsUpdateWorker: no updates installed — system reboot is already pending.
2026-06-26 18:00:33.487 -05:00 [INF] (Thread 52) WindowsUpdateWorker: pass complete. Total=1 Succeeded=1 Failed=0 Skipped=0
2026-06-26 18:00:33.487 -05:00 [INF] (Thread 52) WingetWorker: skipping — last run was 2026-06-25T18:31:38.1278849Z (less than 7 days ago).
2026-06-26 18:00:33.487 -05:00 [INF] (Thread 52) UpdateOrchestrator: cycle complete. Total=1 Succeeded=1 Failed=0 RebootRequired=true
2026-06-26 18:00:33.487 -05:00 [INF] (Thread 52) UpdateOrchestrator: reboot required but last reboot was 34.7 hours ago — skipping notification until 2-day minimum has elapsed.
2026-06-26 18:00:33.487 -05:00 [INF] (Thread 52) UpdateBackgroundService: next cycle in "01:00:00".
2026-06-26 19:00:33.667 -05:00 [INF] (Thread 51) SelfUpdater: checking for updates. Current version: 0.26.230.591
2026-06-26 19:00:33.757 -05:00 [INF] (Thread 51) SelfUpdater: remote version = 0.26.230.591.
2026-06-26 19:00:33.757 -05:00 [INF] (Thread 51) SelfUpdater: already up to date.
2026-06-26 19:00:33.757 -05:00 [INF] (Thread 51) UpdateOrchestrator: === Update cycle starting ===
2026-06-26 19:00:33.757 -05:00 [INF] (Thread 51) WindowsUpdateWorker: starting update pass.
2026-06-26 19:00:33.757 -05:00 [INF] (Thread 51) WindowsUpdateWorker: verifying PSWindowsUpdate module.
2026-06-26 19:00:33.758 -05:00 [DBG] (Thread 51) WindowsUpdateWorker: running PS script: $ProgressPreference = 'SilentlyContinue'
            $ErrorActionPreference = 'Stop'
            try {
                if (-not (Get-PackageProvider -Name NuGet -ListAvailable -ErrorAction SilentlyContinue)) {
                    Install-PackageProvider -Name NuGet -MinimumVersion 2.8.5.201 -Force -Scope AllUsers | Out-Null
                }
                Set-PSRepository -Name PSGallery -InstallationPolicy Trusted -ErrorAction SilentlyContinue
                if (-not (Get-Module -ListAvailable -Name PSWindowsUpdate -ErrorAction SilentlyContinue)) {
                    Install-Module PSWindowsUpdate -Force -SkipPublisherCheck -Scope AllUsers | Out-Null
                }
                Import-Module PSWindowsUpdate -Force -ErrorAction Stop
                try {
                    Add-WUServiceManager -MicrosoftUpdate -Confirm:$false -ErrorAction SilentlyContinue | Out-Null
                } catch {}
                Write-Output 'OK'
            } catch {
                Write-Output ('ERROR: ' + $_.Exception.Message)
            }
2026-06-26 19:00:47.977 -05:00 [INF] (Thread 51) WindowsUpdateWorker: PSWindowsUpdate module OK.
2026-06-26 19:00:47.977 -05:00 [DBG] (Thread 51) WindowsUpdateWorker: running PS script: Import-Module PSWindowsUpdate -ErrorAction Stop
        $ProgressPreference = 'SilentlyContinue'

        # Force the Windows Update Agent to scan before installing.
        # Fixes 0x80248007 (WU_E_DS_NODATA) on fresh builds or machines
        # whose update data store has not been initialised yet.
        try {
            Start-Process -FilePath 'UsoClient.exe' `
                -ArgumentList 'StartScan' `
                -Wait -NoNewWindow -ErrorAction SilentlyContinue
            Start-Sleep -Seconds 30
        } catch {}

        # 2>&1 merges stderr into the pipeline mixing strings with update
        # objects -- we filter them out in the foreach loop below.
        $rawOutput = Install-WindowsUpdate `
            -MicrosoftUpdate `
            -AcceptAll `
            -IgnoreReboot `
            -Install `
            -ErrorAction Continue 2>&1

        # Use a hashtable keyed on Title to keep only the LAST result per update.
        # PSWindowsUpdate emits objects at multiple pipeline stages (search, download,
        # install); overwriting ensures we capture the final post-install ResultCode
        # rather than an early ResultCode=0 (NotStarted).
        $byKey = @{}

        foreach ($u in $rawOutput) {
            if ($null -eq $u -or $u -isnot [PSObject]) { continue }
            if (-not ($u.PSObject.Properties.Name -contains 'Title')) { continue }
            if ([string]::IsNullOrWhiteSpace($u.Title)) { continue }

            $resultCode = 0
            try { $resultCode = [int]$u.ResultCode } catch { $resultCode = 4 }
            $succeeded = ($resultCode -eq 2 -or $resultCode -eq 3)

            # ResultCode=0 means NotStarted — treat as Skipped, not Failed.
            $status = if ($succeeded) { 'Succeeded' } elseif ($resultCode -eq 0) { 'Skipped' } else { 'Failed' }

            $kb = ''
            try {
                if ($u.KBArticleIDs -and $u.KBArticleIDs.Count -gt 0) {
                    $kb = 'KB' + $u.KBArticleIDs[0]
                }
            } catch {}

            $needsReboot = $false
            try { $needsReboot = [bool]$u.RebootRequired } catch {}

            $byKey[$u.Title] = [PSCustomObject]@{
                Identifier     = $kb
                Title          = [string]$u.Title
                Status         = $status
                ErrorMessage   = if ($succeeded -or $resultCode -eq 0) { '' } else { 'ResultCode=' + $resultCode }
                RebootRequired = $needsReboot
                AttemptedAt    = (Get-Date -Format 'o')
            }
        }

        $results = @($byKey.Values)

        if ($results.Count -eq 0) {
            Write-Output '[]'
        } else {
            $results | ConvertTo-Json -Compress
        }
2026-06-26 19:01:37.792 -05:00 [INF] (Thread 43) WindowsUpdateWorker: no updates installed — system reboot is already pending.
2026-06-26 19:01:37.792 -05:00 [INF] (Thread 43) WindowsUpdateWorker: pass complete. Total=1 Succeeded=1 Failed=0 Skipped=0
2026-06-26 19:01:37.792 -05:00 [INF] (Thread 43) WingetWorker: skipping — last run was 2026-06-25T18:31:38.1278849Z (less than 7 days ago).
2026-06-26 19:01:37.792 -05:00 [INF] (Thread 43) UpdateOrchestrator: cycle complete. Total=1 Succeeded=1 Failed=0 RebootRequired=true
2026-06-26 19:01:37.792 -05:00 [INF] (Thread 43) UpdateOrchestrator: reboot required but last reboot was 35.7 hours ago — skipping notification until 2-day minimum has elapsed.
2026-06-26 19:01:37.792 -05:00 [INF] (Thread 43) UpdateBackgroundService: next cycle in "01:00:00".
2026-06-26 20:01:37.880 -05:00 [INF] (Thread 43) SelfUpdater: checking for updates. Current version: 0.26.230.591
2026-06-26 20:01:37.999 -05:00 [INF] (Thread 43) SelfUpdater: remote version = 0.26.230.591.
2026-06-26 20:01:37.999 -05:00 [INF] (Thread 43) SelfUpdater: already up to date.
2026-06-26 20:01:37.999 -05:00 [INF] (Thread 43) UpdateOrchestrator: === Update cycle starting ===
2026-06-26 20:01:37.999 -05:00 [INF] (Thread 43) WindowsUpdateWorker: starting update pass.
2026-06-26 20:01:37.999 -05:00 [INF] (Thread 43) WindowsUpdateWorker: verifying PSWindowsUpdate module.
2026-06-26 20:01:38.000 -05:00 [DBG] (Thread 43) WindowsUpdateWorker: running PS script: $ProgressPreference = 'SilentlyContinue'
            $ErrorActionPreference = 'Stop'
            try {
                if (-not (Get-PackageProvider -Name NuGet -ListAvailable -ErrorAction SilentlyContinue)) {
                    Install-PackageProvider -Name NuGet -MinimumVersion 2.8.5.201 -Force -Scope AllUsers | Out-Null
                }
                Set-PSRepository -Name PSGallery -InstallationPolicy Trusted -ErrorAction SilentlyContinue
                if (-not (Get-Module -ListAvailable -Name PSWindowsUpdate -ErrorAction SilentlyContinue)) {
                    Install-Module PSWindowsUpdate -Force -SkipPublisherCheck -Scope AllUsers | Out-Null
                }
                Import-Module PSWindowsUpdate -Force -ErrorAction Stop
                try {
                    Add-WUServiceManager -MicrosoftUpdate -Confirm:$false -ErrorAction SilentlyContinue | Out-Null
                } catch {}
                Write-Output 'OK'
            } catch {
                Write-Output ('ERROR: ' + $_.Exception.Message)
            }
2026-06-26 20:01:50.313 -05:00 [INF] (Thread 43) WindowsUpdateWorker: PSWindowsUpdate module OK.
2026-06-26 20:01:50.314 -05:00 [DBG] (Thread 43) WindowsUpdateWorker: running PS script: Import-Module PSWindowsUpdate -ErrorAction Stop
        $ProgressPreference = 'SilentlyContinue'

        # Force the Windows Update Agent to scan before installing.
        # Fixes 0x80248007 (WU_E_DS_NODATA) on fresh builds or machines
        # whose update data store has not been initialised yet.
        try {
            Start-Process -FilePath 'UsoClient.exe' `
                -ArgumentList 'StartScan' `
                -Wait -NoNewWindow -ErrorAction SilentlyContinue
            Start-Sleep -Seconds 30
        } catch {}

        # 2>&1 merges stderr into the pipeline mixing strings with update
        # objects -- we filter them out in the foreach loop below.
        $rawOutput = Install-WindowsUpdate `
            -MicrosoftUpdate `
            -AcceptAll `
            -IgnoreReboot `
            -Install `
            -ErrorAction Continue 2>&1

        # Use a hashtable keyed on Title to keep only the LAST result per update.
        # PSWindowsUpdate emits objects at multiple pipeline stages (search, download,
        # install); overwriting ensures we capture the final post-install ResultCode
        # rather than an early ResultCode=0 (NotStarted).
        $byKey = @{}

        foreach ($u in $rawOutput) {
            if ($null -eq $u -or $u -isnot [PSObject]) { continue }
            if (-not ($u.PSObject.Properties.Name -contains 'Title')) { continue }
            if ([string]::IsNullOrWhiteSpace($u.Title)) { continue }

            $resultCode = 0
            try { $resultCode = [int]$u.ResultCode } catch { $resultCode = 4 }
            $succeeded = ($resultCode -eq 2 -or $resultCode -eq 3)

            # ResultCode=0 means NotStarted — treat as Skipped, not Failed.
            $status = if ($succeeded) { 'Succeeded' } elseif ($resultCode -eq 0) { 'Skipped' } else { 'Failed' }

            $kb = ''
            try {
                if ($u.KBArticleIDs -and $u.KBArticleIDs.Count -gt 0) {
                    $kb = 'KB' + $u.KBArticleIDs[0]
                }
            } catch {}

            $needsReboot = $false
            try { $needsReboot = [bool]$u.RebootRequired } catch {}

            $byKey[$u.Title] = [PSCustomObject]@{
                Identifier     = $kb
                Title          = [string]$u.Title
                Status         = $status
                ErrorMessage   = if ($succeeded -or $resultCode -eq 0) { '' } else { 'ResultCode=' + $resultCode }
                RebootRequired = $needsReboot
                AttemptedAt    = (Get-Date -Format 'o')
            }
        }

        $results = @($byKey.Values)

        if ($results.Count -eq 0) {
            Write-Output '[]'
        } else {
            $results | ConvertTo-Json -Compress
        }
2026-06-26 20:02:54.351 -05:00 [INF] (Thread 41) WindowsUpdateWorker: no updates installed — system reboot is already pending.
2026-06-26 20:02:54.351 -05:00 [INF] (Thread 41) WindowsUpdateWorker: pass complete. Total=1 Succeeded=1 Failed=0 Skipped=0
2026-06-26 20:02:54.351 -05:00 [INF] (Thread 41) WingetWorker: skipping — last run was 2026-06-25T18:31:38.1278849Z (less than 7 days ago).
2026-06-26 20:02:54.351 -05:00 [INF] (Thread 41) UpdateOrchestrator: cycle complete. Total=1 Succeeded=1 Failed=0 RebootRequired=true
2026-06-26 20:02:54.351 -05:00 [INF] (Thread 41) UpdateOrchestrator: reboot required but last reboot was 36.7 hours ago — skipping notification until 2-day minimum has elapsed.
2026-06-26 20:02:54.351 -05:00 [INF] (Thread 41) UpdateBackgroundService: next cycle in "01:00:00".
2026-06-26 21:02:54.396 -05:00 [INF] (Thread 46) SelfUpdater: checking for updates. Current version: 0.26.230.591
2026-06-26 21:02:54.502 -05:00 [INF] (Thread 47) SelfUpdater: remote version = 0.26.230.591.
2026-06-26 21:02:54.503 -05:00 [INF] (Thread 47) SelfUpdater: already up to date.
2026-06-26 21:02:54.503 -05:00 [INF] (Thread 47) UpdateOrchestrator: === Update cycle starting ===
2026-06-26 21:02:54.503 -05:00 [INF] (Thread 47) WindowsUpdateWorker: starting update pass.
2026-06-26 21:02:54.503 -05:00 [INF] (Thread 47) WindowsUpdateWorker: verifying PSWindowsUpdate module.
2026-06-26 21:02:54.506 -05:00 [DBG] (Thread 47) WindowsUpdateWorker: running PS script: $ProgressPreference = 'SilentlyContinue'
            $ErrorActionPreference = 'Stop'
            try {
                if (-not (Get-PackageProvider -Name NuGet -ListAvailable -ErrorAction SilentlyContinue)) {
                    Install-PackageProvider -Name NuGet -MinimumVersion 2.8.5.201 -Force -Scope AllUsers | Out-Null
                }
                Set-PSRepository -Name PSGallery -InstallationPolicy Trusted -ErrorAction SilentlyContinue
                if (-not (Get-Module -ListAvailable -Name PSWindowsUpdate -ErrorAction SilentlyContinue)) {
                    Install-Module PSWindowsUpdate -Force -SkipPublisherCheck -Scope AllUsers | Out-Null
                }
                Import-Module PSWindowsUpdate -Force -ErrorAction Stop
                try {
                    Add-WUServiceManager -MicrosoftUpdate -Confirm:$false -ErrorAction SilentlyContinue | Out-Null
                } catch {}
                Write-Output 'OK'
            } catch {
                Write-Output ('ERROR: ' + $_.Exception.Message)
            }
2026-06-26 21:03:06.707 -05:00 [INF] (Thread 47) WindowsUpdateWorker: PSWindowsUpdate module OK.
2026-06-26 21:03:06.707 -05:00 [DBG] (Thread 47) WindowsUpdateWorker: running PS script: Import-Module PSWindowsUpdate -ErrorAction Stop
        $ProgressPreference = 'SilentlyContinue'

        # Force the Windows Update Agent to scan before installing.
        # Fixes 0x80248007 (WU_E_DS_NODATA) on fresh builds or machines
        # whose update data store has not been initialised yet.
        try {
            Start-Process -FilePath 'UsoClient.exe' `
                -ArgumentList 'StartScan' `
                -Wait -NoNewWindow -ErrorAction SilentlyContinue
            Start-Sleep -Seconds 30
        } catch {}

        # 2>&1 merges stderr into the pipeline mixing strings with update
        # objects -- we filter them out in the foreach loop below.
        $rawOutput = Install-WindowsUpdate `
            -MicrosoftUpdate `
            -AcceptAll `
            -IgnoreReboot `
            -Install `
            -ErrorAction Continue 2>&1

        # Use a hashtable keyed on Title to keep only the LAST result per update.
        # PSWindowsUpdate emits objects at multiple pipeline stages (search, download,
        # install); overwriting ensures we capture the final post-install ResultCode
        # rather than an early ResultCode=0 (NotStarted).
        $byKey = @{}

        foreach ($u in $rawOutput) {
            if ($null -eq $u -or $u -isnot [PSObject]) { continue }
            if (-not ($u.PSObject.Properties.Name -contains 'Title')) { continue }
            if ([string]::IsNullOrWhiteSpace($u.Title)) { continue }

            $resultCode = 0
            try { $resultCode = [int]$u.ResultCode } catch { $resultCode = 4 }
            $succeeded = ($resultCode -eq 2 -or $resultCode -eq 3)

            # ResultCode=0 means NotStarted — treat as Skipped, not Failed.
            $status = if ($succeeded) { 'Succeeded' } elseif ($resultCode -eq 0) { 'Skipped' } else { 'Failed' }

            $kb = ''
            try {
                if ($u.KBArticleIDs -and $u.KBArticleIDs.Count -gt 0) {
                    $kb = 'KB' + $u.KBArticleIDs[0]
                }
            } catch {}

            $needsReboot = $false
            try { $needsReboot = [bool]$u.RebootRequired } catch {}

            $byKey[$u.Title] = [PSCustomObject]@{
                Identifier     = $kb
                Title          = [string]$u.Title
                Status         = $status
                ErrorMessage   = if ($succeeded -or $resultCode -eq 0) { '' } else { 'ResultCode=' + $resultCode }
                RebootRequired = $needsReboot
                AttemptedAt    = (Get-Date -Format 'o')
            }
        }

        $results = @($byKey.Values)

        if ($results.Count -eq 0) {
            Write-Output '[]'
        } else {
            $results | ConvertTo-Json -Compress
        }
2026-06-26 21:04:05.289 -05:00 [INF] (Thread 47) WindowsUpdateWorker: no updates installed — system reboot is already pending.
2026-06-26 21:04:05.289 -05:00 [INF] (Thread 47) WindowsUpdateWorker: pass complete. Total=1 Succeeded=1 Failed=0 Skipped=0
2026-06-26 21:04:05.289 -05:00 [INF] (Thread 47) WingetWorker: skipping — last run was 2026-06-25T18:31:38.1278849Z (less than 7 days ago).
2026-06-26 21:04:05.289 -05:00 [INF] (Thread 47) UpdateOrchestrator: cycle complete. Total=1 Succeeded=1 Failed=0 RebootRequired=true
2026-06-26 21:04:05.289 -05:00 [INF] (Thread 47) UpdateOrchestrator: reboot required but last reboot was 37.7 hours ago — skipping notification until 2-day minimum has elapsed.
2026-06-26 21:04:05.289 -05:00 [INF] (Thread 47) UpdateBackgroundService: next cycle in "01:00:00".
2026-06-26 22:04:05.330 -05:00 [INF] (Thread 39) SelfUpdater: checking for updates. Current version: 0.26.230.591
2026-06-26 22:04:05.411 -05:00 [INF] (Thread 39) SelfUpdater: remote version = 0.26.230.591.
2026-06-26 22:04:05.411 -05:00 [INF] (Thread 39) SelfUpdater: already up to date.
2026-06-26 22:04:05.412 -05:00 [INF] (Thread 39) UpdateOrchestrator: === Update cycle starting ===
2026-06-26 22:04:05.412 -05:00 [INF] (Thread 39) WindowsUpdateWorker: starting update pass.
2026-06-26 22:04:05.412 -05:00 [INF] (Thread 39) WindowsUpdateWorker: verifying PSWindowsUpdate module.
2026-06-26 22:04:05.415 -05:00 [DBG] (Thread 39) WindowsUpdateWorker: running PS script: $ProgressPreference = 'SilentlyContinue'
            $ErrorActionPreference = 'Stop'
            try {
                if (-not (Get-PackageProvider -Name NuGet -ListAvailable -ErrorAction SilentlyContinue)) {
                    Install-PackageProvider -Name NuGet -MinimumVersion 2.8.5.201 -Force -Scope AllUsers | Out-Null
                }
                Set-PSRepository -Name PSGallery -InstallationPolicy Trusted -ErrorAction SilentlyContinue
                if (-not (Get-Module -ListAvailable -Name PSWindowsUpdate -ErrorAction SilentlyContinue)) {
                    Install-Module PSWindowsUpdate -Force -SkipPublisherCheck -Scope AllUsers | Out-Null
                }
                Import-Module PSWindowsUpdate -Force -ErrorAction Stop
                try {
                    Add-WUServiceManager -MicrosoftUpdate -Confirm:$false -ErrorAction SilentlyContinue | Out-Null
                } catch {}
                Write-Output 'OK'
            } catch {
                Write-Output ('ERROR: ' + $_.Exception.Message)
            }
2026-06-26 22:04:17.538 -05:00 [INF] (Thread 40) WindowsUpdateWorker: PSWindowsUpdate module OK.
2026-06-26 22:04:17.538 -05:00 [DBG] (Thread 40) WindowsUpdateWorker: running PS script: Import-Module PSWindowsUpdate -ErrorAction Stop
        $ProgressPreference = 'SilentlyContinue'

        # Force the Windows Update Agent to scan before installing.
        # Fixes 0x80248007 (WU_E_DS_NODATA) on fresh builds or machines
        # whose update data store has not been initialised yet.
        try {
            Start-Process -FilePath 'UsoClient.exe' `
                -ArgumentList 'StartScan' `
                -Wait -NoNewWindow -ErrorAction SilentlyContinue
            Start-Sleep -Seconds 30
        } catch {}

        # 2>&1 merges stderr into the pipeline mixing strings with update
        # objects -- we filter them out in the foreach loop below.
        $rawOutput = Install-WindowsUpdate `
            -MicrosoftUpdate `
            -AcceptAll `
            -IgnoreReboot `
            -Install `
            -ErrorAction Continue 2>&1

        # Use a hashtable keyed on Title to keep only the LAST result per update.
        # PSWindowsUpdate emits objects at multiple pipeline stages (search, download,
        # install); overwriting ensures we capture the final post-install ResultCode
        # rather than an early ResultCode=0 (NotStarted).
        $byKey = @{}

        foreach ($u in $rawOutput) {
            if ($null -eq $u -or $u -isnot [PSObject]) { continue }
            if (-not ($u.PSObject.Properties.Name -contains 'Title')) { continue }
            if ([string]::IsNullOrWhiteSpace($u.Title)) { continue }

            $resultCode = 0
            try { $resultCode = [int]$u.ResultCode } catch { $resultCode = 4 }
            $succeeded = ($resultCode -eq 2 -or $resultCode -eq 3)

            # ResultCode=0 means NotStarted — treat as Skipped, not Failed.
            $status = if ($succeeded) { 'Succeeded' } elseif ($resultCode -eq 0) { 'Skipped' } else { 'Failed' }

            $kb = ''
            try {
                if ($u.KBArticleIDs -and $u.KBArticleIDs.Count -gt 0) {
                    $kb = 'KB' + $u.KBArticleIDs[0]
                }
            } catch {}

            $needsReboot = $false
            try { $needsReboot = [bool]$u.RebootRequired } catch {}

            $byKey[$u.Title] = [PSCustomObject]@{
                Identifier     = $kb
                Title          = [string]$u.Title
                Status         = $status
                ErrorMessage   = if ($succeeded -or $resultCode -eq 0) { '' } else { 'ResultCode=' + $resultCode }
                RebootRequired = $needsReboot
                AttemptedAt    = (Get-Date -Format 'o')
            }
        }

        $results = @($byKey.Values)

        if ($results.Count -eq 0) {
            Write-Output '[]'
        } else {
            $results | ConvertTo-Json -Compress
        }
2026-06-26 22:05:04.630 -05:00 [INF] (Thread 39) WindowsUpdateWorker: no updates installed — system reboot is already pending.
2026-06-26 22:05:04.631 -05:00 [INF] (Thread 39) WindowsUpdateWorker: pass complete. Total=1 Succeeded=1 Failed=0 Skipped=0
2026-06-26 22:05:04.631 -05:00 [INF] (Thread 39) WingetWorker: skipping — last run was 2026-06-25T18:31:38.1278849Z (less than 7 days ago).
2026-06-26 22:05:04.631 -05:00 [INF] (Thread 39) UpdateOrchestrator: cycle complete. Total=1 Succeeded=1 Failed=0 RebootRequired=true
2026-06-26 22:05:04.631 -05:00 [INF] (Thread 39) UpdateOrchestrator: reboot required but last reboot was 38.8 hours ago — skipping notification until 2-day minimum has elapsed.
2026-06-26 22:05:04.631 -05:00 [INF] (Thread 39) UpdateBackgroundService: next cycle in "01:00:00".
2026-06-26 23:05:04.719 -05:00 [INF] (Thread 39) SelfUpdater: checking for updates. Current version: 0.26.230.591
2026-06-26 23:05:04.834 -05:00 [INF] (Thread 39) SelfUpdater: remote version = 0.26.230.591.
2026-06-26 23:05:04.835 -05:00 [INF] (Thread 39) SelfUpdater: already up to date.
2026-06-26 23:05:04.835 -05:00 [INF] (Thread 39) UpdateOrchestrator: === Update cycle starting ===
2026-06-26 23:05:04.835 -05:00 [INF] (Thread 39) WindowsUpdateWorker: starting update pass.
2026-06-26 23:05:04.835 -05:00 [INF] (Thread 39) WindowsUpdateWorker: verifying PSWindowsUpdate module.
2026-06-26 23:05:04.835 -05:00 [DBG] (Thread 39) WindowsUpdateWorker: running PS script: $ProgressPreference = 'SilentlyContinue'
            $ErrorActionPreference = 'Stop'
            try {
                if (-not (Get-PackageProvider -Name NuGet -ListAvailable -ErrorAction SilentlyContinue)) {
                    Install-PackageProvider -Name NuGet -MinimumVersion 2.8.5.201 -Force -Scope AllUsers | Out-Null
                }
                Set-PSRepository -Name PSGallery -InstallationPolicy Trusted -ErrorAction SilentlyContinue
                if (-not (Get-Module -ListAvailable -Name PSWindowsUpdate -ErrorAction SilentlyContinue)) {
                    Install-Module PSWindowsUpdate -Force -SkipPublisherCheck -Scope AllUsers | Out-Null
                }
                Import-Module PSWindowsUpdate -Force -ErrorAction Stop
                try {
                    Add-WUServiceManager -MicrosoftUpdate -Confirm:$false -ErrorAction SilentlyContinue | Out-Null
                } catch {}
                Write-Output 'OK'
            } catch {
                Write-Output ('ERROR: ' + $_.Exception.Message)
            }
2026-06-26 23:05:16.640 -05:00 [INF] (Thread 39) WindowsUpdateWorker: PSWindowsUpdate module OK.
2026-06-26 23:05:16.641 -05:00 [DBG] (Thread 39) WindowsUpdateWorker: running PS script: Import-Module PSWindowsUpdate -ErrorAction Stop
        $ProgressPreference = 'SilentlyContinue'

        # Force the Windows Update Agent to scan before installing.
        # Fixes 0x80248007 (WU_E_DS_NODATA) on fresh builds or machines
        # whose update data store has not been initialised yet.
        try {
            Start-Process -FilePath 'UsoClient.exe' `
                -ArgumentList 'StartScan' `
                -Wait -NoNewWindow -ErrorAction SilentlyContinue
            Start-Sleep -Seconds 30
        } catch {}

        # 2>&1 merges stderr into the pipeline mixing strings with update
        # objects -- we filter them out in the foreach loop below.
        $rawOutput = Install-WindowsUpdate `
            -MicrosoftUpdate `
            -AcceptAll `
            -IgnoreReboot `
            -Install `
            -ErrorAction Continue 2>&1

        # Use a hashtable keyed on Title to keep only the LAST result per update.
        # PSWindowsUpdate emits objects at multiple pipeline stages (search, download,
        # install); overwriting ensures we capture the final post-install ResultCode
        # rather than an early ResultCode=0 (NotStarted).
        $byKey = @{}

        foreach ($u in $rawOutput) {
            if ($null -eq $u -or $u -isnot [PSObject]) { continue }
            if (-not ($u.PSObject.Properties.Name -contains 'Title')) { continue }
            if ([string]::IsNullOrWhiteSpace($u.Title)) { continue }

            $resultCode = 0
            try { $resultCode = [int]$u.ResultCode } catch { $resultCode = 4 }
            $succeeded = ($resultCode -eq 2 -or $resultCode -eq 3)

            # ResultCode=0 means NotStarted — treat as Skipped, not Failed.
            $status = if ($succeeded) { 'Succeeded' } elseif ($resultCode -eq 0) { 'Skipped' } else { 'Failed' }

            $kb = ''
            try {
                if ($u.KBArticleIDs -and $u.KBArticleIDs.Count -gt 0) {
                    $kb = 'KB' + $u.KBArticleIDs[0]
                }
            } catch {}

            $needsReboot = $false
            try { $needsReboot = [bool]$u.RebootRequired } catch {}

            $byKey[$u.Title] = [PSCustomObject]@{
                Identifier     = $kb
                Title          = [string]$u.Title
                Status         = $status
                ErrorMessage   = if ($succeeded -or $resultCode -eq 0) { '' } else { 'ResultCode=' + $resultCode }
                RebootRequired = $needsReboot
                AttemptedAt    = (Get-Date -Format 'o')
            }
        }

        $results = @($byKey.Values)

        if ($results.Count -eq 0) {
            Write-Output '[]'
        } else {
            $results | ConvertTo-Json -Compress
        }
2026-06-26 23:06:01.465 -05:00 [INF] (Thread 35) WindowsUpdateWorker: no updates installed — system reboot is already pending.
2026-06-26 23:06:01.465 -05:00 [INF] (Thread 35) WindowsUpdateWorker: pass complete. Total=1 Succeeded=1 Failed=0 Skipped=0
2026-06-26 23:06:01.465 -05:00 [INF] (Thread 35) WingetWorker: skipping — last run was 2026-06-25T18:31:38.1278849Z (less than 7 days ago).
2026-06-26 23:06:01.465 -05:00 [INF] (Thread 35) UpdateOrchestrator: cycle complete. Total=1 Succeeded=1 Failed=0 RebootRequired=true
2026-06-26 23:06:01.465 -05:00 [INF] (Thread 35) UpdateOrchestrator: reboot required but last reboot was 39.8 hours ago — skipping notification until 2-day minimum has elapsed.
2026-06-26 23:06:01.465 -05:00 [INF] (Thread 35) UpdateBackgroundService: next cycle in "01:00:00".
