2026-06-23 00:34:17.072 -05:00 [INF] (Thread 61) SelfUpdater: checking for updates. Current version: 0.26.230.591
2026-06-23 00:34:17.229 -05:00 [INF] (Thread 66) SelfUpdater: remote version = 0.26.230.591.
2026-06-23 00:34:17.229 -05:00 [INF] (Thread 66) SelfUpdater: already up to date.
2026-06-23 00:34:17.229 -05:00 [INF] (Thread 66) UpdateOrchestrator: === Update cycle starting ===
2026-06-23 00:34:17.229 -05:00 [INF] (Thread 66) WindowsUpdateWorker: starting update pass.
2026-06-23 00:34:17.229 -05:00 [INF] (Thread 66) WindowsUpdateWorker: verifying PSWindowsUpdate module.
2026-06-23 00:34:17.231 -05:00 [DBG] (Thread 66) WindowsUpdateWorker: running PS script: $ProgressPreference = 'SilentlyContinue'
            $ErrorActionPreference = 'Stop'
            try {
                if (-not (Get-PackageProvider -Name NuGet -ListAvailable -ErrorAction SilentlyContinue)) {
                    Install-PackageProvider -Name NuGet -MinimumVersion 2.8.5.201 -Force -Scope AllUsers | Out-Null
                }
                Set-PSRepository -Name PSGallery -InstallationPolicy Trusted -ErrorAction SilentlyContinue
                if (-not (Get-Module -ListAvailable -Name PSWindowsUpdate -ErrorAction SilentlyContinue)) {
                    Install-Module PSWindowsUpdate -Force -SkipPublisherCheck -Scope AllUsers | Out-Null
                }
                Import-Module PSWindowsUpdate -Force -ErrorAction Stop
                try {
                    Add-WUServiceManager -MicrosoftUpdate -Confirm:$false -ErrorAction SilentlyContinue | Out-Null
                } catch {}
                Write-Output 'OK'
            } catch {
                Write-Output ('ERROR: ' + $_.Exception.Message)
            }
2026-06-23 00:34:28.892 -05:00 [INF] (Thread 66) WindowsUpdateWorker: PSWindowsUpdate module OK.
2026-06-23 00:34:28.894 -05:00 [DBG] (Thread 66) WindowsUpdateWorker: running PS script: Import-Module PSWindowsUpdate -ErrorAction Stop
        $ProgressPreference = 'SilentlyContinue'

        # Force the Windows Update Agent to scan before installing.
        # Fixes 0x80248007 (WU_E_DS_NODATA) on fresh builds or machines
        # whose update data store has not been initialised yet.
        try {
            Start-Process -FilePath 'UsoClient.exe' `
                -ArgumentList 'StartScan' `
                -Wait -NoNewWindow -ErrorAction SilentlyContinue
            Start-Sleep -Seconds 30
        } catch {}

        # 2>&1 merges stderr into the pipeline mixing strings with update
        # objects -- we filter them out in the foreach loop below.
        $rawOutput = Install-WindowsUpdate `
            -MicrosoftUpdate `
            -AcceptAll `
            -IgnoreReboot `
            -Install `
            -ErrorAction Continue 2>&1

        # Use a hashtable keyed on Title to keep only the LAST result per update.
        # PSWindowsUpdate emits objects at multiple pipeline stages (search, download,
        # install); overwriting ensures we capture the final post-install ResultCode
        # rather than an early ResultCode=0 (NotStarted).
        $byKey = @{}

        foreach ($u in $rawOutput) {
            if ($null -eq $u -or $u -isnot [PSObject]) { continue }
            if (-not ($u.PSObject.Properties.Name -contains 'Title')) { continue }
            if ([string]::IsNullOrWhiteSpace($u.Title)) { continue }

            $resultCode = 0
            try { $resultCode = [int]$u.ResultCode } catch { $resultCode = 4 }
            $succeeded = ($resultCode -eq 2 -or $resultCode -eq 3)

            # ResultCode=0 means NotStarted — treat as Skipped, not Failed.
            $status = if ($succeeded) { 'Succeeded' } elseif ($resultCode -eq 0) { 'Skipped' } else { 'Failed' }

            $kb = ''
            try {
                if ($u.KBArticleIDs -and $u.KBArticleIDs.Count -gt 0) {
                    $kb = 'KB' + $u.KBArticleIDs[0]
                }
            } catch {}

            $needsReboot = $false
            try { $needsReboot = [bool]$u.RebootRequired } catch {}

            $byKey[$u.Title] = [PSCustomObject]@{
                Identifier     = $kb
                Title          = [string]$u.Title
                Status         = $status
                ErrorMessage   = if ($succeeded -or $resultCode -eq 0) { '' } else { 'ResultCode=' + $resultCode }
                RebootRequired = $needsReboot
                AttemptedAt    = (Get-Date -Format 'o')
            }
        }

        $results = @($byKey.Values)

        if ($results.Count -eq 0) {
            Write-Output '[]'
        } else {
            $results | ConvertTo-Json -Compress
        }
2026-06-23 00:35:36.468 -05:00 [INF] (Thread 61) WindowsUpdateWorker: pass complete. Total=0 Succeeded=0 Failed=0 Skipped=0
2026-06-23 00:35:36.468 -05:00 [INF] (Thread 61) WingetWorker: skipping — last run was 2026-06-18T17:46:48.2583796Z (less than 7 days ago).
2026-06-23 00:35:36.468 -05:00 [INF] (Thread 61) UpdateOrchestrator: cycle complete. Total=0 Succeeded=0 Failed=0 RebootRequired=false
2026-06-23 00:35:36.468 -05:00 [INF] (Thread 61) UpdateOrchestrator: no reboot required — cycle complete.
2026-06-23 00:35:36.468 -05:00 [INF] (Thread 61) UpdateBackgroundService: next cycle in "01:00:00".
2026-06-23 01:35:36.515 -05:00 [INF] (Thread 61) SelfUpdater: checking for updates. Current version: 0.26.230.591
2026-06-23 01:35:36.616 -05:00 [INF] (Thread 68) SelfUpdater: remote version = 0.26.230.591.
2026-06-23 01:35:36.616 -05:00 [INF] (Thread 68) SelfUpdater: already up to date.
2026-06-23 01:35:36.616 -05:00 [INF] (Thread 68) UpdateOrchestrator: === Update cycle starting ===
2026-06-23 01:35:36.616 -05:00 [INF] (Thread 68) WindowsUpdateWorker: starting update pass.
2026-06-23 01:35:36.616 -05:00 [INF] (Thread 68) WindowsUpdateWorker: verifying PSWindowsUpdate module.
2026-06-23 01:35:36.619 -05:00 [DBG] (Thread 68) WindowsUpdateWorker: running PS script: $ProgressPreference = 'SilentlyContinue'
            $ErrorActionPreference = 'Stop'
            try {
                if (-not (Get-PackageProvider -Name NuGet -ListAvailable -ErrorAction SilentlyContinue)) {
                    Install-PackageProvider -Name NuGet -MinimumVersion 2.8.5.201 -Force -Scope AllUsers | Out-Null
                }
                Set-PSRepository -Name PSGallery -InstallationPolicy Trusted -ErrorAction SilentlyContinue
                if (-not (Get-Module -ListAvailable -Name PSWindowsUpdate -ErrorAction SilentlyContinue)) {
                    Install-Module PSWindowsUpdate -Force -SkipPublisherCheck -Scope AllUsers | Out-Null
                }
                Import-Module PSWindowsUpdate -Force -ErrorAction Stop
                try {
                    Add-WUServiceManager -MicrosoftUpdate -Confirm:$false -ErrorAction SilentlyContinue | Out-Null
                } catch {}
                Write-Output 'OK'
            } catch {
                Write-Output ('ERROR: ' + $_.Exception.Message)
            }
2026-06-23 01:35:48.154 -05:00 [INF] (Thread 67) WindowsUpdateWorker: PSWindowsUpdate module OK.
2026-06-23 01:35:48.154 -05:00 [DBG] (Thread 67) WindowsUpdateWorker: running PS script: Import-Module PSWindowsUpdate -ErrorAction Stop
        $ProgressPreference = 'SilentlyContinue'

        # Force the Windows Update Agent to scan before installing.
        # Fixes 0x80248007 (WU_E_DS_NODATA) on fresh builds or machines
        # whose update data store has not been initialised yet.
        try {
            Start-Process -FilePath 'UsoClient.exe' `
                -ArgumentList 'StartScan' `
                -Wait -NoNewWindow -ErrorAction SilentlyContinue
            Start-Sleep -Seconds 30
        } catch {}

        # 2>&1 merges stderr into the pipeline mixing strings with update
        # objects -- we filter them out in the foreach loop below.
        $rawOutput = Install-WindowsUpdate `
            -MicrosoftUpdate `
            -AcceptAll `
            -IgnoreReboot `
            -Install `
            -ErrorAction Continue 2>&1

        # Use a hashtable keyed on Title to keep only the LAST result per update.
        # PSWindowsUpdate emits objects at multiple pipeline stages (search, download,
        # install); overwriting ensures we capture the final post-install ResultCode
        # rather than an early ResultCode=0 (NotStarted).
        $byKey = @{}

        foreach ($u in $rawOutput) {
            if ($null -eq $u -or $u -isnot [PSObject]) { continue }
            if (-not ($u.PSObject.Properties.Name -contains 'Title')) { continue }
            if ([string]::IsNullOrWhiteSpace($u.Title)) { continue }

            $resultCode = 0
            try { $resultCode = [int]$u.ResultCode } catch { $resultCode = 4 }
            $succeeded = ($resultCode -eq 2 -or $resultCode -eq 3)

            # ResultCode=0 means NotStarted — treat as Skipped, not Failed.
            $status = if ($succeeded) { 'Succeeded' } elseif ($resultCode -eq 0) { 'Skipped' } else { 'Failed' }

            $kb = ''
            try {
                if ($u.KBArticleIDs -and $u.KBArticleIDs.Count -gt 0) {
                    $kb = 'KB' + $u.KBArticleIDs[0]
                }
            } catch {}

            $needsReboot = $false
            try { $needsReboot = [bool]$u.RebootRequired } catch {}

            $byKey[$u.Title] = [PSCustomObject]@{
                Identifier     = $kb
                Title          = [string]$u.Title
                Status         = $status
                ErrorMessage   = if ($succeeded -or $resultCode -eq 0) { '' } else { 'ResultCode=' + $resultCode }
                RebootRequired = $needsReboot
                AttemptedAt    = (Get-Date -Format 'o')
            }
        }

        $results = @($byKey.Values)

        if ($results.Count -eq 0) {
            Write-Output '[]'
        } else {
            $results | ConvertTo-Json -Compress
        }
2026-06-23 01:36:31.632 -05:00 [INF] (Thread 68) WindowsUpdateWorker: pass complete. Total=0 Succeeded=0 Failed=0 Skipped=0
2026-06-23 01:36:31.632 -05:00 [INF] (Thread 68) WingetWorker: skipping — last run was 2026-06-18T17:46:48.2583796Z (less than 7 days ago).
2026-06-23 01:36:31.632 -05:00 [INF] (Thread 68) UpdateOrchestrator: cycle complete. Total=0 Succeeded=0 Failed=0 RebootRequired=false
2026-06-23 01:36:31.632 -05:00 [INF] (Thread 68) UpdateOrchestrator: no reboot required — cycle complete.
2026-06-23 01:36:31.632 -05:00 [INF] (Thread 68) UpdateBackgroundService: next cycle in "01:00:00".
2026-06-23 02:36:31.712 -05:00 [INF] (Thread 70) SelfUpdater: checking for updates. Current version: 0.26.230.591
2026-06-23 02:36:31.797 -05:00 [INF] (Thread 70) SelfUpdater: remote version = 0.26.230.591.
2026-06-23 02:36:31.797 -05:00 [INF] (Thread 70) SelfUpdater: already up to date.
2026-06-23 02:36:31.797 -05:00 [INF] (Thread 70) UpdateOrchestrator: === Update cycle starting ===
2026-06-23 02:36:31.798 -05:00 [INF] (Thread 70) WindowsUpdateWorker: starting update pass.
2026-06-23 02:36:31.798 -05:00 [INF] (Thread 70) WindowsUpdateWorker: verifying PSWindowsUpdate module.
2026-06-23 02:36:31.800 -05:00 [DBG] (Thread 70) WindowsUpdateWorker: running PS script: $ProgressPreference = 'SilentlyContinue'
            $ErrorActionPreference = 'Stop'
            try {
                if (-not (Get-PackageProvider -Name NuGet -ListAvailable -ErrorAction SilentlyContinue)) {
                    Install-PackageProvider -Name NuGet -MinimumVersion 2.8.5.201 -Force -Scope AllUsers | Out-Null
                }
                Set-PSRepository -Name PSGallery -InstallationPolicy Trusted -ErrorAction SilentlyContinue
                if (-not (Get-Module -ListAvailable -Name PSWindowsUpdate -ErrorAction SilentlyContinue)) {
                    Install-Module PSWindowsUpdate -Force -SkipPublisherCheck -Scope AllUsers | Out-Null
                }
                Import-Module PSWindowsUpdate -Force -ErrorAction Stop
                try {
                    Add-WUServiceManager -MicrosoftUpdate -Confirm:$false -ErrorAction SilentlyContinue | Out-Null
                } catch {}
                Write-Output 'OK'
            } catch {
                Write-Output ('ERROR: ' + $_.Exception.Message)
            }
2026-06-23 02:36:43.409 -05:00 [INF] (Thread 70) WindowsUpdateWorker: PSWindowsUpdate module OK.
2026-06-23 02:36:43.410 -05:00 [DBG] (Thread 70) WindowsUpdateWorker: running PS script: Import-Module PSWindowsUpdate -ErrorAction Stop
        $ProgressPreference = 'SilentlyContinue'

        # Force the Windows Update Agent to scan before installing.
        # Fixes 0x80248007 (WU_E_DS_NODATA) on fresh builds or machines
        # whose update data store has not been initialised yet.
        try {
            Start-Process -FilePath 'UsoClient.exe' `
                -ArgumentList 'StartScan' `
                -Wait -NoNewWindow -ErrorAction SilentlyContinue
            Start-Sleep -Seconds 30
        } catch {}

        # 2>&1 merges stderr into the pipeline mixing strings with update
        # objects -- we filter them out in the foreach loop below.
        $rawOutput = Install-WindowsUpdate `
            -MicrosoftUpdate `
            -AcceptAll `
            -IgnoreReboot `
            -Install `
            -ErrorAction Continue 2>&1

        # Use a hashtable keyed on Title to keep only the LAST result per update.
        # PSWindowsUpdate emits objects at multiple pipeline stages (search, download,
        # install); overwriting ensures we capture the final post-install ResultCode
        # rather than an early ResultCode=0 (NotStarted).
        $byKey = @{}

        foreach ($u in $rawOutput) {
            if ($null -eq $u -or $u -isnot [PSObject]) { continue }
            if (-not ($u.PSObject.Properties.Name -contains 'Title')) { continue }
            if ([string]::IsNullOrWhiteSpace($u.Title)) { continue }

            $resultCode = 0
            try { $resultCode = [int]$u.ResultCode } catch { $resultCode = 4 }
            $succeeded = ($resultCode -eq 2 -or $resultCode -eq 3)

            # ResultCode=0 means NotStarted — treat as Skipped, not Failed.
            $status = if ($succeeded) { 'Succeeded' } elseif ($resultCode -eq 0) { 'Skipped' } else { 'Failed' }

            $kb = ''
            try {
                if ($u.KBArticleIDs -and $u.KBArticleIDs.Count -gt 0) {
                    $kb = 'KB' + $u.KBArticleIDs[0]
                }
            } catch {}

            $needsReboot = $false
            try { $needsReboot = [bool]$u.RebootRequired } catch {}

            $byKey[$u.Title] = [PSCustomObject]@{
                Identifier     = $kb
                Title          = [string]$u.Title
                Status         = $status
                ErrorMessage   = if ($succeeded -or $resultCode -eq 0) { '' } else { 'ResultCode=' + $resultCode }
                RebootRequired = $needsReboot
                AttemptedAt    = (Get-Date -Format 'o')
            }
        }

        $results = @($byKey.Values)

        if ($results.Count -eq 0) {
            Write-Output '[]'
        } else {
            $results | ConvertTo-Json -Compress
        }
2026-06-23 02:37:31.593 -05:00 [INF] (Thread 74) WindowsUpdateWorker: pass complete. Total=0 Succeeded=0 Failed=0 Skipped=0
2026-06-23 02:37:31.593 -05:00 [INF] (Thread 74) WingetWorker: skipping — last run was 2026-06-18T17:46:48.2583796Z (less than 7 days ago).
2026-06-23 02:37:31.594 -05:00 [INF] (Thread 74) UpdateOrchestrator: cycle complete. Total=0 Succeeded=0 Failed=0 RebootRequired=false
2026-06-23 02:37:31.594 -05:00 [INF] (Thread 74) UpdateOrchestrator: no reboot required — cycle complete.
2026-06-23 02:37:31.594 -05:00 [INF] (Thread 74) UpdateBackgroundService: next cycle in "01:00:00".
2026-06-23 03:37:31.659 -05:00 [INF] (Thread 74) SelfUpdater: checking for updates. Current version: 0.26.230.591
2026-06-23 03:37:31.761 -05:00 [INF] (Thread 74) SelfUpdater: remote version = 0.26.230.591.
2026-06-23 03:37:31.761 -05:00 [INF] (Thread 74) SelfUpdater: already up to date.
2026-06-23 03:37:31.761 -05:00 [INF] (Thread 74) UpdateOrchestrator: === Update cycle starting ===
2026-06-23 03:37:31.761 -05:00 [INF] (Thread 74) WindowsUpdateWorker: starting update pass.
2026-06-23 03:37:31.761 -05:00 [INF] (Thread 74) WindowsUpdateWorker: verifying PSWindowsUpdate module.
2026-06-23 03:37:31.764 -05:00 [DBG] (Thread 74) WindowsUpdateWorker: running PS script: $ProgressPreference = 'SilentlyContinue'
            $ErrorActionPreference = 'Stop'
            try {
                if (-not (Get-PackageProvider -Name NuGet -ListAvailable -ErrorAction SilentlyContinue)) {
                    Install-PackageProvider -Name NuGet -MinimumVersion 2.8.5.201 -Force -Scope AllUsers | Out-Null
                }
                Set-PSRepository -Name PSGallery -InstallationPolicy Trusted -ErrorAction SilentlyContinue
                if (-not (Get-Module -ListAvailable -Name PSWindowsUpdate -ErrorAction SilentlyContinue)) {
                    Install-Module PSWindowsUpdate -Force -SkipPublisherCheck -Scope AllUsers | Out-Null
                }
                Import-Module PSWindowsUpdate -Force -ErrorAction Stop
                try {
                    Add-WUServiceManager -MicrosoftUpdate -Confirm:$false -ErrorAction SilentlyContinue | Out-Null
                } catch {}
                Write-Output 'OK'
            } catch {
                Write-Output ('ERROR: ' + $_.Exception.Message)
            }
2026-06-23 03:37:45.615 -05:00 [INF] (Thread 74) WindowsUpdateWorker: PSWindowsUpdate module OK.
2026-06-23 03:37:45.616 -05:00 [DBG] (Thread 74) WindowsUpdateWorker: running PS script: Import-Module PSWindowsUpdate -ErrorAction Stop
        $ProgressPreference = 'SilentlyContinue'

        # Force the Windows Update Agent to scan before installing.
        # Fixes 0x80248007 (WU_E_DS_NODATA) on fresh builds or machines
        # whose update data store has not been initialised yet.
        try {
            Start-Process -FilePath 'UsoClient.exe' `
                -ArgumentList 'StartScan' `
                -Wait -NoNewWindow -ErrorAction SilentlyContinue
            Start-Sleep -Seconds 30
        } catch {}

        # 2>&1 merges stderr into the pipeline mixing strings with update
        # objects -- we filter them out in the foreach loop below.
        $rawOutput = Install-WindowsUpdate `
            -MicrosoftUpdate `
            -AcceptAll `
            -IgnoreReboot `
            -Install `
            -ErrorAction Continue 2>&1

        # Use a hashtable keyed on Title to keep only the LAST result per update.
        # PSWindowsUpdate emits objects at multiple pipeline stages (search, download,
        # install); overwriting ensures we capture the final post-install ResultCode
        # rather than an early ResultCode=0 (NotStarted).
        $byKey = @{}

        foreach ($u in $rawOutput) {
            if ($null -eq $u -or $u -isnot [PSObject]) { continue }
            if (-not ($u.PSObject.Properties.Name -contains 'Title')) { continue }
            if ([string]::IsNullOrWhiteSpace($u.Title)) { continue }

            $resultCode = 0
            try { $resultCode = [int]$u.ResultCode } catch { $resultCode = 4 }
            $succeeded = ($resultCode -eq 2 -or $resultCode -eq 3)

            # ResultCode=0 means NotStarted — treat as Skipped, not Failed.
            $status = if ($succeeded) { 'Succeeded' } elseif ($resultCode -eq 0) { 'Skipped' } else { 'Failed' }

            $kb = ''
            try {
                if ($u.KBArticleIDs -and $u.KBArticleIDs.Count -gt 0) {
                    $kb = 'KB' + $u.KBArticleIDs[0]
                }
            } catch {}

            $needsReboot = $false
            try { $needsReboot = [bool]$u.RebootRequired } catch {}

            $byKey[$u.Title] = [PSCustomObject]@{
                Identifier     = $kb
                Title          = [string]$u.Title
                Status         = $status
                ErrorMessage   = if ($succeeded -or $resultCode -eq 0) { '' } else { 'ResultCode=' + $resultCode }
                RebootRequired = $needsReboot
                AttemptedAt    = (Get-Date -Format 'o')
            }
        }

        $results = @($byKey.Values)

        if ($results.Count -eq 0) {
            Write-Output '[]'
        } else {
            $results | ConvertTo-Json -Compress
        }
2026-06-23 03:38:38.504 -05:00 [INF] (Thread 75) WindowsUpdateWorker: pass complete. Total=0 Succeeded=0 Failed=0 Skipped=0
2026-06-23 03:38:38.504 -05:00 [INF] (Thread 75) WingetWorker: skipping — last run was 2026-06-18T17:46:48.2583796Z (less than 7 days ago).
2026-06-23 03:38:38.504 -05:00 [INF] (Thread 75) UpdateOrchestrator: cycle complete. Total=0 Succeeded=0 Failed=0 RebootRequired=false
2026-06-23 03:38:38.504 -05:00 [INF] (Thread 75) UpdateOrchestrator: no reboot required — cycle complete.
2026-06-23 03:38:38.504 -05:00 [INF] (Thread 75) UpdateBackgroundService: next cycle in "01:00:00".
2026-06-23 04:38:38.574 -05:00 [INF] (Thread 78) SelfUpdater: checking for updates. Current version: 0.26.230.591
2026-06-23 04:38:38.669 -05:00 [INF] (Thread 75) SelfUpdater: remote version = 0.26.230.591.
2026-06-23 04:38:38.669 -05:00 [INF] (Thread 75) SelfUpdater: already up to date.
2026-06-23 04:38:38.669 -05:00 [INF] (Thread 75) UpdateOrchestrator: === Update cycle starting ===
2026-06-23 04:38:38.669 -05:00 [INF] (Thread 75) WindowsUpdateWorker: starting update pass.
2026-06-23 04:38:38.669 -05:00 [INF] (Thread 75) WindowsUpdateWorker: verifying PSWindowsUpdate module.
2026-06-23 04:38:38.671 -05:00 [DBG] (Thread 75) WindowsUpdateWorker: running PS script: $ProgressPreference = 'SilentlyContinue'
            $ErrorActionPreference = 'Stop'
            try {
                if (-not (Get-PackageProvider -Name NuGet -ListAvailable -ErrorAction SilentlyContinue)) {
                    Install-PackageProvider -Name NuGet -MinimumVersion 2.8.5.201 -Force -Scope AllUsers | Out-Null
                }
                Set-PSRepository -Name PSGallery -InstallationPolicy Trusted -ErrorAction SilentlyContinue
                if (-not (Get-Module -ListAvailable -Name PSWindowsUpdate -ErrorAction SilentlyContinue)) {
                    Install-Module PSWindowsUpdate -Force -SkipPublisherCheck -Scope AllUsers | Out-Null
                }
                Import-Module PSWindowsUpdate -Force -ErrorAction Stop
                try {
                    Add-WUServiceManager -MicrosoftUpdate -Confirm:$false -ErrorAction SilentlyContinue | Out-Null
                } catch {}
                Write-Output 'OK'
            } catch {
                Write-Output ('ERROR: ' + $_.Exception.Message)
            }
2026-06-23 04:38:52.645 -05:00 [INF] (Thread 78) WindowsUpdateWorker: PSWindowsUpdate module OK.
2026-06-23 04:38:52.646 -05:00 [DBG] (Thread 78) WindowsUpdateWorker: running PS script: Import-Module PSWindowsUpdate -ErrorAction Stop
        $ProgressPreference = 'SilentlyContinue'

        # Force the Windows Update Agent to scan before installing.
        # Fixes 0x80248007 (WU_E_DS_NODATA) on fresh builds or machines
        # whose update data store has not been initialised yet.
        try {
            Start-Process -FilePath 'UsoClient.exe' `
                -ArgumentList 'StartScan' `
                -Wait -NoNewWindow -ErrorAction SilentlyContinue
            Start-Sleep -Seconds 30
        } catch {}

        # 2>&1 merges stderr into the pipeline mixing strings with update
        # objects -- we filter them out in the foreach loop below.
        $rawOutput = Install-WindowsUpdate `
            -MicrosoftUpdate `
            -AcceptAll `
            -IgnoreReboot `
            -Install `
            -ErrorAction Continue 2>&1

        # Use a hashtable keyed on Title to keep only the LAST result per update.
        # PSWindowsUpdate emits objects at multiple pipeline stages (search, download,
        # install); overwriting ensures we capture the final post-install ResultCode
        # rather than an early ResultCode=0 (NotStarted).
        $byKey = @{}

        foreach ($u in $rawOutput) {
            if ($null -eq $u -or $u -isnot [PSObject]) { continue }
            if (-not ($u.PSObject.Properties.Name -contains 'Title')) { continue }
            if ([string]::IsNullOrWhiteSpace($u.Title)) { continue }

            $resultCode = 0
            try { $resultCode = [int]$u.ResultCode } catch { $resultCode = 4 }
            $succeeded = ($resultCode -eq 2 -or $resultCode -eq 3)

            # ResultCode=0 means NotStarted — treat as Skipped, not Failed.
            $status = if ($succeeded) { 'Succeeded' } elseif ($resultCode -eq 0) { 'Skipped' } else { 'Failed' }

            $kb = ''
            try {
                if ($u.KBArticleIDs -and $u.KBArticleIDs.Count -gt 0) {
                    $kb = 'KB' + $u.KBArticleIDs[0]
                }
            } catch {}

            $needsReboot = $false
            try { $needsReboot = [bool]$u.RebootRequired } catch {}

            $byKey[$u.Title] = [PSCustomObject]@{
                Identifier     = $kb
                Title          = [string]$u.Title
                Status         = $status
                ErrorMessage   = if ($succeeded -or $resultCode -eq 0) { '' } else { 'ResultCode=' + $resultCode }
                RebootRequired = $needsReboot
                AttemptedAt    = (Get-Date -Format 'o')
            }
        }

        $results = @($byKey.Values)

        if ($results.Count -eq 0) {
            Write-Output '[]'
        } else {
            $results | ConvertTo-Json -Compress
        }
2026-06-23 04:39:36.014 -05:00 [INF] (Thread 77) WindowsUpdateWorker: pass complete. Total=0 Succeeded=0 Failed=0 Skipped=0
2026-06-23 04:39:36.014 -05:00 [INF] (Thread 77) WingetWorker: skipping — last run was 2026-06-18T17:46:48.2583796Z (less than 7 days ago).
2026-06-23 04:39:36.014 -05:00 [INF] (Thread 77) UpdateOrchestrator: cycle complete. Total=0 Succeeded=0 Failed=0 RebootRequired=false
2026-06-23 04:39:36.014 -05:00 [INF] (Thread 77) UpdateOrchestrator: no reboot required — cycle complete.
2026-06-23 04:39:36.014 -05:00 [INF] (Thread 77) UpdateBackgroundService: next cycle in "01:00:00".
2026-06-23 05:39:36.100 -05:00 [INF] (Thread 79) SelfUpdater: checking for updates. Current version: 0.26.230.591
2026-06-23 05:39:36.233 -05:00 [INF] (Thread 79) SelfUpdater: remote version = 0.26.230.591.
2026-06-23 05:39:36.233 -05:00 [INF] (Thread 79) SelfUpdater: already up to date.
2026-06-23 05:39:36.233 -05:00 [INF] (Thread 79) UpdateOrchestrator: === Update cycle starting ===
2026-06-23 05:39:36.233 -05:00 [INF] (Thread 79) WindowsUpdateWorker: starting update pass.
2026-06-23 05:39:36.233 -05:00 [INF] (Thread 79) WindowsUpdateWorker: verifying PSWindowsUpdate module.
2026-06-23 05:39:36.236 -05:00 [DBG] (Thread 79) WindowsUpdateWorker: running PS script: $ProgressPreference = 'SilentlyContinue'
            $ErrorActionPreference = 'Stop'
            try {
                if (-not (Get-PackageProvider -Name NuGet -ListAvailable -ErrorAction SilentlyContinue)) {
                    Install-PackageProvider -Name NuGet -MinimumVersion 2.8.5.201 -Force -Scope AllUsers | Out-Null
                }
                Set-PSRepository -Name PSGallery -InstallationPolicy Trusted -ErrorAction SilentlyContinue
                if (-not (Get-Module -ListAvailable -Name PSWindowsUpdate -ErrorAction SilentlyContinue)) {
                    Install-Module PSWindowsUpdate -Force -SkipPublisherCheck -Scope AllUsers | Out-Null
                }
                Import-Module PSWindowsUpdate -Force -ErrorAction Stop
                try {
                    Add-WUServiceManager -MicrosoftUpdate -Confirm:$false -ErrorAction SilentlyContinue | Out-Null
                } catch {}
                Write-Output 'OK'
            } catch {
                Write-Output ('ERROR: ' + $_.Exception.Message)
            }
2026-06-23 05:39:47.870 -05:00 [INF] (Thread 79) WindowsUpdateWorker: PSWindowsUpdate module OK.
2026-06-23 05:39:47.871 -05:00 [DBG] (Thread 79) WindowsUpdateWorker: running PS script: Import-Module PSWindowsUpdate -ErrorAction Stop
        $ProgressPreference = 'SilentlyContinue'

        # Force the Windows Update Agent to scan before installing.
        # Fixes 0x80248007 (WU_E_DS_NODATA) on fresh builds or machines
        # whose update data store has not been initialised yet.
        try {
            Start-Process -FilePath 'UsoClient.exe' `
                -ArgumentList 'StartScan' `
                -Wait -NoNewWindow -ErrorAction SilentlyContinue
            Start-Sleep -Seconds 30
        } catch {}

        # 2>&1 merges stderr into the pipeline mixing strings with update
        # objects -- we filter them out in the foreach loop below.
        $rawOutput = Install-WindowsUpdate `
            -MicrosoftUpdate `
            -AcceptAll `
            -IgnoreReboot `
            -Install `
            -ErrorAction Continue 2>&1

        # Use a hashtable keyed on Title to keep only the LAST result per update.
        # PSWindowsUpdate emits objects at multiple pipeline stages (search, download,
        # install); overwriting ensures we capture the final post-install ResultCode
        # rather than an early ResultCode=0 (NotStarted).
        $byKey = @{}

        foreach ($u in $rawOutput) {
            if ($null -eq $u -or $u -isnot [PSObject]) { continue }
            if (-not ($u.PSObject.Properties.Name -contains 'Title')) { continue }
            if ([string]::IsNullOrWhiteSpace($u.Title)) { continue }

            $resultCode = 0
            try { $resultCode = [int]$u.ResultCode } catch { $resultCode = 4 }
            $succeeded = ($resultCode -eq 2 -or $resultCode -eq 3)

            # ResultCode=0 means NotStarted — treat as Skipped, not Failed.
            $status = if ($succeeded) { 'Succeeded' } elseif ($resultCode -eq 0) { 'Skipped' } else { 'Failed' }

            $kb = ''
            try {
                if ($u.KBArticleIDs -and $u.KBArticleIDs.Count -gt 0) {
                    $kb = 'KB' + $u.KBArticleIDs[0]
                }
            } catch {}

            $needsReboot = $false
            try { $needsReboot = [bool]$u.RebootRequired } catch {}

            $byKey[$u.Title] = [PSCustomObject]@{
                Identifier     = $kb
                Title          = [string]$u.Title
                Status         = $status
                ErrorMessage   = if ($succeeded -or $resultCode -eq 0) { '' } else { 'ResultCode=' + $resultCode }
                RebootRequired = $needsReboot
                AttemptedAt    = (Get-Date -Format 'o')
            }
        }

        $results = @($byKey.Values)

        if ($results.Count -eq 0) {
            Write-Output '[]'
        } else {
            $results | ConvertTo-Json -Compress
        }
2026-06-23 05:40:44.411 -05:00 [INF] (Thread 78) WindowsUpdateWorker: pass complete. Total=0 Succeeded=0 Failed=0 Skipped=0
2026-06-23 05:40:44.411 -05:00 [INF] (Thread 78) WingetWorker: skipping — last run was 2026-06-18T17:46:48.2583796Z (less than 7 days ago).
2026-06-23 05:40:44.411 -05:00 [INF] (Thread 78) UpdateOrchestrator: cycle complete. Total=0 Succeeded=0 Failed=0 RebootRequired=false
2026-06-23 05:40:44.411 -05:00 [INF] (Thread 78) UpdateOrchestrator: no reboot required — cycle complete.
2026-06-23 05:40:44.411 -05:00 [INF] (Thread 78) UpdateBackgroundService: next cycle in "01:00:00".
2026-06-23 06:40:44.469 -05:00 [INF] (Thread 78) SelfUpdater: checking for updates. Current version: 0.26.230.591
2026-06-23 06:40:44.560 -05:00 [INF] (Thread 78) SelfUpdater: remote version = 0.26.230.591.
2026-06-23 06:40:44.560 -05:00 [INF] (Thread 78) SelfUpdater: already up to date.
2026-06-23 06:40:44.560 -05:00 [INF] (Thread 78) UpdateOrchestrator: === Update cycle starting ===
2026-06-23 06:40:44.560 -05:00 [INF] (Thread 78) WindowsUpdateWorker: starting update pass.
2026-06-23 06:40:44.560 -05:00 [INF] (Thread 78) WindowsUpdateWorker: verifying PSWindowsUpdate module.
2026-06-23 06:40:44.563 -05:00 [DBG] (Thread 78) WindowsUpdateWorker: running PS script: $ProgressPreference = 'SilentlyContinue'
            $ErrorActionPreference = 'Stop'
            try {
                if (-not (Get-PackageProvider -Name NuGet -ListAvailable -ErrorAction SilentlyContinue)) {
                    Install-PackageProvider -Name NuGet -MinimumVersion 2.8.5.201 -Force -Scope AllUsers | Out-Null
                }
                Set-PSRepository -Name PSGallery -InstallationPolicy Trusted -ErrorAction SilentlyContinue
                if (-not (Get-Module -ListAvailable -Name PSWindowsUpdate -ErrorAction SilentlyContinue)) {
                    Install-Module PSWindowsUpdate -Force -SkipPublisherCheck -Scope AllUsers | Out-Null
                }
                Import-Module PSWindowsUpdate -Force -ErrorAction Stop
                try {
                    Add-WUServiceManager -MicrosoftUpdate -Confirm:$false -ErrorAction SilentlyContinue | Out-Null
                } catch {}
                Write-Output 'OK'
            } catch {
                Write-Output ('ERROR: ' + $_.Exception.Message)
            }
2026-06-23 06:40:56.160 -05:00 [INF] (Thread 78) WindowsUpdateWorker: PSWindowsUpdate module OK.
2026-06-23 06:40:56.160 -05:00 [DBG] (Thread 78) WindowsUpdateWorker: running PS script: Import-Module PSWindowsUpdate -ErrorAction Stop
        $ProgressPreference = 'SilentlyContinue'

        # Force the Windows Update Agent to scan before installing.
        # Fixes 0x80248007 (WU_E_DS_NODATA) on fresh builds or machines
        # whose update data store has not been initialised yet.
        try {
            Start-Process -FilePath 'UsoClient.exe' `
                -ArgumentList 'StartScan' `
                -Wait -NoNewWindow -ErrorAction SilentlyContinue
            Start-Sleep -Seconds 30
        } catch {}

        # 2>&1 merges stderr into the pipeline mixing strings with update
        # objects -- we filter them out in the foreach loop below.
        $rawOutput = Install-WindowsUpdate `
            -MicrosoftUpdate `
            -AcceptAll `
            -IgnoreReboot `
            -Install `
            -ErrorAction Continue 2>&1

        # Use a hashtable keyed on Title to keep only the LAST result per update.
        # PSWindowsUpdate emits objects at multiple pipeline stages (search, download,
        # install); overwriting ensures we capture the final post-install ResultCode
        # rather than an early ResultCode=0 (NotStarted).
        $byKey = @{}

        foreach ($u in $rawOutput) {
            if ($null -eq $u -or $u -isnot [PSObject]) { continue }
            if (-not ($u.PSObject.Properties.Name -contains 'Title')) { continue }
            if ([string]::IsNullOrWhiteSpace($u.Title)) { continue }

            $resultCode = 0
            try { $resultCode = [int]$u.ResultCode } catch { $resultCode = 4 }
            $succeeded = ($resultCode -eq 2 -or $resultCode -eq 3)

            # ResultCode=0 means NotStarted — treat as Skipped, not Failed.
            $status = if ($succeeded) { 'Succeeded' } elseif ($resultCode -eq 0) { 'Skipped' } else { 'Failed' }

            $kb = ''
            try {
                if ($u.KBArticleIDs -and $u.KBArticleIDs.Count -gt 0) {
                    $kb = 'KB' + $u.KBArticleIDs[0]
                }
            } catch {}

            $needsReboot = $false
            try { $needsReboot = [bool]$u.RebootRequired } catch {}

            $byKey[$u.Title] = [PSCustomObject]@{
                Identifier     = $kb
                Title          = [string]$u.Title
                Status         = $status
                ErrorMessage   = if ($succeeded -or $resultCode -eq 0) { '' } else { 'ResultCode=' + $resultCode }
                RebootRequired = $needsReboot
                AttemptedAt    = (Get-Date -Format 'o')
            }
        }

        $results = @($byKey.Values)

        if ($results.Count -eq 0) {
            Write-Output '[]'
        } else {
            $results | ConvertTo-Json -Compress
        }
2026-06-23 06:41:39.967 -05:00 [INF] (Thread 84) WindowsUpdateWorker: pass complete. Total=0 Succeeded=0 Failed=0 Skipped=0
2026-06-23 06:41:39.967 -05:00 [INF] (Thread 84) WingetWorker: skipping — last run was 2026-06-18T17:46:48.2583796Z (less than 7 days ago).
2026-06-23 06:41:39.967 -05:00 [INF] (Thread 84) UpdateOrchestrator: cycle complete. Total=0 Succeeded=0 Failed=0 RebootRequired=false
2026-06-23 06:41:39.967 -05:00 [INF] (Thread 84) UpdateOrchestrator: no reboot required — cycle complete.
2026-06-23 06:41:39.967 -05:00 [INF] (Thread 84) UpdateBackgroundService: next cycle in "01:00:00".
2026-06-23 07:41:40.067 -05:00 [INF] (Thread 80) SelfUpdater: checking for updates. Current version: 0.26.230.591
2026-06-23 07:41:40.154 -05:00 [INF] (Thread 84) SelfUpdater: remote version = 0.26.230.591.
2026-06-23 07:41:40.154 -05:00 [INF] (Thread 84) SelfUpdater: already up to date.
2026-06-23 07:41:40.154 -05:00 [INF] (Thread 84) UpdateOrchestrator: === Update cycle starting ===
2026-06-23 07:41:40.154 -05:00 [INF] (Thread 84) WindowsUpdateWorker: starting update pass.
2026-06-23 07:41:40.154 -05:00 [INF] (Thread 84) WindowsUpdateWorker: verifying PSWindowsUpdate module.
2026-06-23 07:41:40.156 -05:00 [DBG] (Thread 84) WindowsUpdateWorker: running PS script: $ProgressPreference = 'SilentlyContinue'
            $ErrorActionPreference = 'Stop'
            try {
                if (-not (Get-PackageProvider -Name NuGet -ListAvailable -ErrorAction SilentlyContinue)) {
                    Install-PackageProvider -Name NuGet -MinimumVersion 2.8.5.201 -Force -Scope AllUsers | Out-Null
                }
                Set-PSRepository -Name PSGallery -InstallationPolicy Trusted -ErrorAction SilentlyContinue
                if (-not (Get-Module -ListAvailable -Name PSWindowsUpdate -ErrorAction SilentlyContinue)) {
                    Install-Module PSWindowsUpdate -Force -SkipPublisherCheck -Scope AllUsers | Out-Null
                }
                Import-Module PSWindowsUpdate -Force -ErrorAction Stop
                try {
                    Add-WUServiceManager -MicrosoftUpdate -Confirm:$false -ErrorAction SilentlyContinue | Out-Null
                } catch {}
                Write-Output 'OK'
            } catch {
                Write-Output ('ERROR: ' + $_.Exception.Message)
            }
2026-06-23 07:41:51.768 -05:00 [INF] (Thread 84) WindowsUpdateWorker: PSWindowsUpdate module OK.
2026-06-23 07:41:51.769 -05:00 [DBG] (Thread 84) WindowsUpdateWorker: running PS script: Import-Module PSWindowsUpdate -ErrorAction Stop
        $ProgressPreference = 'SilentlyContinue'

        # Force the Windows Update Agent to scan before installing.
        # Fixes 0x80248007 (WU_E_DS_NODATA) on fresh builds or machines
        # whose update data store has not been initialised yet.
        try {
            Start-Process -FilePath 'UsoClient.exe' `
                -ArgumentList 'StartScan' `
                -Wait -NoNewWindow -ErrorAction SilentlyContinue
            Start-Sleep -Seconds 30
        } catch {}

        # 2>&1 merges stderr into the pipeline mixing strings with update
        # objects -- we filter them out in the foreach loop below.
        $rawOutput = Install-WindowsUpdate `
            -MicrosoftUpdate `
            -AcceptAll `
            -IgnoreReboot `
            -Install `
            -ErrorAction Continue 2>&1

        # Use a hashtable keyed on Title to keep only the LAST result per update.
        # PSWindowsUpdate emits objects at multiple pipeline stages (search, download,
        # install); overwriting ensures we capture the final post-install ResultCode
        # rather than an early ResultCode=0 (NotStarted).
        $byKey = @{}

        foreach ($u in $rawOutput) {
            if ($null -eq $u -or $u -isnot [PSObject]) { continue }
            if (-not ($u.PSObject.Properties.Name -contains 'Title')) { continue }
            if ([string]::IsNullOrWhiteSpace($u.Title)) { continue }

            $resultCode = 0
            try { $resultCode = [int]$u.ResultCode } catch { $resultCode = 4 }
            $succeeded = ($resultCode -eq 2 -or $resultCode -eq 3)

            # ResultCode=0 means NotStarted — treat as Skipped, not Failed.
            $status = if ($succeeded) { 'Succeeded' } elseif ($resultCode -eq 0) { 'Skipped' } else { 'Failed' }

            $kb = ''
            try {
                if ($u.KBArticleIDs -and $u.KBArticleIDs.Count -gt 0) {
                    $kb = 'KB' + $u.KBArticleIDs[0]
                }
            } catch {}

            $needsReboot = $false
            try { $needsReboot = [bool]$u.RebootRequired } catch {}

            $byKey[$u.Title] = [PSCustomObject]@{
                Identifier     = $kb
                Title          = [string]$u.Title
                Status         = $status
                ErrorMessage   = if ($succeeded -or $resultCode -eq 0) { '' } else { 'ResultCode=' + $resultCode }
                RebootRequired = $needsReboot
                AttemptedAt    = (Get-Date -Format 'o')
            }
        }

        $results = @($byKey.Values)

        if ($results.Count -eq 0) {
            Write-Output '[]'
        } else {
            $results | ConvertTo-Json -Compress
        }
2026-06-23 07:42:50.342 -05:00 [INF] (Thread 84) WindowsUpdateWorker: pass complete. Total=0 Succeeded=0 Failed=0 Skipped=0
2026-06-23 07:42:50.342 -05:00 [INF] (Thread 84) WingetWorker: skipping — last run was 2026-06-18T17:46:48.2583796Z (less than 7 days ago).
2026-06-23 07:42:50.342 -05:00 [INF] (Thread 84) UpdateOrchestrator: cycle complete. Total=0 Succeeded=0 Failed=0 RebootRequired=false
2026-06-23 07:42:50.342 -05:00 [INF] (Thread 84) UpdateOrchestrator: no reboot required — cycle complete.
2026-06-23 07:42:50.342 -05:00 [INF] (Thread 84) UpdateBackgroundService: next cycle in "01:00:00".
2026-06-23 08:42:50.400 -05:00 [INF] (Thread 81) SelfUpdater: checking for updates. Current version: 0.26.230.591
2026-06-23 08:42:50.491 -05:00 [INF] (Thread 81) SelfUpdater: remote version = 0.26.230.591.
2026-06-23 08:42:50.491 -05:00 [INF] (Thread 81) SelfUpdater: already up to date.
2026-06-23 08:42:50.491 -05:00 [INF] (Thread 81) UpdateOrchestrator: === Update cycle starting ===
2026-06-23 08:42:50.491 -05:00 [INF] (Thread 81) WindowsUpdateWorker: starting update pass.
2026-06-23 08:42:50.491 -05:00 [INF] (Thread 81) WindowsUpdateWorker: verifying PSWindowsUpdate module.
2026-06-23 08:42:50.495 -05:00 [DBG] (Thread 81) WindowsUpdateWorker: running PS script: $ProgressPreference = 'SilentlyContinue'
            $ErrorActionPreference = 'Stop'
            try {
                if (-not (Get-PackageProvider -Name NuGet -ListAvailable -ErrorAction SilentlyContinue)) {
                    Install-PackageProvider -Name NuGet -MinimumVersion 2.8.5.201 -Force -Scope AllUsers | Out-Null
                }
                Set-PSRepository -Name PSGallery -InstallationPolicy Trusted -ErrorAction SilentlyContinue
                if (-not (Get-Module -ListAvailable -Name PSWindowsUpdate -ErrorAction SilentlyContinue)) {
                    Install-Module PSWindowsUpdate -Force -SkipPublisherCheck -Scope AllUsers | Out-Null
                }
                Import-Module PSWindowsUpdate -Force -ErrorAction Stop
                try {
                    Add-WUServiceManager -MicrosoftUpdate -Confirm:$false -ErrorAction SilentlyContinue | Out-Null
                } catch {}
                Write-Output 'OK'
            } catch {
                Write-Output ('ERROR: ' + $_.Exception.Message)
            }
2026-06-23 08:43:04.191 -05:00 [INF] (Thread 81) WindowsUpdateWorker: PSWindowsUpdate module OK.
2026-06-23 08:43:04.192 -05:00 [DBG] (Thread 81) WindowsUpdateWorker: running PS script: Import-Module PSWindowsUpdate -ErrorAction Stop
        $ProgressPreference = 'SilentlyContinue'

        # Force the Windows Update Agent to scan before installing.
        # Fixes 0x80248007 (WU_E_DS_NODATA) on fresh builds or machines
        # whose update data store has not been initialised yet.
        try {
            Start-Process -FilePath 'UsoClient.exe' `
                -ArgumentList 'StartScan' `
                -Wait -NoNewWindow -ErrorAction SilentlyContinue
            Start-Sleep -Seconds 30
        } catch {}

        # 2>&1 merges stderr into the pipeline mixing strings with update
        # objects -- we filter them out in the foreach loop below.
        $rawOutput = Install-WindowsUpdate `
            -MicrosoftUpdate `
            -AcceptAll `
            -IgnoreReboot `
            -Install `
            -ErrorAction Continue 2>&1

        # Use a hashtable keyed on Title to keep only the LAST result per update.
        # PSWindowsUpdate emits objects at multiple pipeline stages (search, download,
        # install); overwriting ensures we capture the final post-install ResultCode
        # rather than an early ResultCode=0 (NotStarted).
        $byKey = @{}

        foreach ($u in $rawOutput) {
            if ($null -eq $u -or $u -isnot [PSObject]) { continue }
            if (-not ($u.PSObject.Properties.Name -contains 'Title')) { continue }
            if ([string]::IsNullOrWhiteSpace($u.Title)) { continue }

            $resultCode = 0
            try { $resultCode = [int]$u.ResultCode } catch { $resultCode = 4 }
            $succeeded = ($resultCode -eq 2 -or $resultCode -eq 3)

            # ResultCode=0 means NotStarted — treat as Skipped, not Failed.
            $status = if ($succeeded) { 'Succeeded' } elseif ($resultCode -eq 0) { 'Skipped' } else { 'Failed' }

            $kb = ''
            try {
                if ($u.KBArticleIDs -and $u.KBArticleIDs.Count -gt 0) {
                    $kb = 'KB' + $u.KBArticleIDs[0]
                }
            } catch {}

            $needsReboot = $false
            try { $needsReboot = [bool]$u.RebootRequired } catch {}

            $byKey[$u.Title] = [PSCustomObject]@{
                Identifier     = $kb
                Title          = [string]$u.Title
                Status         = $status
                ErrorMessage   = if ($succeeded -or $resultCode -eq 0) { '' } else { 'ResultCode=' + $resultCode }
                RebootRequired = $needsReboot
                AttemptedAt    = (Get-Date -Format 'o')
            }
        }

        $results = @($byKey.Values)

        if ($results.Count -eq 0) {
            Write-Output '[]'
        } else {
            $results | ConvertTo-Json -Compress
        }
2026-06-23 08:43:48.984 -05:00 [INF] (Thread 79) WindowsUpdateWorker: pass complete. Total=0 Succeeded=0 Failed=0 Skipped=0
2026-06-23 08:43:48.985 -05:00 [INF] (Thread 79) WingetWorker: skipping — last run was 2026-06-18T17:46:48.2583796Z (less than 7 days ago).
2026-06-23 08:43:48.985 -05:00 [INF] (Thread 79) UpdateOrchestrator: cycle complete. Total=0 Succeeded=0 Failed=0 RebootRequired=false
2026-06-23 08:43:48.985 -05:00 [INF] (Thread 79) UpdateOrchestrator: no reboot required — cycle complete.
2026-06-23 08:43:48.985 -05:00 [INF] (Thread 79) UpdateBackgroundService: next cycle in "01:00:00".
2026-06-23 09:43:49.096 -05:00 [INF] (Thread 81) SelfUpdater: checking for updates. Current version: 0.26.230.591
2026-06-23 09:43:49.200 -05:00 [INF] (Thread 81) SelfUpdater: remote version = 0.26.230.591.
2026-06-23 09:43:49.200 -05:00 [INF] (Thread 81) SelfUpdater: already up to date.
2026-06-23 09:43:49.200 -05:00 [INF] (Thread 81) UpdateOrchestrator: === Update cycle starting ===
2026-06-23 09:43:49.200 -05:00 [INF] (Thread 81) WindowsUpdateWorker: starting update pass.
2026-06-23 09:43:49.200 -05:00 [INF] (Thread 81) WindowsUpdateWorker: verifying PSWindowsUpdate module.
2026-06-23 09:43:49.201 -05:00 [DBG] (Thread 81) WindowsUpdateWorker: running PS script: $ProgressPreference = 'SilentlyContinue'
            $ErrorActionPreference = 'Stop'
            try {
                if (-not (Get-PackageProvider -Name NuGet -ListAvailable -ErrorAction SilentlyContinue)) {
                    Install-PackageProvider -Name NuGet -MinimumVersion 2.8.5.201 -Force -Scope AllUsers | Out-Null
                }
                Set-PSRepository -Name PSGallery -InstallationPolicy Trusted -ErrorAction SilentlyContinue
                if (-not (Get-Module -ListAvailable -Name PSWindowsUpdate -ErrorAction SilentlyContinue)) {
                    Install-Module PSWindowsUpdate -Force -SkipPublisherCheck -Scope AllUsers | Out-Null
                }
                Import-Module PSWindowsUpdate -Force -ErrorAction Stop
                try {
                    Add-WUServiceManager -MicrosoftUpdate -Confirm:$false -ErrorAction SilentlyContinue | Out-Null
                } catch {}
                Write-Output 'OK'
            } catch {
                Write-Output ('ERROR: ' + $_.Exception.Message)
            }
2026-06-23 09:44:02.840 -05:00 [INF] (Thread 82) WindowsUpdateWorker: PSWindowsUpdate module OK.
2026-06-23 09:44:02.841 -05:00 [DBG] (Thread 82) WindowsUpdateWorker: running PS script: Import-Module PSWindowsUpdate -ErrorAction Stop
        $ProgressPreference = 'SilentlyContinue'

        # Force the Windows Update Agent to scan before installing.
        # Fixes 0x80248007 (WU_E_DS_NODATA) on fresh builds or machines
        # whose update data store has not been initialised yet.
        try {
            Start-Process -FilePath 'UsoClient.exe' `
                -ArgumentList 'StartScan' `
                -Wait -NoNewWindow -ErrorAction SilentlyContinue
            Start-Sleep -Seconds 30
        } catch {}

        # 2>&1 merges stderr into the pipeline mixing strings with update
        # objects -- we filter them out in the foreach loop below.
        $rawOutput = Install-WindowsUpdate `
            -MicrosoftUpdate `
            -AcceptAll `
            -IgnoreReboot `
            -Install `
            -ErrorAction Continue 2>&1

        # Use a hashtable keyed on Title to keep only the LAST result per update.
        # PSWindowsUpdate emits objects at multiple pipeline stages (search, download,
        # install); overwriting ensures we capture the final post-install ResultCode
        # rather than an early ResultCode=0 (NotStarted).
        $byKey = @{}

        foreach ($u in $rawOutput) {
            if ($null -eq $u -or $u -isnot [PSObject]) { continue }
            if (-not ($u.PSObject.Properties.Name -contains 'Title')) { continue }
            if ([string]::IsNullOrWhiteSpace($u.Title)) { continue }

            $resultCode = 0
            try { $resultCode = [int]$u.ResultCode } catch { $resultCode = 4 }
            $succeeded = ($resultCode -eq 2 -or $resultCode -eq 3)

            # ResultCode=0 means NotStarted — treat as Skipped, not Failed.
            $status = if ($succeeded) { 'Succeeded' } elseif ($resultCode -eq 0) { 'Skipped' } else { 'Failed' }

            $kb = ''
            try {
                if ($u.KBArticleIDs -and $u.KBArticleIDs.Count -gt 0) {
                    $kb = 'KB' + $u.KBArticleIDs[0]
                }
            } catch {}

            $needsReboot = $false
            try { $needsReboot = [bool]$u.RebootRequired } catch {}

            $byKey[$u.Title] = [PSCustomObject]@{
                Identifier     = $kb
                Title          = [string]$u.Title
                Status         = $status
                ErrorMessage   = if ($succeeded -or $resultCode -eq 0) { '' } else { 'ResultCode=' + $resultCode }
                RebootRequired = $needsReboot
                AttemptedAt    = (Get-Date -Format 'o')
            }
        }

        $results = @($byKey.Values)

        if ($results.Count -eq 0) {
            Write-Output '[]'
        } else {
            $results | ConvertTo-Json -Compress
        }
2026-06-23 09:44:45.510 -05:00 [INF] (Thread 75) WindowsUpdateWorker: pass complete. Total=0 Succeeded=0 Failed=0 Skipped=0
2026-06-23 09:44:45.510 -05:00 [INF] (Thread 75) WingetWorker: skipping — last run was 2026-06-18T17:46:48.2583796Z (less than 7 days ago).
2026-06-23 09:44:45.510 -05:00 [INF] (Thread 75) UpdateOrchestrator: cycle complete. Total=0 Succeeded=0 Failed=0 RebootRequired=false
2026-06-23 09:44:45.510 -05:00 [INF] (Thread 75) UpdateOrchestrator: no reboot required — cycle complete.
2026-06-23 09:44:45.510 -05:00 [INF] (Thread 75) UpdateBackgroundService: next cycle in "01:00:00".
2026-06-23 10:44:45.572 -05:00 [INF] (Thread 82) SelfUpdater: checking for updates. Current version: 0.26.230.591
2026-06-23 10:44:45.738 -05:00 [INF] (Thread 82) SelfUpdater: remote version = 0.26.230.591.
2026-06-23 10:44:45.738 -05:00 [INF] (Thread 82) SelfUpdater: already up to date.
2026-06-23 10:44:45.738 -05:00 [INF] (Thread 82) UpdateOrchestrator: === Update cycle starting ===
2026-06-23 10:44:45.738 -05:00 [INF] (Thread 82) WindowsUpdateWorker: starting update pass.
2026-06-23 10:44:45.738 -05:00 [INF] (Thread 82) WindowsUpdateWorker: verifying PSWindowsUpdate module.
2026-06-23 10:44:45.740 -05:00 [DBG] (Thread 82) WindowsUpdateWorker: running PS script: $ProgressPreference = 'SilentlyContinue'
            $ErrorActionPreference = 'Stop'
            try {
                if (-not (Get-PackageProvider -Name NuGet -ListAvailable -ErrorAction SilentlyContinue)) {
                    Install-PackageProvider -Name NuGet -MinimumVersion 2.8.5.201 -Force -Scope AllUsers | Out-Null
                }
                Set-PSRepository -Name PSGallery -InstallationPolicy Trusted -ErrorAction SilentlyContinue
                if (-not (Get-Module -ListAvailable -Name PSWindowsUpdate -ErrorAction SilentlyContinue)) {
                    Install-Module PSWindowsUpdate -Force -SkipPublisherCheck -Scope AllUsers | Out-Null
                }
                Import-Module PSWindowsUpdate -Force -ErrorAction Stop
                try {
                    Add-WUServiceManager -MicrosoftUpdate -Confirm:$false -ErrorAction SilentlyContinue | Out-Null
                } catch {}
                Write-Output 'OK'
            } catch {
                Write-Output ('ERROR: ' + $_.Exception.Message)
            }
2026-06-23 10:44:58.414 -05:00 [INF] (Thread 75) WindowsUpdateWorker: PSWindowsUpdate module OK.
2026-06-23 10:44:58.416 -05:00 [DBG] (Thread 75) WindowsUpdateWorker: running PS script: Import-Module PSWindowsUpdate -ErrorAction Stop
        $ProgressPreference = 'SilentlyContinue'

        # Force the Windows Update Agent to scan before installing.
        # Fixes 0x80248007 (WU_E_DS_NODATA) on fresh builds or machines
        # whose update data store has not been initialised yet.
        try {
            Start-Process -FilePath 'UsoClient.exe' `
                -ArgumentList 'StartScan' `
                -Wait -NoNewWindow -ErrorAction SilentlyContinue
            Start-Sleep -Seconds 30
        } catch {}

        # 2>&1 merges stderr into the pipeline mixing strings with update
        # objects -- we filter them out in the foreach loop below.
        $rawOutput = Install-WindowsUpdate `
            -MicrosoftUpdate `
            -AcceptAll `
            -IgnoreReboot `
            -Install `
            -ErrorAction Continue 2>&1

        # Use a hashtable keyed on Title to keep only the LAST result per update.
        # PSWindowsUpdate emits objects at multiple pipeline stages (search, download,
        # install); overwriting ensures we capture the final post-install ResultCode
        # rather than an early ResultCode=0 (NotStarted).
        $byKey = @{}

        foreach ($u in $rawOutput) {
            if ($null -eq $u -or $u -isnot [PSObject]) { continue }
            if (-not ($u.PSObject.Properties.Name -contains 'Title')) { continue }
            if ([string]::IsNullOrWhiteSpace($u.Title)) { continue }

            $resultCode = 0
            try { $resultCode = [int]$u.ResultCode } catch { $resultCode = 4 }
            $succeeded = ($resultCode -eq 2 -or $resultCode -eq 3)

            # ResultCode=0 means NotStarted — treat as Skipped, not Failed.
            $status = if ($succeeded) { 'Succeeded' } elseif ($resultCode -eq 0) { 'Skipped' } else { 'Failed' }

            $kb = ''
            try {
                if ($u.KBArticleIDs -and $u.KBArticleIDs.Count -gt 0) {
                    $kb = 'KB' + $u.KBArticleIDs[0]
                }
            } catch {}

            $needsReboot = $false
            try { $needsReboot = [bool]$u.RebootRequired } catch {}

            $byKey[$u.Title] = [PSCustomObject]@{
                Identifier     = $kb
                Title          = [string]$u.Title
                Status         = $status
                ErrorMessage   = if ($succeeded -or $resultCode -eq 0) { '' } else { 'ResultCode=' + $resultCode }
                RebootRequired = $needsReboot
                AttemptedAt    = (Get-Date -Format 'o')
            }
        }

        $results = @($byKey.Values)

        if ($results.Count -eq 0) {
            Write-Output '[]'
        } else {
            $results | ConvertTo-Json -Compress
        }
2026-06-23 10:45:53.154 -05:00 [INF] (Thread 74) WindowsUpdateWorker: pass complete. Total=0 Succeeded=0 Failed=0 Skipped=0
2026-06-23 10:45:53.154 -05:00 [INF] (Thread 74) WingetWorker: skipping — last run was 2026-06-18T17:46:48.2583796Z (less than 7 days ago).
2026-06-23 10:45:53.154 -05:00 [INF] (Thread 74) UpdateOrchestrator: cycle complete. Total=0 Succeeded=0 Failed=0 RebootRequired=false
2026-06-23 10:45:53.154 -05:00 [INF] (Thread 74) UpdateOrchestrator: no reboot required — cycle complete.
2026-06-23 10:45:53.154 -05:00 [INF] (Thread 74) UpdateBackgroundService: next cycle in "01:00:00".
2026-06-23 11:45:53.185 -05:00 [INF] (Thread 73) SelfUpdater: checking for updates. Current version: 0.26.230.591
2026-06-23 11:45:53.325 -05:00 [INF] (Thread 73) SelfUpdater: remote version = 0.26.230.591.
2026-06-23 11:45:53.325 -05:00 [INF] (Thread 73) SelfUpdater: already up to date.
2026-06-23 11:45:53.325 -05:00 [INF] (Thread 73) UpdateOrchestrator: === Update cycle starting ===
2026-06-23 11:45:53.325 -05:00 [INF] (Thread 73) WindowsUpdateWorker: starting update pass.
2026-06-23 11:45:53.325 -05:00 [INF] (Thread 73) WindowsUpdateWorker: verifying PSWindowsUpdate module.
2026-06-23 11:45:53.329 -05:00 [DBG] (Thread 73) WindowsUpdateWorker: running PS script: $ProgressPreference = 'SilentlyContinue'
            $ErrorActionPreference = 'Stop'
            try {
                if (-not (Get-PackageProvider -Name NuGet -ListAvailable -ErrorAction SilentlyContinue)) {
                    Install-PackageProvider -Name NuGet -MinimumVersion 2.8.5.201 -Force -Scope AllUsers | Out-Null
                }
                Set-PSRepository -Name PSGallery -InstallationPolicy Trusted -ErrorAction SilentlyContinue
                if (-not (Get-Module -ListAvailable -Name PSWindowsUpdate -ErrorAction SilentlyContinue)) {
                    Install-Module PSWindowsUpdate -Force -SkipPublisherCheck -Scope AllUsers | Out-Null
                }
                Import-Module PSWindowsUpdate -Force -ErrorAction Stop
                try {
                    Add-WUServiceManager -MicrosoftUpdate -Confirm:$false -ErrorAction SilentlyContinue | Out-Null
                } catch {}
                Write-Output 'OK'
            } catch {
                Write-Output ('ERROR: ' + $_.Exception.Message)
            }
2026-06-23 11:46:05.326 -05:00 [INF] (Thread 72) WindowsUpdateWorker: PSWindowsUpdate module OK.
2026-06-23 11:46:05.328 -05:00 [DBG] (Thread 72) WindowsUpdateWorker: running PS script: Import-Module PSWindowsUpdate -ErrorAction Stop
        $ProgressPreference = 'SilentlyContinue'

        # Force the Windows Update Agent to scan before installing.
        # Fixes 0x80248007 (WU_E_DS_NODATA) on fresh builds or machines
        # whose update data store has not been initialised yet.
        try {
            Start-Process -FilePath 'UsoClient.exe' `
                -ArgumentList 'StartScan' `
                -Wait -NoNewWindow -ErrorAction SilentlyContinue
            Start-Sleep -Seconds 30
        } catch {}

        # 2>&1 merges stderr into the pipeline mixing strings with update
        # objects -- we filter them out in the foreach loop below.
        $rawOutput = Install-WindowsUpdate `
            -MicrosoftUpdate `
            -AcceptAll `
            -IgnoreReboot `
            -Install `
            -ErrorAction Continue 2>&1

        # Use a hashtable keyed on Title to keep only the LAST result per update.
        # PSWindowsUpdate emits objects at multiple pipeline stages (search, download,
        # install); overwriting ensures we capture the final post-install ResultCode
        # rather than an early ResultCode=0 (NotStarted).
        $byKey = @{}

        foreach ($u in $rawOutput) {
            if ($null -eq $u -or $u -isnot [PSObject]) { continue }
            if (-not ($u.PSObject.Properties.Name -contains 'Title')) { continue }
            if ([string]::IsNullOrWhiteSpace($u.Title)) { continue }

            $resultCode = 0
            try { $resultCode = [int]$u.ResultCode } catch { $resultCode = 4 }
            $succeeded = ($resultCode -eq 2 -or $resultCode -eq 3)

            # ResultCode=0 means NotStarted — treat as Skipped, not Failed.
            $status = if ($succeeded) { 'Succeeded' } elseif ($resultCode -eq 0) { 'Skipped' } else { 'Failed' }

            $kb = ''
            try {
                if ($u.KBArticleIDs -and $u.KBArticleIDs.Count -gt 0) {
                    $kb = 'KB' + $u.KBArticleIDs[0]
                }
            } catch {}

            $needsReboot = $false
            try { $needsReboot = [bool]$u.RebootRequired } catch {}

            $byKey[$u.Title] = [PSCustomObject]@{
                Identifier     = $kb
                Title          = [string]$u.Title
                Status         = $status
                ErrorMessage   = if ($succeeded -or $resultCode -eq 0) { '' } else { 'ResultCode=' + $resultCode }
                RebootRequired = $needsReboot
                AttemptedAt    = (Get-Date -Format 'o')
            }
        }

        $results = @($byKey.Values)

        if ($results.Count -eq 0) {
            Write-Output '[]'
        } else {
            $results | ConvertTo-Json -Compress
        }
2026-06-23 11:46:49.262 -05:00 [INF] (Thread 72) WindowsUpdateWorker: pass complete. Total=0 Succeeded=0 Failed=0 Skipped=0
2026-06-23 11:46:49.262 -05:00 [INF] (Thread 72) WingetWorker: skipping — last run was 2026-06-18T17:46:48.2583796Z (less than 7 days ago).
2026-06-23 11:46:49.262 -05:00 [INF] (Thread 72) UpdateOrchestrator: cycle complete. Total=0 Succeeded=0 Failed=0 RebootRequired=false
2026-06-23 11:46:49.262 -05:00 [INF] (Thread 72) UpdateOrchestrator: no reboot required — cycle complete.
2026-06-23 11:46:49.262 -05:00 [INF] (Thread 72) UpdateBackgroundService: next cycle in "01:00:00".
2026-06-23 12:46:49.292 -05:00 [INF] (Thread 78) SelfUpdater: checking for updates. Current version: 0.26.230.591
2026-06-23 12:46:49.546 -05:00 [INF] (Thread 78) SelfUpdater: remote version = 0.26.230.591.
2026-06-23 12:46:49.546 -05:00 [INF] (Thread 78) SelfUpdater: already up to date.
2026-06-23 12:46:49.546 -05:00 [INF] (Thread 78) UpdateOrchestrator: === Update cycle starting ===
2026-06-23 12:46:49.546 -05:00 [INF] (Thread 78) WindowsUpdateWorker: starting update pass.
2026-06-23 12:46:49.546 -05:00 [INF] (Thread 78) WindowsUpdateWorker: verifying PSWindowsUpdate module.
2026-06-23 12:46:49.548 -05:00 [DBG] (Thread 78) WindowsUpdateWorker: running PS script: $ProgressPreference = 'SilentlyContinue'
            $ErrorActionPreference = 'Stop'
            try {
                if (-not (Get-PackageProvider -Name NuGet -ListAvailable -ErrorAction SilentlyContinue)) {
                    Install-PackageProvider -Name NuGet -MinimumVersion 2.8.5.201 -Force -Scope AllUsers | Out-Null
                }
                Set-PSRepository -Name PSGallery -InstallationPolicy Trusted -ErrorAction SilentlyContinue
                if (-not (Get-Module -ListAvailable -Name PSWindowsUpdate -ErrorAction SilentlyContinue)) {
                    Install-Module PSWindowsUpdate -Force -SkipPublisherCheck -Scope AllUsers | Out-Null
                }
                Import-Module PSWindowsUpdate -Force -ErrorAction Stop
                try {
                    Add-WUServiceManager -MicrosoftUpdate -Confirm:$false -ErrorAction SilentlyContinue | Out-Null
                } catch {}
                Write-Output 'OK'
            } catch {
                Write-Output ('ERROR: ' + $_.Exception.Message)
            }
2026-06-23 12:47:03.240 -05:00 [INF] (Thread 78) WindowsUpdateWorker: PSWindowsUpdate module OK.
2026-06-23 12:47:03.242 -05:00 [DBG] (Thread 78) WindowsUpdateWorker: running PS script: Import-Module PSWindowsUpdate -ErrorAction Stop
        $ProgressPreference = 'SilentlyContinue'

        # Force the Windows Update Agent to scan before installing.
        # Fixes 0x80248007 (WU_E_DS_NODATA) on fresh builds or machines
        # whose update data store has not been initialised yet.
        try {
            Start-Process -FilePath 'UsoClient.exe' `
                -ArgumentList 'StartScan' `
                -Wait -NoNewWindow -ErrorAction SilentlyContinue
            Start-Sleep -Seconds 30
        } catch {}

        # 2>&1 merges stderr into the pipeline mixing strings with update
        # objects -- we filter them out in the foreach loop below.
        $rawOutput = Install-WindowsUpdate `
            -MicrosoftUpdate `
            -AcceptAll `
            -IgnoreReboot `
            -Install `
            -ErrorAction Continue 2>&1

        # Use a hashtable keyed on Title to keep only the LAST result per update.
        # PSWindowsUpdate emits objects at multiple pipeline stages (search, download,
        # install); overwriting ensures we capture the final post-install ResultCode
        # rather than an early ResultCode=0 (NotStarted).
        $byKey = @{}

        foreach ($u in $rawOutput) {
            if ($null -eq $u -or $u -isnot [PSObject]) { continue }
            if (-not ($u.PSObject.Properties.Name -contains 'Title')) { continue }
            if ([string]::IsNullOrWhiteSpace($u.Title)) { continue }

            $resultCode = 0
            try { $resultCode = [int]$u.ResultCode } catch { $resultCode = 4 }
            $succeeded = ($resultCode -eq 2 -or $resultCode -eq 3)

            # ResultCode=0 means NotStarted — treat as Skipped, not Failed.
            $status = if ($succeeded) { 'Succeeded' } elseif ($resultCode -eq 0) { 'Skipped' } else { 'Failed' }

            $kb = ''
            try {
                if ($u.KBArticleIDs -and $u.KBArticleIDs.Count -gt 0) {
                    $kb = 'KB' + $u.KBArticleIDs[0]
                }
            } catch {}

            $needsReboot = $false
            try { $needsReboot = [bool]$u.RebootRequired } catch {}

            $byKey[$u.Title] = [PSCustomObject]@{
                Identifier     = $kb
                Title          = [string]$u.Title
                Status         = $status
                ErrorMessage   = if ($succeeded -or $resultCode -eq 0) { '' } else { 'ResultCode=' + $resultCode }
                RebootRequired = $needsReboot
                AttemptedAt    = (Get-Date -Format 'o')
            }
        }

        $results = @($byKey.Values)

        if ($results.Count -eq 0) {
            Write-Output '[]'
        } else {
            $results | ConvertTo-Json -Compress
        }
2026-06-23 12:47:57.653 -05:00 [INF] (Thread 69) WindowsUpdateWorker: pass complete. Total=0 Succeeded=0 Failed=0 Skipped=0
2026-06-23 12:47:57.653 -05:00 [INF] (Thread 69) WingetWorker: skipping — last run was 2026-06-18T17:46:48.2583796Z (less than 7 days ago).
2026-06-23 12:47:57.653 -05:00 [INF] (Thread 69) UpdateOrchestrator: cycle complete. Total=0 Succeeded=0 Failed=0 RebootRequired=false
2026-06-23 12:47:57.653 -05:00 [INF] (Thread 69) UpdateOrchestrator: no reboot required — cycle complete.
2026-06-23 12:47:57.653 -05:00 [INF] (Thread 69) UpdateBackgroundService: next cycle in "01:00:00".
2026-06-23 13:47:57.769 -05:00 [INF] (Thread 69) SelfUpdater: checking for updates. Current version: 0.26.230.591
2026-06-23 13:47:57.923 -05:00 [INF] (Thread 69) SelfUpdater: remote version = 0.26.230.591.
2026-06-23 13:47:57.924 -05:00 [INF] (Thread 69) SelfUpdater: already up to date.
2026-06-23 13:47:57.924 -05:00 [INF] (Thread 69) UpdateOrchestrator: === Update cycle starting ===
2026-06-23 13:47:57.924 -05:00 [INF] (Thread 69) WindowsUpdateWorker: starting update pass.
2026-06-23 13:47:57.924 -05:00 [INF] (Thread 69) WindowsUpdateWorker: verifying PSWindowsUpdate module.
2026-06-23 13:47:57.925 -05:00 [DBG] (Thread 69) WindowsUpdateWorker: running PS script: $ProgressPreference = 'SilentlyContinue'
            $ErrorActionPreference = 'Stop'
            try {
                if (-not (Get-PackageProvider -Name NuGet -ListAvailable -ErrorAction SilentlyContinue)) {
                    Install-PackageProvider -Name NuGet -MinimumVersion 2.8.5.201 -Force -Scope AllUsers | Out-Null
                }
                Set-PSRepository -Name PSGallery -InstallationPolicy Trusted -ErrorAction SilentlyContinue
                if (-not (Get-Module -ListAvailable -Name PSWindowsUpdate -ErrorAction SilentlyContinue)) {
                    Install-Module PSWindowsUpdate -Force -SkipPublisherCheck -Scope AllUsers | Out-Null
                }
                Import-Module PSWindowsUpdate -Force -ErrorAction Stop
                try {
                    Add-WUServiceManager -MicrosoftUpdate -Confirm:$false -ErrorAction SilentlyContinue | Out-Null
                } catch {}
                Write-Output 'OK'
            } catch {
                Write-Output ('ERROR: ' + $_.Exception.Message)
            }
2026-06-23 13:48:09.578 -05:00 [INF] (Thread 65) WindowsUpdateWorker: PSWindowsUpdate module OK.
2026-06-23 13:48:09.579 -05:00 [DBG] (Thread 65) WindowsUpdateWorker: running PS script: Import-Module PSWindowsUpdate -ErrorAction Stop
        $ProgressPreference = 'SilentlyContinue'

        # Force the Windows Update Agent to scan before installing.
        # Fixes 0x80248007 (WU_E_DS_NODATA) on fresh builds or machines
        # whose update data store has not been initialised yet.
        try {
            Start-Process -FilePath 'UsoClient.exe' `
                -ArgumentList 'StartScan' `
                -Wait -NoNewWindow -ErrorAction SilentlyContinue
            Start-Sleep -Seconds 30
        } catch {}

        # 2>&1 merges stderr into the pipeline mixing strings with update
        # objects -- we filter them out in the foreach loop below.
        $rawOutput = Install-WindowsUpdate `
            -MicrosoftUpdate `
            -AcceptAll `
            -IgnoreReboot `
            -Install `
            -ErrorAction Continue 2>&1

        # Use a hashtable keyed on Title to keep only the LAST result per update.
        # PSWindowsUpdate emits objects at multiple pipeline stages (search, download,
        # install); overwriting ensures we capture the final post-install ResultCode
        # rather than an early ResultCode=0 (NotStarted).
        $byKey = @{}

        foreach ($u in $rawOutput) {
            if ($null -eq $u -or $u -isnot [PSObject]) { continue }
            if (-not ($u.PSObject.Properties.Name -contains 'Title')) { continue }
            if ([string]::IsNullOrWhiteSpace($u.Title)) { continue }

            $resultCode = 0
            try { $resultCode = [int]$u.ResultCode } catch { $resultCode = 4 }
            $succeeded = ($resultCode -eq 2 -or $resultCode -eq 3)

            # ResultCode=0 means NotStarted — treat as Skipped, not Failed.
            $status = if ($succeeded) { 'Succeeded' } elseif ($resultCode -eq 0) { 'Skipped' } else { 'Failed' }

            $kb = ''
            try {
                if ($u.KBArticleIDs -and $u.KBArticleIDs.Count -gt 0) {
                    $kb = 'KB' + $u.KBArticleIDs[0]
                }
            } catch {}

            $needsReboot = $false
            try { $needsReboot = [bool]$u.RebootRequired } catch {}

            $byKey[$u.Title] = [PSCustomObject]@{
                Identifier     = $kb
                Title          = [string]$u.Title
                Status         = $status
                ErrorMessage   = if ($succeeded -or $resultCode -eq 0) { '' } else { 'ResultCode=' + $resultCode }
                RebootRequired = $needsReboot
                AttemptedAt    = (Get-Date -Format 'o')
            }
        }

        $results = @($byKey.Values)

        if ($results.Count -eq 0) {
            Write-Output '[]'
        } else {
            $results | ConvertTo-Json -Compress
        }
2026-06-23 13:49:01.614 -05:00 [INF] (Thread 69) WindowsUpdateWorker: pass complete. Total=0 Succeeded=0 Failed=0 Skipped=0
2026-06-23 13:49:01.614 -05:00 [INF] (Thread 69) WingetWorker: skipping — last run was 2026-06-18T17:46:48.2583796Z (less than 7 days ago).
2026-06-23 13:49:01.614 -05:00 [INF] (Thread 69) UpdateOrchestrator: cycle complete. Total=0 Succeeded=0 Failed=0 RebootRequired=false
2026-06-23 13:49:01.614 -05:00 [INF] (Thread 69) UpdateOrchestrator: no reboot required — cycle complete.
2026-06-23 13:49:01.614 -05:00 [INF] (Thread 69) UpdateBackgroundService: next cycle in "01:00:00".
2026-06-23 14:49:01.751 -05:00 [INF] (Thread 61) SelfUpdater: checking for updates. Current version: 0.26.230.591
2026-06-23 14:49:01.853 -05:00 [INF] (Thread 66) SelfUpdater: remote version = 0.26.230.591.
2026-06-23 14:49:01.853 -05:00 [INF] (Thread 66) SelfUpdater: already up to date.
2026-06-23 14:49:01.853 -05:00 [INF] (Thread 66) UpdateOrchestrator: === Update cycle starting ===
2026-06-23 14:49:01.853 -05:00 [INF] (Thread 66) WindowsUpdateWorker: starting update pass.
2026-06-23 14:49:01.853 -05:00 [INF] (Thread 66) WindowsUpdateWorker: verifying PSWindowsUpdate module.
2026-06-23 14:49:01.855 -05:00 [DBG] (Thread 66) WindowsUpdateWorker: running PS script: $ProgressPreference = 'SilentlyContinue'
            $ErrorActionPreference = 'Stop'
            try {
                if (-not (Get-PackageProvider -Name NuGet -ListAvailable -ErrorAction SilentlyContinue)) {
                    Install-PackageProvider -Name NuGet -MinimumVersion 2.8.5.201 -Force -Scope AllUsers | Out-Null
                }
                Set-PSRepository -Name PSGallery -InstallationPolicy Trusted -ErrorAction SilentlyContinue
                if (-not (Get-Module -ListAvailable -Name PSWindowsUpdate -ErrorAction SilentlyContinue)) {
                    Install-Module PSWindowsUpdate -Force -SkipPublisherCheck -Scope AllUsers | Out-Null
                }
                Import-Module PSWindowsUpdate -Force -ErrorAction Stop
                try {
                    Add-WUServiceManager -MicrosoftUpdate -Confirm:$false -ErrorAction SilentlyContinue | Out-Null
                } catch {}
                Write-Output 'OK'
            } catch {
                Write-Output ('ERROR: ' + $_.Exception.Message)
            }
2026-06-23 14:49:16.232 -05:00 [INF] (Thread 66) WindowsUpdateWorker: PSWindowsUpdate module OK.
2026-06-23 14:49:16.232 -05:00 [DBG] (Thread 66) WindowsUpdateWorker: running PS script: Import-Module PSWindowsUpdate -ErrorAction Stop
        $ProgressPreference = 'SilentlyContinue'

        # Force the Windows Update Agent to scan before installing.
        # Fixes 0x80248007 (WU_E_DS_NODATA) on fresh builds or machines
        # whose update data store has not been initialised yet.
        try {
            Start-Process -FilePath 'UsoClient.exe' `
                -ArgumentList 'StartScan' `
                -Wait -NoNewWindow -ErrorAction SilentlyContinue
            Start-Sleep -Seconds 30
        } catch {}

        # 2>&1 merges stderr into the pipeline mixing strings with update
        # objects -- we filter them out in the foreach loop below.
        $rawOutput = Install-WindowsUpdate `
            -MicrosoftUpdate `
            -AcceptAll `
            -IgnoreReboot `
            -Install `
            -ErrorAction Continue 2>&1

        # Use a hashtable keyed on Title to keep only the LAST result per update.
        # PSWindowsUpdate emits objects at multiple pipeline stages (search, download,
        # install); overwriting ensures we capture the final post-install ResultCode
        # rather than an early ResultCode=0 (NotStarted).
        $byKey = @{}

        foreach ($u in $rawOutput) {
            if ($null -eq $u -or $u -isnot [PSObject]) { continue }
            if (-not ($u.PSObject.Properties.Name -contains 'Title')) { continue }
            if ([string]::IsNullOrWhiteSpace($u.Title)) { continue }

            $resultCode = 0
            try { $resultCode = [int]$u.ResultCode } catch { $resultCode = 4 }
            $succeeded = ($resultCode -eq 2 -or $resultCode -eq 3)

            # ResultCode=0 means NotStarted — treat as Skipped, not Failed.
            $status = if ($succeeded) { 'Succeeded' } elseif ($resultCode -eq 0) { 'Skipped' } else { 'Failed' }

            $kb = ''
            try {
                if ($u.KBArticleIDs -and $u.KBArticleIDs.Count -gt 0) {
                    $kb = 'KB' + $u.KBArticleIDs[0]
                }
            } catch {}

            $needsReboot = $false
            try { $needsReboot = [bool]$u.RebootRequired } catch {}

            $byKey[$u.Title] = [PSCustomObject]@{
                Identifier     = $kb
                Title          = [string]$u.Title
                Status         = $status
                ErrorMessage   = if ($succeeded -or $resultCode -eq 0) { '' } else { 'ResultCode=' + $resultCode }
                RebootRequired = $needsReboot
                AttemptedAt    = (Get-Date -Format 'o')
            }
        }

        $results = @($byKey.Values)

        if ($results.Count -eq 0) {
            Write-Output '[]'
        } else {
            $results | ConvertTo-Json -Compress
        }
2026-06-23 14:50:01.598 -05:00 [INF] (Thread 63) WindowsUpdateWorker: pass complete. Total=0 Succeeded=0 Failed=0 Skipped=0
2026-06-23 14:50:01.599 -05:00 [INF] (Thread 63) WingetWorker: skipping — last run was 2026-06-18T17:46:48.2583796Z (less than 7 days ago).
2026-06-23 14:50:01.599 -05:00 [INF] (Thread 63) UpdateOrchestrator: cycle complete. Total=0 Succeeded=0 Failed=0 RebootRequired=false
2026-06-23 14:50:01.599 -05:00 [INF] (Thread 63) UpdateOrchestrator: no reboot required — cycle complete.
2026-06-23 14:50:01.599 -05:00 [INF] (Thread 63) UpdateBackgroundService: next cycle in "01:00:00".
2026-06-23 15:50:01.670 -05:00 [INF] (Thread 56) SelfUpdater: checking for updates. Current version: 0.26.230.591
2026-06-23 15:50:01.798 -05:00 [INF] (Thread 66) SelfUpdater: remote version = 0.26.230.591.
2026-06-23 15:50:01.798 -05:00 [INF] (Thread 66) SelfUpdater: already up to date.
2026-06-23 15:50:01.798 -05:00 [INF] (Thread 66) UpdateOrchestrator: === Update cycle starting ===
2026-06-23 15:50:01.798 -05:00 [INF] (Thread 66) WindowsUpdateWorker: starting update pass.
2026-06-23 15:50:01.798 -05:00 [INF] (Thread 66) WindowsUpdateWorker: verifying PSWindowsUpdate module.
2026-06-23 15:50:01.802 -05:00 [DBG] (Thread 66) WindowsUpdateWorker: running PS script: $ProgressPreference = 'SilentlyContinue'
            $ErrorActionPreference = 'Stop'
            try {
                if (-not (Get-PackageProvider -Name NuGet -ListAvailable -ErrorAction SilentlyContinue)) {
                    Install-PackageProvider -Name NuGet -MinimumVersion 2.8.5.201 -Force -Scope AllUsers | Out-Null
                }
                Set-PSRepository -Name PSGallery -InstallationPolicy Trusted -ErrorAction SilentlyContinue
                if (-not (Get-Module -ListAvailable -Name PSWindowsUpdate -ErrorAction SilentlyContinue)) {
                    Install-Module PSWindowsUpdate -Force -SkipPublisherCheck -Scope AllUsers | Out-Null
                }
                Import-Module PSWindowsUpdate -Force -ErrorAction Stop
                try {
                    Add-WUServiceManager -MicrosoftUpdate -Confirm:$false -ErrorAction SilentlyContinue | Out-Null
                } catch {}
                Write-Output 'OK'
            } catch {
                Write-Output ('ERROR: ' + $_.Exception.Message)
            }
2026-06-23 15:50:13.415 -05:00 [INF] (Thread 66) WindowsUpdateWorker: PSWindowsUpdate module OK.
2026-06-23 15:50:13.416 -05:00 [DBG] (Thread 66) WindowsUpdateWorker: running PS script: Import-Module PSWindowsUpdate -ErrorAction Stop
        $ProgressPreference = 'SilentlyContinue'

        # Force the Windows Update Agent to scan before installing.
        # Fixes 0x80248007 (WU_E_DS_NODATA) on fresh builds or machines
        # whose update data store has not been initialised yet.
        try {
            Start-Process -FilePath 'UsoClient.exe' `
                -ArgumentList 'StartScan' `
                -Wait -NoNewWindow -ErrorAction SilentlyContinue
            Start-Sleep -Seconds 30
        } catch {}

        # 2>&1 merges stderr into the pipeline mixing strings with update
        # objects -- we filter them out in the foreach loop below.
        $rawOutput = Install-WindowsUpdate `
            -MicrosoftUpdate `
            -AcceptAll `
            -IgnoreReboot `
            -Install `
            -ErrorAction Continue 2>&1

        # Use a hashtable keyed on Title to keep only the LAST result per update.
        # PSWindowsUpdate emits objects at multiple pipeline stages (search, download,
        # install); overwriting ensures we capture the final post-install ResultCode
        # rather than an early ResultCode=0 (NotStarted).
        $byKey = @{}

        foreach ($u in $rawOutput) {
            if ($null -eq $u -or $u -isnot [PSObject]) { continue }
            if (-not ($u.PSObject.Properties.Name -contains 'Title')) { continue }
            if ([string]::IsNullOrWhiteSpace($u.Title)) { continue }

            $resultCode = 0
            try { $resultCode = [int]$u.ResultCode } catch { $resultCode = 4 }
            $succeeded = ($resultCode -eq 2 -or $resultCode -eq 3)

            # ResultCode=0 means NotStarted — treat as Skipped, not Failed.
            $status = if ($succeeded) { 'Succeeded' } elseif ($resultCode -eq 0) { 'Skipped' } else { 'Failed' }

            $kb = ''
            try {
                if ($u.KBArticleIDs -and $u.KBArticleIDs.Count -gt 0) {
                    $kb = 'KB' + $u.KBArticleIDs[0]
                }
            } catch {}

            $needsReboot = $false
            try { $needsReboot = [bool]$u.RebootRequired } catch {}

            $byKey[$u.Title] = [PSCustomObject]@{
                Identifier     = $kb
                Title          = [string]$u.Title
                Status         = $status
                ErrorMessage   = if ($succeeded -or $resultCode -eq 0) { '' } else { 'ResultCode=' + $resultCode }
                RebootRequired = $needsReboot
                AttemptedAt    = (Get-Date -Format 'o')
            }
        }

        $results = @($byKey.Values)

        if ($results.Count -eq 0) {
            Write-Output '[]'
        } else {
            $results | ConvertTo-Json -Compress
        }
2026-06-23 15:50:56.607 -05:00 [INF] (Thread 68) WindowsUpdateWorker: pass complete. Total=0 Succeeded=0 Failed=0 Skipped=0
2026-06-23 15:50:56.607 -05:00 [INF] (Thread 68) WingetWorker: skipping — last run was 2026-06-18T17:46:48.2583796Z (less than 7 days ago).
2026-06-23 15:50:56.607 -05:00 [INF] (Thread 68) UpdateOrchestrator: cycle complete. Total=0 Succeeded=0 Failed=0 RebootRequired=false
2026-06-23 15:50:56.607 -05:00 [INF] (Thread 68) UpdateOrchestrator: no reboot required — cycle complete.
2026-06-23 15:50:56.607 -05:00 [INF] (Thread 68) UpdateBackgroundService: next cycle in "01:00:00".
2026-06-23 16:50:56.654 -05:00 [INF] (Thread 66) SelfUpdater: checking for updates. Current version: 0.26.230.591
2026-06-23 16:50:56.753 -05:00 [INF] (Thread 59) SelfUpdater: remote version = 0.26.230.591.
2026-06-23 16:50:56.753 -05:00 [INF] (Thread 59) SelfUpdater: already up to date.
2026-06-23 16:50:56.753 -05:00 [INF] (Thread 59) UpdateOrchestrator: === Update cycle starting ===
2026-06-23 16:50:56.753 -05:00 [INF] (Thread 59) WindowsUpdateWorker: starting update pass.
2026-06-23 16:50:56.753 -05:00 [INF] (Thread 59) WindowsUpdateWorker: verifying PSWindowsUpdate module.
2026-06-23 16:50:56.756 -05:00 [DBG] (Thread 59) WindowsUpdateWorker: running PS script: $ProgressPreference = 'SilentlyContinue'
            $ErrorActionPreference = 'Stop'
            try {
                if (-not (Get-PackageProvider -Name NuGet -ListAvailable -ErrorAction SilentlyContinue)) {
                    Install-PackageProvider -Name NuGet -MinimumVersion 2.8.5.201 -Force -Scope AllUsers | Out-Null
                }
                Set-PSRepository -Name PSGallery -InstallationPolicy Trusted -ErrorAction SilentlyContinue
                if (-not (Get-Module -ListAvailable -Name PSWindowsUpdate -ErrorAction SilentlyContinue)) {
                    Install-Module PSWindowsUpdate -Force -SkipPublisherCheck -Scope AllUsers | Out-Null
                }
                Import-Module PSWindowsUpdate -Force -ErrorAction Stop
                try {
                    Add-WUServiceManager -MicrosoftUpdate -Confirm:$false -ErrorAction SilentlyContinue | Out-Null
                } catch {}
                Write-Output 'OK'
            } catch {
                Write-Output ('ERROR: ' + $_.Exception.Message)
            }
2026-06-23 16:51:08.542 -05:00 [INF] (Thread 59) WindowsUpdateWorker: PSWindowsUpdate module OK.
2026-06-23 16:51:08.544 -05:00 [DBG] (Thread 59) WindowsUpdateWorker: running PS script: Import-Module PSWindowsUpdate -ErrorAction Stop
        $ProgressPreference = 'SilentlyContinue'

        # Force the Windows Update Agent to scan before installing.
        # Fixes 0x80248007 (WU_E_DS_NODATA) on fresh builds or machines
        # whose update data store has not been initialised yet.
        try {
            Start-Process -FilePath 'UsoClient.exe' `
                -ArgumentList 'StartScan' `
                -Wait -NoNewWindow -ErrorAction SilentlyContinue
            Start-Sleep -Seconds 30
        } catch {}

        # 2>&1 merges stderr into the pipeline mixing strings with update
        # objects -- we filter them out in the foreach loop below.
        $rawOutput = Install-WindowsUpdate `
            -MicrosoftUpdate `
            -AcceptAll `
            -IgnoreReboot `
            -Install `
            -ErrorAction Continue 2>&1

        # Use a hashtable keyed on Title to keep only the LAST result per update.
        # PSWindowsUpdate emits objects at multiple pipeline stages (search, download,
        # install); overwriting ensures we capture the final post-install ResultCode
        # rather than an early ResultCode=0 (NotStarted).
        $byKey = @{}

        foreach ($u in $rawOutput) {
            if ($null -eq $u -or $u -isnot [PSObject]) { continue }
            if (-not ($u.PSObject.Properties.Name -contains 'Title')) { continue }
            if ([string]::IsNullOrWhiteSpace($u.Title)) { continue }

            $resultCode = 0
            try { $resultCode = [int]$u.ResultCode } catch { $resultCode = 4 }
            $succeeded = ($resultCode -eq 2 -or $resultCode -eq 3)

            # ResultCode=0 means NotStarted — treat as Skipped, not Failed.
            $status = if ($succeeded) { 'Succeeded' } elseif ($resultCode -eq 0) { 'Skipped' } else { 'Failed' }

            $kb = ''
            try {
                if ($u.KBArticleIDs -and $u.KBArticleIDs.Count -gt 0) {
                    $kb = 'KB' + $u.KBArticleIDs[0]
                }
            } catch {}

            $needsReboot = $false
            try { $needsReboot = [bool]$u.RebootRequired } catch {}

            $byKey[$u.Title] = [PSCustomObject]@{
                Identifier     = $kb
                Title          = [string]$u.Title
                Status         = $status
                ErrorMessage   = if ($succeeded -or $resultCode -eq 0) { '' } else { 'ResultCode=' + $resultCode }
                RebootRequired = $needsReboot
                AttemptedAt    = (Get-Date -Format 'o')
            }
        }

        $results = @($byKey.Values)

        if ($results.Count -eq 0) {
            Write-Output '[]'
        } else {
            $results | ConvertTo-Json -Compress
        }
2026-06-23 16:51:52.607 -05:00 [INF] (Thread 59) WindowsUpdateWorker: pass complete. Total=0 Succeeded=0 Failed=0 Skipped=0
2026-06-23 16:51:52.607 -05:00 [INF] (Thread 59) WingetWorker: skipping — last run was 2026-06-18T17:46:48.2583796Z (less than 7 days ago).
2026-06-23 16:51:52.607 -05:00 [INF] (Thread 59) UpdateOrchestrator: cycle complete. Total=0 Succeeded=0 Failed=0 RebootRequired=false
2026-06-23 16:51:52.607 -05:00 [INF] (Thread 59) UpdateOrchestrator: no reboot required — cycle complete.
2026-06-23 16:51:52.607 -05:00 [INF] (Thread 59) UpdateBackgroundService: next cycle in "01:00:00".
2026-06-23 17:51:52.642 -05:00 [INF] (Thread 58) SelfUpdater: checking for updates. Current version: 0.26.230.591
2026-06-23 17:51:52.814 -05:00 [INF] (Thread 59) SelfUpdater: remote version = 0.26.230.591.
2026-06-23 17:51:52.814 -05:00 [INF] (Thread 59) SelfUpdater: already up to date.
2026-06-23 17:51:52.814 -05:00 [INF] (Thread 59) UpdateOrchestrator: === Update cycle starting ===
2026-06-23 17:51:52.814 -05:00 [INF] (Thread 59) WindowsUpdateWorker: starting update pass.
2026-06-23 17:51:52.814 -05:00 [INF] (Thread 59) WindowsUpdateWorker: verifying PSWindowsUpdate module.
2026-06-23 17:51:52.816 -05:00 [DBG] (Thread 59) WindowsUpdateWorker: running PS script: $ProgressPreference = 'SilentlyContinue'
            $ErrorActionPreference = 'Stop'
            try {
                if (-not (Get-PackageProvider -Name NuGet -ListAvailable -ErrorAction SilentlyContinue)) {
                    Install-PackageProvider -Name NuGet -MinimumVersion 2.8.5.201 -Force -Scope AllUsers | Out-Null
                }
                Set-PSRepository -Name PSGallery -InstallationPolicy Trusted -ErrorAction SilentlyContinue
                if (-not (Get-Module -ListAvailable -Name PSWindowsUpdate -ErrorAction SilentlyContinue)) {
                    Install-Module PSWindowsUpdate -Force -SkipPublisherCheck -Scope AllUsers | Out-Null
                }
                Import-Module PSWindowsUpdate -Force -ErrorAction Stop
                try {
                    Add-WUServiceManager -MicrosoftUpdate -Confirm:$false -ErrorAction SilentlyContinue | Out-Null
                } catch {}
                Write-Output 'OK'
            } catch {
                Write-Output ('ERROR: ' + $_.Exception.Message)
            }
2026-06-23 17:52:04.291 -05:00 [INF] (Thread 59) WindowsUpdateWorker: PSWindowsUpdate module OK.
2026-06-23 17:52:04.292 -05:00 [DBG] (Thread 59) WindowsUpdateWorker: running PS script: Import-Module PSWindowsUpdate -ErrorAction Stop
        $ProgressPreference = 'SilentlyContinue'

        # Force the Windows Update Agent to scan before installing.
        # Fixes 0x80248007 (WU_E_DS_NODATA) on fresh builds or machines
        # whose update data store has not been initialised yet.
        try {
            Start-Process -FilePath 'UsoClient.exe' `
                -ArgumentList 'StartScan' `
                -Wait -NoNewWindow -ErrorAction SilentlyContinue
            Start-Sleep -Seconds 30
        } catch {}

        # 2>&1 merges stderr into the pipeline mixing strings with update
        # objects -- we filter them out in the foreach loop below.
        $rawOutput = Install-WindowsUpdate `
            -MicrosoftUpdate `
            -AcceptAll `
            -IgnoreReboot `
            -Install `
            -ErrorAction Continue 2>&1

        # Use a hashtable keyed on Title to keep only the LAST result per update.
        # PSWindowsUpdate emits objects at multiple pipeline stages (search, download,
        # install); overwriting ensures we capture the final post-install ResultCode
        # rather than an early ResultCode=0 (NotStarted).
        $byKey = @{}

        foreach ($u in $rawOutput) {
            if ($null -eq $u -or $u -isnot [PSObject]) { continue }
            if (-not ($u.PSObject.Properties.Name -contains 'Title')) { continue }
            if ([string]::IsNullOrWhiteSpace($u.Title)) { continue }

            $resultCode = 0
            try { $resultCode = [int]$u.ResultCode } catch { $resultCode = 4 }
            $succeeded = ($resultCode -eq 2 -or $resultCode -eq 3)

            # ResultCode=0 means NotStarted — treat as Skipped, not Failed.
            $status = if ($succeeded) { 'Succeeded' } elseif ($resultCode -eq 0) { 'Skipped' } else { 'Failed' }

            $kb = ''
            try {
                if ($u.KBArticleIDs -and $u.KBArticleIDs.Count -gt 0) {
                    $kb = 'KB' + $u.KBArticleIDs[0]
                }
            } catch {}

            $needsReboot = $false
            try { $needsReboot = [bool]$u.RebootRequired } catch {}

            $byKey[$u.Title] = [PSCustomObject]@{
                Identifier     = $kb
                Title          = [string]$u.Title
                Status         = $status
                ErrorMessage   = if ($succeeded -or $resultCode -eq 0) { '' } else { 'ResultCode=' + $resultCode }
                RebootRequired = $needsReboot
                AttemptedAt    = (Get-Date -Format 'o')
            }
        }

        $results = @($byKey.Values)

        if ($results.Count -eq 0) {
            Write-Output '[]'
        } else {
            $results | ConvertTo-Json -Compress
        }
2026-06-23 17:52:48.031 -05:00 [INF] (Thread 59) WindowsUpdateWorker: pass complete. Total=0 Succeeded=0 Failed=0 Skipped=0
2026-06-23 17:52:48.031 -05:00 [INF] (Thread 59) WingetWorker: skipping — last run was 2026-06-18T17:46:48.2583796Z (less than 7 days ago).
2026-06-23 17:52:48.031 -05:00 [INF] (Thread 59) UpdateOrchestrator: cycle complete. Total=0 Succeeded=0 Failed=0 RebootRequired=false
2026-06-23 17:52:48.031 -05:00 [INF] (Thread 59) UpdateOrchestrator: no reboot required — cycle complete.
2026-06-23 17:52:48.031 -05:00 [INF] (Thread 59) UpdateBackgroundService: next cycle in "01:00:00".
2026-06-23 18:52:48.241 -05:00 [INF] (Thread 54) SelfUpdater: checking for updates. Current version: 0.26.230.591
2026-06-23 18:52:48.330 -05:00 [INF] (Thread 51) SelfUpdater: remote version = 0.26.230.591.
2026-06-23 18:52:48.330 -05:00 [INF] (Thread 51) SelfUpdater: already up to date.
2026-06-23 18:52:48.330 -05:00 [INF] (Thread 51) UpdateOrchestrator: === Update cycle starting ===
2026-06-23 18:52:48.330 -05:00 [INF] (Thread 51) WindowsUpdateWorker: starting update pass.
2026-06-23 18:52:48.330 -05:00 [INF] (Thread 51) WindowsUpdateWorker: verifying PSWindowsUpdate module.
2026-06-23 18:52:48.332 -05:00 [DBG] (Thread 51) WindowsUpdateWorker: running PS script: $ProgressPreference = 'SilentlyContinue'
            $ErrorActionPreference = 'Stop'
            try {
                if (-not (Get-PackageProvider -Name NuGet -ListAvailable -ErrorAction SilentlyContinue)) {
                    Install-PackageProvider -Name NuGet -MinimumVersion 2.8.5.201 -Force -Scope AllUsers | Out-Null
                }
                Set-PSRepository -Name PSGallery -InstallationPolicy Trusted -ErrorAction SilentlyContinue
                if (-not (Get-Module -ListAvailable -Name PSWindowsUpdate -ErrorAction SilentlyContinue)) {
                    Install-Module PSWindowsUpdate -Force -SkipPublisherCheck -Scope AllUsers | Out-Null
                }
                Import-Module PSWindowsUpdate -Force -ErrorAction Stop
                try {
                    Add-WUServiceManager -MicrosoftUpdate -Confirm:$false -ErrorAction SilentlyContinue | Out-Null
                } catch {}
                Write-Output 'OK'
            } catch {
                Write-Output ('ERROR: ' + $_.Exception.Message)
            }
2026-06-23 18:53:02.338 -05:00 [INF] (Thread 54) WindowsUpdateWorker: PSWindowsUpdate module OK.
2026-06-23 18:53:02.340 -05:00 [DBG] (Thread 54) WindowsUpdateWorker: running PS script: Import-Module PSWindowsUpdate -ErrorAction Stop
        $ProgressPreference = 'SilentlyContinue'

        # Force the Windows Update Agent to scan before installing.
        # Fixes 0x80248007 (WU_E_DS_NODATA) on fresh builds or machines
        # whose update data store has not been initialised yet.
        try {
            Start-Process -FilePath 'UsoClient.exe' `
                -ArgumentList 'StartScan' `
                -Wait -NoNewWindow -ErrorAction SilentlyContinue
            Start-Sleep -Seconds 30
        } catch {}

        # 2>&1 merges stderr into the pipeline mixing strings with update
        # objects -- we filter them out in the foreach loop below.
        $rawOutput = Install-WindowsUpdate `
            -MicrosoftUpdate `
            -AcceptAll `
            -IgnoreReboot `
            -Install `
            -ErrorAction Continue 2>&1

        # Use a hashtable keyed on Title to keep only the LAST result per update.
        # PSWindowsUpdate emits objects at multiple pipeline stages (search, download,
        # install); overwriting ensures we capture the final post-install ResultCode
        # rather than an early ResultCode=0 (NotStarted).
        $byKey = @{}

        foreach ($u in $rawOutput) {
            if ($null -eq $u -or $u -isnot [PSObject]) { continue }
            if (-not ($u.PSObject.Properties.Name -contains 'Title')) { continue }
            if ([string]::IsNullOrWhiteSpace($u.Title)) { continue }

            $resultCode = 0
            try { $resultCode = [int]$u.ResultCode } catch { $resultCode = 4 }
            $succeeded = ($resultCode -eq 2 -or $resultCode -eq 3)

            # ResultCode=0 means NotStarted — treat as Skipped, not Failed.
            $status = if ($succeeded) { 'Succeeded' } elseif ($resultCode -eq 0) { 'Skipped' } else { 'Failed' }

            $kb = ''
            try {
                if ($u.KBArticleIDs -and $u.KBArticleIDs.Count -gt 0) {
                    $kb = 'KB' + $u.KBArticleIDs[0]
                }
            } catch {}

            $needsReboot = $false
            try { $needsReboot = [bool]$u.RebootRequired } catch {}

            $byKey[$u.Title] = [PSCustomObject]@{
                Identifier     = $kb
                Title          = [string]$u.Title
                Status         = $status
                ErrorMessage   = if ($succeeded -or $resultCode -eq 0) { '' } else { 'ResultCode=' + $resultCode }
                RebootRequired = $needsReboot
                AttemptedAt    = (Get-Date -Format 'o')
            }
        }

        $results = @($byKey.Values)

        if ($results.Count -eq 0) {
            Write-Output '[]'
        } else {
            $results | ConvertTo-Json -Compress
        }
2026-06-23 18:53:57.519 -05:00 [INF] (Thread 54) WindowsUpdateWorker: pass complete. Total=0 Succeeded=0 Failed=0 Skipped=0
2026-06-23 18:53:57.519 -05:00 [INF] (Thread 54) WingetWorker: skipping — last run was 2026-06-18T17:46:48.2583796Z (less than 7 days ago).
2026-06-23 18:53:57.519 -05:00 [INF] (Thread 54) UpdateOrchestrator: cycle complete. Total=0 Succeeded=0 Failed=0 RebootRequired=false
2026-06-23 18:53:57.519 -05:00 [INF] (Thread 54) UpdateOrchestrator: no reboot required — cycle complete.
2026-06-23 18:53:57.519 -05:00 [INF] (Thread 54) UpdateBackgroundService: next cycle in "01:00:00".
2026-06-23 19:53:57.622 -05:00 [INF] (Thread 54) SelfUpdater: checking for updates. Current version: 0.26.230.591
2026-06-23 19:53:57.704 -05:00 [INF] (Thread 54) SelfUpdater: remote version = 0.26.230.591.
2026-06-23 19:53:57.704 -05:00 [INF] (Thread 54) SelfUpdater: already up to date.
2026-06-23 19:53:57.704 -05:00 [INF] (Thread 54) UpdateOrchestrator: === Update cycle starting ===
2026-06-23 19:53:57.704 -05:00 [INF] (Thread 54) WindowsUpdateWorker: starting update pass.
2026-06-23 19:53:57.704 -05:00 [INF] (Thread 54) WindowsUpdateWorker: verifying PSWindowsUpdate module.
2026-06-23 19:53:57.705 -05:00 [DBG] (Thread 54) WindowsUpdateWorker: running PS script: $ProgressPreference = 'SilentlyContinue'
            $ErrorActionPreference = 'Stop'
            try {
                if (-not (Get-PackageProvider -Name NuGet -ListAvailable -ErrorAction SilentlyContinue)) {
                    Install-PackageProvider -Name NuGet -MinimumVersion 2.8.5.201 -Force -Scope AllUsers | Out-Null
                }
                Set-PSRepository -Name PSGallery -InstallationPolicy Trusted -ErrorAction SilentlyContinue
                if (-not (Get-Module -ListAvailable -Name PSWindowsUpdate -ErrorAction SilentlyContinue)) {
                    Install-Module PSWindowsUpdate -Force -SkipPublisherCheck -Scope AllUsers | Out-Null
                }
                Import-Module PSWindowsUpdate -Force -ErrorAction Stop
                try {
                    Add-WUServiceManager -MicrosoftUpdate -Confirm:$false -ErrorAction SilentlyContinue | Out-Null
                } catch {}
                Write-Output 'OK'
            } catch {
                Write-Output ('ERROR: ' + $_.Exception.Message)
            }
2026-06-23 19:54:09.570 -05:00 [INF] (Thread 54) WindowsUpdateWorker: PSWindowsUpdate module OK.
2026-06-23 19:54:09.572 -05:00 [DBG] (Thread 54) WindowsUpdateWorker: running PS script: Import-Module PSWindowsUpdate -ErrorAction Stop
        $ProgressPreference = 'SilentlyContinue'

        # Force the Windows Update Agent to scan before installing.
        # Fixes 0x80248007 (WU_E_DS_NODATA) on fresh builds or machines
        # whose update data store has not been initialised yet.
        try {
            Start-Process -FilePath 'UsoClient.exe' `
                -ArgumentList 'StartScan' `
                -Wait -NoNewWindow -ErrorAction SilentlyContinue
            Start-Sleep -Seconds 30
        } catch {}

        # 2>&1 merges stderr into the pipeline mixing strings with update
        # objects -- we filter them out in the foreach loop below.
        $rawOutput = Install-WindowsUpdate `
            -MicrosoftUpdate `
            -AcceptAll `
            -IgnoreReboot `
            -Install `
            -ErrorAction Continue 2>&1

        # Use a hashtable keyed on Title to keep only the LAST result per update.
        # PSWindowsUpdate emits objects at multiple pipeline stages (search, download,
        # install); overwriting ensures we capture the final post-install ResultCode
        # rather than an early ResultCode=0 (NotStarted).
        $byKey = @{}

        foreach ($u in $rawOutput) {
            if ($null -eq $u -or $u -isnot [PSObject]) { continue }
            if (-not ($u.PSObject.Properties.Name -contains 'Title')) { continue }
            if ([string]::IsNullOrWhiteSpace($u.Title)) { continue }

            $resultCode = 0
            try { $resultCode = [int]$u.ResultCode } catch { $resultCode = 4 }
            $succeeded = ($resultCode -eq 2 -or $resultCode -eq 3)

            # ResultCode=0 means NotStarted — treat as Skipped, not Failed.
            $status = if ($succeeded) { 'Succeeded' } elseif ($resultCode -eq 0) { 'Skipped' } else { 'Failed' }

            $kb = ''
            try {
                if ($u.KBArticleIDs -and $u.KBArticleIDs.Count -gt 0) {
                    $kb = 'KB' + $u.KBArticleIDs[0]
                }
            } catch {}

            $needsReboot = $false
            try { $needsReboot = [bool]$u.RebootRequired } catch {}

            $byKey[$u.Title] = [PSCustomObject]@{
                Identifier     = $kb
                Title          = [string]$u.Title
                Status         = $status
                ErrorMessage   = if ($succeeded -or $resultCode -eq 0) { '' } else { 'ResultCode=' + $resultCode }
                RebootRequired = $needsReboot
                AttemptedAt    = (Get-Date -Format 'o')
            }
        }

        $results = @($byKey.Values)

        if ($results.Count -eq 0) {
            Write-Output '[]'
        } else {
            $results | ConvertTo-Json -Compress
        }
2026-06-23 19:54:54.382 -05:00 [INF] (Thread 53) WindowsUpdateWorker: pass complete. Total=0 Succeeded=0 Failed=0 Skipped=0
2026-06-23 19:54:54.382 -05:00 [INF] (Thread 53) WingetWorker: skipping — last run was 2026-06-18T17:46:48.2583796Z (less than 7 days ago).
2026-06-23 19:54:54.382 -05:00 [INF] (Thread 53) UpdateOrchestrator: cycle complete. Total=0 Succeeded=0 Failed=0 RebootRequired=false
2026-06-23 19:54:54.382 -05:00 [INF] (Thread 53) UpdateOrchestrator: no reboot required — cycle complete.
2026-06-23 19:54:54.382 -05:00 [INF] (Thread 53) UpdateBackgroundService: next cycle in "01:00:00".
2026-06-23 20:54:54.433 -05:00 [INF] (Thread 50) SelfUpdater: checking for updates. Current version: 0.26.230.591
2026-06-23 20:54:54.529 -05:00 [INF] (Thread 54) SelfUpdater: remote version = 0.26.230.591.
2026-06-23 20:54:54.529 -05:00 [INF] (Thread 54) SelfUpdater: already up to date.
2026-06-23 20:54:54.529 -05:00 [INF] (Thread 54) UpdateOrchestrator: === Update cycle starting ===
2026-06-23 20:54:54.529 -05:00 [INF] (Thread 54) WindowsUpdateWorker: starting update pass.
2026-06-23 20:54:54.529 -05:00 [INF] (Thread 54) WindowsUpdateWorker: verifying PSWindowsUpdate module.
2026-06-23 20:54:54.531 -05:00 [DBG] (Thread 54) WindowsUpdateWorker: running PS script: $ProgressPreference = 'SilentlyContinue'
            $ErrorActionPreference = 'Stop'
            try {
                if (-not (Get-PackageProvider -Name NuGet -ListAvailable -ErrorAction SilentlyContinue)) {
                    Install-PackageProvider -Name NuGet -MinimumVersion 2.8.5.201 -Force -Scope AllUsers | Out-Null
                }
                Set-PSRepository -Name PSGallery -InstallationPolicy Trusted -ErrorAction SilentlyContinue
                if (-not (Get-Module -ListAvailable -Name PSWindowsUpdate -ErrorAction SilentlyContinue)) {
                    Install-Module PSWindowsUpdate -Force -SkipPublisherCheck -Scope AllUsers | Out-Null
                }
                Import-Module PSWindowsUpdate -Force -ErrorAction Stop
                try {
                    Add-WUServiceManager -MicrosoftUpdate -Confirm:$false -ErrorAction SilentlyContinue | Out-Null
                } catch {}
                Write-Output 'OK'
            } catch {
                Write-Output ('ERROR: ' + $_.Exception.Message)
            }
2026-06-23 20:55:06.274 -05:00 [INF] (Thread 54) WindowsUpdateWorker: PSWindowsUpdate module OK.
2026-06-23 20:55:06.276 -05:00 [DBG] (Thread 54) WindowsUpdateWorker: running PS script: Import-Module PSWindowsUpdate -ErrorAction Stop
        $ProgressPreference = 'SilentlyContinue'

        # Force the Windows Update Agent to scan before installing.
        # Fixes 0x80248007 (WU_E_DS_NODATA) on fresh builds or machines
        # whose update data store has not been initialised yet.
        try {
            Start-Process -FilePath 'UsoClient.exe' `
                -ArgumentList 'StartScan' `
                -Wait -NoNewWindow -ErrorAction SilentlyContinue
            Start-Sleep -Seconds 30
        } catch {}

        # 2>&1 merges stderr into the pipeline mixing strings with update
        # objects -- we filter them out in the foreach loop below.
        $rawOutput = Install-WindowsUpdate `
            -MicrosoftUpdate `
            -AcceptAll `
            -IgnoreReboot `
            -Install `
            -ErrorAction Continue 2>&1

        # Use a hashtable keyed on Title to keep only the LAST result per update.
        # PSWindowsUpdate emits objects at multiple pipeline stages (search, download,
        # install); overwriting ensures we capture the final post-install ResultCode
        # rather than an early ResultCode=0 (NotStarted).
        $byKey = @{}

        foreach ($u in $rawOutput) {
            if ($null -eq $u -or $u -isnot [PSObject]) { continue }
            if (-not ($u.PSObject.Properties.Name -contains 'Title')) { continue }
            if ([string]::IsNullOrWhiteSpace($u.Title)) { continue }

            $resultCode = 0
            try { $resultCode = [int]$u.ResultCode } catch { $resultCode = 4 }
            $succeeded = ($resultCode -eq 2 -or $resultCode -eq 3)

            # ResultCode=0 means NotStarted — treat as Skipped, not Failed.
            $status = if ($succeeded) { 'Succeeded' } elseif ($resultCode -eq 0) { 'Skipped' } else { 'Failed' }

            $kb = ''
            try {
                if ($u.KBArticleIDs -and $u.KBArticleIDs.Count -gt 0) {
                    $kb = 'KB' + $u.KBArticleIDs[0]
                }
            } catch {}

            $needsReboot = $false
            try { $needsReboot = [bool]$u.RebootRequired } catch {}

            $byKey[$u.Title] = [PSCustomObject]@{
                Identifier     = $kb
                Title          = [string]$u.Title
                Status         = $status
                ErrorMessage   = if ($succeeded -or $resultCode -eq 0) { '' } else { 'ResultCode=' + $resultCode }
                RebootRequired = $needsReboot
                AttemptedAt    = (Get-Date -Format 'o')
            }
        }

        $results = @($byKey.Values)

        if ($results.Count -eq 0) {
            Write-Output '[]'
        } else {
            $results | ConvertTo-Json -Compress
        }
2026-06-23 20:55:52.288 -05:00 [INF] (Thread 44) WindowsUpdateWorker: pass complete. Total=0 Succeeded=0 Failed=0 Skipped=0
2026-06-23 20:55:52.288 -05:00 [INF] (Thread 44) WingetWorker: skipping — last run was 2026-06-18T17:46:48.2583796Z (less than 7 days ago).
2026-06-23 20:55:52.288 -05:00 [INF] (Thread 44) UpdateOrchestrator: cycle complete. Total=0 Succeeded=0 Failed=0 RebootRequired=false
2026-06-23 20:55:52.288 -05:00 [INF] (Thread 44) UpdateOrchestrator: no reboot required — cycle complete.
2026-06-23 20:55:52.288 -05:00 [INF] (Thread 44) UpdateBackgroundService: next cycle in "01:00:00".
2026-06-23 21:55:52.332 -05:00 [INF] (Thread 44) SelfUpdater: checking for updates. Current version: 0.26.230.591
2026-06-23 21:55:52.409 -05:00 [INF] (Thread 46) SelfUpdater: remote version = 0.26.230.591.
2026-06-23 21:55:52.409 -05:00 [INF] (Thread 46) SelfUpdater: already up to date.
2026-06-23 21:55:52.409 -05:00 [INF] (Thread 46) UpdateOrchestrator: === Update cycle starting ===
2026-06-23 21:55:52.409 -05:00 [INF] (Thread 46) WindowsUpdateWorker: starting update pass.
2026-06-23 21:55:52.409 -05:00 [INF] (Thread 46) WindowsUpdateWorker: verifying PSWindowsUpdate module.
2026-06-23 21:55:52.412 -05:00 [DBG] (Thread 46) WindowsUpdateWorker: running PS script: $ProgressPreference = 'SilentlyContinue'
            $ErrorActionPreference = 'Stop'
            try {
                if (-not (Get-PackageProvider -Name NuGet -ListAvailable -ErrorAction SilentlyContinue)) {
                    Install-PackageProvider -Name NuGet -MinimumVersion 2.8.5.201 -Force -Scope AllUsers | Out-Null
                }
                Set-PSRepository -Name PSGallery -InstallationPolicy Trusted -ErrorAction SilentlyContinue
                if (-not (Get-Module -ListAvailable -Name PSWindowsUpdate -ErrorAction SilentlyContinue)) {
                    Install-Module PSWindowsUpdate -Force -SkipPublisherCheck -Scope AllUsers | Out-Null
                }
                Import-Module PSWindowsUpdate -Force -ErrorAction Stop
                try {
                    Add-WUServiceManager -MicrosoftUpdate -Confirm:$false -ErrorAction SilentlyContinue | Out-Null
                } catch {}
                Write-Output 'OK'
            } catch {
                Write-Output ('ERROR: ' + $_.Exception.Message)
            }
2026-06-23 21:56:04.206 -05:00 [INF] (Thread 46) WindowsUpdateWorker: PSWindowsUpdate module OK.
2026-06-23 21:56:04.207 -05:00 [DBG] (Thread 46) WindowsUpdateWorker: running PS script: Import-Module PSWindowsUpdate -ErrorAction Stop
        $ProgressPreference = 'SilentlyContinue'

        # Force the Windows Update Agent to scan before installing.
        # Fixes 0x80248007 (WU_E_DS_NODATA) on fresh builds or machines
        # whose update data store has not been initialised yet.
        try {
            Start-Process -FilePath 'UsoClient.exe' `
                -ArgumentList 'StartScan' `
                -Wait -NoNewWindow -ErrorAction SilentlyContinue
            Start-Sleep -Seconds 30
        } catch {}

        # 2>&1 merges stderr into the pipeline mixing strings with update
        # objects -- we filter them out in the foreach loop below.
        $rawOutput = Install-WindowsUpdate `
            -MicrosoftUpdate `
            -AcceptAll `
            -IgnoreReboot `
            -Install `
            -ErrorAction Continue 2>&1

        # Use a hashtable keyed on Title to keep only the LAST result per update.
        # PSWindowsUpdate emits objects at multiple pipeline stages (search, download,
        # install); overwriting ensures we capture the final post-install ResultCode
        # rather than an early ResultCode=0 (NotStarted).
        $byKey = @{}

        foreach ($u in $rawOutput) {
            if ($null -eq $u -or $u -isnot [PSObject]) { continue }
            if (-not ($u.PSObject.Properties.Name -contains 'Title')) { continue }
            if ([string]::IsNullOrWhiteSpace($u.Title)) { continue }

            $resultCode = 0
            try { $resultCode = [int]$u.ResultCode } catch { $resultCode = 4 }
            $succeeded = ($resultCode -eq 2 -or $resultCode -eq 3)

            # ResultCode=0 means NotStarted — treat as Skipped, not Failed.
            $status = if ($succeeded) { 'Succeeded' } elseif ($resultCode -eq 0) { 'Skipped' } else { 'Failed' }

            $kb = ''
            try {
                if ($u.KBArticleIDs -and $u.KBArticleIDs.Count -gt 0) {
                    $kb = 'KB' + $u.KBArticleIDs[0]
                }
            } catch {}

            $needsReboot = $false
            try { $needsReboot = [bool]$u.RebootRequired } catch {}

            $byKey[$u.Title] = [PSCustomObject]@{
                Identifier     = $kb
                Title          = [string]$u.Title
                Status         = $status
                ErrorMessage   = if ($succeeded -or $resultCode -eq 0) { '' } else { 'ResultCode=' + $resultCode }
                RebootRequired = $needsReboot
                AttemptedAt    = (Get-Date -Format 'o')
            }
        }

        $results = @($byKey.Values)

        if ($results.Count -eq 0) {
            Write-Output '[]'
        } else {
            $results | ConvertTo-Json -Compress
        }
2026-06-23 21:56:48.899 -05:00 [INF] (Thread 43) WindowsUpdateWorker: pass complete. Total=0 Succeeded=0 Failed=0 Skipped=0
2026-06-23 21:56:48.899 -05:00 [INF] (Thread 43) WingetWorker: skipping — last run was 2026-06-18T17:46:48.2583796Z (less than 7 days ago).
2026-06-23 21:56:48.899 -05:00 [INF] (Thread 43) UpdateOrchestrator: cycle complete. Total=0 Succeeded=0 Failed=0 RebootRequired=false
2026-06-23 21:56:48.899 -05:00 [INF] (Thread 43) UpdateOrchestrator: no reboot required — cycle complete.
2026-06-23 21:56:48.899 -05:00 [INF] (Thread 43) UpdateBackgroundService: next cycle in "01:00:00".
2026-06-23 22:56:48.983 -05:00 [INF] (Thread 44) SelfUpdater: checking for updates. Current version: 0.26.230.591
2026-06-23 22:56:49.062 -05:00 [INF] (Thread 44) SelfUpdater: remote version = 0.26.230.591.
2026-06-23 22:56:49.062 -05:00 [INF] (Thread 44) SelfUpdater: already up to date.
2026-06-23 22:56:49.062 -05:00 [INF] (Thread 44) UpdateOrchestrator: === Update cycle starting ===
2026-06-23 22:56:49.062 -05:00 [INF] (Thread 44) WindowsUpdateWorker: starting update pass.
2026-06-23 22:56:49.062 -05:00 [INF] (Thread 44) WindowsUpdateWorker: verifying PSWindowsUpdate module.
2026-06-23 22:56:49.068 -05:00 [DBG] (Thread 44) WindowsUpdateWorker: running PS script: $ProgressPreference = 'SilentlyContinue'
            $ErrorActionPreference = 'Stop'
            try {
                if (-not (Get-PackageProvider -Name NuGet -ListAvailable -ErrorAction SilentlyContinue)) {
                    Install-PackageProvider -Name NuGet -MinimumVersion 2.8.5.201 -Force -Scope AllUsers | Out-Null
                }
                Set-PSRepository -Name PSGallery -InstallationPolicy Trusted -ErrorAction SilentlyContinue
                if (-not (Get-Module -ListAvailable -Name PSWindowsUpdate -ErrorAction SilentlyContinue)) {
                    Install-Module PSWindowsUpdate -Force -SkipPublisherCheck -Scope AllUsers | Out-Null
                }
                Import-Module PSWindowsUpdate -Force -ErrorAction Stop
                try {
                    Add-WUServiceManager -MicrosoftUpdate -Confirm:$false -ErrorAction SilentlyContinue | Out-Null
                } catch {}
                Write-Output 'OK'
            } catch {
                Write-Output ('ERROR: ' + $_.Exception.Message)
            }
2026-06-23 22:57:00.922 -05:00 [INF] (Thread 44) WindowsUpdateWorker: PSWindowsUpdate module OK.
2026-06-23 22:57:00.923 -05:00 [DBG] (Thread 43) WindowsUpdateWorker: running PS script: Import-Module PSWindowsUpdate -ErrorAction Stop
        $ProgressPreference = 'SilentlyContinue'

        # Force the Windows Update Agent to scan before installing.
        # Fixes 0x80248007 (WU_E_DS_NODATA) on fresh builds or machines
        # whose update data store has not been initialised yet.
        try {
            Start-Process -FilePath 'UsoClient.exe' `
                -ArgumentList 'StartScan' `
                -Wait -NoNewWindow -ErrorAction SilentlyContinue
            Start-Sleep -Seconds 30
        } catch {}

        # 2>&1 merges stderr into the pipeline mixing strings with update
        # objects -- we filter them out in the foreach loop below.
        $rawOutput = Install-WindowsUpdate `
            -MicrosoftUpdate `
            -AcceptAll `
            -IgnoreReboot `
            -Install `
            -ErrorAction Continue 2>&1

        # Use a hashtable keyed on Title to keep only the LAST result per update.
        # PSWindowsUpdate emits objects at multiple pipeline stages (search, download,
        # install); overwriting ensures we capture the final post-install ResultCode
        # rather than an early ResultCode=0 (NotStarted).
        $byKey = @{}

        foreach ($u in $rawOutput) {
            if ($null -eq $u -or $u -isnot [PSObject]) { continue }
            if (-not ($u.PSObject.Properties.Name -contains 'Title')) { continue }
            if ([string]::IsNullOrWhiteSpace($u.Title)) { continue }

            $resultCode = 0
            try { $resultCode = [int]$u.ResultCode } catch { $resultCode = 4 }
            $succeeded = ($resultCode -eq 2 -or $resultCode -eq 3)

            # ResultCode=0 means NotStarted — treat as Skipped, not Failed.
            $status = if ($succeeded) { 'Succeeded' } elseif ($resultCode -eq 0) { 'Skipped' } else { 'Failed' }

            $kb = ''
            try {
                if ($u.KBArticleIDs -and $u.KBArticleIDs.Count -gt 0) {
                    $kb = 'KB' + $u.KBArticleIDs[0]
                }
            } catch {}

            $needsReboot = $false
            try { $needsReboot = [bool]$u.RebootRequired } catch {}

            $byKey[$u.Title] = [PSCustomObject]@{
                Identifier     = $kb
                Title          = [string]$u.Title
                Status         = $status
                ErrorMessage   = if ($succeeded -or $resultCode -eq 0) { '' } else { 'ResultCode=' + $resultCode }
                RebootRequired = $needsReboot
                AttemptedAt    = (Get-Date -Format 'o')
            }
        }

        $results = @($byKey.Values)

        if ($results.Count -eq 0) {
            Write-Output '[]'
        } else {
            $results | ConvertTo-Json -Compress
        }
2026-06-23 22:58:09.115 -05:00 [INF] (Thread 40) WindowsUpdateWorker: pass complete. Total=0 Succeeded=0 Failed=0 Skipped=0
2026-06-23 22:58:09.115 -05:00 [INF] (Thread 40) WingetWorker: skipping — last run was 2026-06-18T17:46:48.2583796Z (less than 7 days ago).
2026-06-23 22:58:09.115 -05:00 [INF] (Thread 40) UpdateOrchestrator: cycle complete. Total=0 Succeeded=0 Failed=0 RebootRequired=false
2026-06-23 22:58:09.115 -05:00 [INF] (Thread 40) UpdateOrchestrator: no reboot required — cycle complete.
2026-06-23 22:58:09.115 -05:00 [INF] (Thread 40) UpdateBackgroundService: next cycle in "01:00:00".
2026-06-23 23:58:09.211 -05:00 [INF] (Thread 40) SelfUpdater: checking for updates. Current version: 0.26.230.591
2026-06-23 23:58:09.306 -05:00 [INF] (Thread 40) SelfUpdater: remote version = 0.26.230.591.
2026-06-23 23:58:09.306 -05:00 [INF] (Thread 40) SelfUpdater: already up to date.
2026-06-23 23:58:09.306 -05:00 [INF] (Thread 40) UpdateOrchestrator: === Update cycle starting ===
2026-06-23 23:58:09.306 -05:00 [INF] (Thread 40) WindowsUpdateWorker: starting update pass.
2026-06-23 23:58:09.306 -05:00 [INF] (Thread 40) WindowsUpdateWorker: verifying PSWindowsUpdate module.
2026-06-23 23:58:09.309 -05:00 [DBG] (Thread 40) WindowsUpdateWorker: running PS script: $ProgressPreference = 'SilentlyContinue'
            $ErrorActionPreference = 'Stop'
            try {
                if (-not (Get-PackageProvider -Name NuGet -ListAvailable -ErrorAction SilentlyContinue)) {
                    Install-PackageProvider -Name NuGet -MinimumVersion 2.8.5.201 -Force -Scope AllUsers | Out-Null
                }
                Set-PSRepository -Name PSGallery -InstallationPolicy Trusted -ErrorAction SilentlyContinue
                if (-not (Get-Module -ListAvailable -Name PSWindowsUpdate -ErrorAction SilentlyContinue)) {
                    Install-Module PSWindowsUpdate -Force -SkipPublisherCheck -Scope AllUsers | Out-Null
                }
                Import-Module PSWindowsUpdate -Force -ErrorAction Stop
                try {
                    Add-WUServiceManager -MicrosoftUpdate -Confirm:$false -ErrorAction SilentlyContinue | Out-Null
                } catch {}
                Write-Output 'OK'
            } catch {
                Write-Output ('ERROR: ' + $_.Exception.Message)
            }
2026-06-23 23:58:21.369 -05:00 [INF] (Thread 43) WindowsUpdateWorker: PSWindowsUpdate module OK.
2026-06-23 23:58:21.370 -05:00 [DBG] (Thread 43) WindowsUpdateWorker: running PS script: Import-Module PSWindowsUpdate -ErrorAction Stop
        $ProgressPreference = 'SilentlyContinue'

        # Force the Windows Update Agent to scan before installing.
        # Fixes 0x80248007 (WU_E_DS_NODATA) on fresh builds or machines
        # whose update data store has not been initialised yet.
        try {
            Start-Process -FilePath 'UsoClient.exe' `
                -ArgumentList 'StartScan' `
                -Wait -NoNewWindow -ErrorAction SilentlyContinue
            Start-Sleep -Seconds 30
        } catch {}

        # 2>&1 merges stderr into the pipeline mixing strings with update
        # objects -- we filter them out in the foreach loop below.
        $rawOutput = Install-WindowsUpdate `
            -MicrosoftUpdate `
            -AcceptAll `
            -IgnoreReboot `
            -Install `
            -ErrorAction Continue 2>&1

        # Use a hashtable keyed on Title to keep only the LAST result per update.
        # PSWindowsUpdate emits objects at multiple pipeline stages (search, download,
        # install); overwriting ensures we capture the final post-install ResultCode
        # rather than an early ResultCode=0 (NotStarted).
        $byKey = @{}

        foreach ($u in $rawOutput) {
            if ($null -eq $u -or $u -isnot [PSObject]) { continue }
            if (-not ($u.PSObject.Properties.Name -contains 'Title')) { continue }
            if ([string]::IsNullOrWhiteSpace($u.Title)) { continue }

            $resultCode = 0
            try { $resultCode = [int]$u.ResultCode } catch { $resultCode = 4 }
            $succeeded = ($resultCode -eq 2 -or $resultCode -eq 3)

            # ResultCode=0 means NotStarted — treat as Skipped, not Failed.
            $status = if ($succeeded) { 'Succeeded' } elseif ($resultCode -eq 0) { 'Skipped' } else { 'Failed' }

            $kb = ''
            try {
                if ($u.KBArticleIDs -and $u.KBArticleIDs.Count -gt 0) {
                    $kb = 'KB' + $u.KBArticleIDs[0]
                }
            } catch {}

            $needsReboot = $false
            try { $needsReboot = [bool]$u.RebootRequired } catch {}

            $byKey[$u.Title] = [PSCustomObject]@{
                Identifier     = $kb
                Title          = [string]$u.Title
                Status         = $status
                ErrorMessage   = if ($succeeded -or $resultCode -eq 0) { '' } else { 'ResultCode=' + $resultCode }
                RebootRequired = $needsReboot
                AttemptedAt    = (Get-Date -Format 'o')
            }
        }

        $results = @($byKey.Values)

        if ($results.Count -eq 0) {
            Write-Output '[]'
        } else {
            $results | ConvertTo-Json -Compress
        }
2026-06-23 23:59:05.583 -05:00 [INF] (Thread 43) WindowsUpdateWorker: pass complete. Total=0 Succeeded=0 Failed=0 Skipped=0
2026-06-23 23:59:05.583 -05:00 [INF] (Thread 43) WingetWorker: skipping — last run was 2026-06-18T17:46:48.2583796Z (less than 7 days ago).
2026-06-23 23:59:05.583 -05:00 [INF] (Thread 43) UpdateOrchestrator: cycle complete. Total=0 Succeeded=0 Failed=0 RebootRequired=false
2026-06-23 23:59:05.583 -05:00 [INF] (Thread 43) UpdateOrchestrator: no reboot required — cycle complete.
2026-06-23 23:59:05.583 -05:00 [INF] (Thread 43) UpdateBackgroundService: next cycle in "01:00:00".
