2026-06-11 00:27:03.241 -05:00 [INF] (Thread 53) SelfUpdater: checking for updates. Current version: 0.26.230.591
2026-06-11 00:27:03.396 -05:00 [INF] (Thread 53) SelfUpdater: remote version = 0.26.230.591.
2026-06-11 00:27:03.397 -05:00 [INF] (Thread 53) SelfUpdater: already up to date.
2026-06-11 00:27:03.397 -05:00 [INF] (Thread 53) UpdateOrchestrator: === Update cycle starting ===
2026-06-11 00:27:03.397 -05:00 [INF] (Thread 53) WindowsUpdateWorker: starting update pass.
2026-06-11 00:27:03.397 -05:00 [INF] (Thread 53) WindowsUpdateWorker: verifying PSWindowsUpdate module.
2026-06-11 00:27:03.401 -05:00 [DBG] (Thread 53) WindowsUpdateWorker: running PS script: $ProgressPreference = 'SilentlyContinue'
            $ErrorActionPreference = 'Stop'
            try {
                if (-not (Get-PackageProvider -Name NuGet -ListAvailable -ErrorAction SilentlyContinue)) {
                    Install-PackageProvider -Name NuGet -MinimumVersion 2.8.5.201 -Force -Scope AllUsers | Out-Null
                }
                Set-PSRepository -Name PSGallery -InstallationPolicy Trusted -ErrorAction SilentlyContinue
                if (-not (Get-Module -ListAvailable -Name PSWindowsUpdate -ErrorAction SilentlyContinue)) {
                    Install-Module PSWindowsUpdate -Force -SkipPublisherCheck -Scope AllUsers | Out-Null
                }
                Import-Module PSWindowsUpdate -Force -ErrorAction Stop
                try {
                    Add-WUServiceManager -MicrosoftUpdate -Confirm:$false -ErrorAction SilentlyContinue | Out-Null
                } catch {}
                Write-Output 'OK'
            } catch {
                Write-Output ('ERROR: ' + $_.Exception.Message)
            }
2026-06-11 00:27:16.916 -05:00 [INF] (Thread 57) WindowsUpdateWorker: PSWindowsUpdate module OK.
2026-06-11 00:27:16.918 -05:00 [DBG] (Thread 57) WindowsUpdateWorker: running PS script: Import-Module PSWindowsUpdate -ErrorAction Stop
        $ProgressPreference = 'SilentlyContinue'

        # Force the Windows Update Agent to scan before installing.
        # Fixes 0x80248007 (WU_E_DS_NODATA) on fresh builds or machines
        # whose update data store has not been initialised yet.
        try {
            Start-Process -FilePath 'UsoClient.exe' `
                -ArgumentList 'StartScan' `
                -Wait -NoNewWindow -ErrorAction SilentlyContinue
            Start-Sleep -Seconds 30
        } catch {}

        # 2>&1 merges stderr into the pipeline mixing strings with update
        # objects -- we filter them out in the foreach loop below.
        $rawOutput = Install-WindowsUpdate `
            -MicrosoftUpdate `
            -AcceptAll `
            -IgnoreReboot `
            -Install `
            -ErrorAction Continue 2>&1

        # Use a hashtable keyed on Title to keep only the LAST result per update.
        # PSWindowsUpdate emits objects at multiple pipeline stages (search, download,
        # install); overwriting ensures we capture the final post-install ResultCode
        # rather than an early ResultCode=0 (NotStarted).
        $byKey = @{}

        foreach ($u in $rawOutput) {
            if ($null -eq $u -or $u -isnot [PSObject]) { continue }
            if (-not ($u.PSObject.Properties.Name -contains 'Title')) { continue }
            if ([string]::IsNullOrWhiteSpace($u.Title)) { continue }

            $resultCode = 0
            try { $resultCode = [int]$u.ResultCode } catch { $resultCode = 4 }
            $succeeded = ($resultCode -eq 2 -or $resultCode -eq 3)

            # ResultCode=0 means NotStarted — treat as Skipped, not Failed.
            $status = if ($succeeded) { 'Succeeded' } elseif ($resultCode -eq 0) { 'Skipped' } else { 'Failed' }

            $kb = ''
            try {
                if ($u.KBArticleIDs -and $u.KBArticleIDs.Count -gt 0) {
                    $kb = 'KB' + $u.KBArticleIDs[0]
                }
            } catch {}

            $needsReboot = $false
            try { $needsReboot = [bool]$u.RebootRequired } catch {}

            $byKey[$u.Title] = [PSCustomObject]@{
                Identifier     = $kb
                Title          = [string]$u.Title
                Status         = $status
                ErrorMessage   = if ($succeeded -or $resultCode -eq 0) { '' } else { 'ResultCode=' + $resultCode }
                RebootRequired = $needsReboot
                AttemptedAt    = (Get-Date -Format 'o')
            }
        }

        $results = @($byKey.Values)

        if ($results.Count -eq 0) {
            Write-Output '[]'
        } else {
            $results | ConvertTo-Json -Compress
        }
2026-06-11 00:28:12.141 -05:00 [INF] (Thread 57) WindowsUpdateWorker: no updates installed — system reboot is already pending.
2026-06-11 00:28:12.141 -05:00 [INF] (Thread 57) WindowsUpdateWorker: pass complete. Total=1 Succeeded=1 Failed=0 Skipped=0
2026-06-11 00:28:12.144 -05:00 [INF] (Thread 57) WingetWorker: skipping — last run was 2026-06-04T17:40:12.6948440Z (less than 7 days ago).
2026-06-11 00:28:12.144 -05:00 [INF] (Thread 57) UpdateOrchestrator: cycle complete. Total=1 Succeeded=1 Failed=0 RebootRequired=true
2026-06-11 00:28:12.144 -05:00 [INF] (Thread 57) UpdateOrchestrator: reboot required but last reboot was 15.3 hours ago — skipping notification until 2-day minimum has elapsed.
2026-06-11 00:28:12.144 -05:00 [INF] (Thread 57) UpdateBackgroundService: next cycle in "01:00:00".
2026-06-11 01:28:12.169 -05:00 [INF] (Thread 48) SelfUpdater: checking for updates. Current version: 0.26.230.591
2026-06-11 01:28:12.304 -05:00 [INF] (Thread 55) SelfUpdater: remote version = 0.26.230.591.
2026-06-11 01:28:12.305 -05:00 [INF] (Thread 55) SelfUpdater: already up to date.
2026-06-11 01:28:12.305 -05:00 [INF] (Thread 55) UpdateOrchestrator: === Update cycle starting ===
2026-06-11 01:28:12.305 -05:00 [INF] (Thread 55) WindowsUpdateWorker: starting update pass.
2026-06-11 01:28:12.305 -05:00 [INF] (Thread 55) WindowsUpdateWorker: verifying PSWindowsUpdate module.
2026-06-11 01:28:12.308 -05:00 [DBG] (Thread 55) WindowsUpdateWorker: running PS script: $ProgressPreference = 'SilentlyContinue'
            $ErrorActionPreference = 'Stop'
            try {
                if (-not (Get-PackageProvider -Name NuGet -ListAvailable -ErrorAction SilentlyContinue)) {
                    Install-PackageProvider -Name NuGet -MinimumVersion 2.8.5.201 -Force -Scope AllUsers | Out-Null
                }
                Set-PSRepository -Name PSGallery -InstallationPolicy Trusted -ErrorAction SilentlyContinue
                if (-not (Get-Module -ListAvailable -Name PSWindowsUpdate -ErrorAction SilentlyContinue)) {
                    Install-Module PSWindowsUpdate -Force -SkipPublisherCheck -Scope AllUsers | Out-Null
                }
                Import-Module PSWindowsUpdate -Force -ErrorAction Stop
                try {
                    Add-WUServiceManager -MicrosoftUpdate -Confirm:$false -ErrorAction SilentlyContinue | Out-Null
                } catch {}
                Write-Output 'OK'
            } catch {
                Write-Output ('ERROR: ' + $_.Exception.Message)
            }
2026-06-11 01:28:23.681 -05:00 [INF] (Thread 58) WindowsUpdateWorker: PSWindowsUpdate module OK.
2026-06-11 01:28:23.681 -05:00 [DBG] (Thread 58) WindowsUpdateWorker: running PS script: Import-Module PSWindowsUpdate -ErrorAction Stop
        $ProgressPreference = 'SilentlyContinue'

        # Force the Windows Update Agent to scan before installing.
        # Fixes 0x80248007 (WU_E_DS_NODATA) on fresh builds or machines
        # whose update data store has not been initialised yet.
        try {
            Start-Process -FilePath 'UsoClient.exe' `
                -ArgumentList 'StartScan' `
                -Wait -NoNewWindow -ErrorAction SilentlyContinue
            Start-Sleep -Seconds 30
        } catch {}

        # 2>&1 merges stderr into the pipeline mixing strings with update
        # objects -- we filter them out in the foreach loop below.
        $rawOutput = Install-WindowsUpdate `
            -MicrosoftUpdate `
            -AcceptAll `
            -IgnoreReboot `
            -Install `
            -ErrorAction Continue 2>&1

        # Use a hashtable keyed on Title to keep only the LAST result per update.
        # PSWindowsUpdate emits objects at multiple pipeline stages (search, download,
        # install); overwriting ensures we capture the final post-install ResultCode
        # rather than an early ResultCode=0 (NotStarted).
        $byKey = @{}

        foreach ($u in $rawOutput) {
            if ($null -eq $u -or $u -isnot [PSObject]) { continue }
            if (-not ($u.PSObject.Properties.Name -contains 'Title')) { continue }
            if ([string]::IsNullOrWhiteSpace($u.Title)) { continue }

            $resultCode = 0
            try { $resultCode = [int]$u.ResultCode } catch { $resultCode = 4 }
            $succeeded = ($resultCode -eq 2 -or $resultCode -eq 3)

            # ResultCode=0 means NotStarted — treat as Skipped, not Failed.
            $status = if ($succeeded) { 'Succeeded' } elseif ($resultCode -eq 0) { 'Skipped' } else { 'Failed' }

            $kb = ''
            try {
                if ($u.KBArticleIDs -and $u.KBArticleIDs.Count -gt 0) {
                    $kb = 'KB' + $u.KBArticleIDs[0]
                }
            } catch {}

            $needsReboot = $false
            try { $needsReboot = [bool]$u.RebootRequired } catch {}

            $byKey[$u.Title] = [PSCustomObject]@{
                Identifier     = $kb
                Title          = [string]$u.Title
                Status         = $status
                ErrorMessage   = if ($succeeded -or $resultCode -eq 0) { '' } else { 'ResultCode=' + $resultCode }
                RebootRequired = $needsReboot
                AttemptedAt    = (Get-Date -Format 'o')
            }
        }

        $results = @($byKey.Values)

        if ($results.Count -eq 0) {
            Write-Output '[]'
        } else {
            $results | ConvertTo-Json -Compress
        }
2026-06-11 01:29:06.838 -05:00 [INF] (Thread 48) WindowsUpdateWorker: no updates installed — system reboot is already pending.
2026-06-11 01:29:06.838 -05:00 [INF] (Thread 48) WindowsUpdateWorker: pass complete. Total=1 Succeeded=1 Failed=0 Skipped=0
2026-06-11 01:29:06.839 -05:00 [INF] (Thread 48) WingetWorker: skipping — last run was 2026-06-04T17:40:12.6948440Z (less than 7 days ago).
2026-06-11 01:29:06.839 -05:00 [INF] (Thread 48) UpdateOrchestrator: cycle complete. Total=1 Succeeded=1 Failed=0 RebootRequired=true
2026-06-11 01:29:06.839 -05:00 [INF] (Thread 48) UpdateOrchestrator: reboot required but last reboot was 16.4 hours ago — skipping notification until 2-day minimum has elapsed.
2026-06-11 01:29:06.839 -05:00 [INF] (Thread 48) UpdateBackgroundService: next cycle in "01:00:00".
2026-06-11 02:29:06.951 -05:00 [INF] (Thread 58) SelfUpdater: checking for updates. Current version: 0.26.230.591
2026-06-11 02:29:07.033 -05:00 [INF] (Thread 58) SelfUpdater: remote version = 0.26.230.591.
2026-06-11 02:29:07.033 -05:00 [INF] (Thread 58) SelfUpdater: already up to date.
2026-06-11 02:29:07.033 -05:00 [INF] (Thread 58) UpdateOrchestrator: === Update cycle starting ===
2026-06-11 02:29:07.033 -05:00 [INF] (Thread 58) WindowsUpdateWorker: starting update pass.
2026-06-11 02:29:07.033 -05:00 [INF] (Thread 58) WindowsUpdateWorker: verifying PSWindowsUpdate module.
2026-06-11 02:29:07.033 -05:00 [DBG] (Thread 58) WindowsUpdateWorker: running PS script: $ProgressPreference = 'SilentlyContinue'
            $ErrorActionPreference = 'Stop'
            try {
                if (-not (Get-PackageProvider -Name NuGet -ListAvailable -ErrorAction SilentlyContinue)) {
                    Install-PackageProvider -Name NuGet -MinimumVersion 2.8.5.201 -Force -Scope AllUsers | Out-Null
                }
                Set-PSRepository -Name PSGallery -InstallationPolicy Trusted -ErrorAction SilentlyContinue
                if (-not (Get-Module -ListAvailable -Name PSWindowsUpdate -ErrorAction SilentlyContinue)) {
                    Install-Module PSWindowsUpdate -Force -SkipPublisherCheck -Scope AllUsers | Out-Null
                }
                Import-Module PSWindowsUpdate -Force -ErrorAction Stop
                try {
                    Add-WUServiceManager -MicrosoftUpdate -Confirm:$false -ErrorAction SilentlyContinue | Out-Null
                } catch {}
                Write-Output 'OK'
            } catch {
                Write-Output ('ERROR: ' + $_.Exception.Message)
            }
2026-06-11 02:29:18.472 -05:00 [INF] (Thread 60) WindowsUpdateWorker: PSWindowsUpdate module OK.
2026-06-11 02:29:18.473 -05:00 [DBG] (Thread 60) WindowsUpdateWorker: running PS script: Import-Module PSWindowsUpdate -ErrorAction Stop
        $ProgressPreference = 'SilentlyContinue'

        # Force the Windows Update Agent to scan before installing.
        # Fixes 0x80248007 (WU_E_DS_NODATA) on fresh builds or machines
        # whose update data store has not been initialised yet.
        try {
            Start-Process -FilePath 'UsoClient.exe' `
                -ArgumentList 'StartScan' `
                -Wait -NoNewWindow -ErrorAction SilentlyContinue
            Start-Sleep -Seconds 30
        } catch {}

        # 2>&1 merges stderr into the pipeline mixing strings with update
        # objects -- we filter them out in the foreach loop below.
        $rawOutput = Install-WindowsUpdate `
            -MicrosoftUpdate `
            -AcceptAll `
            -IgnoreReboot `
            -Install `
            -ErrorAction Continue 2>&1

        # Use a hashtable keyed on Title to keep only the LAST result per update.
        # PSWindowsUpdate emits objects at multiple pipeline stages (search, download,
        # install); overwriting ensures we capture the final post-install ResultCode
        # rather than an early ResultCode=0 (NotStarted).
        $byKey = @{}

        foreach ($u in $rawOutput) {
            if ($null -eq $u -or $u -isnot [PSObject]) { continue }
            if (-not ($u.PSObject.Properties.Name -contains 'Title')) { continue }
            if ([string]::IsNullOrWhiteSpace($u.Title)) { continue }

            $resultCode = 0
            try { $resultCode = [int]$u.ResultCode } catch { $resultCode = 4 }
            $succeeded = ($resultCode -eq 2 -or $resultCode -eq 3)

            # ResultCode=0 means NotStarted — treat as Skipped, not Failed.
            $status = if ($succeeded) { 'Succeeded' } elseif ($resultCode -eq 0) { 'Skipped' } else { 'Failed' }

            $kb = ''
            try {
                if ($u.KBArticleIDs -and $u.KBArticleIDs.Count -gt 0) {
                    $kb = 'KB' + $u.KBArticleIDs[0]
                }
            } catch {}

            $needsReboot = $false
            try { $needsReboot = [bool]$u.RebootRequired } catch {}

            $byKey[$u.Title] = [PSCustomObject]@{
                Identifier     = $kb
                Title          = [string]$u.Title
                Status         = $status
                ErrorMessage   = if ($succeeded -or $resultCode -eq 0) { '' } else { 'ResultCode=' + $resultCode }
                RebootRequired = $needsReboot
                AttemptedAt    = (Get-Date -Format 'o')
            }
        }

        $results = @($byKey.Values)

        if ($results.Count -eq 0) {
            Write-Output '[]'
        } else {
            $results | ConvertTo-Json -Compress
        }
2026-06-11 02:30:24.444 -05:00 [INF] (Thread 58) WindowsUpdateWorker: no updates installed — system reboot is already pending.
2026-06-11 02:30:24.444 -05:00 [INF] (Thread 58) WindowsUpdateWorker: pass complete. Total=1 Succeeded=1 Failed=0 Skipped=0
2026-06-11 02:30:24.444 -05:00 [INF] (Thread 58) WingetWorker: skipping — last run was 2026-06-04T17:40:12.6948440Z (less than 7 days ago).
2026-06-11 02:30:24.444 -05:00 [INF] (Thread 58) UpdateOrchestrator: cycle complete. Total=1 Succeeded=1 Failed=0 RebootRequired=true
2026-06-11 02:30:24.444 -05:00 [INF] (Thread 58) UpdateOrchestrator: reboot required but last reboot was 17.4 hours ago — skipping notification until 2-day minimum has elapsed.
2026-06-11 02:30:24.445 -05:00 [INF] (Thread 58) UpdateBackgroundService: next cycle in "01:00:00".
2026-06-11 03:30:24.476 -05:00 [INF] (Thread 58) SelfUpdater: checking for updates. Current version: 0.26.230.591
2026-06-11 03:30:24.633 -05:00 [INF] (Thread 58) SelfUpdater: remote version = 0.26.230.591.
2026-06-11 03:30:24.633 -05:00 [INF] (Thread 58) SelfUpdater: already up to date.
2026-06-11 03:30:24.633 -05:00 [INF] (Thread 58) UpdateOrchestrator: === Update cycle starting ===
2026-06-11 03:30:24.633 -05:00 [INF] (Thread 58) WindowsUpdateWorker: starting update pass.
2026-06-11 03:30:24.633 -05:00 [INF] (Thread 58) WindowsUpdateWorker: verifying PSWindowsUpdate module.
2026-06-11 03:30:24.634 -05:00 [DBG] (Thread 58) WindowsUpdateWorker: running PS script: $ProgressPreference = 'SilentlyContinue'
            $ErrorActionPreference = 'Stop'
            try {
                if (-not (Get-PackageProvider -Name NuGet -ListAvailable -ErrorAction SilentlyContinue)) {
                    Install-PackageProvider -Name NuGet -MinimumVersion 2.8.5.201 -Force -Scope AllUsers | Out-Null
                }
                Set-PSRepository -Name PSGallery -InstallationPolicy Trusted -ErrorAction SilentlyContinue
                if (-not (Get-Module -ListAvailable -Name PSWindowsUpdate -ErrorAction SilentlyContinue)) {
                    Install-Module PSWindowsUpdate -Force -SkipPublisherCheck -Scope AllUsers | Out-Null
                }
                Import-Module PSWindowsUpdate -Force -ErrorAction Stop
                try {
                    Add-WUServiceManager -MicrosoftUpdate -Confirm:$false -ErrorAction SilentlyContinue | Out-Null
                } catch {}
                Write-Output 'OK'
            } catch {
                Write-Output ('ERROR: ' + $_.Exception.Message)
            }
2026-06-11 03:30:35.933 -05:00 [INF] (Thread 58) WindowsUpdateWorker: PSWindowsUpdate module OK.
2026-06-11 03:30:35.935 -05:00 [DBG] (Thread 58) WindowsUpdateWorker: running PS script: Import-Module PSWindowsUpdate -ErrorAction Stop
        $ProgressPreference = 'SilentlyContinue'

        # Force the Windows Update Agent to scan before installing.
        # Fixes 0x80248007 (WU_E_DS_NODATA) on fresh builds or machines
        # whose update data store has not been initialised yet.
        try {
            Start-Process -FilePath 'UsoClient.exe' `
                -ArgumentList 'StartScan' `
                -Wait -NoNewWindow -ErrorAction SilentlyContinue
            Start-Sleep -Seconds 30
        } catch {}

        # 2>&1 merges stderr into the pipeline mixing strings with update
        # objects -- we filter them out in the foreach loop below.
        $rawOutput = Install-WindowsUpdate `
            -MicrosoftUpdate `
            -AcceptAll `
            -IgnoreReboot `
            -Install `
            -ErrorAction Continue 2>&1

        # Use a hashtable keyed on Title to keep only the LAST result per update.
        # PSWindowsUpdate emits objects at multiple pipeline stages (search, download,
        # install); overwriting ensures we capture the final post-install ResultCode
        # rather than an early ResultCode=0 (NotStarted).
        $byKey = @{}

        foreach ($u in $rawOutput) {
            if ($null -eq $u -or $u -isnot [PSObject]) { continue }
            if (-not ($u.PSObject.Properties.Name -contains 'Title')) { continue }
            if ([string]::IsNullOrWhiteSpace($u.Title)) { continue }

            $resultCode = 0
            try { $resultCode = [int]$u.ResultCode } catch { $resultCode = 4 }
            $succeeded = ($resultCode -eq 2 -or $resultCode -eq 3)

            # ResultCode=0 means NotStarted — treat as Skipped, not Failed.
            $status = if ($succeeded) { 'Succeeded' } elseif ($resultCode -eq 0) { 'Skipped' } else { 'Failed' }

            $kb = ''
            try {
                if ($u.KBArticleIDs -and $u.KBArticleIDs.Count -gt 0) {
                    $kb = 'KB' + $u.KBArticleIDs[0]
                }
            } catch {}

            $needsReboot = $false
            try { $needsReboot = [bool]$u.RebootRequired } catch {}

            $byKey[$u.Title] = [PSCustomObject]@{
                Identifier     = $kb
                Title          = [string]$u.Title
                Status         = $status
                ErrorMessage   = if ($succeeded -or $resultCode -eq 0) { '' } else { 'ResultCode=' + $resultCode }
                RebootRequired = $needsReboot
                AttemptedAt    = (Get-Date -Format 'o')
            }
        }

        $results = @($byKey.Values)

        if ($results.Count -eq 0) {
            Write-Output '[]'
        } else {
            $results | ConvertTo-Json -Compress
        }
2026-06-11 03:31:19.319 -05:00 [INF] (Thread 58) WindowsUpdateWorker: no updates installed — system reboot is already pending.
2026-06-11 03:31:19.319 -05:00 [INF] (Thread 58) WindowsUpdateWorker: pass complete. Total=1 Succeeded=1 Failed=0 Skipped=0
2026-06-11 03:31:19.319 -05:00 [INF] (Thread 58) WingetWorker: skipping — last run was 2026-06-04T17:40:12.6948440Z (less than 7 days ago).
2026-06-11 03:31:19.319 -05:00 [INF] (Thread 58) UpdateOrchestrator: cycle complete. Total=1 Succeeded=1 Failed=0 RebootRequired=true
2026-06-11 03:31:19.319 -05:00 [INF] (Thread 58) UpdateOrchestrator: reboot required but last reboot was 18.4 hours ago — skipping notification until 2-day minimum has elapsed.
2026-06-11 03:31:19.319 -05:00 [INF] (Thread 58) UpdateBackgroundService: next cycle in "01:00:00".
2026-06-11 04:31:19.399 -05:00 [INF] (Thread 58) SelfUpdater: checking for updates. Current version: 0.26.230.591
2026-06-11 04:31:19.588 -05:00 [INF] (Thread 58) SelfUpdater: remote version = 0.26.230.591.
2026-06-11 04:31:19.588 -05:00 [INF] (Thread 58) SelfUpdater: already up to date.
2026-06-11 04:31:19.588 -05:00 [INF] (Thread 58) UpdateOrchestrator: === Update cycle starting ===
2026-06-11 04:31:19.588 -05:00 [INF] (Thread 58) WindowsUpdateWorker: starting update pass.
2026-06-11 04:31:19.588 -05:00 [INF] (Thread 58) WindowsUpdateWorker: verifying PSWindowsUpdate module.
2026-06-11 04:31:19.589 -05:00 [DBG] (Thread 58) WindowsUpdateWorker: running PS script: $ProgressPreference = 'SilentlyContinue'
            $ErrorActionPreference = 'Stop'
            try {
                if (-not (Get-PackageProvider -Name NuGet -ListAvailable -ErrorAction SilentlyContinue)) {
                    Install-PackageProvider -Name NuGet -MinimumVersion 2.8.5.201 -Force -Scope AllUsers | Out-Null
                }
                Set-PSRepository -Name PSGallery -InstallationPolicy Trusted -ErrorAction SilentlyContinue
                if (-not (Get-Module -ListAvailable -Name PSWindowsUpdate -ErrorAction SilentlyContinue)) {
                    Install-Module PSWindowsUpdate -Force -SkipPublisherCheck -Scope AllUsers | Out-Null
                }
                Import-Module PSWindowsUpdate -Force -ErrorAction Stop
                try {
                    Add-WUServiceManager -MicrosoftUpdate -Confirm:$false -ErrorAction SilentlyContinue | Out-Null
                } catch {}
                Write-Output 'OK'
            } catch {
                Write-Output ('ERROR: ' + $_.Exception.Message)
            }
2026-06-11 04:31:31.215 -05:00 [INF] (Thread 66) WindowsUpdateWorker: PSWindowsUpdate module OK.
2026-06-11 04:31:31.217 -05:00 [DBG] (Thread 66) WindowsUpdateWorker: running PS script: Import-Module PSWindowsUpdate -ErrorAction Stop
        $ProgressPreference = 'SilentlyContinue'

        # Force the Windows Update Agent to scan before installing.
        # Fixes 0x80248007 (WU_E_DS_NODATA) on fresh builds or machines
        # whose update data store has not been initialised yet.
        try {
            Start-Process -FilePath 'UsoClient.exe' `
                -ArgumentList 'StartScan' `
                -Wait -NoNewWindow -ErrorAction SilentlyContinue
            Start-Sleep -Seconds 30
        } catch {}

        # 2>&1 merges stderr into the pipeline mixing strings with update
        # objects -- we filter them out in the foreach loop below.
        $rawOutput = Install-WindowsUpdate `
            -MicrosoftUpdate `
            -AcceptAll `
            -IgnoreReboot `
            -Install `
            -ErrorAction Continue 2>&1

        # Use a hashtable keyed on Title to keep only the LAST result per update.
        # PSWindowsUpdate emits objects at multiple pipeline stages (search, download,
        # install); overwriting ensures we capture the final post-install ResultCode
        # rather than an early ResultCode=0 (NotStarted).
        $byKey = @{}

        foreach ($u in $rawOutput) {
            if ($null -eq $u -or $u -isnot [PSObject]) { continue }
            if (-not ($u.PSObject.Properties.Name -contains 'Title')) { continue }
            if ([string]::IsNullOrWhiteSpace($u.Title)) { continue }

            $resultCode = 0
            try { $resultCode = [int]$u.ResultCode } catch { $resultCode = 4 }
            $succeeded = ($resultCode -eq 2 -or $resultCode -eq 3)

            # ResultCode=0 means NotStarted — treat as Skipped, not Failed.
            $status = if ($succeeded) { 'Succeeded' } elseif ($resultCode -eq 0) { 'Skipped' } else { 'Failed' }

            $kb = ''
            try {
                if ($u.KBArticleIDs -and $u.KBArticleIDs.Count -gt 0) {
                    $kb = 'KB' + $u.KBArticleIDs[0]
                }
            } catch {}

            $needsReboot = $false
            try { $needsReboot = [bool]$u.RebootRequired } catch {}

            $byKey[$u.Title] = [PSCustomObject]@{
                Identifier     = $kb
                Title          = [string]$u.Title
                Status         = $status
                ErrorMessage   = if ($succeeded -or $resultCode -eq 0) { '' } else { 'ResultCode=' + $resultCode }
                RebootRequired = $needsReboot
                AttemptedAt    = (Get-Date -Format 'o')
            }
        }

        $results = @($byKey.Values)

        if ($results.Count -eq 0) {
            Write-Output '[]'
        } else {
            $results | ConvertTo-Json -Compress
        }
2026-06-11 04:32:14.394 -05:00 [INF] (Thread 64) WindowsUpdateWorker: no updates installed — system reboot is already pending.
2026-06-11 04:32:14.394 -05:00 [INF] (Thread 64) WindowsUpdateWorker: pass complete. Total=1 Succeeded=1 Failed=0 Skipped=0
2026-06-11 04:32:14.394 -05:00 [INF] (Thread 64) WingetWorker: skipping — last run was 2026-06-04T17:40:12.6948440Z (less than 7 days ago).
2026-06-11 04:32:14.394 -05:00 [INF] (Thread 64) UpdateOrchestrator: cycle complete. Total=1 Succeeded=1 Failed=0 RebootRequired=true
2026-06-11 04:32:14.394 -05:00 [INF] (Thread 64) UpdateOrchestrator: reboot required but last reboot was 19.4 hours ago — skipping notification until 2-day minimum has elapsed.
2026-06-11 04:32:14.394 -05:00 [INF] (Thread 64) UpdateBackgroundService: next cycle in "01:00:00".
2026-06-11 05:32:14.452 -05:00 [INF] (Thread 58) SelfUpdater: checking for updates. Current version: 0.26.230.591
2026-06-11 05:32:14.612 -05:00 [INF] (Thread 68) SelfUpdater: remote version = 0.26.230.591.
2026-06-11 05:32:14.612 -05:00 [INF] (Thread 68) SelfUpdater: already up to date.
2026-06-11 05:32:14.612 -05:00 [INF] (Thread 68) UpdateOrchestrator: === Update cycle starting ===
2026-06-11 05:32:14.612 -05:00 [INF] (Thread 68) WindowsUpdateWorker: starting update pass.
2026-06-11 05:32:14.612 -05:00 [INF] (Thread 68) WindowsUpdateWorker: verifying PSWindowsUpdate module.
2026-06-11 05:32:14.614 -05:00 [DBG] (Thread 68) WindowsUpdateWorker: running PS script: $ProgressPreference = 'SilentlyContinue'
            $ErrorActionPreference = 'Stop'
            try {
                if (-not (Get-PackageProvider -Name NuGet -ListAvailable -ErrorAction SilentlyContinue)) {
                    Install-PackageProvider -Name NuGet -MinimumVersion 2.8.5.201 -Force -Scope AllUsers | Out-Null
                }
                Set-PSRepository -Name PSGallery -InstallationPolicy Trusted -ErrorAction SilentlyContinue
                if (-not (Get-Module -ListAvailable -Name PSWindowsUpdate -ErrorAction SilentlyContinue)) {
                    Install-Module PSWindowsUpdate -Force -SkipPublisherCheck -Scope AllUsers | Out-Null
                }
                Import-Module PSWindowsUpdate -Force -ErrorAction Stop
                try {
                    Add-WUServiceManager -MicrosoftUpdate -Confirm:$false -ErrorAction SilentlyContinue | Out-Null
                } catch {}
                Write-Output 'OK'
            } catch {
                Write-Output ('ERROR: ' + $_.Exception.Message)
            }
2026-06-11 05:32:26.310 -05:00 [INF] (Thread 68) WindowsUpdateWorker: PSWindowsUpdate module OK.
2026-06-11 05:32:26.311 -05:00 [DBG] (Thread 68) WindowsUpdateWorker: running PS script: Import-Module PSWindowsUpdate -ErrorAction Stop
        $ProgressPreference = 'SilentlyContinue'

        # Force the Windows Update Agent to scan before installing.
        # Fixes 0x80248007 (WU_E_DS_NODATA) on fresh builds or machines
        # whose update data store has not been initialised yet.
        try {
            Start-Process -FilePath 'UsoClient.exe' `
                -ArgumentList 'StartScan' `
                -Wait -NoNewWindow -ErrorAction SilentlyContinue
            Start-Sleep -Seconds 30
        } catch {}

        # 2>&1 merges stderr into the pipeline mixing strings with update
        # objects -- we filter them out in the foreach loop below.
        $rawOutput = Install-WindowsUpdate `
            -MicrosoftUpdate `
            -AcceptAll `
            -IgnoreReboot `
            -Install `
            -ErrorAction Continue 2>&1

        # Use a hashtable keyed on Title to keep only the LAST result per update.
        # PSWindowsUpdate emits objects at multiple pipeline stages (search, download,
        # install); overwriting ensures we capture the final post-install ResultCode
        # rather than an early ResultCode=0 (NotStarted).
        $byKey = @{}

        foreach ($u in $rawOutput) {
            if ($null -eq $u -or $u -isnot [PSObject]) { continue }
            if (-not ($u.PSObject.Properties.Name -contains 'Title')) { continue }
            if ([string]::IsNullOrWhiteSpace($u.Title)) { continue }

            $resultCode = 0
            try { $resultCode = [int]$u.ResultCode } catch { $resultCode = 4 }
            $succeeded = ($resultCode -eq 2 -or $resultCode -eq 3)

            # ResultCode=0 means NotStarted — treat as Skipped, not Failed.
            $status = if ($succeeded) { 'Succeeded' } elseif ($resultCode -eq 0) { 'Skipped' } else { 'Failed' }

            $kb = ''
            try {
                if ($u.KBArticleIDs -and $u.KBArticleIDs.Count -gt 0) {
                    $kb = 'KB' + $u.KBArticleIDs[0]
                }
            } catch {}

            $needsReboot = $false
            try { $needsReboot = [bool]$u.RebootRequired } catch {}

            $byKey[$u.Title] = [PSCustomObject]@{
                Identifier     = $kb
                Title          = [string]$u.Title
                Status         = $status
                ErrorMessage   = if ($succeeded -or $resultCode -eq 0) { '' } else { 'ResultCode=' + $resultCode }
                RebootRequired = $needsReboot
                AttemptedAt    = (Get-Date -Format 'o')
            }
        }

        $results = @($byKey.Values)

        if ($results.Count -eq 0) {
            Write-Output '[]'
        } else {
            $results | ConvertTo-Json -Compress
        }
2026-06-11 05:34:20.875 -05:00 [INF] (Thread 69) WindowsUpdateWorker: no updates installed — system reboot is already pending.
2026-06-11 05:34:20.875 -05:00 [INF] (Thread 69) WindowsUpdateWorker: pass complete. Total=1 Succeeded=1 Failed=0 Skipped=0
2026-06-11 05:34:20.875 -05:00 [INF] (Thread 69) WingetWorker: skipping — last run was 2026-06-04T17:40:12.6948440Z (less than 7 days ago).
2026-06-11 05:34:20.875 -05:00 [INF] (Thread 69) UpdateOrchestrator: cycle complete. Total=1 Succeeded=1 Failed=0 RebootRequired=true
2026-06-11 05:34:20.875 -05:00 [INF] (Thread 69) UpdateOrchestrator: reboot required but last reboot was 20.4 hours ago — skipping notification until 2-day minimum has elapsed.
2026-06-11 05:34:20.876 -05:00 [INF] (Thread 69) UpdateBackgroundService: next cycle in "01:00:00".
2026-06-11 06:34:20.937 -05:00 [INF] (Thread 70) SelfUpdater: checking for updates. Current version: 0.26.230.591
2026-06-11 06:34:21.252 -05:00 [INF] (Thread 74) SelfUpdater: remote version = 0.26.230.591.
2026-06-11 06:34:21.252 -05:00 [INF] (Thread 74) SelfUpdater: already up to date.
2026-06-11 06:34:21.252 -05:00 [INF] (Thread 74) UpdateOrchestrator: === Update cycle starting ===
2026-06-11 06:34:21.252 -05:00 [INF] (Thread 74) WindowsUpdateWorker: starting update pass.
2026-06-11 06:34:21.252 -05:00 [INF] (Thread 74) WindowsUpdateWorker: verifying PSWindowsUpdate module.
2026-06-11 06:34:21.254 -05:00 [DBG] (Thread 74) WindowsUpdateWorker: running PS script: $ProgressPreference = 'SilentlyContinue'
            $ErrorActionPreference = 'Stop'
            try {
                if (-not (Get-PackageProvider -Name NuGet -ListAvailable -ErrorAction SilentlyContinue)) {
                    Install-PackageProvider -Name NuGet -MinimumVersion 2.8.5.201 -Force -Scope AllUsers | Out-Null
                }
                Set-PSRepository -Name PSGallery -InstallationPolicy Trusted -ErrorAction SilentlyContinue
                if (-not (Get-Module -ListAvailable -Name PSWindowsUpdate -ErrorAction SilentlyContinue)) {
                    Install-Module PSWindowsUpdate -Force -SkipPublisherCheck -Scope AllUsers | Out-Null
                }
                Import-Module PSWindowsUpdate -Force -ErrorAction Stop
                try {
                    Add-WUServiceManager -MicrosoftUpdate -Confirm:$false -ErrorAction SilentlyContinue | Out-Null
                } catch {}
                Write-Output 'OK'
            } catch {
                Write-Output ('ERROR: ' + $_.Exception.Message)
            }
2026-06-11 06:34:32.715 -05:00 [INF] (Thread 75) WindowsUpdateWorker: PSWindowsUpdate module OK.
2026-06-11 06:34:32.716 -05:00 [DBG] (Thread 75) WindowsUpdateWorker: running PS script: Import-Module PSWindowsUpdate -ErrorAction Stop
        $ProgressPreference = 'SilentlyContinue'

        # Force the Windows Update Agent to scan before installing.
        # Fixes 0x80248007 (WU_E_DS_NODATA) on fresh builds or machines
        # whose update data store has not been initialised yet.
        try {
            Start-Process -FilePath 'UsoClient.exe' `
                -ArgumentList 'StartScan' `
                -Wait -NoNewWindow -ErrorAction SilentlyContinue
            Start-Sleep -Seconds 30
        } catch {}

        # 2>&1 merges stderr into the pipeline mixing strings with update
        # objects -- we filter them out in the foreach loop below.
        $rawOutput = Install-WindowsUpdate `
            -MicrosoftUpdate `
            -AcceptAll `
            -IgnoreReboot `
            -Install `
            -ErrorAction Continue 2>&1

        # Use a hashtable keyed on Title to keep only the LAST result per update.
        # PSWindowsUpdate emits objects at multiple pipeline stages (search, download,
        # install); overwriting ensures we capture the final post-install ResultCode
        # rather than an early ResultCode=0 (NotStarted).
        $byKey = @{}

        foreach ($u in $rawOutput) {
            if ($null -eq $u -or $u -isnot [PSObject]) { continue }
            if (-not ($u.PSObject.Properties.Name -contains 'Title')) { continue }
            if ([string]::IsNullOrWhiteSpace($u.Title)) { continue }

            $resultCode = 0
            try { $resultCode = [int]$u.ResultCode } catch { $resultCode = 4 }
            $succeeded = ($resultCode -eq 2 -or $resultCode -eq 3)

            # ResultCode=0 means NotStarted — treat as Skipped, not Failed.
            $status = if ($succeeded) { 'Succeeded' } elseif ($resultCode -eq 0) { 'Skipped' } else { 'Failed' }

            $kb = ''
            try {
                if ($u.KBArticleIDs -and $u.KBArticleIDs.Count -gt 0) {
                    $kb = 'KB' + $u.KBArticleIDs[0]
                }
            } catch {}

            $needsReboot = $false
            try { $needsReboot = [bool]$u.RebootRequired } catch {}

            $byKey[$u.Title] = [PSCustomObject]@{
                Identifier     = $kb
                Title          = [string]$u.Title
                Status         = $status
                ErrorMessage   = if ($succeeded -or $resultCode -eq 0) { '' } else { 'ResultCode=' + $resultCode }
                RebootRequired = $needsReboot
                AttemptedAt    = (Get-Date -Format 'o')
            }
        }

        $results = @($byKey.Values)

        if ($results.Count -eq 0) {
            Write-Output '[]'
        } else {
            $results | ConvertTo-Json -Compress
        }
2026-06-11 06:35:15.591 -05:00 [INF] (Thread 74) WindowsUpdateWorker: no updates installed — system reboot is already pending.
2026-06-11 06:35:15.591 -05:00 [INF] (Thread 74) WindowsUpdateWorker: pass complete. Total=1 Succeeded=1 Failed=0 Skipped=0
2026-06-11 06:35:15.592 -05:00 [INF] (Thread 74) WingetWorker: skipping — last run was 2026-06-04T17:40:12.6948440Z (less than 7 days ago).
2026-06-11 06:35:15.592 -05:00 [INF] (Thread 74) UpdateOrchestrator: cycle complete. Total=1 Succeeded=1 Failed=0 RebootRequired=true
2026-06-11 06:35:15.592 -05:00 [INF] (Thread 74) UpdateOrchestrator: reboot required but last reboot was 21.5 hours ago — skipping notification until 2-day minimum has elapsed.
2026-06-11 06:35:15.592 -05:00 [INF] (Thread 74) UpdateBackgroundService: next cycle in "01:00:00".
2026-06-11 07:35:15.668 -05:00 [INF] (Thread 79) SelfUpdater: checking for updates. Current version: 0.26.230.591
2026-06-11 07:35:15.816 -05:00 [INF] (Thread 74) SelfUpdater: remote version = 0.26.230.591.
2026-06-11 07:35:15.816 -05:00 [INF] (Thread 74) SelfUpdater: already up to date.
2026-06-11 07:35:15.816 -05:00 [INF] (Thread 74) UpdateOrchestrator: === Update cycle starting ===
2026-06-11 07:35:15.817 -05:00 [INF] (Thread 74) WindowsUpdateWorker: starting update pass.
2026-06-11 07:35:15.817 -05:00 [INF] (Thread 74) WindowsUpdateWorker: verifying PSWindowsUpdate module.
2026-06-11 07:35:15.819 -05:00 [DBG] (Thread 74) WindowsUpdateWorker: running PS script: $ProgressPreference = 'SilentlyContinue'
            $ErrorActionPreference = 'Stop'
            try {
                if (-not (Get-PackageProvider -Name NuGet -ListAvailable -ErrorAction SilentlyContinue)) {
                    Install-PackageProvider -Name NuGet -MinimumVersion 2.8.5.201 -Force -Scope AllUsers | Out-Null
                }
                Set-PSRepository -Name PSGallery -InstallationPolicy Trusted -ErrorAction SilentlyContinue
                if (-not (Get-Module -ListAvailable -Name PSWindowsUpdate -ErrorAction SilentlyContinue)) {
                    Install-Module PSWindowsUpdate -Force -SkipPublisherCheck -Scope AllUsers | Out-Null
                }
                Import-Module PSWindowsUpdate -Force -ErrorAction Stop
                try {
                    Add-WUServiceManager -MicrosoftUpdate -Confirm:$false -ErrorAction SilentlyContinue | Out-Null
                } catch {}
                Write-Output 'OK'
            } catch {
                Write-Output ('ERROR: ' + $_.Exception.Message)
            }
2026-06-11 07:35:29.553 -05:00 [INF] (Thread 74) WindowsUpdateWorker: PSWindowsUpdate module OK.
2026-06-11 07:35:29.554 -05:00 [DBG] (Thread 74) WindowsUpdateWorker: running PS script: Import-Module PSWindowsUpdate -ErrorAction Stop
        $ProgressPreference = 'SilentlyContinue'

        # Force the Windows Update Agent to scan before installing.
        # Fixes 0x80248007 (WU_E_DS_NODATA) on fresh builds or machines
        # whose update data store has not been initialised yet.
        try {
            Start-Process -FilePath 'UsoClient.exe' `
                -ArgumentList 'StartScan' `
                -Wait -NoNewWindow -ErrorAction SilentlyContinue
            Start-Sleep -Seconds 30
        } catch {}

        # 2>&1 merges stderr into the pipeline mixing strings with update
        # objects -- we filter them out in the foreach loop below.
        $rawOutput = Install-WindowsUpdate `
            -MicrosoftUpdate `
            -AcceptAll `
            -IgnoreReboot `
            -Install `
            -ErrorAction Continue 2>&1

        # Use a hashtable keyed on Title to keep only the LAST result per update.
        # PSWindowsUpdate emits objects at multiple pipeline stages (search, download,
        # install); overwriting ensures we capture the final post-install ResultCode
        # rather than an early ResultCode=0 (NotStarted).
        $byKey = @{}

        foreach ($u in $rawOutput) {
            if ($null -eq $u -or $u -isnot [PSObject]) { continue }
            if (-not ($u.PSObject.Properties.Name -contains 'Title')) { continue }
            if ([string]::IsNullOrWhiteSpace($u.Title)) { continue }

            $resultCode = 0
            try { $resultCode = [int]$u.ResultCode } catch { $resultCode = 4 }
            $succeeded = ($resultCode -eq 2 -or $resultCode -eq 3)

            # ResultCode=0 means NotStarted — treat as Skipped, not Failed.
            $status = if ($succeeded) { 'Succeeded' } elseif ($resultCode -eq 0) { 'Skipped' } else { 'Failed' }

            $kb = ''
            try {
                if ($u.KBArticleIDs -and $u.KBArticleIDs.Count -gt 0) {
                    $kb = 'KB' + $u.KBArticleIDs[0]
                }
            } catch {}

            $needsReboot = $false
            try { $needsReboot = [bool]$u.RebootRequired } catch {}

            $byKey[$u.Title] = [PSCustomObject]@{
                Identifier     = $kb
                Title          = [string]$u.Title
                Status         = $status
                ErrorMessage   = if ($succeeded -or $resultCode -eq 0) { '' } else { 'ResultCode=' + $resultCode }
                RebootRequired = $needsReboot
                AttemptedAt    = (Get-Date -Format 'o')
            }
        }

        $results = @($byKey.Values)

        if ($results.Count -eq 0) {
            Write-Output '[]'
        } else {
            $results | ConvertTo-Json -Compress
        }
2026-06-11 07:36:59.589 -05:00 [INF] (Thread 74) WindowsUpdateWorker: no updates installed — system reboot is already pending.
2026-06-11 07:36:59.589 -05:00 [INF] (Thread 74) WindowsUpdateWorker: pass complete. Total=1 Succeeded=1 Failed=0 Skipped=0
2026-06-11 07:36:59.589 -05:00 [INF] (Thread 74) WingetWorker: skipping — last run was 2026-06-04T17:40:12.6948440Z (less than 7 days ago).
2026-06-11 07:36:59.589 -05:00 [INF] (Thread 74) UpdateOrchestrator: cycle complete. Total=1 Succeeded=1 Failed=0 RebootRequired=true
2026-06-11 07:36:59.589 -05:00 [INF] (Thread 74) UpdateOrchestrator: reboot required but last reboot was 22.5 hours ago — skipping notification until 2-day minimum has elapsed.
2026-06-11 07:36:59.589 -05:00 [INF] (Thread 74) UpdateBackgroundService: next cycle in "01:00:00".
2026-06-11 08:36:59.638 -05:00 [INF] (Thread 83) SelfUpdater: checking for updates. Current version: 0.26.230.591
2026-06-11 08:36:59.792 -05:00 [INF] (Thread 83) SelfUpdater: remote version = 0.26.230.591.
2026-06-11 08:36:59.792 -05:00 [INF] (Thread 83) SelfUpdater: already up to date.
2026-06-11 08:36:59.792 -05:00 [INF] (Thread 83) UpdateOrchestrator: === Update cycle starting ===
2026-06-11 08:36:59.792 -05:00 [INF] (Thread 83) WindowsUpdateWorker: starting update pass.
2026-06-11 08:36:59.792 -05:00 [INF] (Thread 83) WindowsUpdateWorker: verifying PSWindowsUpdate module.
2026-06-11 08:36:59.795 -05:00 [DBG] (Thread 83) WindowsUpdateWorker: running PS script: $ProgressPreference = 'SilentlyContinue'
            $ErrorActionPreference = 'Stop'
            try {
                if (-not (Get-PackageProvider -Name NuGet -ListAvailable -ErrorAction SilentlyContinue)) {
                    Install-PackageProvider -Name NuGet -MinimumVersion 2.8.5.201 -Force -Scope AllUsers | Out-Null
                }
                Set-PSRepository -Name PSGallery -InstallationPolicy Trusted -ErrorAction SilentlyContinue
                if (-not (Get-Module -ListAvailable -Name PSWindowsUpdate -ErrorAction SilentlyContinue)) {
                    Install-Module PSWindowsUpdate -Force -SkipPublisherCheck -Scope AllUsers | Out-Null
                }
                Import-Module PSWindowsUpdate -Force -ErrorAction Stop
                try {
                    Add-WUServiceManager -MicrosoftUpdate -Confirm:$false -ErrorAction SilentlyContinue | Out-Null
                } catch {}
                Write-Output 'OK'
            } catch {
                Write-Output ('ERROR: ' + $_.Exception.Message)
            }
2026-06-11 08:37:11.570 -05:00 [INF] (Thread 74) WindowsUpdateWorker: PSWindowsUpdate module OK.
2026-06-11 08:37:11.570 -05:00 [DBG] (Thread 74) WindowsUpdateWorker: running PS script: Import-Module PSWindowsUpdate -ErrorAction Stop
        $ProgressPreference = 'SilentlyContinue'

        # Force the Windows Update Agent to scan before installing.
        # Fixes 0x80248007 (WU_E_DS_NODATA) on fresh builds or machines
        # whose update data store has not been initialised yet.
        try {
            Start-Process -FilePath 'UsoClient.exe' `
                -ArgumentList 'StartScan' `
                -Wait -NoNewWindow -ErrorAction SilentlyContinue
            Start-Sleep -Seconds 30
        } catch {}

        # 2>&1 merges stderr into the pipeline mixing strings with update
        # objects -- we filter them out in the foreach loop below.
        $rawOutput = Install-WindowsUpdate `
            -MicrosoftUpdate `
            -AcceptAll `
            -IgnoreReboot `
            -Install `
            -ErrorAction Continue 2>&1

        # Use a hashtable keyed on Title to keep only the LAST result per update.
        # PSWindowsUpdate emits objects at multiple pipeline stages (search, download,
        # install); overwriting ensures we capture the final post-install ResultCode
        # rather than an early ResultCode=0 (NotStarted).
        $byKey = @{}

        foreach ($u in $rawOutput) {
            if ($null -eq $u -or $u -isnot [PSObject]) { continue }
            if (-not ($u.PSObject.Properties.Name -contains 'Title')) { continue }
            if ([string]::IsNullOrWhiteSpace($u.Title)) { continue }

            $resultCode = 0
            try { $resultCode = [int]$u.ResultCode } catch { $resultCode = 4 }
            $succeeded = ($resultCode -eq 2 -or $resultCode -eq 3)

            # ResultCode=0 means NotStarted — treat as Skipped, not Failed.
            $status = if ($succeeded) { 'Succeeded' } elseif ($resultCode -eq 0) { 'Skipped' } else { 'Failed' }

            $kb = ''
            try {
                if ($u.KBArticleIDs -and $u.KBArticleIDs.Count -gt 0) {
                    $kb = 'KB' + $u.KBArticleIDs[0]
                }
            } catch {}

            $needsReboot = $false
            try { $needsReboot = [bool]$u.RebootRequired } catch {}

            $byKey[$u.Title] = [PSCustomObject]@{
                Identifier     = $kb
                Title          = [string]$u.Title
                Status         = $status
                ErrorMessage   = if ($succeeded -or $resultCode -eq 0) { '' } else { 'ResultCode=' + $resultCode }
                RebootRequired = $needsReboot
                AttemptedAt    = (Get-Date -Format 'o')
            }
        }

        $results = @($byKey.Values)

        if ($results.Count -eq 0) {
            Write-Output '[]'
        } else {
            $results | ConvertTo-Json -Compress
        }
2026-06-11 08:38:19.344 -05:00 [INF] (Thread 84) WindowsUpdateWorker: no updates installed — system reboot is already pending.
2026-06-11 08:38:19.344 -05:00 [INF] (Thread 84) WindowsUpdateWorker: pass complete. Total=1 Succeeded=1 Failed=0 Skipped=0
2026-06-11 08:38:19.344 -05:00 [INF] (Thread 84) WingetWorker: skipping — last run was 2026-06-04T17:40:12.6948440Z (less than 7 days ago).
2026-06-11 08:38:19.344 -05:00 [INF] (Thread 84) UpdateOrchestrator: cycle complete. Total=1 Succeeded=1 Failed=0 RebootRequired=true
2026-06-11 08:38:19.344 -05:00 [INF] (Thread 84) UpdateOrchestrator: reboot required but last reboot was 23.5 hours ago — skipping notification until 2-day minimum has elapsed.
2026-06-11 08:38:19.345 -05:00 [INF] (Thread 84) UpdateBackgroundService: next cycle in "01:00:00".
2026-06-11 09:38:19.435 -05:00 [INF] (Thread 84) SelfUpdater: checking for updates. Current version: 0.26.230.591
2026-06-11 09:38:19.594 -05:00 [INF] (Thread 81) SelfUpdater: remote version = 0.26.230.591.
2026-06-11 09:38:19.594 -05:00 [INF] (Thread 81) SelfUpdater: already up to date.
2026-06-11 09:38:19.594 -05:00 [INF] (Thread 81) UpdateOrchestrator: === Update cycle starting ===
2026-06-11 09:38:19.594 -05:00 [INF] (Thread 81) WindowsUpdateWorker: starting update pass.
2026-06-11 09:38:19.594 -05:00 [INF] (Thread 81) WindowsUpdateWorker: verifying PSWindowsUpdate module.
2026-06-11 09:38:19.596 -05:00 [DBG] (Thread 81) WindowsUpdateWorker: running PS script: $ProgressPreference = 'SilentlyContinue'
            $ErrorActionPreference = 'Stop'
            try {
                if (-not (Get-PackageProvider -Name NuGet -ListAvailable -ErrorAction SilentlyContinue)) {
                    Install-PackageProvider -Name NuGet -MinimumVersion 2.8.5.201 -Force -Scope AllUsers | Out-Null
                }
                Set-PSRepository -Name PSGallery -InstallationPolicy Trusted -ErrorAction SilentlyContinue
                if (-not (Get-Module -ListAvailable -Name PSWindowsUpdate -ErrorAction SilentlyContinue)) {
                    Install-Module PSWindowsUpdate -Force -SkipPublisherCheck -Scope AllUsers | Out-Null
                }
                Import-Module PSWindowsUpdate -Force -ErrorAction Stop
                try {
                    Add-WUServiceManager -MicrosoftUpdate -Confirm:$false -ErrorAction SilentlyContinue | Out-Null
                } catch {}
                Write-Output 'OK'
            } catch {
                Write-Output ('ERROR: ' + $_.Exception.Message)
            }
2026-06-11 09:38:32.699 -05:00 [INF] (Thread 81) WindowsUpdateWorker: PSWindowsUpdate module OK.
2026-06-11 09:38:32.700 -05:00 [DBG] (Thread 81) WindowsUpdateWorker: running PS script: Import-Module PSWindowsUpdate -ErrorAction Stop
        $ProgressPreference = 'SilentlyContinue'

        # Force the Windows Update Agent to scan before installing.
        # Fixes 0x80248007 (WU_E_DS_NODATA) on fresh builds or machines
        # whose update data store has not been initialised yet.
        try {
            Start-Process -FilePath 'UsoClient.exe' `
                -ArgumentList 'StartScan' `
                -Wait -NoNewWindow -ErrorAction SilentlyContinue
            Start-Sleep -Seconds 30
        } catch {}

        # 2>&1 merges stderr into the pipeline mixing strings with update
        # objects -- we filter them out in the foreach loop below.
        $rawOutput = Install-WindowsUpdate `
            -MicrosoftUpdate `
            -AcceptAll `
            -IgnoreReboot `
            -Install `
            -ErrorAction Continue 2>&1

        # Use a hashtable keyed on Title to keep only the LAST result per update.
        # PSWindowsUpdate emits objects at multiple pipeline stages (search, download,
        # install); overwriting ensures we capture the final post-install ResultCode
        # rather than an early ResultCode=0 (NotStarted).
        $byKey = @{}

        foreach ($u in $rawOutput) {
            if ($null -eq $u -or $u -isnot [PSObject]) { continue }
            if (-not ($u.PSObject.Properties.Name -contains 'Title')) { continue }
            if ([string]::IsNullOrWhiteSpace($u.Title)) { continue }

            $resultCode = 0
            try { $resultCode = [int]$u.ResultCode } catch { $resultCode = 4 }
            $succeeded = ($resultCode -eq 2 -or $resultCode -eq 3)

            # ResultCode=0 means NotStarted — treat as Skipped, not Failed.
            $status = if ($succeeded) { 'Succeeded' } elseif ($resultCode -eq 0) { 'Skipped' } else { 'Failed' }

            $kb = ''
            try {
                if ($u.KBArticleIDs -and $u.KBArticleIDs.Count -gt 0) {
                    $kb = 'KB' + $u.KBArticleIDs[0]
                }
            } catch {}

            $needsReboot = $false
            try { $needsReboot = [bool]$u.RebootRequired } catch {}

            $byKey[$u.Title] = [PSCustomObject]@{
                Identifier     = $kb
                Title          = [string]$u.Title
                Status         = $status
                ErrorMessage   = if ($succeeded -or $resultCode -eq 0) { '' } else { 'ResultCode=' + $resultCode }
                RebootRequired = $needsReboot
                AttemptedAt    = (Get-Date -Format 'o')
            }
        }

        $results = @($byKey.Values)

        if ($results.Count -eq 0) {
            Write-Output '[]'
        } else {
            $results | ConvertTo-Json -Compress
        }
2026-06-11 09:39:20.952 -05:00 [INF] (Thread 86) WindowsUpdateWorker: no updates installed — system reboot is already pending.
2026-06-11 09:39:20.952 -05:00 [INF] (Thread 86) WindowsUpdateWorker: pass complete. Total=1 Succeeded=1 Failed=0 Skipped=0
2026-06-11 09:39:20.952 -05:00 [INF] (Thread 86) WingetWorker: skipping — last run was 2026-06-04T17:40:12.6948440Z (less than 7 days ago).
2026-06-11 09:39:20.952 -05:00 [INF] (Thread 86) UpdateOrchestrator: cycle complete. Total=1 Succeeded=1 Failed=0 RebootRequired=true
2026-06-11 09:39:20.952 -05:00 [INF] (Thread 86) UpdateOrchestrator: reboot required but last reboot was 24.5 hours ago — skipping notification until 2-day minimum has elapsed.
2026-06-11 09:39:20.952 -05:00 [INF] (Thread 86) UpdateBackgroundService: next cycle in "01:00:00".
2026-06-11 10:39:21.002 -05:00 [INF] (Thread 82) SelfUpdater: checking for updates. Current version: 0.26.230.591
2026-06-11 10:39:21.207 -05:00 [INF] (Thread 82) SelfUpdater: remote version = 0.26.230.591.
2026-06-11 10:39:21.207 -05:00 [INF] (Thread 82) SelfUpdater: already up to date.
2026-06-11 10:39:21.207 -05:00 [INF] (Thread 82) UpdateOrchestrator: === Update cycle starting ===
2026-06-11 10:39:21.207 -05:00 [INF] (Thread 82) WindowsUpdateWorker: starting update pass.
2026-06-11 10:39:21.207 -05:00 [INF] (Thread 82) WindowsUpdateWorker: verifying PSWindowsUpdate module.
2026-06-11 10:39:21.209 -05:00 [DBG] (Thread 82) WindowsUpdateWorker: running PS script: $ProgressPreference = 'SilentlyContinue'
            $ErrorActionPreference = 'Stop'
            try {
                if (-not (Get-PackageProvider -Name NuGet -ListAvailable -ErrorAction SilentlyContinue)) {
                    Install-PackageProvider -Name NuGet -MinimumVersion 2.8.5.201 -Force -Scope AllUsers | Out-Null
                }
                Set-PSRepository -Name PSGallery -InstallationPolicy Trusted -ErrorAction SilentlyContinue
                if (-not (Get-Module -ListAvailable -Name PSWindowsUpdate -ErrorAction SilentlyContinue)) {
                    Install-Module PSWindowsUpdate -Force -SkipPublisherCheck -Scope AllUsers | Out-Null
                }
                Import-Module PSWindowsUpdate -Force -ErrorAction Stop
                try {
                    Add-WUServiceManager -MicrosoftUpdate -Confirm:$false -ErrorAction SilentlyContinue | Out-Null
                } catch {}
                Write-Output 'OK'
            } catch {
                Write-Output ('ERROR: ' + $_.Exception.Message)
            }
2026-06-11 10:39:33.371 -05:00 [INF] (Thread 79) WindowsUpdateWorker: PSWindowsUpdate module OK.
2026-06-11 10:39:33.372 -05:00 [DBG] (Thread 79) WindowsUpdateWorker: running PS script: Import-Module PSWindowsUpdate -ErrorAction Stop
        $ProgressPreference = 'SilentlyContinue'

        # Force the Windows Update Agent to scan before installing.
        # Fixes 0x80248007 (WU_E_DS_NODATA) on fresh builds or machines
        # whose update data store has not been initialised yet.
        try {
            Start-Process -FilePath 'UsoClient.exe' `
                -ArgumentList 'StartScan' `
                -Wait -NoNewWindow -ErrorAction SilentlyContinue
            Start-Sleep -Seconds 30
        } catch {}

        # 2>&1 merges stderr into the pipeline mixing strings with update
        # objects -- we filter them out in the foreach loop below.
        $rawOutput = Install-WindowsUpdate `
            -MicrosoftUpdate `
            -AcceptAll `
            -IgnoreReboot `
            -Install `
            -ErrorAction Continue 2>&1

        # Use a hashtable keyed on Title to keep only the LAST result per update.
        # PSWindowsUpdate emits objects at multiple pipeline stages (search, download,
        # install); overwriting ensures we capture the final post-install ResultCode
        # rather than an early ResultCode=0 (NotStarted).
        $byKey = @{}

        foreach ($u in $rawOutput) {
            if ($null -eq $u -or $u -isnot [PSObject]) { continue }
            if (-not ($u.PSObject.Properties.Name -contains 'Title')) { continue }
            if ([string]::IsNullOrWhiteSpace($u.Title)) { continue }

            $resultCode = 0
            try { $resultCode = [int]$u.ResultCode } catch { $resultCode = 4 }
            $succeeded = ($resultCode -eq 2 -or $resultCode -eq 3)

            # ResultCode=0 means NotStarted — treat as Skipped, not Failed.
            $status = if ($succeeded) { 'Succeeded' } elseif ($resultCode -eq 0) { 'Skipped' } else { 'Failed' }

            $kb = ''
            try {
                if ($u.KBArticleIDs -and $u.KBArticleIDs.Count -gt 0) {
                    $kb = 'KB' + $u.KBArticleIDs[0]
                }
            } catch {}

            $needsReboot = $false
            try { $needsReboot = [bool]$u.RebootRequired } catch {}

            $byKey[$u.Title] = [PSCustomObject]@{
                Identifier     = $kb
                Title          = [string]$u.Title
                Status         = $status
                ErrorMessage   = if ($succeeded -or $resultCode -eq 0) { '' } else { 'ResultCode=' + $resultCode }
                RebootRequired = $needsReboot
                AttemptedAt    = (Get-Date -Format 'o')
            }
        }

        $results = @($byKey.Values)

        if ($results.Count -eq 0) {
            Write-Output '[]'
        } else {
            $results | ConvertTo-Json -Compress
        }
2026-06-11 10:40:16.959 -05:00 [INF] (Thread 79) WindowsUpdateWorker: no updates installed — system reboot is already pending.
2026-06-11 10:40:16.959 -05:00 [INF] (Thread 79) WindowsUpdateWorker: pass complete. Total=1 Succeeded=1 Failed=0 Skipped=0
2026-06-11 10:40:16.960 -05:00 [INF] (Thread 79) WingetWorker: skipping — last run was 2026-06-04T17:40:12.6948440Z (less than 7 days ago).
2026-06-11 10:40:16.960 -05:00 [INF] (Thread 79) UpdateOrchestrator: cycle complete. Total=1 Succeeded=1 Failed=0 RebootRequired=true
2026-06-11 10:40:16.960 -05:00 [INF] (Thread 79) UpdateOrchestrator: reboot required but last reboot was 25.5 hours ago — skipping notification until 2-day minimum has elapsed.
2026-06-11 10:40:16.960 -05:00 [INF] (Thread 79) UpdateBackgroundService: next cycle in "01:00:00".
2026-06-11 11:40:17.062 -05:00 [INF] (Thread 79) SelfUpdater: checking for updates. Current version: 0.26.230.591
2026-06-11 11:40:17.157 -05:00 [INF] (Thread 76) SelfUpdater: remote version = 0.26.230.591.
2026-06-11 11:40:17.157 -05:00 [INF] (Thread 76) SelfUpdater: already up to date.
2026-06-11 11:40:17.157 -05:00 [INF] (Thread 76) UpdateOrchestrator: === Update cycle starting ===
2026-06-11 11:40:17.157 -05:00 [INF] (Thread 76) WindowsUpdateWorker: starting update pass.
2026-06-11 11:40:17.157 -05:00 [INF] (Thread 76) WindowsUpdateWorker: verifying PSWindowsUpdate module.
2026-06-11 11:40:17.158 -05:00 [DBG] (Thread 76) WindowsUpdateWorker: running PS script: $ProgressPreference = 'SilentlyContinue'
            $ErrorActionPreference = 'Stop'
            try {
                if (-not (Get-PackageProvider -Name NuGet -ListAvailable -ErrorAction SilentlyContinue)) {
                    Install-PackageProvider -Name NuGet -MinimumVersion 2.8.5.201 -Force -Scope AllUsers | Out-Null
                }
                Set-PSRepository -Name PSGallery -InstallationPolicy Trusted -ErrorAction SilentlyContinue
                if (-not (Get-Module -ListAvailable -Name PSWindowsUpdate -ErrorAction SilentlyContinue)) {
                    Install-Module PSWindowsUpdate -Force -SkipPublisherCheck -Scope AllUsers | Out-Null
                }
                Import-Module PSWindowsUpdate -Force -ErrorAction Stop
                try {
                    Add-WUServiceManager -MicrosoftUpdate -Confirm:$false -ErrorAction SilentlyContinue | Out-Null
                } catch {}
                Write-Output 'OK'
            } catch {
                Write-Output ('ERROR: ' + $_.Exception.Message)
            }
2026-06-11 11:40:29.003 -05:00 [INF] (Thread 75) WindowsUpdateWorker: PSWindowsUpdate module OK.
2026-06-11 11:40:29.004 -05:00 [DBG] (Thread 75) WindowsUpdateWorker: running PS script: Import-Module PSWindowsUpdate -ErrorAction Stop
        $ProgressPreference = 'SilentlyContinue'

        # Force the Windows Update Agent to scan before installing.
        # Fixes 0x80248007 (WU_E_DS_NODATA) on fresh builds or machines
        # whose update data store has not been initialised yet.
        try {
            Start-Process -FilePath 'UsoClient.exe' `
                -ArgumentList 'StartScan' `
                -Wait -NoNewWindow -ErrorAction SilentlyContinue
            Start-Sleep -Seconds 30
        } catch {}

        # 2>&1 merges stderr into the pipeline mixing strings with update
        # objects -- we filter them out in the foreach loop below.
        $rawOutput = Install-WindowsUpdate `
            -MicrosoftUpdate `
            -AcceptAll `
            -IgnoreReboot `
            -Install `
            -ErrorAction Continue 2>&1

        # Use a hashtable keyed on Title to keep only the LAST result per update.
        # PSWindowsUpdate emits objects at multiple pipeline stages (search, download,
        # install); overwriting ensures we capture the final post-install ResultCode
        # rather than an early ResultCode=0 (NotStarted).
        $byKey = @{}

        foreach ($u in $rawOutput) {
            if ($null -eq $u -or $u -isnot [PSObject]) { continue }
            if (-not ($u.PSObject.Properties.Name -contains 'Title')) { continue }
            if ([string]::IsNullOrWhiteSpace($u.Title)) { continue }

            $resultCode = 0
            try { $resultCode = [int]$u.ResultCode } catch { $resultCode = 4 }
            $succeeded = ($resultCode -eq 2 -or $resultCode -eq 3)

            # ResultCode=0 means NotStarted — treat as Skipped, not Failed.
            $status = if ($succeeded) { 'Succeeded' } elseif ($resultCode -eq 0) { 'Skipped' } else { 'Failed' }

            $kb = ''
            try {
                if ($u.KBArticleIDs -and $u.KBArticleIDs.Count -gt 0) {
                    $kb = 'KB' + $u.KBArticleIDs[0]
                }
            } catch {}

            $needsReboot = $false
            try { $needsReboot = [bool]$u.RebootRequired } catch {}

            $byKey[$u.Title] = [PSCustomObject]@{
                Identifier     = $kb
                Title          = [string]$u.Title
                Status         = $status
                ErrorMessage   = if ($succeeded -or $resultCode -eq 0) { '' } else { 'ResultCode=' + $resultCode }
                RebootRequired = $needsReboot
                AttemptedAt    = (Get-Date -Format 'o')
            }
        }

        $results = @($byKey.Values)

        if ($results.Count -eq 0) {
            Write-Output '[]'
        } else {
            $results | ConvertTo-Json -Compress
        }
2026-06-11 11:41:12.694 -05:00 [INF] (Thread 76) WindowsUpdateWorker: no updates installed — system reboot is already pending.
2026-06-11 11:41:12.694 -05:00 [INF] (Thread 76) WindowsUpdateWorker: pass complete. Total=1 Succeeded=1 Failed=0 Skipped=0
2026-06-11 11:41:12.694 -05:00 [INF] (Thread 76) WingetWorker: skipping — last run was 2026-06-04T17:40:12.6948440Z (less than 7 days ago).
2026-06-11 11:41:12.694 -05:00 [INF] (Thread 76) UpdateOrchestrator: cycle complete. Total=1 Succeeded=1 Failed=0 RebootRequired=true
2026-06-11 11:41:12.694 -05:00 [INF] (Thread 76) UpdateOrchestrator: reboot required but last reboot was 26.6 hours ago — skipping notification until 2-day minimum has elapsed.
2026-06-11 11:41:12.694 -05:00 [INF] (Thread 76) UpdateBackgroundService: next cycle in "01:00:00".
2026-06-11 12:41:12.743 -05:00 [INF] (Thread 76) SelfUpdater: checking for updates. Current version: 0.26.230.591
2026-06-11 12:41:13.024 -05:00 [INF] (Thread 74) SelfUpdater: remote version = 0.26.230.591.
2026-06-11 12:41:13.024 -05:00 [INF] (Thread 74) SelfUpdater: already up to date.
2026-06-11 12:41:13.024 -05:00 [INF] (Thread 74) UpdateOrchestrator: === Update cycle starting ===
2026-06-11 12:41:13.024 -05:00 [INF] (Thread 74) WindowsUpdateWorker: starting update pass.
2026-06-11 12:41:13.024 -05:00 [INF] (Thread 74) WindowsUpdateWorker: verifying PSWindowsUpdate module.
2026-06-11 12:41:13.026 -05:00 [DBG] (Thread 74) WindowsUpdateWorker: running PS script: $ProgressPreference = 'SilentlyContinue'
            $ErrorActionPreference = 'Stop'
            try {
                if (-not (Get-PackageProvider -Name NuGet -ListAvailable -ErrorAction SilentlyContinue)) {
                    Install-PackageProvider -Name NuGet -MinimumVersion 2.8.5.201 -Force -Scope AllUsers | Out-Null
                }
                Set-PSRepository -Name PSGallery -InstallationPolicy Trusted -ErrorAction SilentlyContinue
                if (-not (Get-Module -ListAvailable -Name PSWindowsUpdate -ErrorAction SilentlyContinue)) {
                    Install-Module PSWindowsUpdate -Force -SkipPublisherCheck -Scope AllUsers | Out-Null
                }
                Import-Module PSWindowsUpdate -Force -ErrorAction Stop
                try {
                    Add-WUServiceManager -MicrosoftUpdate -Confirm:$false -ErrorAction SilentlyContinue | Out-Null
                } catch {}
                Write-Output 'OK'
            } catch {
                Write-Output ('ERROR: ' + $_.Exception.Message)
            }
2026-06-11 12:41:26.273 -05:00 [INF] (Thread 76) WindowsUpdateWorker: PSWindowsUpdate module OK.
2026-06-11 12:41:26.274 -05:00 [DBG] (Thread 76) WindowsUpdateWorker: running PS script: Import-Module PSWindowsUpdate -ErrorAction Stop
        $ProgressPreference = 'SilentlyContinue'

        # Force the Windows Update Agent to scan before installing.
        # Fixes 0x80248007 (WU_E_DS_NODATA) on fresh builds or machines
        # whose update data store has not been initialised yet.
        try {
            Start-Process -FilePath 'UsoClient.exe' `
                -ArgumentList 'StartScan' `
                -Wait -NoNewWindow -ErrorAction SilentlyContinue
            Start-Sleep -Seconds 30
        } catch {}

        # 2>&1 merges stderr into the pipeline mixing strings with update
        # objects -- we filter them out in the foreach loop below.
        $rawOutput = Install-WindowsUpdate `
            -MicrosoftUpdate `
            -AcceptAll `
            -IgnoreReboot `
            -Install `
            -ErrorAction Continue 2>&1

        # Use a hashtable keyed on Title to keep only the LAST result per update.
        # PSWindowsUpdate emits objects at multiple pipeline stages (search, download,
        # install); overwriting ensures we capture the final post-install ResultCode
        # rather than an early ResultCode=0 (NotStarted).
        $byKey = @{}

        foreach ($u in $rawOutput) {
            if ($null -eq $u -or $u -isnot [PSObject]) { continue }
            if (-not ($u.PSObject.Properties.Name -contains 'Title')) { continue }
            if ([string]::IsNullOrWhiteSpace($u.Title)) { continue }

            $resultCode = 0
            try { $resultCode = [int]$u.ResultCode } catch { $resultCode = 4 }
            $succeeded = ($resultCode -eq 2 -or $resultCode -eq 3)

            # ResultCode=0 means NotStarted — treat as Skipped, not Failed.
            $status = if ($succeeded) { 'Succeeded' } elseif ($resultCode -eq 0) { 'Skipped' } else { 'Failed' }

            $kb = ''
            try {
                if ($u.KBArticleIDs -and $u.KBArticleIDs.Count -gt 0) {
                    $kb = 'KB' + $u.KBArticleIDs[0]
                }
            } catch {}

            $needsReboot = $false
            try { $needsReboot = [bool]$u.RebootRequired } catch {}

            $byKey[$u.Title] = [PSCustomObject]@{
                Identifier     = $kb
                Title          = [string]$u.Title
                Status         = $status
                ErrorMessage   = if ($succeeded -or $resultCode -eq 0) { '' } else { 'ResultCode=' + $resultCode }
                RebootRequired = $needsReboot
                AttemptedAt    = (Get-Date -Format 'o')
            }
        }

        $results = @($byKey.Values)

        if ($results.Count -eq 0) {
            Write-Output '[]'
        } else {
            $results | ConvertTo-Json -Compress
        }
2026-06-11 12:42:27.816 -05:00 [INF] (Thread 74) WindowsUpdateWorker: no updates installed — system reboot is already pending.
2026-06-11 12:42:27.816 -05:00 [INF] (Thread 74) WindowsUpdateWorker: pass complete. Total=1 Succeeded=1 Failed=0 Skipped=0
2026-06-11 12:42:27.816 -05:00 [INF] (Thread 74) WingetWorker: starting upgrade pass.
2026-06-11 12:42:27.860 -05:00 [DBG] (Thread 74) WingetWorker: using winget at C:\Program Files\WindowsApps\Microsoft.DesktopAppInstaller_1.28.240.0_x64__8wekyb3d8bbwe\winget.exe
2026-06-11 12:42:27.860 -05:00 [DBG] (Thread 74) WingetWorker: winget upgrade --include-unknown --accept-source-agreements
2026-06-11 12:42:31.130 -05:00 [INF] (Thread 75) WingetWorker: 2 package(s) queued for upgrade.
2026-06-11 12:42:31.132 -05:00 [INF] (Thread 75) WingetWorker: upgrading package '\'.
2026-06-11 12:42:31.174 -05:00 [DBG] (Thread 75) WingetWorker: using winget at C:\Program Files\WindowsApps\Microsoft.DesktopAppInstaller_1.28.240.0_x64__8wekyb3d8bbwe\winget.exe
2026-06-11 12:42:31.174 -05:00 [DBG] (Thread 75) WingetWorker: winget upgrade --id "\" --silent --accept-source-agreements --accept-package-agreements --include-unknown
2026-06-11 12:42:32.446 -05:00 [WRN] (Thread 74) WingetWorker: '\' upgrade failed (exit -1978335212). Stderr: 
2026-06-11 12:42:32.446 -05:00 [INF] (Thread 74) WingetWorker: upgrading package 'winget'.
2026-06-11 12:42:32.486 -05:00 [DBG] (Thread 74) WingetWorker: using winget at C:\Program Files\WindowsApps\Microsoft.DesktopAppInstaller_1.28.240.0_x64__8wekyb3d8bbwe\winget.exe
2026-06-11 12:42:32.486 -05:00 [DBG] (Thread 74) WingetWorker: winget upgrade --id "winget" --silent --accept-source-agreements --accept-package-agreements --include-unknown
2026-06-11 12:42:33.733 -05:00 [WRN] (Thread 75) WingetWorker: 'winget' upgrade failed (exit -1978335212). Stderr: 
2026-06-11 12:42:33.733 -05:00 [INF] (Thread 75) WingetWorker: pass complete. Succeeded=0 Failed=2 Skipped=0
2026-06-11 12:42:33.734 -05:00 [INF] (Thread 75) UpdateOrchestrator: cycle complete. Total=3 Succeeded=1 Failed=2 RebootRequired=true
2026-06-11 12:42:33.734 -05:00 [INF] (Thread 75) UpdateOrchestrator: reboot required but last reboot was 27.6 hours ago — skipping notification until 2-day minimum has elapsed.
2026-06-11 12:42:33.734 -05:00 [INF] (Thread 75) UpdateBackgroundService: next cycle in "01:00:00".
2026-06-11 13:42:33.766 -05:00 [INF] (Thread 75) SelfUpdater: checking for updates. Current version: 0.26.230.591
2026-06-11 13:42:33.917 -05:00 [INF] (Thread 75) SelfUpdater: remote version = 0.26.230.591.
2026-06-11 13:42:33.917 -05:00 [INF] (Thread 75) SelfUpdater: already up to date.
2026-06-11 13:42:33.917 -05:00 [INF] (Thread 75) UpdateOrchestrator: === Update cycle starting ===
2026-06-11 13:42:33.917 -05:00 [INF] (Thread 75) WindowsUpdateWorker: starting update pass.
2026-06-11 13:42:33.917 -05:00 [INF] (Thread 75) WindowsUpdateWorker: verifying PSWindowsUpdate module.
2026-06-11 13:42:33.917 -05:00 [DBG] (Thread 75) WindowsUpdateWorker: running PS script: $ProgressPreference = 'SilentlyContinue'
            $ErrorActionPreference = 'Stop'
            try {
                if (-not (Get-PackageProvider -Name NuGet -ListAvailable -ErrorAction SilentlyContinue)) {
                    Install-PackageProvider -Name NuGet -MinimumVersion 2.8.5.201 -Force -Scope AllUsers | Out-Null
                }
                Set-PSRepository -Name PSGallery -InstallationPolicy Trusted -ErrorAction SilentlyContinue
                if (-not (Get-Module -ListAvailable -Name PSWindowsUpdate -ErrorAction SilentlyContinue)) {
                    Install-Module PSWindowsUpdate -Force -SkipPublisherCheck -Scope AllUsers | Out-Null
                }
                Import-Module PSWindowsUpdate -Force -ErrorAction Stop
                try {
                    Add-WUServiceManager -MicrosoftUpdate -Confirm:$false -ErrorAction SilentlyContinue | Out-Null
                } catch {}
                Write-Output 'OK'
            } catch {
                Write-Output ('ERROR: ' + $_.Exception.Message)
            }
2026-06-11 13:42:45.880 -05:00 [INF] (Thread 74) WindowsUpdateWorker: PSWindowsUpdate module OK.
2026-06-11 13:42:45.881 -05:00 [DBG] (Thread 74) WindowsUpdateWorker: running PS script: Import-Module PSWindowsUpdate -ErrorAction Stop
        $ProgressPreference = 'SilentlyContinue'

        # Force the Windows Update Agent to scan before installing.
        # Fixes 0x80248007 (WU_E_DS_NODATA) on fresh builds or machines
        # whose update data store has not been initialised yet.
        try {
            Start-Process -FilePath 'UsoClient.exe' `
                -ArgumentList 'StartScan' `
                -Wait -NoNewWindow -ErrorAction SilentlyContinue
            Start-Sleep -Seconds 30
        } catch {}

        # 2>&1 merges stderr into the pipeline mixing strings with update
        # objects -- we filter them out in the foreach loop below.
        $rawOutput = Install-WindowsUpdate `
            -MicrosoftUpdate `
            -AcceptAll `
            -IgnoreReboot `
            -Install `
            -ErrorAction Continue 2>&1

        # Use a hashtable keyed on Title to keep only the LAST result per update.
        # PSWindowsUpdate emits objects at multiple pipeline stages (search, download,
        # install); overwriting ensures we capture the final post-install ResultCode
        # rather than an early ResultCode=0 (NotStarted).
        $byKey = @{}

        foreach ($u in $rawOutput) {
            if ($null -eq $u -or $u -isnot [PSObject]) { continue }
            if (-not ($u.PSObject.Properties.Name -contains 'Title')) { continue }
            if ([string]::IsNullOrWhiteSpace($u.Title)) { continue }

            $resultCode = 0
            try { $resultCode = [int]$u.ResultCode } catch { $resultCode = 4 }
            $succeeded = ($resultCode -eq 2 -or $resultCode -eq 3)

            # ResultCode=0 means NotStarted — treat as Skipped, not Failed.
            $status = if ($succeeded) { 'Succeeded' } elseif ($resultCode -eq 0) { 'Skipped' } else { 'Failed' }

            $kb = ''
            try {
                if ($u.KBArticleIDs -and $u.KBArticleIDs.Count -gt 0) {
                    $kb = 'KB' + $u.KBArticleIDs[0]
                }
            } catch {}

            $needsReboot = $false
            try { $needsReboot = [bool]$u.RebootRequired } catch {}

            $byKey[$u.Title] = [PSCustomObject]@{
                Identifier     = $kb
                Title          = [string]$u.Title
                Status         = $status
                ErrorMessage   = if ($succeeded -or $resultCode -eq 0) { '' } else { 'ResultCode=' + $resultCode }
                RebootRequired = $needsReboot
                AttemptedAt    = (Get-Date -Format 'o')
            }
        }

        $results = @($byKey.Values)

        if ($results.Count -eq 0) {
            Write-Output '[]'
        } else {
            $results | ConvertTo-Json -Compress
        }
2026-06-11 13:43:29.782 -05:00 [INF] (Thread 75) WindowsUpdateWorker: no updates installed — system reboot is already pending.
2026-06-11 13:43:29.782 -05:00 [INF] (Thread 75) WindowsUpdateWorker: pass complete. Total=1 Succeeded=1 Failed=0 Skipped=0
2026-06-11 13:43:29.782 -05:00 [INF] (Thread 75) WingetWorker: skipping — last run was 2026-06-11T17:42:33.7339150Z (less than 7 days ago).
2026-06-11 13:43:29.782 -05:00 [INF] (Thread 75) UpdateOrchestrator: cycle complete. Total=1 Succeeded=1 Failed=0 RebootRequired=true
2026-06-11 13:43:29.782 -05:00 [INF] (Thread 75) UpdateOrchestrator: reboot required but last reboot was 28.6 hours ago — skipping notification until 2-day minimum has elapsed.
2026-06-11 13:43:29.782 -05:00 [INF] (Thread 75) UpdateBackgroundService: next cycle in "01:00:00".
2026-06-11 14:43:29.813 -05:00 [INF] (Thread 68) SelfUpdater: checking for updates. Current version: 0.26.230.591
2026-06-11 14:43:29.960 -05:00 [INF] (Thread 68) SelfUpdater: remote version = 0.26.230.591.
2026-06-11 14:43:29.960 -05:00 [INF] (Thread 68) SelfUpdater: already up to date.
2026-06-11 14:43:29.960 -05:00 [INF] (Thread 68) UpdateOrchestrator: === Update cycle starting ===
2026-06-11 14:43:29.960 -05:00 [INF] (Thread 68) WindowsUpdateWorker: starting update pass.
2026-06-11 14:43:29.960 -05:00 [INF] (Thread 68) WindowsUpdateWorker: verifying PSWindowsUpdate module.
2026-06-11 14:43:29.962 -05:00 [DBG] (Thread 68) WindowsUpdateWorker: running PS script: $ProgressPreference = 'SilentlyContinue'
            $ErrorActionPreference = 'Stop'
            try {
                if (-not (Get-PackageProvider -Name NuGet -ListAvailable -ErrorAction SilentlyContinue)) {
                    Install-PackageProvider -Name NuGet -MinimumVersion 2.8.5.201 -Force -Scope AllUsers | Out-Null
                }
                Set-PSRepository -Name PSGallery -InstallationPolicy Trusted -ErrorAction SilentlyContinue
                if (-not (Get-Module -ListAvailable -Name PSWindowsUpdate -ErrorAction SilentlyContinue)) {
                    Install-Module PSWindowsUpdate -Force -SkipPublisherCheck -Scope AllUsers | Out-Null
                }
                Import-Module PSWindowsUpdate -Force -ErrorAction Stop
                try {
                    Add-WUServiceManager -MicrosoftUpdate -Confirm:$false -ErrorAction SilentlyContinue | Out-Null
                } catch {}
                Write-Output 'OK'
            } catch {
                Write-Output ('ERROR: ' + $_.Exception.Message)
            }
2026-06-11 14:43:43.123 -05:00 [INF] (Thread 68) WindowsUpdateWorker: PSWindowsUpdate module OK.
2026-06-11 14:43:43.124 -05:00 [DBG] (Thread 68) WindowsUpdateWorker: running PS script: Import-Module PSWindowsUpdate -ErrorAction Stop
        $ProgressPreference = 'SilentlyContinue'

        # Force the Windows Update Agent to scan before installing.
        # Fixes 0x80248007 (WU_E_DS_NODATA) on fresh builds or machines
        # whose update data store has not been initialised yet.
        try {
            Start-Process -FilePath 'UsoClient.exe' `
                -ArgumentList 'StartScan' `
                -Wait -NoNewWindow -ErrorAction SilentlyContinue
            Start-Sleep -Seconds 30
        } catch {}

        # 2>&1 merges stderr into the pipeline mixing strings with update
        # objects -- we filter them out in the foreach loop below.
        $rawOutput = Install-WindowsUpdate `
            -MicrosoftUpdate `
            -AcceptAll `
            -IgnoreReboot `
            -Install `
            -ErrorAction Continue 2>&1

        # Use a hashtable keyed on Title to keep only the LAST result per update.
        # PSWindowsUpdate emits objects at multiple pipeline stages (search, download,
        # install); overwriting ensures we capture the final post-install ResultCode
        # rather than an early ResultCode=0 (NotStarted).
        $byKey = @{}

        foreach ($u in $rawOutput) {
            if ($null -eq $u -or $u -isnot [PSObject]) { continue }
            if (-not ($u.PSObject.Properties.Name -contains 'Title')) { continue }
            if ([string]::IsNullOrWhiteSpace($u.Title)) { continue }

            $resultCode = 0
            try { $resultCode = [int]$u.ResultCode } catch { $resultCode = 4 }
            $succeeded = ($resultCode -eq 2 -or $resultCode -eq 3)

            # ResultCode=0 means NotStarted — treat as Skipped, not Failed.
            $status = if ($succeeded) { 'Succeeded' } elseif ($resultCode -eq 0) { 'Skipped' } else { 'Failed' }

            $kb = ''
            try {
                if ($u.KBArticleIDs -and $u.KBArticleIDs.Count -gt 0) {
                    $kb = 'KB' + $u.KBArticleIDs[0]
                }
            } catch {}

            $needsReboot = $false
            try { $needsReboot = [bool]$u.RebootRequired } catch {}

            $byKey[$u.Title] = [PSCustomObject]@{
                Identifier     = $kb
                Title          = [string]$u.Title
                Status         = $status
                ErrorMessage   = if ($succeeded -or $resultCode -eq 0) { '' } else { 'ResultCode=' + $resultCode }
                RebootRequired = $needsReboot
                AttemptedAt    = (Get-Date -Format 'o')
            }
        }

        $results = @($byKey.Values)

        if ($results.Count -eq 0) {
            Write-Output '[]'
        } else {
            $results | ConvertTo-Json -Compress
        }
2026-06-11 14:44:26.173 -05:00 [INF] (Thread 66) WindowsUpdateWorker: no updates installed — system reboot is already pending.
2026-06-11 14:44:26.173 -05:00 [INF] (Thread 66) WindowsUpdateWorker: pass complete. Total=1 Succeeded=1 Failed=0 Skipped=0
2026-06-11 14:44:26.174 -05:00 [INF] (Thread 66) WingetWorker: skipping — last run was 2026-06-11T17:42:33.7339150Z (less than 7 days ago).
2026-06-11 14:44:26.174 -05:00 [INF] (Thread 66) UpdateOrchestrator: cycle complete. Total=1 Succeeded=1 Failed=0 RebootRequired=true
2026-06-11 14:44:26.174 -05:00 [INF] (Thread 66) UpdateOrchestrator: reboot required but last reboot was 29.6 hours ago — skipping notification until 2-day minimum has elapsed.
2026-06-11 14:44:26.174 -05:00 [INF] (Thread 66) UpdateBackgroundService: next cycle in "01:00:00".
2026-06-11 15:44:26.287 -05:00 [INF] (Thread 68) SelfUpdater: checking for updates. Current version: 0.26.230.591
2026-06-11 15:44:26.371 -05:00 [INF] (Thread 66) SelfUpdater: remote version = 0.26.230.591.
2026-06-11 15:44:26.371 -05:00 [INF] (Thread 66) SelfUpdater: already up to date.
2026-06-11 15:44:26.371 -05:00 [INF] (Thread 66) UpdateOrchestrator: === Update cycle starting ===
2026-06-11 15:44:26.371 -05:00 [INF] (Thread 66) WindowsUpdateWorker: starting update pass.
2026-06-11 15:44:26.371 -05:00 [INF] (Thread 66) WindowsUpdateWorker: verifying PSWindowsUpdate module.
2026-06-11 15:44:26.373 -05:00 [DBG] (Thread 66) WindowsUpdateWorker: running PS script: $ProgressPreference = 'SilentlyContinue'
            $ErrorActionPreference = 'Stop'
            try {
                if (-not (Get-PackageProvider -Name NuGet -ListAvailable -ErrorAction SilentlyContinue)) {
                    Install-PackageProvider -Name NuGet -MinimumVersion 2.8.5.201 -Force -Scope AllUsers | Out-Null
                }
                Set-PSRepository -Name PSGallery -InstallationPolicy Trusted -ErrorAction SilentlyContinue
                if (-not (Get-Module -ListAvailable -Name PSWindowsUpdate -ErrorAction SilentlyContinue)) {
                    Install-Module PSWindowsUpdate -Force -SkipPublisherCheck -Scope AllUsers | Out-Null
                }
                Import-Module PSWindowsUpdate -Force -ErrorAction Stop
                try {
                    Add-WUServiceManager -MicrosoftUpdate -Confirm:$false -ErrorAction SilentlyContinue | Out-Null
                } catch {}
                Write-Output 'OK'
            } catch {
                Write-Output ('ERROR: ' + $_.Exception.Message)
            }
2026-06-11 15:44:39.458 -05:00 [INF] (Thread 66) WindowsUpdateWorker: PSWindowsUpdate module OK.
2026-06-11 15:44:39.459 -05:00 [DBG] (Thread 66) WindowsUpdateWorker: running PS script: Import-Module PSWindowsUpdate -ErrorAction Stop
        $ProgressPreference = 'SilentlyContinue'

        # Force the Windows Update Agent to scan before installing.
        # Fixes 0x80248007 (WU_E_DS_NODATA) on fresh builds or machines
        # whose update data store has not been initialised yet.
        try {
            Start-Process -FilePath 'UsoClient.exe' `
                -ArgumentList 'StartScan' `
                -Wait -NoNewWindow -ErrorAction SilentlyContinue
            Start-Sleep -Seconds 30
        } catch {}

        # 2>&1 merges stderr into the pipeline mixing strings with update
        # objects -- we filter them out in the foreach loop below.
        $rawOutput = Install-WindowsUpdate `
            -MicrosoftUpdate `
            -AcceptAll `
            -IgnoreReboot `
            -Install `
            -ErrorAction Continue 2>&1

        # Use a hashtable keyed on Title to keep only the LAST result per update.
        # PSWindowsUpdate emits objects at multiple pipeline stages (search, download,
        # install); overwriting ensures we capture the final post-install ResultCode
        # rather than an early ResultCode=0 (NotStarted).
        $byKey = @{}

        foreach ($u in $rawOutput) {
            if ($null -eq $u -or $u -isnot [PSObject]) { continue }
            if (-not ($u.PSObject.Properties.Name -contains 'Title')) { continue }
            if ([string]::IsNullOrWhiteSpace($u.Title)) { continue }

            $resultCode = 0
            try { $resultCode = [int]$u.ResultCode } catch { $resultCode = 4 }
            $succeeded = ($resultCode -eq 2 -or $resultCode -eq 3)

            # ResultCode=0 means NotStarted — treat as Skipped, not Failed.
            $status = if ($succeeded) { 'Succeeded' } elseif ($resultCode -eq 0) { 'Skipped' } else { 'Failed' }

            $kb = ''
            try {
                if ($u.KBArticleIDs -and $u.KBArticleIDs.Count -gt 0) {
                    $kb = 'KB' + $u.KBArticleIDs[0]
                }
            } catch {}

            $needsReboot = $false
            try { $needsReboot = [bool]$u.RebootRequired } catch {}

            $byKey[$u.Title] = [PSCustomObject]@{
                Identifier     = $kb
                Title          = [string]$u.Title
                Status         = $status
                ErrorMessage   = if ($succeeded -or $resultCode -eq 0) { '' } else { 'ResultCode=' + $resultCode }
                RebootRequired = $needsReboot
                AttemptedAt    = (Get-Date -Format 'o')
            }
        }

        $results = @($byKey.Values)

        if ($results.Count -eq 0) {
            Write-Output '[]'
        } else {
            $results | ConvertTo-Json -Compress
        }
2026-06-11 15:45:23.035 -05:00 [INF] (Thread 65) WindowsUpdateWorker: no updates installed — system reboot is already pending.
2026-06-11 15:45:23.035 -05:00 [INF] (Thread 65) WindowsUpdateWorker: pass complete. Total=1 Succeeded=1 Failed=0 Skipped=0
2026-06-11 15:45:23.036 -05:00 [INF] (Thread 65) WingetWorker: skipping — last run was 2026-06-11T17:42:33.7339150Z (less than 7 days ago).
2026-06-11 15:45:23.036 -05:00 [INF] (Thread 65) UpdateOrchestrator: cycle complete. Total=1 Succeeded=1 Failed=0 RebootRequired=true
2026-06-11 15:45:23.036 -05:00 [INF] (Thread 65) UpdateOrchestrator: reboot required but last reboot was 30.6 hours ago — skipping notification until 2-day minimum has elapsed.
2026-06-11 15:45:23.036 -05:00 [INF] (Thread 65) UpdateBackgroundService: next cycle in "01:00:00".
2026-06-11 16:45:23.159 -05:00 [INF] (Thread 68) SelfUpdater: checking for updates. Current version: 0.26.230.591
2026-06-11 16:45:23.259 -05:00 [INF] (Thread 65) SelfUpdater: remote version = 0.26.230.591.
2026-06-11 16:45:23.259 -05:00 [INF] (Thread 65) SelfUpdater: already up to date.
2026-06-11 16:45:23.259 -05:00 [INF] (Thread 65) UpdateOrchestrator: === Update cycle starting ===
2026-06-11 16:45:23.259 -05:00 [INF] (Thread 65) WindowsUpdateWorker: starting update pass.
2026-06-11 16:45:23.259 -05:00 [INF] (Thread 65) WindowsUpdateWorker: verifying PSWindowsUpdate module.
2026-06-11 16:45:23.261 -05:00 [DBG] (Thread 65) WindowsUpdateWorker: running PS script: $ProgressPreference = 'SilentlyContinue'
            $ErrorActionPreference = 'Stop'
            try {
                if (-not (Get-PackageProvider -Name NuGet -ListAvailable -ErrorAction SilentlyContinue)) {
                    Install-PackageProvider -Name NuGet -MinimumVersion 2.8.5.201 -Force -Scope AllUsers | Out-Null
                }
                Set-PSRepository -Name PSGallery -InstallationPolicy Trusted -ErrorAction SilentlyContinue
                if (-not (Get-Module -ListAvailable -Name PSWindowsUpdate -ErrorAction SilentlyContinue)) {
                    Install-Module PSWindowsUpdate -Force -SkipPublisherCheck -Scope AllUsers | Out-Null
                }
                Import-Module PSWindowsUpdate -Force -ErrorAction Stop
                try {
                    Add-WUServiceManager -MicrosoftUpdate -Confirm:$false -ErrorAction SilentlyContinue | Out-Null
                } catch {}
                Write-Output 'OK'
            } catch {
                Write-Output ('ERROR: ' + $_.Exception.Message)
            }
2026-06-11 16:45:35.130 -05:00 [INF] (Thread 68) WindowsUpdateWorker: PSWindowsUpdate module OK.
2026-06-11 16:45:35.132 -05:00 [DBG] (Thread 68) WindowsUpdateWorker: running PS script: Import-Module PSWindowsUpdate -ErrorAction Stop
        $ProgressPreference = 'SilentlyContinue'

        # Force the Windows Update Agent to scan before installing.
        # Fixes 0x80248007 (WU_E_DS_NODATA) on fresh builds or machines
        # whose update data store has not been initialised yet.
        try {
            Start-Process -FilePath 'UsoClient.exe' `
                -ArgumentList 'StartScan' `
                -Wait -NoNewWindow -ErrorAction SilentlyContinue
            Start-Sleep -Seconds 30
        } catch {}

        # 2>&1 merges stderr into the pipeline mixing strings with update
        # objects -- we filter them out in the foreach loop below.
        $rawOutput = Install-WindowsUpdate `
            -MicrosoftUpdate `
            -AcceptAll `
            -IgnoreReboot `
            -Install `
            -ErrorAction Continue 2>&1

        # Use a hashtable keyed on Title to keep only the LAST result per update.
        # PSWindowsUpdate emits objects at multiple pipeline stages (search, download,
        # install); overwriting ensures we capture the final post-install ResultCode
        # rather than an early ResultCode=0 (NotStarted).
        $byKey = @{}

        foreach ($u in $rawOutput) {
            if ($null -eq $u -or $u -isnot [PSObject]) { continue }
            if (-not ($u.PSObject.Properties.Name -contains 'Title')) { continue }
            if ([string]::IsNullOrWhiteSpace($u.Title)) { continue }

            $resultCode = 0
            try { $resultCode = [int]$u.ResultCode } catch { $resultCode = 4 }
            $succeeded = ($resultCode -eq 2 -or $resultCode -eq 3)

            # ResultCode=0 means NotStarted — treat as Skipped, not Failed.
            $status = if ($succeeded) { 'Succeeded' } elseif ($resultCode -eq 0) { 'Skipped' } else { 'Failed' }

            $kb = ''
            try {
                if ($u.KBArticleIDs -and $u.KBArticleIDs.Count -gt 0) {
                    $kb = 'KB' + $u.KBArticleIDs[0]
                }
            } catch {}

            $needsReboot = $false
            try { $needsReboot = [bool]$u.RebootRequired } catch {}

            $byKey[$u.Title] = [PSCustomObject]@{
                Identifier     = $kb
                Title          = [string]$u.Title
                Status         = $status
                ErrorMessage   = if ($succeeded -or $resultCode -eq 0) { '' } else { 'ResultCode=' + $resultCode }
                RebootRequired = $needsReboot
                AttemptedAt    = (Get-Date -Format 'o')
            }
        }

        $results = @($byKey.Values)

        if ($results.Count -eq 0) {
            Write-Output '[]'
        } else {
            $results | ConvertTo-Json -Compress
        }
2026-06-11 16:46:23.618 -05:00 [INF] (Thread 63) WindowsUpdateWorker: no updates installed — system reboot is already pending.
2026-06-11 16:46:23.618 -05:00 [INF] (Thread 63) WindowsUpdateWorker: pass complete. Total=1 Succeeded=1 Failed=0 Skipped=0
2026-06-11 16:46:23.618 -05:00 [INF] (Thread 63) WingetWorker: skipping — last run was 2026-06-11T17:42:33.7339150Z (less than 7 days ago).
2026-06-11 16:46:23.619 -05:00 [INF] (Thread 63) UpdateOrchestrator: cycle complete. Total=1 Succeeded=1 Failed=0 RebootRequired=true
2026-06-11 16:46:23.619 -05:00 [INF] (Thread 63) UpdateOrchestrator: reboot required but last reboot was 31.6 hours ago — skipping notification until 2-day minimum has elapsed.
2026-06-11 16:46:23.619 -05:00 [INF] (Thread 63) UpdateBackgroundService: next cycle in "01:00:00".
2026-06-11 17:46:23.676 -05:00 [INF] (Thread 62) SelfUpdater: checking for updates. Current version: 0.26.230.591
2026-06-11 17:46:23.822 -05:00 [INF] (Thread 62) SelfUpdater: remote version = 0.26.230.591.
2026-06-11 17:46:23.823 -05:00 [INF] (Thread 62) SelfUpdater: already up to date.
2026-06-11 17:46:23.823 -05:00 [INF] (Thread 62) UpdateOrchestrator: === Update cycle starting ===
2026-06-11 17:46:23.823 -05:00 [INF] (Thread 62) WindowsUpdateWorker: starting update pass.
2026-06-11 17:46:23.823 -05:00 [INF] (Thread 62) WindowsUpdateWorker: verifying PSWindowsUpdate module.
2026-06-11 17:46:23.826 -05:00 [DBG] (Thread 62) WindowsUpdateWorker: running PS script: $ProgressPreference = 'SilentlyContinue'
            $ErrorActionPreference = 'Stop'
            try {
                if (-not (Get-PackageProvider -Name NuGet -ListAvailable -ErrorAction SilentlyContinue)) {
                    Install-PackageProvider -Name NuGet -MinimumVersion 2.8.5.201 -Force -Scope AllUsers | Out-Null
                }
                Set-PSRepository -Name PSGallery -InstallationPolicy Trusted -ErrorAction SilentlyContinue
                if (-not (Get-Module -ListAvailable -Name PSWindowsUpdate -ErrorAction SilentlyContinue)) {
                    Install-Module PSWindowsUpdate -Force -SkipPublisherCheck -Scope AllUsers | Out-Null
                }
                Import-Module PSWindowsUpdate -Force -ErrorAction Stop
                try {
                    Add-WUServiceManager -MicrosoftUpdate -Confirm:$false -ErrorAction SilentlyContinue | Out-Null
                } catch {}
                Write-Output 'OK'
            } catch {
                Write-Output ('ERROR: ' + $_.Exception.Message)
            }
2026-06-11 17:46:35.580 -05:00 [INF] (Thread 63) WindowsUpdateWorker: PSWindowsUpdate module OK.
2026-06-11 17:46:35.582 -05:00 [DBG] (Thread 63) WindowsUpdateWorker: running PS script: Import-Module PSWindowsUpdate -ErrorAction Stop
        $ProgressPreference = 'SilentlyContinue'

        # Force the Windows Update Agent to scan before installing.
        # Fixes 0x80248007 (WU_E_DS_NODATA) on fresh builds or machines
        # whose update data store has not been initialised yet.
        try {
            Start-Process -FilePath 'UsoClient.exe' `
                -ArgumentList 'StartScan' `
                -Wait -NoNewWindow -ErrorAction SilentlyContinue
            Start-Sleep -Seconds 30
        } catch {}

        # 2>&1 merges stderr into the pipeline mixing strings with update
        # objects -- we filter them out in the foreach loop below.
        $rawOutput = Install-WindowsUpdate `
            -MicrosoftUpdate `
            -AcceptAll `
            -IgnoreReboot `
            -Install `
            -ErrorAction Continue 2>&1

        # Use a hashtable keyed on Title to keep only the LAST result per update.
        # PSWindowsUpdate emits objects at multiple pipeline stages (search, download,
        # install); overwriting ensures we capture the final post-install ResultCode
        # rather than an early ResultCode=0 (NotStarted).
        $byKey = @{}

        foreach ($u in $rawOutput) {
            if ($null -eq $u -or $u -isnot [PSObject]) { continue }
            if (-not ($u.PSObject.Properties.Name -contains 'Title')) { continue }
            if ([string]::IsNullOrWhiteSpace($u.Title)) { continue }

            $resultCode = 0
            try { $resultCode = [int]$u.ResultCode } catch { $resultCode = 4 }
            $succeeded = ($resultCode -eq 2 -or $resultCode -eq 3)

            # ResultCode=0 means NotStarted — treat as Skipped, not Failed.
            $status = if ($succeeded) { 'Succeeded' } elseif ($resultCode -eq 0) { 'Skipped' } else { 'Failed' }

            $kb = ''
            try {
                if ($u.KBArticleIDs -and $u.KBArticleIDs.Count -gt 0) {
                    $kb = 'KB' + $u.KBArticleIDs[0]
                }
            } catch {}

            $needsReboot = $false
            try { $needsReboot = [bool]$u.RebootRequired } catch {}

            $byKey[$u.Title] = [PSCustomObject]@{
                Identifier     = $kb
                Title          = [string]$u.Title
                Status         = $status
                ErrorMessage   = if ($succeeded -or $resultCode -eq 0) { '' } else { 'ResultCode=' + $resultCode }
                RebootRequired = $needsReboot
                AttemptedAt    = (Get-Date -Format 'o')
            }
        }

        $results = @($byKey.Values)

        if ($results.Count -eq 0) {
            Write-Output '[]'
        } else {
            $results | ConvertTo-Json -Compress
        }
2026-06-11 17:47:17.559 -05:00 [INF] (Thread 62) WindowsUpdateWorker: no updates installed — system reboot is already pending.
2026-06-11 17:47:17.559 -05:00 [INF] (Thread 62) WindowsUpdateWorker: pass complete. Total=1 Succeeded=1 Failed=0 Skipped=0
2026-06-11 17:47:17.560 -05:00 [INF] (Thread 62) WingetWorker: skipping — last run was 2026-06-11T17:42:33.7339150Z (less than 7 days ago).
2026-06-11 17:47:17.560 -05:00 [INF] (Thread 62) UpdateOrchestrator: cycle complete. Total=1 Succeeded=1 Failed=0 RebootRequired=true
2026-06-11 17:47:17.560 -05:00 [INF] (Thread 62) UpdateOrchestrator: reboot required but last reboot was 32.7 hours ago — skipping notification until 2-day minimum has elapsed.
2026-06-11 17:47:17.560 -05:00 [INF] (Thread 62) UpdateBackgroundService: next cycle in "01:00:00".
2026-06-11 18:47:17.601 -05:00 [INF] (Thread 58) SelfUpdater: checking for updates. Current version: 0.26.230.591
2026-06-11 18:47:17.745 -05:00 [INF] (Thread 58) SelfUpdater: remote version = 0.26.230.591.
2026-06-11 18:47:17.745 -05:00 [INF] (Thread 58) SelfUpdater: already up to date.
2026-06-11 18:47:17.745 -05:00 [INF] (Thread 58) UpdateOrchestrator: === Update cycle starting ===
2026-06-11 18:47:17.745 -05:00 [INF] (Thread 58) WindowsUpdateWorker: starting update pass.
2026-06-11 18:47:17.745 -05:00 [INF] (Thread 58) WindowsUpdateWorker: verifying PSWindowsUpdate module.
2026-06-11 18:47:17.747 -05:00 [DBG] (Thread 58) WindowsUpdateWorker: running PS script: $ProgressPreference = 'SilentlyContinue'
            $ErrorActionPreference = 'Stop'
            try {
                if (-not (Get-PackageProvider -Name NuGet -ListAvailable -ErrorAction SilentlyContinue)) {
                    Install-PackageProvider -Name NuGet -MinimumVersion 2.8.5.201 -Force -Scope AllUsers | Out-Null
                }
                Set-PSRepository -Name PSGallery -InstallationPolicy Trusted -ErrorAction SilentlyContinue
                if (-not (Get-Module -ListAvailable -Name PSWindowsUpdate -ErrorAction SilentlyContinue)) {
                    Install-Module PSWindowsUpdate -Force -SkipPublisherCheck -Scope AllUsers | Out-Null
                }
                Import-Module PSWindowsUpdate -Force -ErrorAction Stop
                try {
                    Add-WUServiceManager -MicrosoftUpdate -Confirm:$false -ErrorAction SilentlyContinue | Out-Null
                } catch {}
                Write-Output 'OK'
            } catch {
                Write-Output ('ERROR: ' + $_.Exception.Message)
            }
2026-06-11 18:47:29.804 -05:00 [INF] (Thread 62) WindowsUpdateWorker: PSWindowsUpdate module OK.
2026-06-11 18:47:29.806 -05:00 [DBG] (Thread 62) WindowsUpdateWorker: running PS script: Import-Module PSWindowsUpdate -ErrorAction Stop
        $ProgressPreference = 'SilentlyContinue'

        # Force the Windows Update Agent to scan before installing.
        # Fixes 0x80248007 (WU_E_DS_NODATA) on fresh builds or machines
        # whose update data store has not been initialised yet.
        try {
            Start-Process -FilePath 'UsoClient.exe' `
                -ArgumentList 'StartScan' `
                -Wait -NoNewWindow -ErrorAction SilentlyContinue
            Start-Sleep -Seconds 30
        } catch {}

        # 2>&1 merges stderr into the pipeline mixing strings with update
        # objects -- we filter them out in the foreach loop below.
        $rawOutput = Install-WindowsUpdate `
            -MicrosoftUpdate `
            -AcceptAll `
            -IgnoreReboot `
            -Install `
            -ErrorAction Continue 2>&1

        # Use a hashtable keyed on Title to keep only the LAST result per update.
        # PSWindowsUpdate emits objects at multiple pipeline stages (search, download,
        # install); overwriting ensures we capture the final post-install ResultCode
        # rather than an early ResultCode=0 (NotStarted).
        $byKey = @{}

        foreach ($u in $rawOutput) {
            if ($null -eq $u -or $u -isnot [PSObject]) { continue }
            if (-not ($u.PSObject.Properties.Name -contains 'Title')) { continue }
            if ([string]::IsNullOrWhiteSpace($u.Title)) { continue }

            $resultCode = 0
            try { $resultCode = [int]$u.ResultCode } catch { $resultCode = 4 }
            $succeeded = ($resultCode -eq 2 -or $resultCode -eq 3)

            # ResultCode=0 means NotStarted — treat as Skipped, not Failed.
            $status = if ($succeeded) { 'Succeeded' } elseif ($resultCode -eq 0) { 'Skipped' } else { 'Failed' }

            $kb = ''
            try {
                if ($u.KBArticleIDs -and $u.KBArticleIDs.Count -gt 0) {
                    $kb = 'KB' + $u.KBArticleIDs[0]
                }
            } catch {}

            $needsReboot = $false
            try { $needsReboot = [bool]$u.RebootRequired } catch {}

            $byKey[$u.Title] = [PSCustomObject]@{
                Identifier     = $kb
                Title          = [string]$u.Title
                Status         = $status
                ErrorMessage   = if ($succeeded -or $resultCode -eq 0) { '' } else { 'ResultCode=' + $resultCode }
                RebootRequired = $needsReboot
                AttemptedAt    = (Get-Date -Format 'o')
            }
        }

        $results = @($byKey.Values)

        if ($results.Count -eq 0) {
            Write-Output '[]'
        } else {
            $results | ConvertTo-Json -Compress
        }
2026-06-11 18:50:47.055 -05:00 [INF] (Thread 53) WindowsUpdateWorker: no updates installed — system reboot is already pending.
2026-06-11 18:50:47.055 -05:00 [INF] (Thread 53) WindowsUpdateWorker: pass complete. Total=1 Succeeded=1 Failed=0 Skipped=0
2026-06-11 18:50:47.055 -05:00 [INF] (Thread 53) WingetWorker: skipping — last run was 2026-06-11T17:42:33.7339150Z (less than 7 days ago).
2026-06-11 18:50:47.055 -05:00 [INF] (Thread 53) UpdateOrchestrator: cycle complete. Total=1 Succeeded=1 Failed=0 RebootRequired=true
2026-06-11 18:50:47.055 -05:00 [INF] (Thread 53) UpdateOrchestrator: reboot required but last reboot was 33.7 hours ago — skipping notification until 2-day minimum has elapsed.
2026-06-11 18:50:47.055 -05:00 [INF] (Thread 53) UpdateBackgroundService: next cycle in "01:00:00".
2026-06-11 19:50:47.083 -05:00 [INF] (Thread 53) SelfUpdater: checking for updates. Current version: 0.26.230.591
2026-06-11 19:50:47.282 -05:00 [INF] (Thread 52) SelfUpdater: remote version = 0.26.230.591.
2026-06-11 19:50:47.282 -05:00 [INF] (Thread 52) SelfUpdater: already up to date.
2026-06-11 19:50:47.282 -05:00 [INF] (Thread 52) UpdateOrchestrator: === Update cycle starting ===
2026-06-11 19:50:47.282 -05:00 [INF] (Thread 52) WindowsUpdateWorker: starting update pass.
2026-06-11 19:50:47.282 -05:00 [INF] (Thread 52) WindowsUpdateWorker: verifying PSWindowsUpdate module.
2026-06-11 19:50:47.286 -05:00 [DBG] (Thread 52) WindowsUpdateWorker: running PS script: $ProgressPreference = 'SilentlyContinue'
            $ErrorActionPreference = 'Stop'
            try {
                if (-not (Get-PackageProvider -Name NuGet -ListAvailable -ErrorAction SilentlyContinue)) {
                    Install-PackageProvider -Name NuGet -MinimumVersion 2.8.5.201 -Force -Scope AllUsers | Out-Null
                }
                Set-PSRepository -Name PSGallery -InstallationPolicy Trusted -ErrorAction SilentlyContinue
                if (-not (Get-Module -ListAvailable -Name PSWindowsUpdate -ErrorAction SilentlyContinue)) {
                    Install-Module PSWindowsUpdate -Force -SkipPublisherCheck -Scope AllUsers | Out-Null
                }
                Import-Module PSWindowsUpdate -Force -ErrorAction Stop
                try {
                    Add-WUServiceManager -MicrosoftUpdate -Confirm:$false -ErrorAction SilentlyContinue | Out-Null
                } catch {}
                Write-Output 'OK'
            } catch {
                Write-Output ('ERROR: ' + $_.Exception.Message)
            }
2026-06-11 19:50:58.998 -05:00 [INF] (Thread 53) WindowsUpdateWorker: PSWindowsUpdate module OK.
2026-06-11 19:50:58.999 -05:00 [DBG] (Thread 53) WindowsUpdateWorker: running PS script: Import-Module PSWindowsUpdate -ErrorAction Stop
        $ProgressPreference = 'SilentlyContinue'

        # Force the Windows Update Agent to scan before installing.
        # Fixes 0x80248007 (WU_E_DS_NODATA) on fresh builds or machines
        # whose update data store has not been initialised yet.
        try {
            Start-Process -FilePath 'UsoClient.exe' `
                -ArgumentList 'StartScan' `
                -Wait -NoNewWindow -ErrorAction SilentlyContinue
            Start-Sleep -Seconds 30
        } catch {}

        # 2>&1 merges stderr into the pipeline mixing strings with update
        # objects -- we filter them out in the foreach loop below.
        $rawOutput = Install-WindowsUpdate `
            -MicrosoftUpdate `
            -AcceptAll `
            -IgnoreReboot `
            -Install `
            -ErrorAction Continue 2>&1

        # Use a hashtable keyed on Title to keep only the LAST result per update.
        # PSWindowsUpdate emits objects at multiple pipeline stages (search, download,
        # install); overwriting ensures we capture the final post-install ResultCode
        # rather than an early ResultCode=0 (NotStarted).
        $byKey = @{}

        foreach ($u in $rawOutput) {
            if ($null -eq $u -or $u -isnot [PSObject]) { continue }
            if (-not ($u.PSObject.Properties.Name -contains 'Title')) { continue }
            if ([string]::IsNullOrWhiteSpace($u.Title)) { continue }

            $resultCode = 0
            try { $resultCode = [int]$u.ResultCode } catch { $resultCode = 4 }
            $succeeded = ($resultCode -eq 2 -or $resultCode -eq 3)

            # ResultCode=0 means NotStarted — treat as Skipped, not Failed.
            $status = if ($succeeded) { 'Succeeded' } elseif ($resultCode -eq 0) { 'Skipped' } else { 'Failed' }

            $kb = ''
            try {
                if ($u.KBArticleIDs -and $u.KBArticleIDs.Count -gt 0) {
                    $kb = 'KB' + $u.KBArticleIDs[0]
                }
            } catch {}

            $needsReboot = $false
            try { $needsReboot = [bool]$u.RebootRequired } catch {}

            $byKey[$u.Title] = [PSCustomObject]@{
                Identifier     = $kb
                Title          = [string]$u.Title
                Status         = $status
                ErrorMessage   = if ($succeeded -or $resultCode -eq 0) { '' } else { 'ResultCode=' + $resultCode }
                RebootRequired = $needsReboot
                AttemptedAt    = (Get-Date -Format 'o')
            }
        }

        $results = @($byKey.Values)

        if ($results.Count -eq 0) {
            Write-Output '[]'
        } else {
            $results | ConvertTo-Json -Compress
        }
2026-06-11 19:51:54.049 -05:00 [INF] (Thread 52) WindowsUpdateWorker: no updates installed — system reboot is already pending.
2026-06-11 19:51:54.049 -05:00 [INF] (Thread 52) WindowsUpdateWorker: pass complete. Total=1 Succeeded=1 Failed=0 Skipped=0
2026-06-11 19:51:54.050 -05:00 [INF] (Thread 52) WingetWorker: skipping — last run was 2026-06-11T17:42:33.7339150Z (less than 7 days ago).
2026-06-11 19:51:54.050 -05:00 [INF] (Thread 52) UpdateOrchestrator: cycle complete. Total=1 Succeeded=1 Failed=0 RebootRequired=true
2026-06-11 19:51:54.051 -05:00 [INF] (Thread 52) UpdateOrchestrator: reboot required but last reboot was 34.7 hours ago — skipping notification until 2-day minimum has elapsed.
2026-06-11 19:51:54.051 -05:00 [INF] (Thread 52) UpdateBackgroundService: next cycle in "01:00:00".
2026-06-11 20:51:54.220 -05:00 [INF] (Thread 56) SelfUpdater: checking for updates. Current version: 0.26.230.591
2026-06-11 20:51:54.372 -05:00 [INF] (Thread 52) SelfUpdater: remote version = 0.26.230.591.
2026-06-11 20:51:54.372 -05:00 [INF] (Thread 52) SelfUpdater: already up to date.
2026-06-11 20:51:54.372 -05:00 [INF] (Thread 52) UpdateOrchestrator: === Update cycle starting ===
2026-06-11 20:51:54.372 -05:00 [INF] (Thread 52) WindowsUpdateWorker: starting update pass.
2026-06-11 20:51:54.372 -05:00 [INF] (Thread 52) WindowsUpdateWorker: verifying PSWindowsUpdate module.
2026-06-11 20:51:54.376 -05:00 [DBG] (Thread 52) WindowsUpdateWorker: running PS script: $ProgressPreference = 'SilentlyContinue'
            $ErrorActionPreference = 'Stop'
            try {
                if (-not (Get-PackageProvider -Name NuGet -ListAvailable -ErrorAction SilentlyContinue)) {
                    Install-PackageProvider -Name NuGet -MinimumVersion 2.8.5.201 -Force -Scope AllUsers | Out-Null
                }
                Set-PSRepository -Name PSGallery -InstallationPolicy Trusted -ErrorAction SilentlyContinue
                if (-not (Get-Module -ListAvailable -Name PSWindowsUpdate -ErrorAction SilentlyContinue)) {
                    Install-Module PSWindowsUpdate -Force -SkipPublisherCheck -Scope AllUsers | Out-Null
                }
                Import-Module PSWindowsUpdate -Force -ErrorAction Stop
                try {
                    Add-WUServiceManager -MicrosoftUpdate -Confirm:$false -ErrorAction SilentlyContinue | Out-Null
                } catch {}
                Write-Output 'OK'
            } catch {
                Write-Output ('ERROR: ' + $_.Exception.Message)
            }
2026-06-11 20:52:06.584 -05:00 [INF] (Thread 52) WindowsUpdateWorker: PSWindowsUpdate module OK.
2026-06-11 20:52:06.585 -05:00 [DBG] (Thread 44) WindowsUpdateWorker: running PS script: Import-Module PSWindowsUpdate -ErrorAction Stop
        $ProgressPreference = 'SilentlyContinue'

        # Force the Windows Update Agent to scan before installing.
        # Fixes 0x80248007 (WU_E_DS_NODATA) on fresh builds or machines
        # whose update data store has not been initialised yet.
        try {
            Start-Process -FilePath 'UsoClient.exe' `
                -ArgumentList 'StartScan' `
                -Wait -NoNewWindow -ErrorAction SilentlyContinue
            Start-Sleep -Seconds 30
        } catch {}

        # 2>&1 merges stderr into the pipeline mixing strings with update
        # objects -- we filter them out in the foreach loop below.
        $rawOutput = Install-WindowsUpdate `
            -MicrosoftUpdate `
            -AcceptAll `
            -IgnoreReboot `
            -Install `
            -ErrorAction Continue 2>&1

        # Use a hashtable keyed on Title to keep only the LAST result per update.
        # PSWindowsUpdate emits objects at multiple pipeline stages (search, download,
        # install); overwriting ensures we capture the final post-install ResultCode
        # rather than an early ResultCode=0 (NotStarted).
        $byKey = @{}

        foreach ($u in $rawOutput) {
            if ($null -eq $u -or $u -isnot [PSObject]) { continue }
            if (-not ($u.PSObject.Properties.Name -contains 'Title')) { continue }
            if ([string]::IsNullOrWhiteSpace($u.Title)) { continue }

            $resultCode = 0
            try { $resultCode = [int]$u.ResultCode } catch { $resultCode = 4 }
            $succeeded = ($resultCode -eq 2 -or $resultCode -eq 3)

            # ResultCode=0 means NotStarted — treat as Skipped, not Failed.
            $status = if ($succeeded) { 'Succeeded' } elseif ($resultCode -eq 0) { 'Skipped' } else { 'Failed' }

            $kb = ''
            try {
                if ($u.KBArticleIDs -and $u.KBArticleIDs.Count -gt 0) {
                    $kb = 'KB' + $u.KBArticleIDs[0]
                }
            } catch {}

            $needsReboot = $false
            try { $needsReboot = [bool]$u.RebootRequired } catch {}

            $byKey[$u.Title] = [PSCustomObject]@{
                Identifier     = $kb
                Title          = [string]$u.Title
                Status         = $status
                ErrorMessage   = if ($succeeded -or $resultCode -eq 0) { '' } else { 'ResultCode=' + $resultCode }
                RebootRequired = $needsReboot
                AttemptedAt    = (Get-Date -Format 'o')
            }
        }

        $results = @($byKey.Values)

        if ($results.Count -eq 0) {
            Write-Output '[]'
        } else {
            $results | ConvertTo-Json -Compress
        }
2026-06-11 20:53:16.129 -05:00 [INF] (Thread 56) WindowsUpdateWorker: no updates installed — system reboot is already pending.
2026-06-11 20:53:16.129 -05:00 [INF] (Thread 56) WindowsUpdateWorker: pass complete. Total=1 Succeeded=1 Failed=0 Skipped=0
2026-06-11 20:53:16.130 -05:00 [INF] (Thread 56) WingetWorker: skipping — last run was 2026-06-11T17:42:33.7339150Z (less than 7 days ago).
2026-06-11 20:53:16.130 -05:00 [INF] (Thread 56) UpdateOrchestrator: cycle complete. Total=1 Succeeded=1 Failed=0 RebootRequired=true
2026-06-11 20:53:16.130 -05:00 [INF] (Thread 56) UpdateOrchestrator: reboot required but last reboot was 35.8 hours ago — skipping notification until 2-day minimum has elapsed.
2026-06-11 20:53:16.130 -05:00 [INF] (Thread 56) UpdateBackgroundService: next cycle in "01:00:00".
2026-06-11 21:53:16.207 -05:00 [INF] (Thread 56) SelfUpdater: checking for updates. Current version: 0.26.230.591
2026-06-11 21:53:16.393 -05:00 [INF] (Thread 56) SelfUpdater: remote version = 0.26.230.591.
2026-06-11 21:53:16.393 -05:00 [INF] (Thread 56) SelfUpdater: already up to date.
2026-06-11 21:53:16.393 -05:00 [INF] (Thread 56) UpdateOrchestrator: === Update cycle starting ===
2026-06-11 21:53:16.393 -05:00 [INF] (Thread 56) WindowsUpdateWorker: starting update pass.
2026-06-11 21:53:16.393 -05:00 [INF] (Thread 56) WindowsUpdateWorker: verifying PSWindowsUpdate module.
2026-06-11 21:53:16.395 -05:00 [DBG] (Thread 56) WindowsUpdateWorker: running PS script: $ProgressPreference = 'SilentlyContinue'
            $ErrorActionPreference = 'Stop'
            try {
                if (-not (Get-PackageProvider -Name NuGet -ListAvailable -ErrorAction SilentlyContinue)) {
                    Install-PackageProvider -Name NuGet -MinimumVersion 2.8.5.201 -Force -Scope AllUsers | Out-Null
                }
                Set-PSRepository -Name PSGallery -InstallationPolicy Trusted -ErrorAction SilentlyContinue
                if (-not (Get-Module -ListAvailable -Name PSWindowsUpdate -ErrorAction SilentlyContinue)) {
                    Install-Module PSWindowsUpdate -Force -SkipPublisherCheck -Scope AllUsers | Out-Null
                }
                Import-Module PSWindowsUpdate -Force -ErrorAction Stop
                try {
                    Add-WUServiceManager -MicrosoftUpdate -Confirm:$false -ErrorAction SilentlyContinue | Out-Null
                } catch {}
                Write-Output 'OK'
            } catch {
                Write-Output ('ERROR: ' + $_.Exception.Message)
            }
2026-06-11 21:53:28.761 -05:00 [INF] (Thread 56) WindowsUpdateWorker: PSWindowsUpdate module OK.
2026-06-11 21:53:28.763 -05:00 [DBG] (Thread 56) WindowsUpdateWorker: running PS script: Import-Module PSWindowsUpdate -ErrorAction Stop
        $ProgressPreference = 'SilentlyContinue'

        # Force the Windows Update Agent to scan before installing.
        # Fixes 0x80248007 (WU_E_DS_NODATA) on fresh builds or machines
        # whose update data store has not been initialised yet.
        try {
            Start-Process -FilePath 'UsoClient.exe' `
                -ArgumentList 'StartScan' `
                -Wait -NoNewWindow -ErrorAction SilentlyContinue
            Start-Sleep -Seconds 30
        } catch {}

        # 2>&1 merges stderr into the pipeline mixing strings with update
        # objects -- we filter them out in the foreach loop below.
        $rawOutput = Install-WindowsUpdate `
            -MicrosoftUpdate `
            -AcceptAll `
            -IgnoreReboot `
            -Install `
            -ErrorAction Continue 2>&1

        # Use a hashtable keyed on Title to keep only the LAST result per update.
        # PSWindowsUpdate emits objects at multiple pipeline stages (search, download,
        # install); overwriting ensures we capture the final post-install ResultCode
        # rather than an early ResultCode=0 (NotStarted).
        $byKey = @{}

        foreach ($u in $rawOutput) {
            if ($null -eq $u -or $u -isnot [PSObject]) { continue }
            if (-not ($u.PSObject.Properties.Name -contains 'Title')) { continue }
            if ([string]::IsNullOrWhiteSpace($u.Title)) { continue }

            $resultCode = 0
            try { $resultCode = [int]$u.ResultCode } catch { $resultCode = 4 }
            $succeeded = ($resultCode -eq 2 -or $resultCode -eq 3)

            # ResultCode=0 means NotStarted — treat as Skipped, not Failed.
            $status = if ($succeeded) { 'Succeeded' } elseif ($resultCode -eq 0) { 'Skipped' } else { 'Failed' }

            $kb = ''
            try {
                if ($u.KBArticleIDs -and $u.KBArticleIDs.Count -gt 0) {
                    $kb = 'KB' + $u.KBArticleIDs[0]
                }
            } catch {}

            $needsReboot = $false
            try { $needsReboot = [bool]$u.RebootRequired } catch {}

            $byKey[$u.Title] = [PSCustomObject]@{
                Identifier     = $kb
                Title          = [string]$u.Title
                Status         = $status
                ErrorMessage   = if ($succeeded -or $resultCode -eq 0) { '' } else { 'ResultCode=' + $resultCode }
                RebootRequired = $needsReboot
                AttemptedAt    = (Get-Date -Format 'o')
            }
        }

        $results = @($byKey.Values)

        if ($results.Count -eq 0) {
            Write-Output '[]'
        } else {
            $results | ConvertTo-Json -Compress
        }
2026-06-11 21:58:22.221 -05:00 [INF] (Thread 46) WindowsUpdateWorker: no updates installed — system reboot is already pending.
2026-06-11 21:58:22.222 -05:00 [INF] (Thread 46) WindowsUpdateWorker: pass complete. Total=1 Succeeded=1 Failed=0 Skipped=0
2026-06-11 21:58:22.222 -05:00 [INF] (Thread 46) WingetWorker: skipping — last run was 2026-06-11T17:42:33.7339150Z (less than 7 days ago).
2026-06-11 21:58:22.222 -05:00 [INF] (Thread 46) UpdateOrchestrator: cycle complete. Total=1 Succeeded=1 Failed=0 RebootRequired=true
2026-06-11 21:58:22.222 -05:00 [INF] (Thread 46) UpdateOrchestrator: reboot required but last reboot was 36.8 hours ago — skipping notification until 2-day minimum has elapsed.
2026-06-11 21:58:22.222 -05:00 [INF] (Thread 46) UpdateBackgroundService: next cycle in "01:00:00".
2026-06-11 22:58:22.260 -05:00 [INF] (Thread 56) SelfUpdater: checking for updates. Current version: 0.26.230.591
2026-06-11 22:58:22.424 -05:00 [INF] (Thread 46) SelfUpdater: remote version = 0.26.230.591.
2026-06-11 22:58:22.424 -05:00 [INF] (Thread 46) SelfUpdater: already up to date.
2026-06-11 22:58:22.424 -05:00 [INF] (Thread 46) UpdateOrchestrator: === Update cycle starting ===
2026-06-11 22:58:22.424 -05:00 [INF] (Thread 46) WindowsUpdateWorker: starting update pass.
2026-06-11 22:58:22.424 -05:00 [INF] (Thread 46) WindowsUpdateWorker: verifying PSWindowsUpdate module.
2026-06-11 22:58:22.426 -05:00 [DBG] (Thread 46) WindowsUpdateWorker: running PS script: $ProgressPreference = 'SilentlyContinue'
            $ErrorActionPreference = 'Stop'
            try {
                if (-not (Get-PackageProvider -Name NuGet -ListAvailable -ErrorAction SilentlyContinue)) {
                    Install-PackageProvider -Name NuGet -MinimumVersion 2.8.5.201 -Force -Scope AllUsers | Out-Null
                }
                Set-PSRepository -Name PSGallery -InstallationPolicy Trusted -ErrorAction SilentlyContinue
                if (-not (Get-Module -ListAvailable -Name PSWindowsUpdate -ErrorAction SilentlyContinue)) {
                    Install-Module PSWindowsUpdate -Force -SkipPublisherCheck -Scope AllUsers | Out-Null
                }
                Import-Module PSWindowsUpdate -Force -ErrorAction Stop
                try {
                    Add-WUServiceManager -MicrosoftUpdate -Confirm:$false -ErrorAction SilentlyContinue | Out-Null
                } catch {}
                Write-Output 'OK'
            } catch {
                Write-Output ('ERROR: ' + $_.Exception.Message)
            }
2026-06-11 22:58:34.324 -05:00 [INF] (Thread 46) WindowsUpdateWorker: PSWindowsUpdate module OK.
2026-06-11 22:58:34.325 -05:00 [DBG] (Thread 46) WindowsUpdateWorker: running PS script: Import-Module PSWindowsUpdate -ErrorAction Stop
        $ProgressPreference = 'SilentlyContinue'

        # Force the Windows Update Agent to scan before installing.
        # Fixes 0x80248007 (WU_E_DS_NODATA) on fresh builds or machines
        # whose update data store has not been initialised yet.
        try {
            Start-Process -FilePath 'UsoClient.exe' `
                -ArgumentList 'StartScan' `
                -Wait -NoNewWindow -ErrorAction SilentlyContinue
            Start-Sleep -Seconds 30
        } catch {}

        # 2>&1 merges stderr into the pipeline mixing strings with update
        # objects -- we filter them out in the foreach loop below.
        $rawOutput = Install-WindowsUpdate `
            -MicrosoftUpdate `
            -AcceptAll `
            -IgnoreReboot `
            -Install `
            -ErrorAction Continue 2>&1

        # Use a hashtable keyed on Title to keep only the LAST result per update.
        # PSWindowsUpdate emits objects at multiple pipeline stages (search, download,
        # install); overwriting ensures we capture the final post-install ResultCode
        # rather than an early ResultCode=0 (NotStarted).
        $byKey = @{}

        foreach ($u in $rawOutput) {
            if ($null -eq $u -or $u -isnot [PSObject]) { continue }
            if (-not ($u.PSObject.Properties.Name -contains 'Title')) { continue }
            if ([string]::IsNullOrWhiteSpace($u.Title)) { continue }

            $resultCode = 0
            try { $resultCode = [int]$u.ResultCode } catch { $resultCode = 4 }
            $succeeded = ($resultCode -eq 2 -or $resultCode -eq 3)

            # ResultCode=0 means NotStarted — treat as Skipped, not Failed.
            $status = if ($succeeded) { 'Succeeded' } elseif ($resultCode -eq 0) { 'Skipped' } else { 'Failed' }

            $kb = ''
            try {
                if ($u.KBArticleIDs -and $u.KBArticleIDs.Count -gt 0) {
                    $kb = 'KB' + $u.KBArticleIDs[0]
                }
            } catch {}

            $needsReboot = $false
            try { $needsReboot = [bool]$u.RebootRequired } catch {}

            $byKey[$u.Title] = [PSCustomObject]@{
                Identifier     = $kb
                Title          = [string]$u.Title
                Status         = $status
                ErrorMessage   = if ($succeeded -or $resultCode -eq 0) { '' } else { 'ResultCode=' + $resultCode }
                RebootRequired = $needsReboot
                AttemptedAt    = (Get-Date -Format 'o')
            }
        }

        $results = @($byKey.Values)

        if ($results.Count -eq 0) {
            Write-Output '[]'
        } else {
            $results | ConvertTo-Json -Compress
        }
2026-06-11 22:59:18.052 -05:00 [INF] (Thread 56) WindowsUpdateWorker: no updates installed — system reboot is already pending.
2026-06-11 22:59:18.052 -05:00 [INF] (Thread 56) WindowsUpdateWorker: pass complete. Total=1 Succeeded=1 Failed=0 Skipped=0
2026-06-11 22:59:18.053 -05:00 [INF] (Thread 56) WingetWorker: skipping — last run was 2026-06-11T17:42:33.7339150Z (less than 7 days ago).
2026-06-11 22:59:18.053 -05:00 [INF] (Thread 56) UpdateOrchestrator: cycle complete. Total=1 Succeeded=1 Failed=0 RebootRequired=true
2026-06-11 22:59:18.053 -05:00 [INF] (Thread 56) UpdateOrchestrator: reboot required but last reboot was 37.9 hours ago — skipping notification until 2-day minimum has elapsed.
2026-06-11 22:59:18.053 -05:00 [INF] (Thread 56) UpdateBackgroundService: next cycle in "01:00:00".
2026-06-11 23:59:18.077 -05:00 [INF] (Thread 46) SelfUpdater: checking for updates. Current version: 0.26.230.591
2026-06-11 23:59:18.253 -05:00 [INF] (Thread 46) SelfUpdater: remote version = 0.26.230.591.
2026-06-11 23:59:18.253 -05:00 [INF] (Thread 46) SelfUpdater: already up to date.
2026-06-11 23:59:18.253 -05:00 [INF] (Thread 46) UpdateOrchestrator: === Update cycle starting ===
2026-06-11 23:59:18.253 -05:00 [INF] (Thread 46) WindowsUpdateWorker: starting update pass.
2026-06-11 23:59:18.253 -05:00 [INF] (Thread 46) WindowsUpdateWorker: verifying PSWindowsUpdate module.
2026-06-11 23:59:18.255 -05:00 [DBG] (Thread 46) WindowsUpdateWorker: running PS script: $ProgressPreference = 'SilentlyContinue'
            $ErrorActionPreference = 'Stop'
            try {
                if (-not (Get-PackageProvider -Name NuGet -ListAvailable -ErrorAction SilentlyContinue)) {
                    Install-PackageProvider -Name NuGet -MinimumVersion 2.8.5.201 -Force -Scope AllUsers | Out-Null
                }
                Set-PSRepository -Name PSGallery -InstallationPolicy Trusted -ErrorAction SilentlyContinue
                if (-not (Get-Module -ListAvailable -Name PSWindowsUpdate -ErrorAction SilentlyContinue)) {
                    Install-Module PSWindowsUpdate -Force -SkipPublisherCheck -Scope AllUsers | Out-Null
                }
                Import-Module PSWindowsUpdate -Force -ErrorAction Stop
                try {
                    Add-WUServiceManager -MicrosoftUpdate -Confirm:$false -ErrorAction SilentlyContinue | Out-Null
                } catch {}
                Write-Output 'OK'
            } catch {
                Write-Output ('ERROR: ' + $_.Exception.Message)
            }
2026-06-11 23:59:30.015 -05:00 [INF] (Thread 46) WindowsUpdateWorker: PSWindowsUpdate module OK.
2026-06-11 23:59:30.016 -05:00 [DBG] (Thread 46) WindowsUpdateWorker: running PS script: Import-Module PSWindowsUpdate -ErrorAction Stop
        $ProgressPreference = 'SilentlyContinue'

        # Force the Windows Update Agent to scan before installing.
        # Fixes 0x80248007 (WU_E_DS_NODATA) on fresh builds or machines
        # whose update data store has not been initialised yet.
        try {
            Start-Process -FilePath 'UsoClient.exe' `
                -ArgumentList 'StartScan' `
                -Wait -NoNewWindow -ErrorAction SilentlyContinue
            Start-Sleep -Seconds 30
        } catch {}

        # 2>&1 merges stderr into the pipeline mixing strings with update
        # objects -- we filter them out in the foreach loop below.
        $rawOutput = Install-WindowsUpdate `
            -MicrosoftUpdate `
            -AcceptAll `
            -IgnoreReboot `
            -Install `
            -ErrorAction Continue 2>&1

        # Use a hashtable keyed on Title to keep only the LAST result per update.
        # PSWindowsUpdate emits objects at multiple pipeline stages (search, download,
        # install); overwriting ensures we capture the final post-install ResultCode
        # rather than an early ResultCode=0 (NotStarted).
        $byKey = @{}

        foreach ($u in $rawOutput) {
            if ($null -eq $u -or $u -isnot [PSObject]) { continue }
            if (-not ($u.PSObject.Properties.Name -contains 'Title')) { continue }
            if ([string]::IsNullOrWhiteSpace($u.Title)) { continue }

            $resultCode = 0
            try { $resultCode = [int]$u.ResultCode } catch { $resultCode = 4 }
            $succeeded = ($resultCode -eq 2 -or $resultCode -eq 3)

            # ResultCode=0 means NotStarted — treat as Skipped, not Failed.
            $status = if ($succeeded) { 'Succeeded' } elseif ($resultCode -eq 0) { 'Skipped' } else { 'Failed' }

            $kb = ''
            try {
                if ($u.KBArticleIDs -and $u.KBArticleIDs.Count -gt 0) {
                    $kb = 'KB' + $u.KBArticleIDs[0]
                }
            } catch {}

            $needsReboot = $false
            try { $needsReboot = [bool]$u.RebootRequired } catch {}

            $byKey[$u.Title] = [PSCustomObject]@{
                Identifier     = $kb
                Title          = [string]$u.Title
                Status         = $status
                ErrorMessage   = if ($succeeded -or $resultCode -eq 0) { '' } else { 'ResultCode=' + $resultCode }
                RebootRequired = $needsReboot
                AttemptedAt    = (Get-Date -Format 'o')
            }
        }

        $results = @($byKey.Values)

        if ($results.Count -eq 0) {
            Write-Output '[]'
        } else {
            $results | ConvertTo-Json -Compress
        }
