2026-06-18 00:31:04.175 -05:00 [INF] (Thread 85) SelfUpdater: checking for updates. Current version: 0.26.230.591
2026-06-18 00:31:04.264 -05:00 [INF] (Thread 82) SelfUpdater: remote version = 0.26.230.591.
2026-06-18 00:31:04.264 -05:00 [INF] (Thread 82) SelfUpdater: already up to date.
2026-06-18 00:31:04.264 -05:00 [INF] (Thread 82) UpdateOrchestrator: === Update cycle starting ===
2026-06-18 00:31:04.264 -05:00 [INF] (Thread 82) WindowsUpdateWorker: starting update pass.
2026-06-18 00:31:04.264 -05:00 [INF] (Thread 82) WindowsUpdateWorker: verifying PSWindowsUpdate module.
2026-06-18 00:31:04.269 -05:00 [DBG] (Thread 82) WindowsUpdateWorker: running PS script: $ProgressPreference = 'SilentlyContinue'
            $ErrorActionPreference = 'Stop'
            try {
                if (-not (Get-PackageProvider -Name NuGet -ListAvailable -ErrorAction SilentlyContinue)) {
                    Install-PackageProvider -Name NuGet -MinimumVersion 2.8.5.201 -Force -Scope AllUsers | Out-Null
                }
                Set-PSRepository -Name PSGallery -InstallationPolicy Trusted -ErrorAction SilentlyContinue
                if (-not (Get-Module -ListAvailable -Name PSWindowsUpdate -ErrorAction SilentlyContinue)) {
                    Install-Module PSWindowsUpdate -Force -SkipPublisherCheck -Scope AllUsers | Out-Null
                }
                Import-Module PSWindowsUpdate -Force -ErrorAction Stop
                try {
                    Add-WUServiceManager -MicrosoftUpdate -Confirm:$false -ErrorAction SilentlyContinue | Out-Null
                } catch {}
                Write-Output 'OK'
            } catch {
                Write-Output ('ERROR: ' + $_.Exception.Message)
            }
2026-06-18 00:31:16.810 -05:00 [INF] (Thread 85) WindowsUpdateWorker: PSWindowsUpdate module OK.
2026-06-18 00:31:16.811 -05:00 [DBG] (Thread 85) WindowsUpdateWorker: running PS script: Import-Module PSWindowsUpdate -ErrorAction Stop
        $ProgressPreference = 'SilentlyContinue'

        # Force the Windows Update Agent to scan before installing.
        # Fixes 0x80248007 (WU_E_DS_NODATA) on fresh builds or machines
        # whose update data store has not been initialised yet.
        try {
            Start-Process -FilePath 'UsoClient.exe' `
                -ArgumentList 'StartScan' `
                -Wait -NoNewWindow -ErrorAction SilentlyContinue
            Start-Sleep -Seconds 30
        } catch {}

        # 2>&1 merges stderr into the pipeline mixing strings with update
        # objects -- we filter them out in the foreach loop below.
        $rawOutput = Install-WindowsUpdate `
            -MicrosoftUpdate `
            -AcceptAll `
            -IgnoreReboot `
            -Install `
            -ErrorAction Continue 2>&1

        # Use a hashtable keyed on Title to keep only the LAST result per update.
        # PSWindowsUpdate emits objects at multiple pipeline stages (search, download,
        # install); overwriting ensures we capture the final post-install ResultCode
        # rather than an early ResultCode=0 (NotStarted).
        $byKey = @{}

        foreach ($u in $rawOutput) {
            if ($null -eq $u -or $u -isnot [PSObject]) { continue }
            if (-not ($u.PSObject.Properties.Name -contains 'Title')) { continue }
            if ([string]::IsNullOrWhiteSpace($u.Title)) { continue }

            $resultCode = 0
            try { $resultCode = [int]$u.ResultCode } catch { $resultCode = 4 }
            $succeeded = ($resultCode -eq 2 -or $resultCode -eq 3)

            # ResultCode=0 means NotStarted — treat as Skipped, not Failed.
            $status = if ($succeeded) { 'Succeeded' } elseif ($resultCode -eq 0) { 'Skipped' } else { 'Failed' }

            $kb = ''
            try {
                if ($u.KBArticleIDs -and $u.KBArticleIDs.Count -gt 0) {
                    $kb = 'KB' + $u.KBArticleIDs[0]
                }
            } catch {}

            $needsReboot = $false
            try { $needsReboot = [bool]$u.RebootRequired } catch {}

            $byKey[$u.Title] = [PSCustomObject]@{
                Identifier     = $kb
                Title          = [string]$u.Title
                Status         = $status
                ErrorMessage   = if ($succeeded -or $resultCode -eq 0) { '' } else { 'ResultCode=' + $resultCode }
                RebootRequired = $needsReboot
                AttemptedAt    = (Get-Date -Format 'o')
            }
        }

        $results = @($byKey.Values)

        if ($results.Count -eq 0) {
            Write-Output '[]'
        } else {
            $results | ConvertTo-Json -Compress
        }
2026-06-18 00:32:01.883 -05:00 [INF] (Thread 79) WindowsUpdateWorker: no updates installed — system reboot is already pending.
2026-06-18 00:32:01.883 -05:00 [INF] (Thread 79) WindowsUpdateWorker: pass complete. Total=3 Succeeded=1 Failed=0 Skipped=2
2026-06-18 00:32:01.884 -05:00 [INF] (Thread 79) WingetWorker: skipping — last run was 2026-06-16T16:17:53.8183052Z (less than 7 days ago).
2026-06-18 00:32:01.884 -05:00 [INF] (Thread 79) UpdateOrchestrator: cycle complete. Total=3 Succeeded=1 Failed=0 RebootRequired=true
2026-06-18 00:32:01.884 -05:00 [INF] (Thread 79) UpdateOrchestrator: reboot required but last reboot was 25.5 hours ago — skipping notification until 2-day minimum has elapsed.
2026-06-18 00:32:01.884 -05:00 [INF] (Thread 79) UpdateBackgroundService: next cycle in "01:00:00".
2026-06-18 01:32:01.897 -05:00 [INF] (Thread 81) SelfUpdater: checking for updates. Current version: 0.26.230.591
2026-06-18 01:32:02.038 -05:00 [INF] (Thread 85) SelfUpdater: remote version = 0.26.230.591.
2026-06-18 01:32:02.039 -05:00 [INF] (Thread 85) SelfUpdater: already up to date.
2026-06-18 01:32:02.039 -05:00 [INF] (Thread 85) UpdateOrchestrator: === Update cycle starting ===
2026-06-18 01:32:02.039 -05:00 [INF] (Thread 85) WindowsUpdateWorker: starting update pass.
2026-06-18 01:32:02.039 -05:00 [INF] (Thread 85) WindowsUpdateWorker: verifying PSWindowsUpdate module.
2026-06-18 01:32:02.041 -05:00 [DBG] (Thread 85) WindowsUpdateWorker: running PS script: $ProgressPreference = 'SilentlyContinue'
            $ErrorActionPreference = 'Stop'
            try {
                if (-not (Get-PackageProvider -Name NuGet -ListAvailable -ErrorAction SilentlyContinue)) {
                    Install-PackageProvider -Name NuGet -MinimumVersion 2.8.5.201 -Force -Scope AllUsers | Out-Null
                }
                Set-PSRepository -Name PSGallery -InstallationPolicy Trusted -ErrorAction SilentlyContinue
                if (-not (Get-Module -ListAvailable -Name PSWindowsUpdate -ErrorAction SilentlyContinue)) {
                    Install-Module PSWindowsUpdate -Force -SkipPublisherCheck -Scope AllUsers | Out-Null
                }
                Import-Module PSWindowsUpdate -Force -ErrorAction Stop
                try {
                    Add-WUServiceManager -MicrosoftUpdate -Confirm:$false -ErrorAction SilentlyContinue | Out-Null
                } catch {}
                Write-Output 'OK'
            } catch {
                Write-Output ('ERROR: ' + $_.Exception.Message)
            }
2026-06-18 01:32:14.679 -05:00 [INF] (Thread 85) WindowsUpdateWorker: PSWindowsUpdate module OK.
2026-06-18 01:32:14.680 -05:00 [DBG] (Thread 85) WindowsUpdateWorker: running PS script: Import-Module PSWindowsUpdate -ErrorAction Stop
        $ProgressPreference = 'SilentlyContinue'

        # Force the Windows Update Agent to scan before installing.
        # Fixes 0x80248007 (WU_E_DS_NODATA) on fresh builds or machines
        # whose update data store has not been initialised yet.
        try {
            Start-Process -FilePath 'UsoClient.exe' `
                -ArgumentList 'StartScan' `
                -Wait -NoNewWindow -ErrorAction SilentlyContinue
            Start-Sleep -Seconds 30
        } catch {}

        # 2>&1 merges stderr into the pipeline mixing strings with update
        # objects -- we filter them out in the foreach loop below.
        $rawOutput = Install-WindowsUpdate `
            -MicrosoftUpdate `
            -AcceptAll `
            -IgnoreReboot `
            -Install `
            -ErrorAction Continue 2>&1

        # Use a hashtable keyed on Title to keep only the LAST result per update.
        # PSWindowsUpdate emits objects at multiple pipeline stages (search, download,
        # install); overwriting ensures we capture the final post-install ResultCode
        # rather than an early ResultCode=0 (NotStarted).
        $byKey = @{}

        foreach ($u in $rawOutput) {
            if ($null -eq $u -or $u -isnot [PSObject]) { continue }
            if (-not ($u.PSObject.Properties.Name -contains 'Title')) { continue }
            if ([string]::IsNullOrWhiteSpace($u.Title)) { continue }

            $resultCode = 0
            try { $resultCode = [int]$u.ResultCode } catch { $resultCode = 4 }
            $succeeded = ($resultCode -eq 2 -or $resultCode -eq 3)

            # ResultCode=0 means NotStarted — treat as Skipped, not Failed.
            $status = if ($succeeded) { 'Succeeded' } elseif ($resultCode -eq 0) { 'Skipped' } else { 'Failed' }

            $kb = ''
            try {
                if ($u.KBArticleIDs -and $u.KBArticleIDs.Count -gt 0) {
                    $kb = 'KB' + $u.KBArticleIDs[0]
                }
            } catch {}

            $needsReboot = $false
            try { $needsReboot = [bool]$u.RebootRequired } catch {}

            $byKey[$u.Title] = [PSCustomObject]@{
                Identifier     = $kb
                Title          = [string]$u.Title
                Status         = $status
                ErrorMessage   = if ($succeeded -or $resultCode -eq 0) { '' } else { 'ResultCode=' + $resultCode }
                RebootRequired = $needsReboot
                AttemptedAt    = (Get-Date -Format 'o')
            }
        }

        $results = @($byKey.Values)

        if ($results.Count -eq 0) {
            Write-Output '[]'
        } else {
            $results | ConvertTo-Json -Compress
        }
2026-06-18 01:33:18.463 -05:00 [INF] (Thread 84) WindowsUpdateWorker: no updates installed — system reboot is already pending.
2026-06-18 01:33:18.463 -05:00 [INF] (Thread 84) WindowsUpdateWorker: pass complete. Total=3 Succeeded=1 Failed=0 Skipped=2
2026-06-18 01:33:18.466 -05:00 [INF] (Thread 84) WingetWorker: skipping — last run was 2026-06-16T16:17:53.8183052Z (less than 7 days ago).
2026-06-18 01:33:18.466 -05:00 [INF] (Thread 84) UpdateOrchestrator: cycle complete. Total=3 Succeeded=1 Failed=0 RebootRequired=true
2026-06-18 01:33:18.466 -05:00 [INF] (Thread 84) UpdateOrchestrator: reboot required but last reboot was 26.5 hours ago — skipping notification until 2-day minimum has elapsed.
2026-06-18 01:33:18.466 -05:00 [INF] (Thread 84) UpdateBackgroundService: next cycle in "01:00:00".
2026-06-18 02:33:18.479 -05:00 [INF] (Thread 80) SelfUpdater: checking for updates. Current version: 0.26.230.591
2026-06-18 02:33:18.640 -05:00 [INF] (Thread 80) SelfUpdater: remote version = 0.26.230.591.
2026-06-18 02:33:18.640 -05:00 [INF] (Thread 80) SelfUpdater: already up to date.
2026-06-18 02:33:18.640 -05:00 [INF] (Thread 80) UpdateOrchestrator: === Update cycle starting ===
2026-06-18 02:33:18.640 -05:00 [INF] (Thread 80) WindowsUpdateWorker: starting update pass.
2026-06-18 02:33:18.640 -05:00 [INF] (Thread 80) WindowsUpdateWorker: verifying PSWindowsUpdate module.
2026-06-18 02:33:18.642 -05:00 [DBG] (Thread 80) WindowsUpdateWorker: running PS script: $ProgressPreference = 'SilentlyContinue'
            $ErrorActionPreference = 'Stop'
            try {
                if (-not (Get-PackageProvider -Name NuGet -ListAvailable -ErrorAction SilentlyContinue)) {
                    Install-PackageProvider -Name NuGet -MinimumVersion 2.8.5.201 -Force -Scope AllUsers | Out-Null
                }
                Set-PSRepository -Name PSGallery -InstallationPolicy Trusted -ErrorAction SilentlyContinue
                if (-not (Get-Module -ListAvailable -Name PSWindowsUpdate -ErrorAction SilentlyContinue)) {
                    Install-Module PSWindowsUpdate -Force -SkipPublisherCheck -Scope AllUsers | Out-Null
                }
                Import-Module PSWindowsUpdate -Force -ErrorAction Stop
                try {
                    Add-WUServiceManager -MicrosoftUpdate -Confirm:$false -ErrorAction SilentlyContinue | Out-Null
                } catch {}
                Write-Output 'OK'
            } catch {
                Write-Output ('ERROR: ' + $_.Exception.Message)
            }
2026-06-18 02:33:32.956 -05:00 [INF] (Thread 85) WindowsUpdateWorker: PSWindowsUpdate module OK.
2026-06-18 02:33:32.956 -05:00 [DBG] (Thread 85) WindowsUpdateWorker: running PS script: Import-Module PSWindowsUpdate -ErrorAction Stop
        $ProgressPreference = 'SilentlyContinue'

        # Force the Windows Update Agent to scan before installing.
        # Fixes 0x80248007 (WU_E_DS_NODATA) on fresh builds or machines
        # whose update data store has not been initialised yet.
        try {
            Start-Process -FilePath 'UsoClient.exe' `
                -ArgumentList 'StartScan' `
                -Wait -NoNewWindow -ErrorAction SilentlyContinue
            Start-Sleep -Seconds 30
        } catch {}

        # 2>&1 merges stderr into the pipeline mixing strings with update
        # objects -- we filter them out in the foreach loop below.
        $rawOutput = Install-WindowsUpdate `
            -MicrosoftUpdate `
            -AcceptAll `
            -IgnoreReboot `
            -Install `
            -ErrorAction Continue 2>&1

        # Use a hashtable keyed on Title to keep only the LAST result per update.
        # PSWindowsUpdate emits objects at multiple pipeline stages (search, download,
        # install); overwriting ensures we capture the final post-install ResultCode
        # rather than an early ResultCode=0 (NotStarted).
        $byKey = @{}

        foreach ($u in $rawOutput) {
            if ($null -eq $u -or $u -isnot [PSObject]) { continue }
            if (-not ($u.PSObject.Properties.Name -contains 'Title')) { continue }
            if ([string]::IsNullOrWhiteSpace($u.Title)) { continue }

            $resultCode = 0
            try { $resultCode = [int]$u.ResultCode } catch { $resultCode = 4 }
            $succeeded = ($resultCode -eq 2 -or $resultCode -eq 3)

            # ResultCode=0 means NotStarted — treat as Skipped, not Failed.
            $status = if ($succeeded) { 'Succeeded' } elseif ($resultCode -eq 0) { 'Skipped' } else { 'Failed' }

            $kb = ''
            try {
                if ($u.KBArticleIDs -and $u.KBArticleIDs.Count -gt 0) {
                    $kb = 'KB' + $u.KBArticleIDs[0]
                }
            } catch {}

            $needsReboot = $false
            try { $needsReboot = [bool]$u.RebootRequired } catch {}

            $byKey[$u.Title] = [PSCustomObject]@{
                Identifier     = $kb
                Title          = [string]$u.Title
                Status         = $status
                ErrorMessage   = if ($succeeded -or $resultCode -eq 0) { '' } else { 'ResultCode=' + $resultCode }
                RebootRequired = $needsReboot
                AttemptedAt    = (Get-Date -Format 'o')
            }
        }

        $results = @($byKey.Values)

        if ($results.Count -eq 0) {
            Write-Output '[]'
        } else {
            $results | ConvertTo-Json -Compress
        }
2026-06-18 02:34:19.097 -05:00 [INF] (Thread 85) WindowsUpdateWorker: no updates installed — system reboot is already pending.
2026-06-18 02:34:19.097 -05:00 [INF] (Thread 85) WindowsUpdateWorker: pass complete. Total=3 Succeeded=1 Failed=0 Skipped=2
2026-06-18 02:34:19.097 -05:00 [INF] (Thread 85) WingetWorker: skipping — last run was 2026-06-16T16:17:53.8183052Z (less than 7 days ago).
2026-06-18 02:34:19.097 -05:00 [INF] (Thread 85) UpdateOrchestrator: cycle complete. Total=3 Succeeded=1 Failed=0 RebootRequired=true
2026-06-18 02:34:19.097 -05:00 [INF] (Thread 85) UpdateOrchestrator: reboot required but last reboot was 27.6 hours ago — skipping notification until 2-day minimum has elapsed.
2026-06-18 02:34:19.097 -05:00 [INF] (Thread 85) UpdateBackgroundService: next cycle in "01:00:00".
2026-06-18 03:34:19.106 -05:00 [INF] (Thread 80) SelfUpdater: checking for updates. Current version: 0.26.230.591
2026-06-18 03:34:19.182 -05:00 [INF] (Thread 80) SelfUpdater: remote version = 0.26.230.591.
2026-06-18 03:34:19.182 -05:00 [INF] (Thread 80) SelfUpdater: already up to date.
2026-06-18 03:34:19.182 -05:00 [INF] (Thread 80) UpdateOrchestrator: === Update cycle starting ===
2026-06-18 03:34:19.182 -05:00 [INF] (Thread 80) WindowsUpdateWorker: starting update pass.
2026-06-18 03:34:19.182 -05:00 [INF] (Thread 80) WindowsUpdateWorker: verifying PSWindowsUpdate module.
2026-06-18 03:34:19.183 -05:00 [DBG] (Thread 80) WindowsUpdateWorker: running PS script: $ProgressPreference = 'SilentlyContinue'
            $ErrorActionPreference = 'Stop'
            try {
                if (-not (Get-PackageProvider -Name NuGet -ListAvailable -ErrorAction SilentlyContinue)) {
                    Install-PackageProvider -Name NuGet -MinimumVersion 2.8.5.201 -Force -Scope AllUsers | Out-Null
                }
                Set-PSRepository -Name PSGallery -InstallationPolicy Trusted -ErrorAction SilentlyContinue
                if (-not (Get-Module -ListAvailable -Name PSWindowsUpdate -ErrorAction SilentlyContinue)) {
                    Install-Module PSWindowsUpdate -Force -SkipPublisherCheck -Scope AllUsers | Out-Null
                }
                Import-Module PSWindowsUpdate -Force -ErrorAction Stop
                try {
                    Add-WUServiceManager -MicrosoftUpdate -Confirm:$false -ErrorAction SilentlyContinue | Out-Null
                } catch {}
                Write-Output 'OK'
            } catch {
                Write-Output ('ERROR: ' + $_.Exception.Message)
            }
2026-06-18 03:34:31.248 -05:00 [INF] (Thread 73) WindowsUpdateWorker: PSWindowsUpdate module OK.
2026-06-18 03:34:31.249 -05:00 [DBG] (Thread 73) WindowsUpdateWorker: running PS script: Import-Module PSWindowsUpdate -ErrorAction Stop
        $ProgressPreference = 'SilentlyContinue'

        # Force the Windows Update Agent to scan before installing.
        # Fixes 0x80248007 (WU_E_DS_NODATA) on fresh builds or machines
        # whose update data store has not been initialised yet.
        try {
            Start-Process -FilePath 'UsoClient.exe' `
                -ArgumentList 'StartScan' `
                -Wait -NoNewWindow -ErrorAction SilentlyContinue
            Start-Sleep -Seconds 30
        } catch {}

        # 2>&1 merges stderr into the pipeline mixing strings with update
        # objects -- we filter them out in the foreach loop below.
        $rawOutput = Install-WindowsUpdate `
            -MicrosoftUpdate `
            -AcceptAll `
            -IgnoreReboot `
            -Install `
            -ErrorAction Continue 2>&1

        # Use a hashtable keyed on Title to keep only the LAST result per update.
        # PSWindowsUpdate emits objects at multiple pipeline stages (search, download,
        # install); overwriting ensures we capture the final post-install ResultCode
        # rather than an early ResultCode=0 (NotStarted).
        $byKey = @{}

        foreach ($u in $rawOutput) {
            if ($null -eq $u -or $u -isnot [PSObject]) { continue }
            if (-not ($u.PSObject.Properties.Name -contains 'Title')) { continue }
            if ([string]::IsNullOrWhiteSpace($u.Title)) { continue }

            $resultCode = 0
            try { $resultCode = [int]$u.ResultCode } catch { $resultCode = 4 }
            $succeeded = ($resultCode -eq 2 -or $resultCode -eq 3)

            # ResultCode=0 means NotStarted — treat as Skipped, not Failed.
            $status = if ($succeeded) { 'Succeeded' } elseif ($resultCode -eq 0) { 'Skipped' } else { 'Failed' }

            $kb = ''
            try {
                if ($u.KBArticleIDs -and $u.KBArticleIDs.Count -gt 0) {
                    $kb = 'KB' + $u.KBArticleIDs[0]
                }
            } catch {}

            $needsReboot = $false
            try { $needsReboot = [bool]$u.RebootRequired } catch {}

            $byKey[$u.Title] = [PSCustomObject]@{
                Identifier     = $kb
                Title          = [string]$u.Title
                Status         = $status
                ErrorMessage   = if ($succeeded -or $resultCode -eq 0) { '' } else { 'ResultCode=' + $resultCode }
                RebootRequired = $needsReboot
                AttemptedAt    = (Get-Date -Format 'o')
            }
        }

        $results = @($byKey.Values)

        if ($results.Count -eq 0) {
            Write-Output '[]'
        } else {
            $results | ConvertTo-Json -Compress
        }
2026-06-18 03:35:16.921 -05:00 [INF] (Thread 69) WindowsUpdateWorker: no updates installed — system reboot is already pending.
2026-06-18 03:35:16.921 -05:00 [INF] (Thread 69) WindowsUpdateWorker: pass complete. Total=3 Succeeded=1 Failed=0 Skipped=2
2026-06-18 03:35:16.921 -05:00 [INF] (Thread 69) WingetWorker: skipping — last run was 2026-06-16T16:17:53.8183052Z (less than 7 days ago).
2026-06-18 03:35:16.921 -05:00 [INF] (Thread 69) UpdateOrchestrator: cycle complete. Total=3 Succeeded=1 Failed=0 RebootRequired=true
2026-06-18 03:35:16.921 -05:00 [INF] (Thread 69) UpdateOrchestrator: reboot required but last reboot was 28.6 hours ago — skipping notification until 2-day minimum has elapsed.
2026-06-18 03:35:16.921 -05:00 [INF] (Thread 69) UpdateBackgroundService: next cycle in "01:00:00".
2026-06-18 04:35:16.931 -05:00 [INF] (Thread 75) SelfUpdater: checking for updates. Current version: 0.26.230.591
2026-06-18 04:35:17.007 -05:00 [INF] (Thread 75) SelfUpdater: remote version = 0.26.230.591.
2026-06-18 04:35:17.007 -05:00 [INF] (Thread 75) SelfUpdater: already up to date.
2026-06-18 04:35:17.007 -05:00 [INF] (Thread 75) UpdateOrchestrator: === Update cycle starting ===
2026-06-18 04:35:17.007 -05:00 [INF] (Thread 75) WindowsUpdateWorker: starting update pass.
2026-06-18 04:35:17.007 -05:00 [INF] (Thread 75) WindowsUpdateWorker: verifying PSWindowsUpdate module.
2026-06-18 04:35:17.008 -05:00 [DBG] (Thread 75) WindowsUpdateWorker: running PS script: $ProgressPreference = 'SilentlyContinue'
            $ErrorActionPreference = 'Stop'
            try {
                if (-not (Get-PackageProvider -Name NuGet -ListAvailable -ErrorAction SilentlyContinue)) {
                    Install-PackageProvider -Name NuGet -MinimumVersion 2.8.5.201 -Force -Scope AllUsers | Out-Null
                }
                Set-PSRepository -Name PSGallery -InstallationPolicy Trusted -ErrorAction SilentlyContinue
                if (-not (Get-Module -ListAvailable -Name PSWindowsUpdate -ErrorAction SilentlyContinue)) {
                    Install-Module PSWindowsUpdate -Force -SkipPublisherCheck -Scope AllUsers | Out-Null
                }
                Import-Module PSWindowsUpdate -Force -ErrorAction Stop
                try {
                    Add-WUServiceManager -MicrosoftUpdate -Confirm:$false -ErrorAction SilentlyContinue | Out-Null
                } catch {}
                Write-Output 'OK'
            } catch {
                Write-Output ('ERROR: ' + $_.Exception.Message)
            }
2026-06-18 04:35:30.910 -05:00 [INF] (Thread 75) WindowsUpdateWorker: PSWindowsUpdate module OK.
2026-06-18 04:35:30.911 -05:00 [DBG] (Thread 75) WindowsUpdateWorker: running PS script: Import-Module PSWindowsUpdate -ErrorAction Stop
        $ProgressPreference = 'SilentlyContinue'

        # Force the Windows Update Agent to scan before installing.
        # Fixes 0x80248007 (WU_E_DS_NODATA) on fresh builds or machines
        # whose update data store has not been initialised yet.
        try {
            Start-Process -FilePath 'UsoClient.exe' `
                -ArgumentList 'StartScan' `
                -Wait -NoNewWindow -ErrorAction SilentlyContinue
            Start-Sleep -Seconds 30
        } catch {}

        # 2>&1 merges stderr into the pipeline mixing strings with update
        # objects -- we filter them out in the foreach loop below.
        $rawOutput = Install-WindowsUpdate `
            -MicrosoftUpdate `
            -AcceptAll `
            -IgnoreReboot `
            -Install `
            -ErrorAction Continue 2>&1

        # Use a hashtable keyed on Title to keep only the LAST result per update.
        # PSWindowsUpdate emits objects at multiple pipeline stages (search, download,
        # install); overwriting ensures we capture the final post-install ResultCode
        # rather than an early ResultCode=0 (NotStarted).
        $byKey = @{}

        foreach ($u in $rawOutput) {
            if ($null -eq $u -or $u -isnot [PSObject]) { continue }
            if (-not ($u.PSObject.Properties.Name -contains 'Title')) { continue }
            if ([string]::IsNullOrWhiteSpace($u.Title)) { continue }

            $resultCode = 0
            try { $resultCode = [int]$u.ResultCode } catch { $resultCode = 4 }
            $succeeded = ($resultCode -eq 2 -or $resultCode -eq 3)

            # ResultCode=0 means NotStarted — treat as Skipped, not Failed.
            $status = if ($succeeded) { 'Succeeded' } elseif ($resultCode -eq 0) { 'Skipped' } else { 'Failed' }

            $kb = ''
            try {
                if ($u.KBArticleIDs -and $u.KBArticleIDs.Count -gt 0) {
                    $kb = 'KB' + $u.KBArticleIDs[0]
                }
            } catch {}

            $needsReboot = $false
            try { $needsReboot = [bool]$u.RebootRequired } catch {}

            $byKey[$u.Title] = [PSCustomObject]@{
                Identifier     = $kb
                Title          = [string]$u.Title
                Status         = $status
                ErrorMessage   = if ($succeeded -or $resultCode -eq 0) { '' } else { 'ResultCode=' + $resultCode }
                RebootRequired = $needsReboot
                AttemptedAt    = (Get-Date -Format 'o')
            }
        }

        $results = @($byKey.Values)

        if ($results.Count -eq 0) {
            Write-Output '[]'
        } else {
            $results | ConvertTo-Json -Compress
        }
2026-06-18 04:37:01.285 -05:00 [INF] (Thread 74) WindowsUpdateWorker: no updates installed — system reboot is already pending.
2026-06-18 04:37:01.285 -05:00 [INF] (Thread 74) WindowsUpdateWorker: pass complete. Total=3 Succeeded=1 Failed=0 Skipped=2
2026-06-18 04:37:01.285 -05:00 [INF] (Thread 74) WingetWorker: skipping — last run was 2026-06-16T16:17:53.8183052Z (less than 7 days ago).
2026-06-18 04:37:01.285 -05:00 [INF] (Thread 74) UpdateOrchestrator: cycle complete. Total=3 Succeeded=1 Failed=0 RebootRequired=true
2026-06-18 04:37:01.285 -05:00 [INF] (Thread 74) UpdateOrchestrator: reboot required but last reboot was 29.6 hours ago — skipping notification until 2-day minimum has elapsed.
2026-06-18 04:37:01.285 -05:00 [INF] (Thread 74) UpdateBackgroundService: next cycle in "01:00:00".
2026-06-18 05:37:01.300 -05:00 [INF] (Thread 68) SelfUpdater: checking for updates. Current version: 0.26.230.591
2026-06-18 05:37:01.374 -05:00 [INF] (Thread 74) SelfUpdater: remote version = 0.26.230.591.
2026-06-18 05:37:01.374 -05:00 [INF] (Thread 74) SelfUpdater: already up to date.
2026-06-18 05:37:01.374 -05:00 [INF] (Thread 74) UpdateOrchestrator: === Update cycle starting ===
2026-06-18 05:37:01.374 -05:00 [INF] (Thread 74) WindowsUpdateWorker: starting update pass.
2026-06-18 05:37:01.374 -05:00 [INF] (Thread 74) WindowsUpdateWorker: verifying PSWindowsUpdate module.
2026-06-18 05:37:01.375 -05:00 [DBG] (Thread 74) WindowsUpdateWorker: running PS script: $ProgressPreference = 'SilentlyContinue'
            $ErrorActionPreference = 'Stop'
            try {
                if (-not (Get-PackageProvider -Name NuGet -ListAvailable -ErrorAction SilentlyContinue)) {
                    Install-PackageProvider -Name NuGet -MinimumVersion 2.8.5.201 -Force -Scope AllUsers | Out-Null
                }
                Set-PSRepository -Name PSGallery -InstallationPolicy Trusted -ErrorAction SilentlyContinue
                if (-not (Get-Module -ListAvailable -Name PSWindowsUpdate -ErrorAction SilentlyContinue)) {
                    Install-Module PSWindowsUpdate -Force -SkipPublisherCheck -Scope AllUsers | Out-Null
                }
                Import-Module PSWindowsUpdate -Force -ErrorAction Stop
                try {
                    Add-WUServiceManager -MicrosoftUpdate -Confirm:$false -ErrorAction SilentlyContinue | Out-Null
                } catch {}
                Write-Output 'OK'
            } catch {
                Write-Output ('ERROR: ' + $_.Exception.Message)
            }
2026-06-18 05:37:14.887 -05:00 [INF] (Thread 64) WindowsUpdateWorker: PSWindowsUpdate module OK.
2026-06-18 05:37:14.888 -05:00 [DBG] (Thread 64) WindowsUpdateWorker: running PS script: Import-Module PSWindowsUpdate -ErrorAction Stop
        $ProgressPreference = 'SilentlyContinue'

        # Force the Windows Update Agent to scan before installing.
        # Fixes 0x80248007 (WU_E_DS_NODATA) on fresh builds or machines
        # whose update data store has not been initialised yet.
        try {
            Start-Process -FilePath 'UsoClient.exe' `
                -ArgumentList 'StartScan' `
                -Wait -NoNewWindow -ErrorAction SilentlyContinue
            Start-Sleep -Seconds 30
        } catch {}

        # 2>&1 merges stderr into the pipeline mixing strings with update
        # objects -- we filter them out in the foreach loop below.
        $rawOutput = Install-WindowsUpdate `
            -MicrosoftUpdate `
            -AcceptAll `
            -IgnoreReboot `
            -Install `
            -ErrorAction Continue 2>&1

        # Use a hashtable keyed on Title to keep only the LAST result per update.
        # PSWindowsUpdate emits objects at multiple pipeline stages (search, download,
        # install); overwriting ensures we capture the final post-install ResultCode
        # rather than an early ResultCode=0 (NotStarted).
        $byKey = @{}

        foreach ($u in $rawOutput) {
            if ($null -eq $u -or $u -isnot [PSObject]) { continue }
            if (-not ($u.PSObject.Properties.Name -contains 'Title')) { continue }
            if ([string]::IsNullOrWhiteSpace($u.Title)) { continue }

            $resultCode = 0
            try { $resultCode = [int]$u.ResultCode } catch { $resultCode = 4 }
            $succeeded = ($resultCode -eq 2 -or $resultCode -eq 3)

            # ResultCode=0 means NotStarted — treat as Skipped, not Failed.
            $status = if ($succeeded) { 'Succeeded' } elseif ($resultCode -eq 0) { 'Skipped' } else { 'Failed' }

            $kb = ''
            try {
                if ($u.KBArticleIDs -and $u.KBArticleIDs.Count -gt 0) {
                    $kb = 'KB' + $u.KBArticleIDs[0]
                }
            } catch {}

            $needsReboot = $false
            try { $needsReboot = [bool]$u.RebootRequired } catch {}

            $byKey[$u.Title] = [PSCustomObject]@{
                Identifier     = $kb
                Title          = [string]$u.Title
                Status         = $status
                ErrorMessage   = if ($succeeded -or $resultCode -eq 0) { '' } else { 'ResultCode=' + $resultCode }
                RebootRequired = $needsReboot
                AttemptedAt    = (Get-Date -Format 'o')
            }
        }

        $results = @($byKey.Values)

        if ($results.Count -eq 0) {
            Write-Output '[]'
        } else {
            $results | ConvertTo-Json -Compress
        }
2026-06-18 05:38:16.089 -05:00 [INF] (Thread 74) WindowsUpdateWorker: no updates installed — system reboot is already pending.
2026-06-18 05:38:16.090 -05:00 [INF] (Thread 74) WindowsUpdateWorker: pass complete. Total=3 Succeeded=1 Failed=0 Skipped=2
2026-06-18 05:38:16.090 -05:00 [INF] (Thread 74) WingetWorker: skipping — last run was 2026-06-16T16:17:53.8183052Z (less than 7 days ago).
2026-06-18 05:38:16.090 -05:00 [INF] (Thread 74) UpdateOrchestrator: cycle complete. Total=3 Succeeded=1 Failed=0 RebootRequired=true
2026-06-18 05:38:16.090 -05:00 [INF] (Thread 74) UpdateOrchestrator: reboot required but last reboot was 30.6 hours ago — skipping notification until 2-day minimum has elapsed.
2026-06-18 05:38:16.090 -05:00 [INF] (Thread 74) UpdateBackgroundService: next cycle in "01:00:00".
2026-06-18 06:38:16.124 -05:00 [INF] (Thread 74) SelfUpdater: checking for updates. Current version: 0.26.230.591
2026-06-18 06:38:16.270 -05:00 [INF] (Thread 64) SelfUpdater: remote version = 0.26.230.591.
2026-06-18 06:38:16.270 -05:00 [INF] (Thread 64) SelfUpdater: already up to date.
2026-06-18 06:38:16.270 -05:00 [INF] (Thread 64) UpdateOrchestrator: === Update cycle starting ===
2026-06-18 06:38:16.271 -05:00 [INF] (Thread 64) WindowsUpdateWorker: starting update pass.
2026-06-18 06:38:16.271 -05:00 [INF] (Thread 64) WindowsUpdateWorker: verifying PSWindowsUpdate module.
2026-06-18 06:38:16.272 -05:00 [DBG] (Thread 64) WindowsUpdateWorker: running PS script: $ProgressPreference = 'SilentlyContinue'
            $ErrorActionPreference = 'Stop'
            try {
                if (-not (Get-PackageProvider -Name NuGet -ListAvailable -ErrorAction SilentlyContinue)) {
                    Install-PackageProvider -Name NuGet -MinimumVersion 2.8.5.201 -Force -Scope AllUsers | Out-Null
                }
                Set-PSRepository -Name PSGallery -InstallationPolicy Trusted -ErrorAction SilentlyContinue
                if (-not (Get-Module -ListAvailable -Name PSWindowsUpdate -ErrorAction SilentlyContinue)) {
                    Install-Module PSWindowsUpdate -Force -SkipPublisherCheck -Scope AllUsers | Out-Null
                }
                Import-Module PSWindowsUpdate -Force -ErrorAction Stop
                try {
                    Add-WUServiceManager -MicrosoftUpdate -Confirm:$false -ErrorAction SilentlyContinue | Out-Null
                } catch {}
                Write-Output 'OK'
            } catch {
                Write-Output ('ERROR: ' + $_.Exception.Message)
            }
2026-06-18 06:38:56.139 -05:00 [INF] (Thread 65) WindowsUpdateWorker: PSWindowsUpdate module OK.
2026-06-18 06:38:56.141 -05:00 [DBG] (Thread 65) WindowsUpdateWorker: running PS script: Import-Module PSWindowsUpdate -ErrorAction Stop
        $ProgressPreference = 'SilentlyContinue'

        # Force the Windows Update Agent to scan before installing.
        # Fixes 0x80248007 (WU_E_DS_NODATA) on fresh builds or machines
        # whose update data store has not been initialised yet.
        try {
            Start-Process -FilePath 'UsoClient.exe' `
                -ArgumentList 'StartScan' `
                -Wait -NoNewWindow -ErrorAction SilentlyContinue
            Start-Sleep -Seconds 30
        } catch {}

        # 2>&1 merges stderr into the pipeline mixing strings with update
        # objects -- we filter them out in the foreach loop below.
        $rawOutput = Install-WindowsUpdate `
            -MicrosoftUpdate `
            -AcceptAll `
            -IgnoreReboot `
            -Install `
            -ErrorAction Continue 2>&1

        # Use a hashtable keyed on Title to keep only the LAST result per update.
        # PSWindowsUpdate emits objects at multiple pipeline stages (search, download,
        # install); overwriting ensures we capture the final post-install ResultCode
        # rather than an early ResultCode=0 (NotStarted).
        $byKey = @{}

        foreach ($u in $rawOutput) {
            if ($null -eq $u -or $u -isnot [PSObject]) { continue }
            if (-not ($u.PSObject.Properties.Name -contains 'Title')) { continue }
            if ([string]::IsNullOrWhiteSpace($u.Title)) { continue }

            $resultCode = 0
            try { $resultCode = [int]$u.ResultCode } catch { $resultCode = 4 }
            $succeeded = ($resultCode -eq 2 -or $resultCode -eq 3)

            # ResultCode=0 means NotStarted — treat as Skipped, not Failed.
            $status = if ($succeeded) { 'Succeeded' } elseif ($resultCode -eq 0) { 'Skipped' } else { 'Failed' }

            $kb = ''
            try {
                if ($u.KBArticleIDs -and $u.KBArticleIDs.Count -gt 0) {
                    $kb = 'KB' + $u.KBArticleIDs[0]
                }
            } catch {}

            $needsReboot = $false
            try { $needsReboot = [bool]$u.RebootRequired } catch {}

            $byKey[$u.Title] = [PSCustomObject]@{
                Identifier     = $kb
                Title          = [string]$u.Title
                Status         = $status
                ErrorMessage   = if ($succeeded -or $resultCode -eq 0) { '' } else { 'ResultCode=' + $resultCode }
                RebootRequired = $needsReboot
                AttemptedAt    = (Get-Date -Format 'o')
            }
        }

        $results = @($byKey.Values)

        if ($results.Count -eq 0) {
            Write-Output '[]'
        } else {
            $results | ConvertTo-Json -Compress
        }
2026-06-18 06:40:06.960 -05:00 [INF] (Thread 65) WindowsUpdateWorker: no updates installed — system reboot is already pending.
2026-06-18 06:40:06.960 -05:00 [INF] (Thread 65) WindowsUpdateWorker: pass complete. Total=3 Succeeded=1 Failed=0 Skipped=2
2026-06-18 06:40:06.960 -05:00 [INF] (Thread 65) WingetWorker: skipping — last run was 2026-06-16T16:17:53.8183052Z (less than 7 days ago).
2026-06-18 06:40:06.960 -05:00 [INF] (Thread 65) UpdateOrchestrator: cycle complete. Total=3 Succeeded=1 Failed=0 RebootRequired=true
2026-06-18 06:40:06.960 -05:00 [INF] (Thread 65) UpdateOrchestrator: reboot required but last reboot was 31.7 hours ago — skipping notification until 2-day minimum has elapsed.
2026-06-18 06:40:06.960 -05:00 [INF] (Thread 65) UpdateBackgroundService: next cycle in "01:00:00".
2026-06-18 07:40:06.978 -05:00 [INF] (Thread 64) SelfUpdater: checking for updates. Current version: 0.26.230.591
2026-06-18 07:40:07.063 -05:00 [INF] (Thread 64) SelfUpdater: remote version = 0.26.230.591.
2026-06-18 07:40:07.063 -05:00 [INF] (Thread 64) SelfUpdater: already up to date.
2026-06-18 07:40:07.063 -05:00 [INF] (Thread 64) UpdateOrchestrator: === Update cycle starting ===
2026-06-18 07:40:07.063 -05:00 [INF] (Thread 64) WindowsUpdateWorker: starting update pass.
2026-06-18 07:40:07.063 -05:00 [INF] (Thread 64) WindowsUpdateWorker: verifying PSWindowsUpdate module.
2026-06-18 07:40:07.065 -05:00 [DBG] (Thread 64) WindowsUpdateWorker: running PS script: $ProgressPreference = 'SilentlyContinue'
            $ErrorActionPreference = 'Stop'
            try {
                if (-not (Get-PackageProvider -Name NuGet -ListAvailable -ErrorAction SilentlyContinue)) {
                    Install-PackageProvider -Name NuGet -MinimumVersion 2.8.5.201 -Force -Scope AllUsers | Out-Null
                }
                Set-PSRepository -Name PSGallery -InstallationPolicy Trusted -ErrorAction SilentlyContinue
                if (-not (Get-Module -ListAvailable -Name PSWindowsUpdate -ErrorAction SilentlyContinue)) {
                    Install-Module PSWindowsUpdate -Force -SkipPublisherCheck -Scope AllUsers | Out-Null
                }
                Import-Module PSWindowsUpdate -Force -ErrorAction Stop
                try {
                    Add-WUServiceManager -MicrosoftUpdate -Confirm:$false -ErrorAction SilentlyContinue | Out-Null
                } catch {}
                Write-Output 'OK'
            } catch {
                Write-Output ('ERROR: ' + $_.Exception.Message)
            }
2026-06-18 07:40:20.831 -05:00 [INF] (Thread 64) WindowsUpdateWorker: PSWindowsUpdate module OK.
2026-06-18 07:40:20.832 -05:00 [DBG] (Thread 64) WindowsUpdateWorker: running PS script: Import-Module PSWindowsUpdate -ErrorAction Stop
        $ProgressPreference = 'SilentlyContinue'

        # Force the Windows Update Agent to scan before installing.
        # Fixes 0x80248007 (WU_E_DS_NODATA) on fresh builds or machines
        # whose update data store has not been initialised yet.
        try {
            Start-Process -FilePath 'UsoClient.exe' `
                -ArgumentList 'StartScan' `
                -Wait -NoNewWindow -ErrorAction SilentlyContinue
            Start-Sleep -Seconds 30
        } catch {}

        # 2>&1 merges stderr into the pipeline mixing strings with update
        # objects -- we filter them out in the foreach loop below.
        $rawOutput = Install-WindowsUpdate `
            -MicrosoftUpdate `
            -AcceptAll `
            -IgnoreReboot `
            -Install `
            -ErrorAction Continue 2>&1

        # Use a hashtable keyed on Title to keep only the LAST result per update.
        # PSWindowsUpdate emits objects at multiple pipeline stages (search, download,
        # install); overwriting ensures we capture the final post-install ResultCode
        # rather than an early ResultCode=0 (NotStarted).
        $byKey = @{}

        foreach ($u in $rawOutput) {
            if ($null -eq $u -or $u -isnot [PSObject]) { continue }
            if (-not ($u.PSObject.Properties.Name -contains 'Title')) { continue }
            if ([string]::IsNullOrWhiteSpace($u.Title)) { continue }

            $resultCode = 0
            try { $resultCode = [int]$u.ResultCode } catch { $resultCode = 4 }
            $succeeded = ($resultCode -eq 2 -or $resultCode -eq 3)

            # ResultCode=0 means NotStarted — treat as Skipped, not Failed.
            $status = if ($succeeded) { 'Succeeded' } elseif ($resultCode -eq 0) { 'Skipped' } else { 'Failed' }

            $kb = ''
            try {
                if ($u.KBArticleIDs -and $u.KBArticleIDs.Count -gt 0) {
                    $kb = 'KB' + $u.KBArticleIDs[0]
                }
            } catch {}

            $needsReboot = $false
            try { $needsReboot = [bool]$u.RebootRequired } catch {}

            $byKey[$u.Title] = [PSCustomObject]@{
                Identifier     = $kb
                Title          = [string]$u.Title
                Status         = $status
                ErrorMessage   = if ($succeeded -or $resultCode -eq 0) { '' } else { 'ResultCode=' + $resultCode }
                RebootRequired = $needsReboot
                AttemptedAt    = (Get-Date -Format 'o')
            }
        }

        $results = @($byKey.Values)

        if ($results.Count -eq 0) {
            Write-Output '[]'
        } else {
            $results | ConvertTo-Json -Compress
        }
2026-06-18 07:41:05.109 -05:00 [INF] (Thread 65) WindowsUpdateWorker: no updates installed — system reboot is already pending.
2026-06-18 07:41:05.109 -05:00 [INF] (Thread 65) WindowsUpdateWorker: pass complete. Total=3 Succeeded=1 Failed=0 Skipped=2
2026-06-18 07:41:05.109 -05:00 [INF] (Thread 65) WingetWorker: skipping — last run was 2026-06-16T16:17:53.8183052Z (less than 7 days ago).
2026-06-18 07:41:05.109 -05:00 [INF] (Thread 65) UpdateOrchestrator: cycle complete. Total=3 Succeeded=1 Failed=0 RebootRequired=true
2026-06-18 07:41:05.109 -05:00 [INF] (Thread 65) UpdateOrchestrator: reboot required but last reboot was 32.7 hours ago — skipping notification until 2-day minimum has elapsed.
2026-06-18 07:41:05.109 -05:00 [INF] (Thread 65) UpdateBackgroundService: next cycle in "01:00:00".
2026-06-18 08:41:05.122 -05:00 [INF] (Thread 65) SelfUpdater: checking for updates. Current version: 0.26.230.591
2026-06-18 08:41:05.206 -05:00 [INF] (Thread 56) SelfUpdater: remote version = 0.26.230.591.
2026-06-18 08:41:05.206 -05:00 [INF] (Thread 56) SelfUpdater: already up to date.
2026-06-18 08:41:05.206 -05:00 [INF] (Thread 56) UpdateOrchestrator: === Update cycle starting ===
2026-06-18 08:41:05.206 -05:00 [INF] (Thread 56) WindowsUpdateWorker: starting update pass.
2026-06-18 08:41:05.206 -05:00 [INF] (Thread 56) WindowsUpdateWorker: verifying PSWindowsUpdate module.
2026-06-18 08:41:05.207 -05:00 [DBG] (Thread 56) WindowsUpdateWorker: running PS script: $ProgressPreference = 'SilentlyContinue'
            $ErrorActionPreference = 'Stop'
            try {
                if (-not (Get-PackageProvider -Name NuGet -ListAvailable -ErrorAction SilentlyContinue)) {
                    Install-PackageProvider -Name NuGet -MinimumVersion 2.8.5.201 -Force -Scope AllUsers | Out-Null
                }
                Set-PSRepository -Name PSGallery -InstallationPolicy Trusted -ErrorAction SilentlyContinue
                if (-not (Get-Module -ListAvailable -Name PSWindowsUpdate -ErrorAction SilentlyContinue)) {
                    Install-Module PSWindowsUpdate -Force -SkipPublisherCheck -Scope AllUsers | Out-Null
                }
                Import-Module PSWindowsUpdate -Force -ErrorAction Stop
                try {
                    Add-WUServiceManager -MicrosoftUpdate -Confirm:$false -ErrorAction SilentlyContinue | Out-Null
                } catch {}
                Write-Output 'OK'
            } catch {
                Write-Output ('ERROR: ' + $_.Exception.Message)
            }
2026-06-18 08:41:18.951 -05:00 [INF] (Thread 65) WindowsUpdateWorker: PSWindowsUpdate module OK.
2026-06-18 08:41:18.952 -05:00 [DBG] (Thread 65) WindowsUpdateWorker: running PS script: Import-Module PSWindowsUpdate -ErrorAction Stop
        $ProgressPreference = 'SilentlyContinue'

        # Force the Windows Update Agent to scan before installing.
        # Fixes 0x80248007 (WU_E_DS_NODATA) on fresh builds or machines
        # whose update data store has not been initialised yet.
        try {
            Start-Process -FilePath 'UsoClient.exe' `
                -ArgumentList 'StartScan' `
                -Wait -NoNewWindow -ErrorAction SilentlyContinue
            Start-Sleep -Seconds 30
        } catch {}

        # 2>&1 merges stderr into the pipeline mixing strings with update
        # objects -- we filter them out in the foreach loop below.
        $rawOutput = Install-WindowsUpdate `
            -MicrosoftUpdate `
            -AcceptAll `
            -IgnoreReboot `
            -Install `
            -ErrorAction Continue 2>&1

        # Use a hashtable keyed on Title to keep only the LAST result per update.
        # PSWindowsUpdate emits objects at multiple pipeline stages (search, download,
        # install); overwriting ensures we capture the final post-install ResultCode
        # rather than an early ResultCode=0 (NotStarted).
        $byKey = @{}

        foreach ($u in $rawOutput) {
            if ($null -eq $u -or $u -isnot [PSObject]) { continue }
            if (-not ($u.PSObject.Properties.Name -contains 'Title')) { continue }
            if ([string]::IsNullOrWhiteSpace($u.Title)) { continue }

            $resultCode = 0
            try { $resultCode = [int]$u.ResultCode } catch { $resultCode = 4 }
            $succeeded = ($resultCode -eq 2 -or $resultCode -eq 3)

            # ResultCode=0 means NotStarted — treat as Skipped, not Failed.
            $status = if ($succeeded) { 'Succeeded' } elseif ($resultCode -eq 0) { 'Skipped' } else { 'Failed' }

            $kb = ''
            try {
                if ($u.KBArticleIDs -and $u.KBArticleIDs.Count -gt 0) {
                    $kb = 'KB' + $u.KBArticleIDs[0]
                }
            } catch {}

            $needsReboot = $false
            try { $needsReboot = [bool]$u.RebootRequired } catch {}

            $byKey[$u.Title] = [PSCustomObject]@{
                Identifier     = $kb
                Title          = [string]$u.Title
                Status         = $status
                ErrorMessage   = if ($succeeded -or $resultCode -eq 0) { '' } else { 'ResultCode=' + $resultCode }
                RebootRequired = $needsReboot
                AttemptedAt    = (Get-Date -Format 'o')
            }
        }

        $results = @($byKey.Values)

        if ($results.Count -eq 0) {
            Write-Output '[]'
        } else {
            $results | ConvertTo-Json -Compress
        }
2026-06-18 08:42:05.657 -05:00 [INF] (Thread 59) WindowsUpdateWorker: no updates installed — system reboot is already pending.
2026-06-18 08:42:05.657 -05:00 [INF] (Thread 59) WindowsUpdateWorker: pass complete. Total=3 Succeeded=1 Failed=0 Skipped=2
2026-06-18 08:42:05.657 -05:00 [INF] (Thread 59) WingetWorker: skipping — last run was 2026-06-16T16:17:53.8183052Z (less than 7 days ago).
2026-06-18 08:42:05.657 -05:00 [INF] (Thread 59) UpdateOrchestrator: cycle complete. Total=3 Succeeded=1 Failed=0 RebootRequired=true
2026-06-18 08:42:05.657 -05:00 [INF] (Thread 59) UpdateOrchestrator: reboot required but last reboot was 33.7 hours ago — skipping notification until 2-day minimum has elapsed.
2026-06-18 08:42:05.657 -05:00 [INF] (Thread 59) UpdateBackgroundService: next cycle in "01:00:00".
2026-06-18 09:42:05.673 -05:00 [INF] (Thread 56) SelfUpdater: checking for updates. Current version: 0.26.230.591
2026-06-18 09:42:05.809 -05:00 [INF] (Thread 61) SelfUpdater: remote version = 0.26.230.591.
2026-06-18 09:42:05.809 -05:00 [INF] (Thread 61) SelfUpdater: already up to date.
2026-06-18 09:42:05.809 -05:00 [INF] (Thread 61) UpdateOrchestrator: === Update cycle starting ===
2026-06-18 09:42:05.809 -05:00 [INF] (Thread 61) WindowsUpdateWorker: starting update pass.
2026-06-18 09:42:05.810 -05:00 [INF] (Thread 61) WindowsUpdateWorker: verifying PSWindowsUpdate module.
2026-06-18 09:42:05.811 -05:00 [DBG] (Thread 61) WindowsUpdateWorker: running PS script: $ProgressPreference = 'SilentlyContinue'
            $ErrorActionPreference = 'Stop'
            try {
                if (-not (Get-PackageProvider -Name NuGet -ListAvailable -ErrorAction SilentlyContinue)) {
                    Install-PackageProvider -Name NuGet -MinimumVersion 2.8.5.201 -Force -Scope AllUsers | Out-Null
                }
                Set-PSRepository -Name PSGallery -InstallationPolicy Trusted -ErrorAction SilentlyContinue
                if (-not (Get-Module -ListAvailable -Name PSWindowsUpdate -ErrorAction SilentlyContinue)) {
                    Install-Module PSWindowsUpdate -Force -SkipPublisherCheck -Scope AllUsers | Out-Null
                }
                Import-Module PSWindowsUpdate -Force -ErrorAction Stop
                try {
                    Add-WUServiceManager -MicrosoftUpdate -Confirm:$false -ErrorAction SilentlyContinue | Out-Null
                } catch {}
                Write-Output 'OK'
            } catch {
                Write-Output ('ERROR: ' + $_.Exception.Message)
            }
2026-06-18 09:42:44.377 -05:00 [INF] (Thread 56) WindowsUpdateWorker: PSWindowsUpdate module OK.
2026-06-18 09:42:44.377 -05:00 [DBG] (Thread 56) WindowsUpdateWorker: running PS script: Import-Module PSWindowsUpdate -ErrorAction Stop
        $ProgressPreference = 'SilentlyContinue'

        # Force the Windows Update Agent to scan before installing.
        # Fixes 0x80248007 (WU_E_DS_NODATA) on fresh builds or machines
        # whose update data store has not been initialised yet.
        try {
            Start-Process -FilePath 'UsoClient.exe' `
                -ArgumentList 'StartScan' `
                -Wait -NoNewWindow -ErrorAction SilentlyContinue
            Start-Sleep -Seconds 30
        } catch {}

        # 2>&1 merges stderr into the pipeline mixing strings with update
        # objects -- we filter them out in the foreach loop below.
        $rawOutput = Install-WindowsUpdate `
            -MicrosoftUpdate `
            -AcceptAll `
            -IgnoreReboot `
            -Install `
            -ErrorAction Continue 2>&1

        # Use a hashtable keyed on Title to keep only the LAST result per update.
        # PSWindowsUpdate emits objects at multiple pipeline stages (search, download,
        # install); overwriting ensures we capture the final post-install ResultCode
        # rather than an early ResultCode=0 (NotStarted).
        $byKey = @{}

        foreach ($u in $rawOutput) {
            if ($null -eq $u -or $u -isnot [PSObject]) { continue }
            if (-not ($u.PSObject.Properties.Name -contains 'Title')) { continue }
            if ([string]::IsNullOrWhiteSpace($u.Title)) { continue }

            $resultCode = 0
            try { $resultCode = [int]$u.ResultCode } catch { $resultCode = 4 }
            $succeeded = ($resultCode -eq 2 -or $resultCode -eq 3)

            # ResultCode=0 means NotStarted — treat as Skipped, not Failed.
            $status = if ($succeeded) { 'Succeeded' } elseif ($resultCode -eq 0) { 'Skipped' } else { 'Failed' }

            $kb = ''
            try {
                if ($u.KBArticleIDs -and $u.KBArticleIDs.Count -gt 0) {
                    $kb = 'KB' + $u.KBArticleIDs[0]
                }
            } catch {}

            $needsReboot = $false
            try { $needsReboot = [bool]$u.RebootRequired } catch {}

            $byKey[$u.Title] = [PSCustomObject]@{
                Identifier     = $kb
                Title          = [string]$u.Title
                Status         = $status
                ErrorMessage   = if ($succeeded -or $resultCode -eq 0) { '' } else { 'ResultCode=' + $resultCode }
                RebootRequired = $needsReboot
                AttemptedAt    = (Get-Date -Format 'o')
            }
        }

        $results = @($byKey.Values)

        if ($results.Count -eq 0) {
            Write-Output '[]'
        } else {
            $results | ConvertTo-Json -Compress
        }
2026-06-18 09:43:29.311 -05:00 [INF] (Thread 55) WindowsUpdateWorker: no updates installed — system reboot is already pending.
2026-06-18 09:43:29.311 -05:00 [INF] (Thread 55) WindowsUpdateWorker: pass complete. Total=3 Succeeded=1 Failed=0 Skipped=2
2026-06-18 09:43:29.311 -05:00 [INF] (Thread 55) WingetWorker: skipping — last run was 2026-06-16T16:17:53.8183052Z (less than 7 days ago).
2026-06-18 09:43:29.311 -05:00 [INF] (Thread 55) UpdateOrchestrator: cycle complete. Total=3 Succeeded=1 Failed=0 RebootRequired=true
2026-06-18 09:43:29.311 -05:00 [INF] (Thread 55) UpdateOrchestrator: reboot required but last reboot was 34.7 hours ago — skipping notification until 2-day minimum has elapsed.
2026-06-18 09:43:29.311 -05:00 [INF] (Thread 55) UpdateBackgroundService: next cycle in "01:00:00".
2026-06-18 10:43:29.337 -05:00 [INF] (Thread 61) SelfUpdater: checking for updates. Current version: 0.26.230.591
2026-06-18 10:43:29.479 -05:00 [INF] (Thread 54) SelfUpdater: remote version = 0.26.230.591.
2026-06-18 10:43:29.479 -05:00 [INF] (Thread 54) SelfUpdater: already up to date.
2026-06-18 10:43:29.480 -05:00 [INF] (Thread 54) UpdateOrchestrator: === Update cycle starting ===
2026-06-18 10:43:29.480 -05:00 [INF] (Thread 54) WindowsUpdateWorker: starting update pass.
2026-06-18 10:43:29.480 -05:00 [INF] (Thread 54) WindowsUpdateWorker: verifying PSWindowsUpdate module.
2026-06-18 10:43:29.480 -05:00 [DBG] (Thread 54) WindowsUpdateWorker: running PS script: $ProgressPreference = 'SilentlyContinue'
            $ErrorActionPreference = 'Stop'
            try {
                if (-not (Get-PackageProvider -Name NuGet -ListAvailable -ErrorAction SilentlyContinue)) {
                    Install-PackageProvider -Name NuGet -MinimumVersion 2.8.5.201 -Force -Scope AllUsers | Out-Null
                }
                Set-PSRepository -Name PSGallery -InstallationPolicy Trusted -ErrorAction SilentlyContinue
                if (-not (Get-Module -ListAvailable -Name PSWindowsUpdate -ErrorAction SilentlyContinue)) {
                    Install-Module PSWindowsUpdate -Force -SkipPublisherCheck -Scope AllUsers | Out-Null
                }
                Import-Module PSWindowsUpdate -Force -ErrorAction Stop
                try {
                    Add-WUServiceManager -MicrosoftUpdate -Confirm:$false -ErrorAction SilentlyContinue | Out-Null
                } catch {}
                Write-Output 'OK'
            } catch {
                Write-Output ('ERROR: ' + $_.Exception.Message)
            }
2026-06-18 10:43:44.030 -05:00 [INF] (Thread 61) WindowsUpdateWorker: PSWindowsUpdate module OK.
2026-06-18 10:43:44.031 -05:00 [DBG] (Thread 61) WindowsUpdateWorker: running PS script: Import-Module PSWindowsUpdate -ErrorAction Stop
        $ProgressPreference = 'SilentlyContinue'

        # Force the Windows Update Agent to scan before installing.
        # Fixes 0x80248007 (WU_E_DS_NODATA) on fresh builds or machines
        # whose update data store has not been initialised yet.
        try {
            Start-Process -FilePath 'UsoClient.exe' `
                -ArgumentList 'StartScan' `
                -Wait -NoNewWindow -ErrorAction SilentlyContinue
            Start-Sleep -Seconds 30
        } catch {}

        # 2>&1 merges stderr into the pipeline mixing strings with update
        # objects -- we filter them out in the foreach loop below.
        $rawOutput = Install-WindowsUpdate `
            -MicrosoftUpdate `
            -AcceptAll `
            -IgnoreReboot `
            -Install `
            -ErrorAction Continue 2>&1

        # Use a hashtable keyed on Title to keep only the LAST result per update.
        # PSWindowsUpdate emits objects at multiple pipeline stages (search, download,
        # install); overwriting ensures we capture the final post-install ResultCode
        # rather than an early ResultCode=0 (NotStarted).
        $byKey = @{}

        foreach ($u in $rawOutput) {
            if ($null -eq $u -or $u -isnot [PSObject]) { continue }
            if (-not ($u.PSObject.Properties.Name -contains 'Title')) { continue }
            if ([string]::IsNullOrWhiteSpace($u.Title)) { continue }

            $resultCode = 0
            try { $resultCode = [int]$u.ResultCode } catch { $resultCode = 4 }
            $succeeded = ($resultCode -eq 2 -or $resultCode -eq 3)

            # ResultCode=0 means NotStarted — treat as Skipped, not Failed.
            $status = if ($succeeded) { 'Succeeded' } elseif ($resultCode -eq 0) { 'Skipped' } else { 'Failed' }

            $kb = ''
            try {
                if ($u.KBArticleIDs -and $u.KBArticleIDs.Count -gt 0) {
                    $kb = 'KB' + $u.KBArticleIDs[0]
                }
            } catch {}

            $needsReboot = $false
            try { $needsReboot = [bool]$u.RebootRequired } catch {}

            $byKey[$u.Title] = [PSCustomObject]@{
                Identifier     = $kb
                Title          = [string]$u.Title
                Status         = $status
                ErrorMessage   = if ($succeeded -or $resultCode -eq 0) { '' } else { 'ResultCode=' + $resultCode }
                RebootRequired = $needsReboot
                AttemptedAt    = (Get-Date -Format 'o')
            }
        }

        $results = @($byKey.Values)

        if ($results.Count -eq 0) {
            Write-Output '[]'
        } else {
            $results | ConvertTo-Json -Compress
        }
2026-06-18 10:44:30.284 -05:00 [INF] (Thread 54) WindowsUpdateWorker: no updates installed — system reboot is already pending.
2026-06-18 10:44:30.285 -05:00 [INF] (Thread 54) WindowsUpdateWorker: pass complete. Total=3 Succeeded=1 Failed=0 Skipped=2
2026-06-18 10:44:30.285 -05:00 [INF] (Thread 54) WingetWorker: skipping — last run was 2026-06-16T16:17:53.8183052Z (less than 7 days ago).
2026-06-18 10:44:30.285 -05:00 [INF] (Thread 54) UpdateOrchestrator: cycle complete. Total=3 Succeeded=1 Failed=0 RebootRequired=true
2026-06-18 10:44:30.285 -05:00 [INF] (Thread 54) UpdateOrchestrator: reboot required but last reboot was 35.7 hours ago — skipping notification until 2-day minimum has elapsed.
2026-06-18 10:44:30.285 -05:00 [INF] (Thread 54) UpdateBackgroundService: next cycle in "01:00:00".
2026-06-18 11:44:30.306 -05:00 [INF] (Thread 51) SelfUpdater: checking for updates. Current version: 0.26.230.591
2026-06-18 11:44:30.404 -05:00 [INF] (Thread 53) SelfUpdater: remote version = 0.26.230.591.
2026-06-18 11:44:30.404 -05:00 [INF] (Thread 53) SelfUpdater: already up to date.
2026-06-18 11:44:30.404 -05:00 [INF] (Thread 53) UpdateOrchestrator: === Update cycle starting ===
2026-06-18 11:44:30.404 -05:00 [INF] (Thread 53) WindowsUpdateWorker: starting update pass.
2026-06-18 11:44:30.404 -05:00 [INF] (Thread 53) WindowsUpdateWorker: verifying PSWindowsUpdate module.
2026-06-18 11:44:30.406 -05:00 [DBG] (Thread 53) WindowsUpdateWorker: running PS script: $ProgressPreference = 'SilentlyContinue'
            $ErrorActionPreference = 'Stop'
            try {
                if (-not (Get-PackageProvider -Name NuGet -ListAvailable -ErrorAction SilentlyContinue)) {
                    Install-PackageProvider -Name NuGet -MinimumVersion 2.8.5.201 -Force -Scope AllUsers | Out-Null
                }
                Set-PSRepository -Name PSGallery -InstallationPolicy Trusted -ErrorAction SilentlyContinue
                if (-not (Get-Module -ListAvailable -Name PSWindowsUpdate -ErrorAction SilentlyContinue)) {
                    Install-Module PSWindowsUpdate -Force -SkipPublisherCheck -Scope AllUsers | Out-Null
                }
                Import-Module PSWindowsUpdate -Force -ErrorAction Stop
                try {
                    Add-WUServiceManager -MicrosoftUpdate -Confirm:$false -ErrorAction SilentlyContinue | Out-Null
                } catch {}
                Write-Output 'OK'
            } catch {
                Write-Output ('ERROR: ' + $_.Exception.Message)
            }
2026-06-18 11:44:44.636 -05:00 [INF] (Thread 53) WindowsUpdateWorker: PSWindowsUpdate module OK.
2026-06-18 11:44:44.636 -05:00 [DBG] (Thread 53) WindowsUpdateWorker: running PS script: Import-Module PSWindowsUpdate -ErrorAction Stop
        $ProgressPreference = 'SilentlyContinue'

        # Force the Windows Update Agent to scan before installing.
        # Fixes 0x80248007 (WU_E_DS_NODATA) on fresh builds or machines
        # whose update data store has not been initialised yet.
        try {
            Start-Process -FilePath 'UsoClient.exe' `
                -ArgumentList 'StartScan' `
                -Wait -NoNewWindow -ErrorAction SilentlyContinue
            Start-Sleep -Seconds 30
        } catch {}

        # 2>&1 merges stderr into the pipeline mixing strings with update
        # objects -- we filter them out in the foreach loop below.
        $rawOutput = Install-WindowsUpdate `
            -MicrosoftUpdate `
            -AcceptAll `
            -IgnoreReboot `
            -Install `
            -ErrorAction Continue 2>&1

        # Use a hashtable keyed on Title to keep only the LAST result per update.
        # PSWindowsUpdate emits objects at multiple pipeline stages (search, download,
        # install); overwriting ensures we capture the final post-install ResultCode
        # rather than an early ResultCode=0 (NotStarted).
        $byKey = @{}

        foreach ($u in $rawOutput) {
            if ($null -eq $u -or $u -isnot [PSObject]) { continue }
            if (-not ($u.PSObject.Properties.Name -contains 'Title')) { continue }
            if ([string]::IsNullOrWhiteSpace($u.Title)) { continue }

            $resultCode = 0
            try { $resultCode = [int]$u.ResultCode } catch { $resultCode = 4 }
            $succeeded = ($resultCode -eq 2 -or $resultCode -eq 3)

            # ResultCode=0 means NotStarted — treat as Skipped, not Failed.
            $status = if ($succeeded) { 'Succeeded' } elseif ($resultCode -eq 0) { 'Skipped' } else { 'Failed' }

            $kb = ''
            try {
                if ($u.KBArticleIDs -and $u.KBArticleIDs.Count -gt 0) {
                    $kb = 'KB' + $u.KBArticleIDs[0]
                }
            } catch {}

            $needsReboot = $false
            try { $needsReboot = [bool]$u.RebootRequired } catch {}

            $byKey[$u.Title] = [PSCustomObject]@{
                Identifier     = $kb
                Title          = [string]$u.Title
                Status         = $status
                ErrorMessage   = if ($succeeded -or $resultCode -eq 0) { '' } else { 'ResultCode=' + $resultCode }
                RebootRequired = $needsReboot
                AttemptedAt    = (Get-Date -Format 'o')
            }
        }

        $results = @($byKey.Values)

        if ($results.Count -eq 0) {
            Write-Output '[]'
        } else {
            $results | ConvertTo-Json -Compress
        }
2026-06-18 11:45:29.927 -05:00 [INF] (Thread 53) WindowsUpdateWorker: no updates installed — system reboot is already pending.
2026-06-18 11:45:29.927 -05:00 [INF] (Thread 53) WindowsUpdateWorker: pass complete. Total=3 Succeeded=1 Failed=0 Skipped=2
2026-06-18 11:45:29.928 -05:00 [INF] (Thread 53) WingetWorker: skipping — last run was 2026-06-16T16:17:53.8183052Z (less than 7 days ago).
2026-06-18 11:45:29.928 -05:00 [INF] (Thread 53) UpdateOrchestrator: cycle complete. Total=3 Succeeded=1 Failed=0 RebootRequired=true
2026-06-18 11:45:29.928 -05:00 [INF] (Thread 53) UpdateOrchestrator: reboot required but last reboot was 36.7 hours ago — skipping notification until 2-day minimum has elapsed.
2026-06-18 11:45:29.928 -05:00 [INF] (Thread 53) UpdateBackgroundService: next cycle in "01:00:00".
2026-06-18 12:45:29.940 -05:00 [INF] (Thread 50) SelfUpdater: checking for updates. Current version: 0.26.230.591
2026-06-18 12:45:30.026 -05:00 [INF] (Thread 49) SelfUpdater: remote version = 0.26.230.591.
2026-06-18 12:45:30.026 -05:00 [INF] (Thread 49) SelfUpdater: already up to date.
2026-06-18 12:45:30.026 -05:00 [INF] (Thread 49) UpdateOrchestrator: === Update cycle starting ===
2026-06-18 12:45:30.026 -05:00 [INF] (Thread 49) WindowsUpdateWorker: starting update pass.
2026-06-18 12:45:30.026 -05:00 [INF] (Thread 49) WindowsUpdateWorker: verifying PSWindowsUpdate module.
2026-06-18 12:45:30.028 -05:00 [DBG] (Thread 49) WindowsUpdateWorker: running PS script: $ProgressPreference = 'SilentlyContinue'
            $ErrorActionPreference = 'Stop'
            try {
                if (-not (Get-PackageProvider -Name NuGet -ListAvailable -ErrorAction SilentlyContinue)) {
                    Install-PackageProvider -Name NuGet -MinimumVersion 2.8.5.201 -Force -Scope AllUsers | Out-Null
                }
                Set-PSRepository -Name PSGallery -InstallationPolicy Trusted -ErrorAction SilentlyContinue
                if (-not (Get-Module -ListAvailable -Name PSWindowsUpdate -ErrorAction SilentlyContinue)) {
                    Install-Module PSWindowsUpdate -Force -SkipPublisherCheck -Scope AllUsers | Out-Null
                }
                Import-Module PSWindowsUpdate -Force -ErrorAction Stop
                try {
                    Add-WUServiceManager -MicrosoftUpdate -Confirm:$false -ErrorAction SilentlyContinue | Out-Null
                } catch {}
                Write-Output 'OK'
            } catch {
                Write-Output ('ERROR: ' + $_.Exception.Message)
            }
2026-06-18 12:45:55.473 -05:00 [INF] (Thread 49) WindowsUpdateWorker: PSWindowsUpdate module OK.
2026-06-18 12:45:55.474 -05:00 [DBG] (Thread 49) WindowsUpdateWorker: running PS script: Import-Module PSWindowsUpdate -ErrorAction Stop
        $ProgressPreference = 'SilentlyContinue'

        # Force the Windows Update Agent to scan before installing.
        # Fixes 0x80248007 (WU_E_DS_NODATA) on fresh builds or machines
        # whose update data store has not been initialised yet.
        try {
            Start-Process -FilePath 'UsoClient.exe' `
                -ArgumentList 'StartScan' `
                -Wait -NoNewWindow -ErrorAction SilentlyContinue
            Start-Sleep -Seconds 30
        } catch {}

        # 2>&1 merges stderr into the pipeline mixing strings with update
        # objects -- we filter them out in the foreach loop below.
        $rawOutput = Install-WindowsUpdate `
            -MicrosoftUpdate `
            -AcceptAll `
            -IgnoreReboot `
            -Install `
            -ErrorAction Continue 2>&1

        # Use a hashtable keyed on Title to keep only the LAST result per update.
        # PSWindowsUpdate emits objects at multiple pipeline stages (search, download,
        # install); overwriting ensures we capture the final post-install ResultCode
        # rather than an early ResultCode=0 (NotStarted).
        $byKey = @{}

        foreach ($u in $rawOutput) {
            if ($null -eq $u -or $u -isnot [PSObject]) { continue }
            if (-not ($u.PSObject.Properties.Name -contains 'Title')) { continue }
            if ([string]::IsNullOrWhiteSpace($u.Title)) { continue }

            $resultCode = 0
            try { $resultCode = [int]$u.ResultCode } catch { $resultCode = 4 }
            $succeeded = ($resultCode -eq 2 -or $resultCode -eq 3)

            # ResultCode=0 means NotStarted — treat as Skipped, not Failed.
            $status = if ($succeeded) { 'Succeeded' } elseif ($resultCode -eq 0) { 'Skipped' } else { 'Failed' }

            $kb = ''
            try {
                if ($u.KBArticleIDs -and $u.KBArticleIDs.Count -gt 0) {
                    $kb = 'KB' + $u.KBArticleIDs[0]
                }
            } catch {}

            $needsReboot = $false
            try { $needsReboot = [bool]$u.RebootRequired } catch {}

            $byKey[$u.Title] = [PSCustomObject]@{
                Identifier     = $kb
                Title          = [string]$u.Title
                Status         = $status
                ErrorMessage   = if ($succeeded -or $resultCode -eq 0) { '' } else { 'ResultCode=' + $resultCode }
                RebootRequired = $needsReboot
                AttemptedAt    = (Get-Date -Format 'o')
            }
        }

        $results = @($byKey.Values)

        if ($results.Count -eq 0) {
            Write-Output '[]'
        } else {
            $results | ConvertTo-Json -Compress
        }
2026-06-18 12:46:54.446 -05:00 [INF] (Thread 50) WindowsUpdateWorker: no updates installed — system reboot is already pending.
2026-06-18 12:46:54.446 -05:00 [INF] (Thread 50) WindowsUpdateWorker: pass complete. Total=3 Succeeded=1 Failed=0 Skipped=2
2026-06-18 12:46:54.446 -05:00 [INF] (Thread 50) WingetWorker: skipping — last run was 2026-06-16T16:17:53.8183052Z (less than 7 days ago).
2026-06-18 12:46:54.446 -05:00 [INF] (Thread 50) UpdateOrchestrator: cycle complete. Total=3 Succeeded=1 Failed=0 RebootRequired=true
2026-06-18 12:46:54.446 -05:00 [INF] (Thread 50) UpdateOrchestrator: reboot required but last reboot was 37.8 hours ago — skipping notification until 2-day minimum has elapsed.
2026-06-18 12:46:54.446 -05:00 [INF] (Thread 50) UpdateBackgroundService: next cycle in "01:00:00".
2026-06-18 13:46:54.456 -05:00 [INF] (Thread 47) SelfUpdater: checking for updates. Current version: 0.26.230.591
2026-06-18 13:46:54.557 -05:00 [INF] (Thread 47) SelfUpdater: remote version = 0.26.230.591.
2026-06-18 13:46:54.557 -05:00 [INF] (Thread 47) SelfUpdater: already up to date.
2026-06-18 13:46:54.557 -05:00 [INF] (Thread 47) UpdateOrchestrator: === Update cycle starting ===
2026-06-18 13:46:54.557 -05:00 [INF] (Thread 47) WindowsUpdateWorker: starting update pass.
2026-06-18 13:46:54.557 -05:00 [INF] (Thread 47) WindowsUpdateWorker: verifying PSWindowsUpdate module.
2026-06-18 13:46:54.559 -05:00 [DBG] (Thread 47) WindowsUpdateWorker: running PS script: $ProgressPreference = 'SilentlyContinue'
            $ErrorActionPreference = 'Stop'
            try {
                if (-not (Get-PackageProvider -Name NuGet -ListAvailable -ErrorAction SilentlyContinue)) {
                    Install-PackageProvider -Name NuGet -MinimumVersion 2.8.5.201 -Force -Scope AllUsers | Out-Null
                }
                Set-PSRepository -Name PSGallery -InstallationPolicy Trusted -ErrorAction SilentlyContinue
                if (-not (Get-Module -ListAvailable -Name PSWindowsUpdate -ErrorAction SilentlyContinue)) {
                    Install-Module PSWindowsUpdate -Force -SkipPublisherCheck -Scope AllUsers | Out-Null
                }
                Import-Module PSWindowsUpdate -Force -ErrorAction Stop
                try {
                    Add-WUServiceManager -MicrosoftUpdate -Confirm:$false -ErrorAction SilentlyContinue | Out-Null
                } catch {}
                Write-Output 'OK'
            } catch {
                Write-Output ('ERROR: ' + $_.Exception.Message)
            }
2026-06-18 13:47:08.765 -05:00 [INF] (Thread 47) WindowsUpdateWorker: PSWindowsUpdate module OK.
2026-06-18 13:47:08.766 -05:00 [DBG] (Thread 47) WindowsUpdateWorker: running PS script: Import-Module PSWindowsUpdate -ErrorAction Stop
        $ProgressPreference = 'SilentlyContinue'

        # Force the Windows Update Agent to scan before installing.
        # Fixes 0x80248007 (WU_E_DS_NODATA) on fresh builds or machines
        # whose update data store has not been initialised yet.
        try {
            Start-Process -FilePath 'UsoClient.exe' `
                -ArgumentList 'StartScan' `
                -Wait -NoNewWindow -ErrorAction SilentlyContinue
            Start-Sleep -Seconds 30
        } catch {}

        # 2>&1 merges stderr into the pipeline mixing strings with update
        # objects -- we filter them out in the foreach loop below.
        $rawOutput = Install-WindowsUpdate `
            -MicrosoftUpdate `
            -AcceptAll `
            -IgnoreReboot `
            -Install `
            -ErrorAction Continue 2>&1

        # Use a hashtable keyed on Title to keep only the LAST result per update.
        # PSWindowsUpdate emits objects at multiple pipeline stages (search, download,
        # install); overwriting ensures we capture the final post-install ResultCode
        # rather than an early ResultCode=0 (NotStarted).
        $byKey = @{}

        foreach ($u in $rawOutput) {
            if ($null -eq $u -or $u -isnot [PSObject]) { continue }
            if (-not ($u.PSObject.Properties.Name -contains 'Title')) { continue }
            if ([string]::IsNullOrWhiteSpace($u.Title)) { continue }

            $resultCode = 0
            try { $resultCode = [int]$u.ResultCode } catch { $resultCode = 4 }
            $succeeded = ($resultCode -eq 2 -or $resultCode -eq 3)

            # ResultCode=0 means NotStarted — treat as Skipped, not Failed.
            $status = if ($succeeded) { 'Succeeded' } elseif ($resultCode -eq 0) { 'Skipped' } else { 'Failed' }

            $kb = ''
            try {
                if ($u.KBArticleIDs -and $u.KBArticleIDs.Count -gt 0) {
                    $kb = 'KB' + $u.KBArticleIDs[0]
                }
            } catch {}

            $needsReboot = $false
            try { $needsReboot = [bool]$u.RebootRequired } catch {}

            $byKey[$u.Title] = [PSCustomObject]@{
                Identifier     = $kb
                Title          = [string]$u.Title
                Status         = $status
                ErrorMessage   = if ($succeeded -or $resultCode -eq 0) { '' } else { 'ResultCode=' + $resultCode }
                RebootRequired = $needsReboot
                AttemptedAt    = (Get-Date -Format 'o')
            }
        }

        $results = @($byKey.Values)

        if ($results.Count -eq 0) {
            Write-Output '[]'
        } else {
            $results | ConvertTo-Json -Compress
        }
2026-06-18 13:47:54.005 -05:00 [INF] (Thread 44) WindowsUpdateWorker: no updates installed — system reboot is already pending.
2026-06-18 13:47:54.005 -05:00 [INF] (Thread 44) WindowsUpdateWorker: pass complete. Total=3 Succeeded=1 Failed=0 Skipped=2
2026-06-18 13:47:54.005 -05:00 [INF] (Thread 44) WingetWorker: skipping — last run was 2026-06-16T16:17:53.8183052Z (less than 7 days ago).
2026-06-18 13:47:54.005 -05:00 [INF] (Thread 44) UpdateOrchestrator: cycle complete. Total=3 Succeeded=1 Failed=0 RebootRequired=true
2026-06-18 13:47:54.005 -05:00 [INF] (Thread 44) UpdateOrchestrator: reboot required but last reboot was 38.8 hours ago — skipping notification until 2-day minimum has elapsed.
2026-06-18 13:47:54.006 -05:00 [INF] (Thread 44) UpdateBackgroundService: next cycle in "01:00:00".
2026-06-18 14:47:54.019 -05:00 [INF] (Thread 44) SelfUpdater: checking for updates. Current version: 0.26.230.591
2026-06-18 14:47:54.116 -05:00 [INF] (Thread 39) SelfUpdater: remote version = 0.26.230.591.
2026-06-18 14:47:54.116 -05:00 [INF] (Thread 39) SelfUpdater: already up to date.
2026-06-18 14:47:54.116 -05:00 [INF] (Thread 39) UpdateOrchestrator: === Update cycle starting ===
2026-06-18 14:47:54.116 -05:00 [INF] (Thread 39) WindowsUpdateWorker: starting update pass.
2026-06-18 14:47:54.116 -05:00 [INF] (Thread 39) WindowsUpdateWorker: verifying PSWindowsUpdate module.
2026-06-18 14:47:54.118 -05:00 [DBG] (Thread 39) WindowsUpdateWorker: running PS script: $ProgressPreference = 'SilentlyContinue'
            $ErrorActionPreference = 'Stop'
            try {
                if (-not (Get-PackageProvider -Name NuGet -ListAvailable -ErrorAction SilentlyContinue)) {
                    Install-PackageProvider -Name NuGet -MinimumVersion 2.8.5.201 -Force -Scope AllUsers | Out-Null
                }
                Set-PSRepository -Name PSGallery -InstallationPolicy Trusted -ErrorAction SilentlyContinue
                if (-not (Get-Module -ListAvailable -Name PSWindowsUpdate -ErrorAction SilentlyContinue)) {
                    Install-Module PSWindowsUpdate -Force -SkipPublisherCheck -Scope AllUsers | Out-Null
                }
                Import-Module PSWindowsUpdate -Force -ErrorAction Stop
                try {
                    Add-WUServiceManager -MicrosoftUpdate -Confirm:$false -ErrorAction SilentlyContinue | Out-Null
                } catch {}
                Write-Output 'OK'
            } catch {
                Write-Output ('ERROR: ' + $_.Exception.Message)
            }
2026-06-18 14:48:07.682 -05:00 [INF] (Thread 43) WindowsUpdateWorker: PSWindowsUpdate module OK.
2026-06-18 14:48:07.683 -05:00 [DBG] (Thread 43) WindowsUpdateWorker: running PS script: Import-Module PSWindowsUpdate -ErrorAction Stop
        $ProgressPreference = 'SilentlyContinue'

        # Force the Windows Update Agent to scan before installing.
        # Fixes 0x80248007 (WU_E_DS_NODATA) on fresh builds or machines
        # whose update data store has not been initialised yet.
        try {
            Start-Process -FilePath 'UsoClient.exe' `
                -ArgumentList 'StartScan' `
                -Wait -NoNewWindow -ErrorAction SilentlyContinue
            Start-Sleep -Seconds 30
        } catch {}

        # 2>&1 merges stderr into the pipeline mixing strings with update
        # objects -- we filter them out in the foreach loop below.
        $rawOutput = Install-WindowsUpdate `
            -MicrosoftUpdate `
            -AcceptAll `
            -IgnoreReboot `
            -Install `
            -ErrorAction Continue 2>&1

        # Use a hashtable keyed on Title to keep only the LAST result per update.
        # PSWindowsUpdate emits objects at multiple pipeline stages (search, download,
        # install); overwriting ensures we capture the final post-install ResultCode
        # rather than an early ResultCode=0 (NotStarted).
        $byKey = @{}

        foreach ($u in $rawOutput) {
            if ($null -eq $u -or $u -isnot [PSObject]) { continue }
            if (-not ($u.PSObject.Properties.Name -contains 'Title')) { continue }
            if ([string]::IsNullOrWhiteSpace($u.Title)) { continue }

            $resultCode = 0
            try { $resultCode = [int]$u.ResultCode } catch { $resultCode = 4 }
            $succeeded = ($resultCode -eq 2 -or $resultCode -eq 3)

            # ResultCode=0 means NotStarted — treat as Skipped, not Failed.
            $status = if ($succeeded) { 'Succeeded' } elseif ($resultCode -eq 0) { 'Skipped' } else { 'Failed' }

            $kb = ''
            try {
                if ($u.KBArticleIDs -and $u.KBArticleIDs.Count -gt 0) {
                    $kb = 'KB' + $u.KBArticleIDs[0]
                }
            } catch {}

            $needsReboot = $false
            try { $needsReboot = [bool]$u.RebootRequired } catch {}

            $byKey[$u.Title] = [PSCustomObject]@{
                Identifier     = $kb
                Title          = [string]$u.Title
                Status         = $status
                ErrorMessage   = if ($succeeded -or $resultCode -eq 0) { '' } else { 'ResultCode=' + $resultCode }
                RebootRequired = $needsReboot
                AttemptedAt    = (Get-Date -Format 'o')
            }
        }

        $results = @($byKey.Values)

        if ($results.Count -eq 0) {
            Write-Output '[]'
        } else {
            $results | ConvertTo-Json -Compress
        }
2026-06-18 14:48:53.955 -05:00 [INF] (Thread 38) WindowsUpdateWorker: no updates installed — system reboot is already pending.
2026-06-18 14:48:53.955 -05:00 [INF] (Thread 38) WindowsUpdateWorker: pass complete. Total=3 Succeeded=1 Failed=0 Skipped=2
2026-06-18 14:48:53.955 -05:00 [INF] (Thread 38) WingetWorker: skipping — last run was 2026-06-16T16:17:53.8183052Z (less than 7 days ago).
2026-06-18 14:48:53.955 -05:00 [INF] (Thread 38) UpdateOrchestrator: cycle complete. Total=3 Succeeded=1 Failed=0 RebootRequired=true
2026-06-18 14:48:53.955 -05:00 [INF] (Thread 38) UpdateOrchestrator: reboot required but last reboot was 39.8 hours ago — skipping notification until 2-day minimum has elapsed.
2026-06-18 14:48:53.955 -05:00 [INF] (Thread 38) UpdateBackgroundService: next cycle in "01:00:00".
2026-06-18 15:48:53.980 -05:00 [INF] (Thread 41) SelfUpdater: checking for updates. Current version: 0.26.230.591
2026-06-18 15:48:54.127 -05:00 [INF] (Thread 40) SelfUpdater: remote version = 0.26.230.591.
2026-06-18 15:48:54.127 -05:00 [INF] (Thread 40) SelfUpdater: already up to date.
2026-06-18 15:48:54.127 -05:00 [INF] (Thread 40) UpdateOrchestrator: === Update cycle starting ===
2026-06-18 15:48:54.127 -05:00 [INF] (Thread 40) WindowsUpdateWorker: starting update pass.
2026-06-18 15:48:54.127 -05:00 [INF] (Thread 40) WindowsUpdateWorker: verifying PSWindowsUpdate module.
2026-06-18 15:48:54.130 -05:00 [DBG] (Thread 40) WindowsUpdateWorker: running PS script: $ProgressPreference = 'SilentlyContinue'
            $ErrorActionPreference = 'Stop'
            try {
                if (-not (Get-PackageProvider -Name NuGet -ListAvailable -ErrorAction SilentlyContinue)) {
                    Install-PackageProvider -Name NuGet -MinimumVersion 2.8.5.201 -Force -Scope AllUsers | Out-Null
                }
                Set-PSRepository -Name PSGallery -InstallationPolicy Trusted -ErrorAction SilentlyContinue
                if (-not (Get-Module -ListAvailable -Name PSWindowsUpdate -ErrorAction SilentlyContinue)) {
                    Install-Module PSWindowsUpdate -Force -SkipPublisherCheck -Scope AllUsers | Out-Null
                }
                Import-Module PSWindowsUpdate -Force -ErrorAction Stop
                try {
                    Add-WUServiceManager -MicrosoftUpdate -Confirm:$false -ErrorAction SilentlyContinue | Out-Null
                } catch {}
                Write-Output 'OK'
            } catch {
                Write-Output ('ERROR: ' + $_.Exception.Message)
            }
2026-06-18 15:49:07.234 -05:00 [INF] (Thread 41) WindowsUpdateWorker: PSWindowsUpdate module OK.
2026-06-18 15:49:07.235 -05:00 [DBG] (Thread 41) WindowsUpdateWorker: running PS script: Import-Module PSWindowsUpdate -ErrorAction Stop
        $ProgressPreference = 'SilentlyContinue'

        # Force the Windows Update Agent to scan before installing.
        # Fixes 0x80248007 (WU_E_DS_NODATA) on fresh builds or machines
        # whose update data store has not been initialised yet.
        try {
            Start-Process -FilePath 'UsoClient.exe' `
                -ArgumentList 'StartScan' `
                -Wait -NoNewWindow -ErrorAction SilentlyContinue
            Start-Sleep -Seconds 30
        } catch {}

        # 2>&1 merges stderr into the pipeline mixing strings with update
        # objects -- we filter them out in the foreach loop below.
        $rawOutput = Install-WindowsUpdate `
            -MicrosoftUpdate `
            -AcceptAll `
            -IgnoreReboot `
            -Install `
            -ErrorAction Continue 2>&1

        # Use a hashtable keyed on Title to keep only the LAST result per update.
        # PSWindowsUpdate emits objects at multiple pipeline stages (search, download,
        # install); overwriting ensures we capture the final post-install ResultCode
        # rather than an early ResultCode=0 (NotStarted).
        $byKey = @{}

        foreach ($u in $rawOutput) {
            if ($null -eq $u -or $u -isnot [PSObject]) { continue }
            if (-not ($u.PSObject.Properties.Name -contains 'Title')) { continue }
            if ([string]::IsNullOrWhiteSpace($u.Title)) { continue }

            $resultCode = 0
            try { $resultCode = [int]$u.ResultCode } catch { $resultCode = 4 }
            $succeeded = ($resultCode -eq 2 -or $resultCode -eq 3)

            # ResultCode=0 means NotStarted — treat as Skipped, not Failed.
            $status = if ($succeeded) { 'Succeeded' } elseif ($resultCode -eq 0) { 'Skipped' } else { 'Failed' }

            $kb = ''
            try {
                if ($u.KBArticleIDs -and $u.KBArticleIDs.Count -gt 0) {
                    $kb = 'KB' + $u.KBArticleIDs[0]
                }
            } catch {}

            $needsReboot = $false
            try { $needsReboot = [bool]$u.RebootRequired } catch {}

            $byKey[$u.Title] = [PSCustomObject]@{
                Identifier     = $kb
                Title          = [string]$u.Title
                Status         = $status
                ErrorMessage   = if ($succeeded -or $resultCode -eq 0) { '' } else { 'ResultCode=' + $resultCode }
                RebootRequired = $needsReboot
                AttemptedAt    = (Get-Date -Format 'o')
            }
        }

        $results = @($byKey.Values)

        if ($results.Count -eq 0) {
            Write-Output '[]'
        } else {
            $results | ConvertTo-Json -Compress
        }
2026-06-18 15:49:53.192 -05:00 [INF] (Thread 40) WindowsUpdateWorker: no updates installed — system reboot is already pending.
2026-06-18 15:49:53.192 -05:00 [INF] (Thread 40) WindowsUpdateWorker: pass complete. Total=3 Succeeded=1 Failed=0 Skipped=2
2026-06-18 15:49:53.192 -05:00 [INF] (Thread 40) WingetWorker: skipping — last run was 2026-06-16T16:17:53.8183052Z (less than 7 days ago).
2026-06-18 15:49:53.192 -05:00 [INF] (Thread 40) UpdateOrchestrator: cycle complete. Total=3 Succeeded=1 Failed=0 RebootRequired=true
2026-06-18 15:49:53.193 -05:00 [INF] (Thread 40) UpdateOrchestrator: reboot required but last reboot was 40.8 hours ago — skipping notification until 2-day minimum has elapsed.
2026-06-18 15:49:53.193 -05:00 [INF] (Thread 40) UpdateBackgroundService: next cycle in "01:00:00".
2026-06-18 16:49:53.209 -05:00 [INF] (Thread 34) SelfUpdater: checking for updates. Current version: 0.26.230.591
2026-06-18 16:49:53.298 -05:00 [INF] (Thread 34) SelfUpdater: remote version = 0.26.230.591.
2026-06-18 16:49:53.298 -05:00 [INF] (Thread 34) SelfUpdater: already up to date.
2026-06-18 16:49:53.298 -05:00 [INF] (Thread 34) UpdateOrchestrator: === Update cycle starting ===
2026-06-18 16:49:53.298 -05:00 [INF] (Thread 34) WindowsUpdateWorker: starting update pass.
2026-06-18 16:49:53.298 -05:00 [INF] (Thread 34) WindowsUpdateWorker: verifying PSWindowsUpdate module.
2026-06-18 16:49:53.299 -05:00 [DBG] (Thread 34) WindowsUpdateWorker: running PS script: $ProgressPreference = 'SilentlyContinue'
            $ErrorActionPreference = 'Stop'
            try {
                if (-not (Get-PackageProvider -Name NuGet -ListAvailable -ErrorAction SilentlyContinue)) {
                    Install-PackageProvider -Name NuGet -MinimumVersion 2.8.5.201 -Force -Scope AllUsers | Out-Null
                }
                Set-PSRepository -Name PSGallery -InstallationPolicy Trusted -ErrorAction SilentlyContinue
                if (-not (Get-Module -ListAvailable -Name PSWindowsUpdate -ErrorAction SilentlyContinue)) {
                    Install-Module PSWindowsUpdate -Force -SkipPublisherCheck -Scope AllUsers | Out-Null
                }
                Import-Module PSWindowsUpdate -Force -ErrorAction Stop
                try {
                    Add-WUServiceManager -MicrosoftUpdate -Confirm:$false -ErrorAction SilentlyContinue | Out-Null
                } catch {}
                Write-Output 'OK'
            } catch {
                Write-Output ('ERROR: ' + $_.Exception.Message)
            }
2026-06-18 16:50:06.667 -05:00 [INF] (Thread 31) WindowsUpdateWorker: PSWindowsUpdate module OK.
2026-06-18 16:50:06.668 -05:00 [DBG] (Thread 31) WindowsUpdateWorker: running PS script: Import-Module PSWindowsUpdate -ErrorAction Stop
        $ProgressPreference = 'SilentlyContinue'

        # Force the Windows Update Agent to scan before installing.
        # Fixes 0x80248007 (WU_E_DS_NODATA) on fresh builds or machines
        # whose update data store has not been initialised yet.
        try {
            Start-Process -FilePath 'UsoClient.exe' `
                -ArgumentList 'StartScan' `
                -Wait -NoNewWindow -ErrorAction SilentlyContinue
            Start-Sleep -Seconds 30
        } catch {}

        # 2>&1 merges stderr into the pipeline mixing strings with update
        # objects -- we filter them out in the foreach loop below.
        $rawOutput = Install-WindowsUpdate `
            -MicrosoftUpdate `
            -AcceptAll `
            -IgnoreReboot `
            -Install `
            -ErrorAction Continue 2>&1

        # Use a hashtable keyed on Title to keep only the LAST result per update.
        # PSWindowsUpdate emits objects at multiple pipeline stages (search, download,
        # install); overwriting ensures we capture the final post-install ResultCode
        # rather than an early ResultCode=0 (NotStarted).
        $byKey = @{}

        foreach ($u in $rawOutput) {
            if ($null -eq $u -or $u -isnot [PSObject]) { continue }
            if (-not ($u.PSObject.Properties.Name -contains 'Title')) { continue }
            if ([string]::IsNullOrWhiteSpace($u.Title)) { continue }

            $resultCode = 0
            try { $resultCode = [int]$u.ResultCode } catch { $resultCode = 4 }
            $succeeded = ($resultCode -eq 2 -or $resultCode -eq 3)

            # ResultCode=0 means NotStarted — treat as Skipped, not Failed.
            $status = if ($succeeded) { 'Succeeded' } elseif ($resultCode -eq 0) { 'Skipped' } else { 'Failed' }

            $kb = ''
            try {
                if ($u.KBArticleIDs -and $u.KBArticleIDs.Count -gt 0) {
                    $kb = 'KB' + $u.KBArticleIDs[0]
                }
            } catch {}

            $needsReboot = $false
            try { $needsReboot = [bool]$u.RebootRequired } catch {}

            $byKey[$u.Title] = [PSCustomObject]@{
                Identifier     = $kb
                Title          = [string]$u.Title
                Status         = $status
                ErrorMessage   = if ($succeeded -or $resultCode -eq 0) { '' } else { 'ResultCode=' + $resultCode }
                RebootRequired = $needsReboot
                AttemptedAt    = (Get-Date -Format 'o')
            }
        }

        $results = @($byKey.Values)

        if ($results.Count -eq 0) {
            Write-Output '[]'
        } else {
            $results | ConvertTo-Json -Compress
        }
2026-06-18 16:50:52.287 -05:00 [INF] (Thread 32) WindowsUpdateWorker: no updates installed — system reboot is already pending.
2026-06-18 16:50:52.287 -05:00 [INF] (Thread 32) WindowsUpdateWorker: pass complete. Total=3 Succeeded=1 Failed=0 Skipped=2
2026-06-18 16:50:52.287 -05:00 [INF] (Thread 32) WingetWorker: skipping — last run was 2026-06-16T16:17:53.8183052Z (less than 7 days ago).
2026-06-18 16:50:52.287 -05:00 [INF] (Thread 32) UpdateOrchestrator: cycle complete. Total=3 Succeeded=1 Failed=0 RebootRequired=true
2026-06-18 16:50:52.287 -05:00 [INF] (Thread 32) UpdateOrchestrator: reboot required but last reboot was 41.8 hours ago — skipping notification until 2-day minimum has elapsed.
2026-06-18 16:50:52.288 -05:00 [INF] (Thread 32) UpdateBackgroundService: next cycle in "01:00:00".
2026-06-18 17:50:52.295 -05:00 [INF] (Thread 34) SelfUpdater: checking for updates. Current version: 0.26.230.591
2026-06-18 17:50:52.389 -05:00 [INF] (Thread 32) SelfUpdater: remote version = 0.26.230.591.
2026-06-18 17:50:52.389 -05:00 [INF] (Thread 32) SelfUpdater: already up to date.
2026-06-18 17:50:52.389 -05:00 [INF] (Thread 32) UpdateOrchestrator: === Update cycle starting ===
2026-06-18 17:50:52.389 -05:00 [INF] (Thread 32) WindowsUpdateWorker: starting update pass.
2026-06-18 17:50:52.389 -05:00 [INF] (Thread 32) WindowsUpdateWorker: verifying PSWindowsUpdate module.
2026-06-18 17:50:52.391 -05:00 [DBG] (Thread 32) WindowsUpdateWorker: running PS script: $ProgressPreference = 'SilentlyContinue'
            $ErrorActionPreference = 'Stop'
            try {
                if (-not (Get-PackageProvider -Name NuGet -ListAvailable -ErrorAction SilentlyContinue)) {
                    Install-PackageProvider -Name NuGet -MinimumVersion 2.8.5.201 -Force -Scope AllUsers | Out-Null
                }
                Set-PSRepository -Name PSGallery -InstallationPolicy Trusted -ErrorAction SilentlyContinue
                if (-not (Get-Module -ListAvailable -Name PSWindowsUpdate -ErrorAction SilentlyContinue)) {
                    Install-Module PSWindowsUpdate -Force -SkipPublisherCheck -Scope AllUsers | Out-Null
                }
                Import-Module PSWindowsUpdate -Force -ErrorAction Stop
                try {
                    Add-WUServiceManager -MicrosoftUpdate -Confirm:$false -ErrorAction SilentlyContinue | Out-Null
                } catch {}
                Write-Output 'OK'
            } catch {
                Write-Output ('ERROR: ' + $_.Exception.Message)
            }
2026-06-18 17:51:03.875 -05:00 [INF] (Thread 30) WindowsUpdateWorker: PSWindowsUpdate module OK.
2026-06-18 17:51:03.876 -05:00 [DBG] (Thread 32) WindowsUpdateWorker: running PS script: Import-Module PSWindowsUpdate -ErrorAction Stop
        $ProgressPreference = 'SilentlyContinue'

        # Force the Windows Update Agent to scan before installing.
        # Fixes 0x80248007 (WU_E_DS_NODATA) on fresh builds or machines
        # whose update data store has not been initialised yet.
        try {
            Start-Process -FilePath 'UsoClient.exe' `
                -ArgumentList 'StartScan' `
                -Wait -NoNewWindow -ErrorAction SilentlyContinue
            Start-Sleep -Seconds 30
        } catch {}

        # 2>&1 merges stderr into the pipeline mixing strings with update
        # objects -- we filter them out in the foreach loop below.
        $rawOutput = Install-WindowsUpdate `
            -MicrosoftUpdate `
            -AcceptAll `
            -IgnoreReboot `
            -Install `
            -ErrorAction Continue 2>&1

        # Use a hashtable keyed on Title to keep only the LAST result per update.
        # PSWindowsUpdate emits objects at multiple pipeline stages (search, download,
        # install); overwriting ensures we capture the final post-install ResultCode
        # rather than an early ResultCode=0 (NotStarted).
        $byKey = @{}

        foreach ($u in $rawOutput) {
            if ($null -eq $u -or $u -isnot [PSObject]) { continue }
            if (-not ($u.PSObject.Properties.Name -contains 'Title')) { continue }
            if ([string]::IsNullOrWhiteSpace($u.Title)) { continue }

            $resultCode = 0
            try { $resultCode = [int]$u.ResultCode } catch { $resultCode = 4 }
            $succeeded = ($resultCode -eq 2 -or $resultCode -eq 3)

            # ResultCode=0 means NotStarted — treat as Skipped, not Failed.
            $status = if ($succeeded) { 'Succeeded' } elseif ($resultCode -eq 0) { 'Skipped' } else { 'Failed' }

            $kb = ''
            try {
                if ($u.KBArticleIDs -and $u.KBArticleIDs.Count -gt 0) {
                    $kb = 'KB' + $u.KBArticleIDs[0]
                }
            } catch {}

            $needsReboot = $false
            try { $needsReboot = [bool]$u.RebootRequired } catch {}

            $byKey[$u.Title] = [PSCustomObject]@{
                Identifier     = $kb
                Title          = [string]$u.Title
                Status         = $status
                ErrorMessage   = if ($succeeded -or $resultCode -eq 0) { '' } else { 'ResultCode=' + $resultCode }
                RebootRequired = $needsReboot
                AttemptedAt    = (Get-Date -Format 'o')
            }
        }

        $results = @($byKey.Values)

        if ($results.Count -eq 0) {
            Write-Output '[]'
        } else {
            $results | ConvertTo-Json -Compress
        }
2026-06-18 17:51:49.428 -05:00 [INF] (Thread 32) WindowsUpdateWorker: no updates installed — system reboot is already pending.
2026-06-18 17:51:49.429 -05:00 [INF] (Thread 32) WindowsUpdateWorker: pass complete. Total=3 Succeeded=1 Failed=0 Skipped=2
2026-06-18 17:51:49.429 -05:00 [INF] (Thread 32) WingetWorker: skipping — last run was 2026-06-16T16:17:53.8183052Z (less than 7 days ago).
2026-06-18 17:51:49.429 -05:00 [INF] (Thread 32) UpdateOrchestrator: cycle complete. Total=3 Succeeded=1 Failed=0 RebootRequired=true
2026-06-18 17:51:49.429 -05:00 [INF] (Thread 32) UpdateOrchestrator: reboot required but last reboot was 42.9 hours ago — skipping notification until 2-day minimum has elapsed.
2026-06-18 17:51:49.429 -05:00 [INF] (Thread 32) UpdateBackgroundService: next cycle in "01:00:00".
2026-06-18 18:51:49.443 -05:00 [INF] (Thread 23) SelfUpdater: checking for updates. Current version: 0.26.230.591
2026-06-18 18:51:49.534 -05:00 [INF] (Thread 23) SelfUpdater: remote version = 0.26.230.591.
2026-06-18 18:51:49.534 -05:00 [INF] (Thread 23) SelfUpdater: already up to date.
2026-06-18 18:51:49.534 -05:00 [INF] (Thread 23) UpdateOrchestrator: === Update cycle starting ===
2026-06-18 18:51:49.534 -05:00 [INF] (Thread 23) WindowsUpdateWorker: starting update pass.
2026-06-18 18:51:49.534 -05:00 [INF] (Thread 23) WindowsUpdateWorker: verifying PSWindowsUpdate module.
2026-06-18 18:51:49.536 -05:00 [DBG] (Thread 23) WindowsUpdateWorker: running PS script: $ProgressPreference = 'SilentlyContinue'
            $ErrorActionPreference = 'Stop'
            try {
                if (-not (Get-PackageProvider -Name NuGet -ListAvailable -ErrorAction SilentlyContinue)) {
                    Install-PackageProvider -Name NuGet -MinimumVersion 2.8.5.201 -Force -Scope AllUsers | Out-Null
                }
                Set-PSRepository -Name PSGallery -InstallationPolicy Trusted -ErrorAction SilentlyContinue
                if (-not (Get-Module -ListAvailable -Name PSWindowsUpdate -ErrorAction SilentlyContinue)) {
                    Install-Module PSWindowsUpdate -Force -SkipPublisherCheck -Scope AllUsers | Out-Null
                }
                Import-Module PSWindowsUpdate -Force -ErrorAction Stop
                try {
                    Add-WUServiceManager -MicrosoftUpdate -Confirm:$false -ErrorAction SilentlyContinue | Out-Null
                } catch {}
                Write-Output 'OK'
            } catch {
                Write-Output ('ERROR: ' + $_.Exception.Message)
            }
2026-06-18 18:52:01.013 -05:00 [INF] (Thread 27) WindowsUpdateWorker: PSWindowsUpdate module OK.
2026-06-18 18:52:01.014 -05:00 [DBG] (Thread 27) WindowsUpdateWorker: running PS script: Import-Module PSWindowsUpdate -ErrorAction Stop
        $ProgressPreference = 'SilentlyContinue'

        # Force the Windows Update Agent to scan before installing.
        # Fixes 0x80248007 (WU_E_DS_NODATA) on fresh builds or machines
        # whose update data store has not been initialised yet.
        try {
            Start-Process -FilePath 'UsoClient.exe' `
                -ArgumentList 'StartScan' `
                -Wait -NoNewWindow -ErrorAction SilentlyContinue
            Start-Sleep -Seconds 30
        } catch {}

        # 2>&1 merges stderr into the pipeline mixing strings with update
        # objects -- we filter them out in the foreach loop below.
        $rawOutput = Install-WindowsUpdate `
            -MicrosoftUpdate `
            -AcceptAll `
            -IgnoreReboot `
            -Install `
            -ErrorAction Continue 2>&1

        # Use a hashtable keyed on Title to keep only the LAST result per update.
        # PSWindowsUpdate emits objects at multiple pipeline stages (search, download,
        # install); overwriting ensures we capture the final post-install ResultCode
        # rather than an early ResultCode=0 (NotStarted).
        $byKey = @{}

        foreach ($u in $rawOutput) {
            if ($null -eq $u -or $u -isnot [PSObject]) { continue }
            if (-not ($u.PSObject.Properties.Name -contains 'Title')) { continue }
            if ([string]::IsNullOrWhiteSpace($u.Title)) { continue }

            $resultCode = 0
            try { $resultCode = [int]$u.ResultCode } catch { $resultCode = 4 }
            $succeeded = ($resultCode -eq 2 -or $resultCode -eq 3)

            # ResultCode=0 means NotStarted — treat as Skipped, not Failed.
            $status = if ($succeeded) { 'Succeeded' } elseif ($resultCode -eq 0) { 'Skipped' } else { 'Failed' }

            $kb = ''
            try {
                if ($u.KBArticleIDs -and $u.KBArticleIDs.Count -gt 0) {
                    $kb = 'KB' + $u.KBArticleIDs[0]
                }
            } catch {}

            $needsReboot = $false
            try { $needsReboot = [bool]$u.RebootRequired } catch {}

            $byKey[$u.Title] = [PSCustomObject]@{
                Identifier     = $kb
                Title          = [string]$u.Title
                Status         = $status
                ErrorMessage   = if ($succeeded -or $resultCode -eq 0) { '' } else { 'ResultCode=' + $resultCode }
                RebootRequired = $needsReboot
                AttemptedAt    = (Get-Date -Format 'o')
            }
        }

        $results = @($byKey.Values)

        if ($results.Count -eq 0) {
            Write-Output '[]'
        } else {
            $results | ConvertTo-Json -Compress
        }
2026-06-18 18:53:02.539 -05:00 [INF] (Thread 27) WindowsUpdateWorker: no updates installed — system reboot is already pending.
2026-06-18 18:53:02.539 -05:00 [INF] (Thread 27) WindowsUpdateWorker: pass complete. Total=3 Succeeded=1 Failed=0 Skipped=2
2026-06-18 18:53:02.539 -05:00 [INF] (Thread 27) WingetWorker: skipping — last run was 2026-06-16T16:17:53.8183052Z (less than 7 days ago).
2026-06-18 18:53:02.539 -05:00 [INF] (Thread 27) UpdateOrchestrator: cycle complete. Total=3 Succeeded=1 Failed=0 RebootRequired=true
2026-06-18 18:53:02.539 -05:00 [INF] (Thread 27) UpdateOrchestrator: reboot required but last reboot was 43.9 hours ago — skipping notification until 2-day minimum has elapsed.
2026-06-18 18:53:02.539 -05:00 [INF] (Thread 27) UpdateBackgroundService: next cycle in "01:00:00".
2026-06-18 19:53:02.560 -05:00 [INF] (Thread 23) SelfUpdater: checking for updates. Current version: 0.26.230.591
2026-06-18 19:53:02.643 -05:00 [INF] (Thread 23) SelfUpdater: remote version = 0.26.230.591.
2026-06-18 19:53:02.643 -05:00 [INF] (Thread 23) SelfUpdater: already up to date.
2026-06-18 19:53:02.643 -05:00 [INF] (Thread 23) UpdateOrchestrator: === Update cycle starting ===
2026-06-18 19:53:02.643 -05:00 [INF] (Thread 23) WindowsUpdateWorker: starting update pass.
2026-06-18 19:53:02.643 -05:00 [INF] (Thread 23) WindowsUpdateWorker: verifying PSWindowsUpdate module.
2026-06-18 19:53:02.644 -05:00 [DBG] (Thread 23) WindowsUpdateWorker: running PS script: $ProgressPreference = 'SilentlyContinue'
            $ErrorActionPreference = 'Stop'
            try {
                if (-not (Get-PackageProvider -Name NuGet -ListAvailable -ErrorAction SilentlyContinue)) {
                    Install-PackageProvider -Name NuGet -MinimumVersion 2.8.5.201 -Force -Scope AllUsers | Out-Null
                }
                Set-PSRepository -Name PSGallery -InstallationPolicy Trusted -ErrorAction SilentlyContinue
                if (-not (Get-Module -ListAvailable -Name PSWindowsUpdate -ErrorAction SilentlyContinue)) {
                    Install-Module PSWindowsUpdate -Force -SkipPublisherCheck -Scope AllUsers | Out-Null
                }
                Import-Module PSWindowsUpdate -Force -ErrorAction Stop
                try {
                    Add-WUServiceManager -MicrosoftUpdate -Confirm:$false -ErrorAction SilentlyContinue | Out-Null
                } catch {}
                Write-Output 'OK'
            } catch {
                Write-Output ('ERROR: ' + $_.Exception.Message)
            }
2026-06-18 19:53:14.235 -05:00 [INF] (Thread 27) WindowsUpdateWorker: PSWindowsUpdate module OK.
2026-06-18 19:53:14.236 -05:00 [DBG] (Thread 27) WindowsUpdateWorker: running PS script: Import-Module PSWindowsUpdate -ErrorAction Stop
        $ProgressPreference = 'SilentlyContinue'

        # Force the Windows Update Agent to scan before installing.
        # Fixes 0x80248007 (WU_E_DS_NODATA) on fresh builds or machines
        # whose update data store has not been initialised yet.
        try {
            Start-Process -FilePath 'UsoClient.exe' `
                -ArgumentList 'StartScan' `
                -Wait -NoNewWindow -ErrorAction SilentlyContinue
            Start-Sleep -Seconds 30
        } catch {}

        # 2>&1 merges stderr into the pipeline mixing strings with update
        # objects -- we filter them out in the foreach loop below.
        $rawOutput = Install-WindowsUpdate `
            -MicrosoftUpdate `
            -AcceptAll `
            -IgnoreReboot `
            -Install `
            -ErrorAction Continue 2>&1

        # Use a hashtable keyed on Title to keep only the LAST result per update.
        # PSWindowsUpdate emits objects at multiple pipeline stages (search, download,
        # install); overwriting ensures we capture the final post-install ResultCode
        # rather than an early ResultCode=0 (NotStarted).
        $byKey = @{}

        foreach ($u in $rawOutput) {
            if ($null -eq $u -or $u -isnot [PSObject]) { continue }
            if (-not ($u.PSObject.Properties.Name -contains 'Title')) { continue }
            if ([string]::IsNullOrWhiteSpace($u.Title)) { continue }

            $resultCode = 0
            try { $resultCode = [int]$u.ResultCode } catch { $resultCode = 4 }
            $succeeded = ($resultCode -eq 2 -or $resultCode -eq 3)

            # ResultCode=0 means NotStarted — treat as Skipped, not Failed.
            $status = if ($succeeded) { 'Succeeded' } elseif ($resultCode -eq 0) { 'Skipped' } else { 'Failed' }

            $kb = ''
            try {
                if ($u.KBArticleIDs -and $u.KBArticleIDs.Count -gt 0) {
                    $kb = 'KB' + $u.KBArticleIDs[0]
                }
            } catch {}

            $needsReboot = $false
            try { $needsReboot = [bool]$u.RebootRequired } catch {}

            $byKey[$u.Title] = [PSCustomObject]@{
                Identifier     = $kb
                Title          = [string]$u.Title
                Status         = $status
                ErrorMessage   = if ($succeeded -or $resultCode -eq 0) { '' } else { 'ResultCode=' + $resultCode }
                RebootRequired = $needsReboot
                AttemptedAt    = (Get-Date -Format 'o')
            }
        }

        $results = @($byKey.Values)

        if ($results.Count -eq 0) {
            Write-Output '[]'
        } else {
            $results | ConvertTo-Json -Compress
        }
2026-06-18 19:54:05.425 -05:00 [INF] (Thread 17) WindowsUpdateWorker: no updates installed — system reboot is already pending.
2026-06-18 19:54:05.425 -05:00 [INF] (Thread 17) WindowsUpdateWorker: pass complete. Total=3 Succeeded=1 Failed=0 Skipped=2
2026-06-18 19:54:05.425 -05:00 [INF] (Thread 17) WingetWorker: skipping — last run was 2026-06-16T16:17:53.8183052Z (less than 7 days ago).
2026-06-18 19:54:05.425 -05:00 [INF] (Thread 17) UpdateOrchestrator: cycle complete. Total=3 Succeeded=1 Failed=0 RebootRequired=true
2026-06-18 19:54:05.425 -05:00 [INF] (Thread 17) UpdateOrchestrator: reboot required but last reboot was 44.9 hours ago — skipping notification until 2-day minimum has elapsed.
2026-06-18 19:54:05.425 -05:00 [INF] (Thread 17) UpdateBackgroundService: next cycle in "01:00:00".
2026-06-18 20:54:05.440 -05:00 [INF] (Thread 17) SelfUpdater: checking for updates. Current version: 0.26.230.591
2026-06-18 20:54:05.520 -05:00 [INF] (Thread 17) SelfUpdater: remote version = 0.26.230.591.
2026-06-18 20:54:05.520 -05:00 [INF] (Thread 17) SelfUpdater: already up to date.
2026-06-18 20:54:05.520 -05:00 [INF] (Thread 17) UpdateOrchestrator: === Update cycle starting ===
2026-06-18 20:54:05.520 -05:00 [INF] (Thread 17) WindowsUpdateWorker: starting update pass.
2026-06-18 20:54:05.520 -05:00 [INF] (Thread 17) WindowsUpdateWorker: verifying PSWindowsUpdate module.
2026-06-18 20:54:05.523 -05:00 [DBG] (Thread 24) WindowsUpdateWorker: running PS script: $ProgressPreference = 'SilentlyContinue'
            $ErrorActionPreference = 'Stop'
            try {
                if (-not (Get-PackageProvider -Name NuGet -ListAvailable -ErrorAction SilentlyContinue)) {
                    Install-PackageProvider -Name NuGet -MinimumVersion 2.8.5.201 -Force -Scope AllUsers | Out-Null
                }
                Set-PSRepository -Name PSGallery -InstallationPolicy Trusted -ErrorAction SilentlyContinue
                if (-not (Get-Module -ListAvailable -Name PSWindowsUpdate -ErrorAction SilentlyContinue)) {
                    Install-Module PSWindowsUpdate -Force -SkipPublisherCheck -Scope AllUsers | Out-Null
                }
                Import-Module PSWindowsUpdate -Force -ErrorAction Stop
                try {
                    Add-WUServiceManager -MicrosoftUpdate -Confirm:$false -ErrorAction SilentlyContinue | Out-Null
                } catch {}
                Write-Output 'OK'
            } catch {
                Write-Output ('ERROR: ' + $_.Exception.Message)
            }
2026-06-18 20:54:17.317 -05:00 [INF] (Thread 24) WindowsUpdateWorker: PSWindowsUpdate module OK.
2026-06-18 20:54:17.317 -05:00 [DBG] (Thread 24) WindowsUpdateWorker: running PS script: Import-Module PSWindowsUpdate -ErrorAction Stop
        $ProgressPreference = 'SilentlyContinue'

        # Force the Windows Update Agent to scan before installing.
        # Fixes 0x80248007 (WU_E_DS_NODATA) on fresh builds or machines
        # whose update data store has not been initialised yet.
        try {
            Start-Process -FilePath 'UsoClient.exe' `
                -ArgumentList 'StartScan' `
                -Wait -NoNewWindow -ErrorAction SilentlyContinue
            Start-Sleep -Seconds 30
        } catch {}

        # 2>&1 merges stderr into the pipeline mixing strings with update
        # objects -- we filter them out in the foreach loop below.
        $rawOutput = Install-WindowsUpdate `
            -MicrosoftUpdate `
            -AcceptAll `
            -IgnoreReboot `
            -Install `
            -ErrorAction Continue 2>&1

        # Use a hashtable keyed on Title to keep only the LAST result per update.
        # PSWindowsUpdate emits objects at multiple pipeline stages (search, download,
        # install); overwriting ensures we capture the final post-install ResultCode
        # rather than an early ResultCode=0 (NotStarted).
        $byKey = @{}

        foreach ($u in $rawOutput) {
            if ($null -eq $u -or $u -isnot [PSObject]) { continue }
            if (-not ($u.PSObject.Properties.Name -contains 'Title')) { continue }
            if ([string]::IsNullOrWhiteSpace($u.Title)) { continue }

            $resultCode = 0
            try { $resultCode = [int]$u.ResultCode } catch { $resultCode = 4 }
            $succeeded = ($resultCode -eq 2 -or $resultCode -eq 3)

            # ResultCode=0 means NotStarted — treat as Skipped, not Failed.
            $status = if ($succeeded) { 'Succeeded' } elseif ($resultCode -eq 0) { 'Skipped' } else { 'Failed' }

            $kb = ''
            try {
                if ($u.KBArticleIDs -and $u.KBArticleIDs.Count -gt 0) {
                    $kb = 'KB' + $u.KBArticleIDs[0]
                }
            } catch {}

            $needsReboot = $false
            try { $needsReboot = [bool]$u.RebootRequired } catch {}

            $byKey[$u.Title] = [PSCustomObject]@{
                Identifier     = $kb
                Title          = [string]$u.Title
                Status         = $status
                ErrorMessage   = if ($succeeded -or $resultCode -eq 0) { '' } else { 'ResultCode=' + $resultCode }
                RebootRequired = $needsReboot
                AttemptedAt    = (Get-Date -Format 'o')
            }
        }

        $results = @($byKey.Values)

        if ($results.Count -eq 0) {
            Write-Output '[]'
        } else {
            $results | ConvertTo-Json -Compress
        }
2026-06-18 20:55:19.715 -05:00 [INF] (Thread 22) WindowsUpdateWorker: no updates installed — system reboot is already pending.
2026-06-18 20:55:19.715 -05:00 [INF] (Thread 22) WindowsUpdateWorker: pass complete. Total=3 Succeeded=1 Failed=0 Skipped=2
2026-06-18 20:55:19.715 -05:00 [INF] (Thread 22) WingetWorker: skipping — last run was 2026-06-16T16:17:53.8183052Z (less than 7 days ago).
2026-06-18 20:55:19.715 -05:00 [INF] (Thread 22) UpdateOrchestrator: cycle complete. Total=3 Succeeded=1 Failed=0 RebootRequired=true
2026-06-18 20:55:19.715 -05:00 [INF] (Thread 22) UpdateOrchestrator: reboot required but last reboot was 45.9 hours ago — skipping notification until 2-day minimum has elapsed.
2026-06-18 20:55:19.715 -05:00 [INF] (Thread 22) UpdateBackgroundService: next cycle in "01:00:00".
2026-06-18 21:55:19.730 -05:00 [INF] (Thread 22) SelfUpdater: checking for updates. Current version: 0.26.230.591
2026-06-18 21:55:19.851 -05:00 [INF] (Thread 22) SelfUpdater: remote version = 0.26.230.591.
2026-06-18 21:55:19.851 -05:00 [INF] (Thread 22) SelfUpdater: already up to date.
2026-06-18 21:55:19.851 -05:00 [INF] (Thread 22) UpdateOrchestrator: === Update cycle starting ===
2026-06-18 21:55:19.851 -05:00 [INF] (Thread 22) WindowsUpdateWorker: starting update pass.
2026-06-18 21:55:19.851 -05:00 [INF] (Thread 22) WindowsUpdateWorker: verifying PSWindowsUpdate module.
2026-06-18 21:55:19.852 -05:00 [DBG] (Thread 22) WindowsUpdateWorker: running PS script: $ProgressPreference = 'SilentlyContinue'
            $ErrorActionPreference = 'Stop'
            try {
                if (-not (Get-PackageProvider -Name NuGet -ListAvailable -ErrorAction SilentlyContinue)) {
                    Install-PackageProvider -Name NuGet -MinimumVersion 2.8.5.201 -Force -Scope AllUsers | Out-Null
                }
                Set-PSRepository -Name PSGallery -InstallationPolicy Trusted -ErrorAction SilentlyContinue
                if (-not (Get-Module -ListAvailable -Name PSWindowsUpdate -ErrorAction SilentlyContinue)) {
                    Install-Module PSWindowsUpdate -Force -SkipPublisherCheck -Scope AllUsers | Out-Null
                }
                Import-Module PSWindowsUpdate -Force -ErrorAction Stop
                try {
                    Add-WUServiceManager -MicrosoftUpdate -Confirm:$false -ErrorAction SilentlyContinue | Out-Null
                } catch {}
                Write-Output 'OK'
            } catch {
                Write-Output ('ERROR: ' + $_.Exception.Message)
            }
2026-06-18 21:55:31.712 -05:00 [INF] (Thread 22) WindowsUpdateWorker: PSWindowsUpdate module OK.
2026-06-18 21:55:31.713 -05:00 [DBG] (Thread 22) WindowsUpdateWorker: running PS script: Import-Module PSWindowsUpdate -ErrorAction Stop
        $ProgressPreference = 'SilentlyContinue'

        # Force the Windows Update Agent to scan before installing.
        # Fixes 0x80248007 (WU_E_DS_NODATA) on fresh builds or machines
        # whose update data store has not been initialised yet.
        try {
            Start-Process -FilePath 'UsoClient.exe' `
                -ArgumentList 'StartScan' `
                -Wait -NoNewWindow -ErrorAction SilentlyContinue
            Start-Sleep -Seconds 30
        } catch {}

        # 2>&1 merges stderr into the pipeline mixing strings with update
        # objects -- we filter them out in the foreach loop below.
        $rawOutput = Install-WindowsUpdate `
            -MicrosoftUpdate `
            -AcceptAll `
            -IgnoreReboot `
            -Install `
            -ErrorAction Continue 2>&1

        # Use a hashtable keyed on Title to keep only the LAST result per update.
        # PSWindowsUpdate emits objects at multiple pipeline stages (search, download,
        # install); overwriting ensures we capture the final post-install ResultCode
        # rather than an early ResultCode=0 (NotStarted).
        $byKey = @{}

        foreach ($u in $rawOutput) {
            if ($null -eq $u -or $u -isnot [PSObject]) { continue }
            if (-not ($u.PSObject.Properties.Name -contains 'Title')) { continue }
            if ([string]::IsNullOrWhiteSpace($u.Title)) { continue }

            $resultCode = 0
            try { $resultCode = [int]$u.ResultCode } catch { $resultCode = 4 }
            $succeeded = ($resultCode -eq 2 -or $resultCode -eq 3)

            # ResultCode=0 means NotStarted — treat as Skipped, not Failed.
            $status = if ($succeeded) { 'Succeeded' } elseif ($resultCode -eq 0) { 'Skipped' } else { 'Failed' }

            $kb = ''
            try {
                if ($u.KBArticleIDs -and $u.KBArticleIDs.Count -gt 0) {
                    $kb = 'KB' + $u.KBArticleIDs[0]
                }
            } catch {}

            $needsReboot = $false
            try { $needsReboot = [bool]$u.RebootRequired } catch {}

            $byKey[$u.Title] = [PSCustomObject]@{
                Identifier     = $kb
                Title          = [string]$u.Title
                Status         = $status
                ErrorMessage   = if ($succeeded -or $resultCode -eq 0) { '' } else { 'ResultCode=' + $resultCode }
                RebootRequired = $needsReboot
                AttemptedAt    = (Get-Date -Format 'o')
            }
        }

        $results = @($byKey.Values)

        if ($results.Count -eq 0) {
            Write-Output '[]'
        } else {
            $results | ConvertTo-Json -Compress
        }
2026-06-18 21:56:19.287 -05:00 [INF] (Thread 17) WindowsUpdateWorker: no updates installed — system reboot is already pending.
2026-06-18 21:56:19.287 -05:00 [INF] (Thread 17) WindowsUpdateWorker: pass complete. Total=3 Succeeded=1 Failed=0 Skipped=2
2026-06-18 21:56:19.287 -05:00 [INF] (Thread 17) WingetWorker: skipping — last run was 2026-06-16T16:17:53.8183052Z (less than 7 days ago).
2026-06-18 21:56:19.287 -05:00 [INF] (Thread 17) UpdateOrchestrator: cycle complete. Total=3 Succeeded=1 Failed=0 RebootRequired=true
2026-06-18 21:56:19.287 -05:00 [INF] (Thread 17) UpdateOrchestrator: reboot required but last reboot was 46.9 hours ago — skipping notification until 2-day minimum has elapsed.
2026-06-18 21:56:19.287 -05:00 [INF] (Thread 17) UpdateBackgroundService: next cycle in "01:00:00".
2026-06-18 22:56:19.308 -05:00 [INF] (Thread 20) SelfUpdater: checking for updates. Current version: 0.26.230.591
2026-06-18 22:56:19.407 -05:00 [INF] (Thread 17) SelfUpdater: remote version = 0.26.230.591.
2026-06-18 22:56:19.407 -05:00 [INF] (Thread 17) SelfUpdater: already up to date.
2026-06-18 22:56:19.407 -05:00 [INF] (Thread 17) UpdateOrchestrator: === Update cycle starting ===
2026-06-18 22:56:19.407 -05:00 [INF] (Thread 17) WindowsUpdateWorker: starting update pass.
2026-06-18 22:56:19.407 -05:00 [INF] (Thread 17) WindowsUpdateWorker: verifying PSWindowsUpdate module.
2026-06-18 22:56:19.409 -05:00 [DBG] (Thread 17) WindowsUpdateWorker: running PS script: $ProgressPreference = 'SilentlyContinue'
            $ErrorActionPreference = 'Stop'
            try {
                if (-not (Get-PackageProvider -Name NuGet -ListAvailable -ErrorAction SilentlyContinue)) {
                    Install-PackageProvider -Name NuGet -MinimumVersion 2.8.5.201 -Force -Scope AllUsers | Out-Null
                }
                Set-PSRepository -Name PSGallery -InstallationPolicy Trusted -ErrorAction SilentlyContinue
                if (-not (Get-Module -ListAvailable -Name PSWindowsUpdate -ErrorAction SilentlyContinue)) {
                    Install-Module PSWindowsUpdate -Force -SkipPublisherCheck -Scope AllUsers | Out-Null
                }
                Import-Module PSWindowsUpdate -Force -ErrorAction Stop
                try {
                    Add-WUServiceManager -MicrosoftUpdate -Confirm:$false -ErrorAction SilentlyContinue | Out-Null
                } catch {}
                Write-Output 'OK'
            } catch {
                Write-Output ('ERROR: ' + $_.Exception.Message)
            }
2026-06-18 22:56:31.546 -05:00 [INF] (Thread 17) WindowsUpdateWorker: PSWindowsUpdate module OK.
2026-06-18 22:56:31.548 -05:00 [DBG] (Thread 17) WindowsUpdateWorker: running PS script: Import-Module PSWindowsUpdate -ErrorAction Stop
        $ProgressPreference = 'SilentlyContinue'

        # Force the Windows Update Agent to scan before installing.
        # Fixes 0x80248007 (WU_E_DS_NODATA) on fresh builds or machines
        # whose update data store has not been initialised yet.
        try {
            Start-Process -FilePath 'UsoClient.exe' `
                -ArgumentList 'StartScan' `
                -Wait -NoNewWindow -ErrorAction SilentlyContinue
            Start-Sleep -Seconds 30
        } catch {}

        # 2>&1 merges stderr into the pipeline mixing strings with update
        # objects -- we filter them out in the foreach loop below.
        $rawOutput = Install-WindowsUpdate `
            -MicrosoftUpdate `
            -AcceptAll `
            -IgnoreReboot `
            -Install `
            -ErrorAction Continue 2>&1

        # Use a hashtable keyed on Title to keep only the LAST result per update.
        # PSWindowsUpdate emits objects at multiple pipeline stages (search, download,
        # install); overwriting ensures we capture the final post-install ResultCode
        # rather than an early ResultCode=0 (NotStarted).
        $byKey = @{}

        foreach ($u in $rawOutput) {
            if ($null -eq $u -or $u -isnot [PSObject]) { continue }
            if (-not ($u.PSObject.Properties.Name -contains 'Title')) { continue }
            if ([string]::IsNullOrWhiteSpace($u.Title)) { continue }

            $resultCode = 0
            try { $resultCode = [int]$u.ResultCode } catch { $resultCode = 4 }
            $succeeded = ($resultCode -eq 2 -or $resultCode -eq 3)

            # ResultCode=0 means NotStarted — treat as Skipped, not Failed.
            $status = if ($succeeded) { 'Succeeded' } elseif ($resultCode -eq 0) { 'Skipped' } else { 'Failed' }

            $kb = ''
            try {
                if ($u.KBArticleIDs -and $u.KBArticleIDs.Count -gt 0) {
                    $kb = 'KB' + $u.KBArticleIDs[0]
                }
            } catch {}

            $needsReboot = $false
            try { $needsReboot = [bool]$u.RebootRequired } catch {}

            $byKey[$u.Title] = [PSCustomObject]@{
                Identifier     = $kb
                Title          = [string]$u.Title
                Status         = $status
                ErrorMessage   = if ($succeeded -or $resultCode -eq 0) { '' } else { 'ResultCode=' + $resultCode }
                RebootRequired = $needsReboot
                AttemptedAt    = (Get-Date -Format 'o')
            }
        }

        $results = @($byKey.Values)

        if ($results.Count -eq 0) {
            Write-Output '[]'
        } else {
            $results | ConvertTo-Json -Compress
        }
2026-06-18 22:57:26.572 -05:00 [INF] (Thread 19) WindowsUpdateWorker: no updates installed — system reboot is already pending.
2026-06-18 22:57:26.572 -05:00 [INF] (Thread 19) WindowsUpdateWorker: pass complete. Total=3 Succeeded=1 Failed=0 Skipped=2
2026-06-18 22:57:26.572 -05:00 [INF] (Thread 19) WingetWorker: skipping — last run was 2026-06-16T16:17:53.8183052Z (less than 7 days ago).
2026-06-18 22:57:26.572 -05:00 [INF] (Thread 19) UpdateOrchestrator: cycle complete. Total=3 Succeeded=1 Failed=0 RebootRequired=true
2026-06-18 22:57:26.572 -05:00 [INF] (Thread 19) UpdateOrchestrator: reboot required but last reboot was 47.9 hours ago — skipping notification until 2-day minimum has elapsed.
2026-06-18 22:57:26.572 -05:00 [INF] (Thread 19) UpdateBackgroundService: next cycle in "01:00:00".
2026-06-18 23:57:26.586 -05:00 [INF] (Thread 17) SelfUpdater: checking for updates. Current version: 0.26.230.591
2026-06-18 23:57:26.663 -05:00 [INF] (Thread 19) SelfUpdater: remote version = 0.26.230.591.
2026-06-18 23:57:26.663 -05:00 [INF] (Thread 19) SelfUpdater: already up to date.
2026-06-18 23:57:26.663 -05:00 [INF] (Thread 19) UpdateOrchestrator: === Update cycle starting ===
2026-06-18 23:57:26.663 -05:00 [INF] (Thread 19) WindowsUpdateWorker: starting update pass.
2026-06-18 23:57:26.663 -05:00 [INF] (Thread 19) WindowsUpdateWorker: verifying PSWindowsUpdate module.
2026-06-18 23:57:26.665 -05:00 [DBG] (Thread 19) WindowsUpdateWorker: running PS script: $ProgressPreference = 'SilentlyContinue'
            $ErrorActionPreference = 'Stop'
            try {
                if (-not (Get-PackageProvider -Name NuGet -ListAvailable -ErrorAction SilentlyContinue)) {
                    Install-PackageProvider -Name NuGet -MinimumVersion 2.8.5.201 -Force -Scope AllUsers | Out-Null
                }
                Set-PSRepository -Name PSGallery -InstallationPolicy Trusted -ErrorAction SilentlyContinue
                if (-not (Get-Module -ListAvailable -Name PSWindowsUpdate -ErrorAction SilentlyContinue)) {
                    Install-Module PSWindowsUpdate -Force -SkipPublisherCheck -Scope AllUsers | Out-Null
                }
                Import-Module PSWindowsUpdate -Force -ErrorAction Stop
                try {
                    Add-WUServiceManager -MicrosoftUpdate -Confirm:$false -ErrorAction SilentlyContinue | Out-Null
                } catch {}
                Write-Output 'OK'
            } catch {
                Write-Output ('ERROR: ' + $_.Exception.Message)
            }
2026-06-18 23:57:38.172 -05:00 [INF] (Thread 19) WindowsUpdateWorker: PSWindowsUpdate module OK.
2026-06-18 23:57:38.173 -05:00 [DBG] (Thread 19) WindowsUpdateWorker: running PS script: Import-Module PSWindowsUpdate -ErrorAction Stop
        $ProgressPreference = 'SilentlyContinue'

        # Force the Windows Update Agent to scan before installing.
        # Fixes 0x80248007 (WU_E_DS_NODATA) on fresh builds or machines
        # whose update data store has not been initialised yet.
        try {
            Start-Process -FilePath 'UsoClient.exe' `
                -ArgumentList 'StartScan' `
                -Wait -NoNewWindow -ErrorAction SilentlyContinue
            Start-Sleep -Seconds 30
        } catch {}

        # 2>&1 merges stderr into the pipeline mixing strings with update
        # objects -- we filter them out in the foreach loop below.
        $rawOutput = Install-WindowsUpdate `
            -MicrosoftUpdate `
            -AcceptAll `
            -IgnoreReboot `
            -Install `
            -ErrorAction Continue 2>&1

        # Use a hashtable keyed on Title to keep only the LAST result per update.
        # PSWindowsUpdate emits objects at multiple pipeline stages (search, download,
        # install); overwriting ensures we capture the final post-install ResultCode
        # rather than an early ResultCode=0 (NotStarted).
        $byKey = @{}

        foreach ($u in $rawOutput) {
            if ($null -eq $u -or $u -isnot [PSObject]) { continue }
            if (-not ($u.PSObject.Properties.Name -contains 'Title')) { continue }
            if ([string]::IsNullOrWhiteSpace($u.Title)) { continue }

            $resultCode = 0
            try { $resultCode = [int]$u.ResultCode } catch { $resultCode = 4 }
            $succeeded = ($resultCode -eq 2 -or $resultCode -eq 3)

            # ResultCode=0 means NotStarted — treat as Skipped, not Failed.
            $status = if ($succeeded) { 'Succeeded' } elseif ($resultCode -eq 0) { 'Skipped' } else { 'Failed' }

            $kb = ''
            try {
                if ($u.KBArticleIDs -and $u.KBArticleIDs.Count -gt 0) {
                    $kb = 'KB' + $u.KBArticleIDs[0]
                }
            } catch {}

            $needsReboot = $false
            try { $needsReboot = [bool]$u.RebootRequired } catch {}

            $byKey[$u.Title] = [PSCustomObject]@{
                Identifier     = $kb
                Title          = [string]$u.Title
                Status         = $status
                ErrorMessage   = if ($succeeded -or $resultCode -eq 0) { '' } else { 'ResultCode=' + $resultCode }
                RebootRequired = $needsReboot
                AttemptedAt    = (Get-Date -Format 'o')
            }
        }

        $results = @($byKey.Values)

        if ($results.Count -eq 0) {
            Write-Output '[]'
        } else {
            $results | ConvertTo-Json -Compress
        }
2026-06-18 23:58:24.186 -05:00 [INF] (Thread 14) WindowsUpdateWorker: no updates installed — system reboot is already pending.
2026-06-18 23:58:24.186 -05:00 [INF] (Thread 14) WindowsUpdateWorker: pass complete. Total=3 Succeeded=1 Failed=0 Skipped=2
2026-06-18 23:58:24.187 -05:00 [INF] (Thread 14) WingetWorker: skipping — last run was 2026-06-16T16:17:53.8183052Z (less than 7 days ago).
2026-06-18 23:58:24.187 -05:00 [INF] (Thread 14) UpdateOrchestrator: cycle complete. Total=3 Succeeded=1 Failed=0 RebootRequired=true
2026-06-18 23:58:24.187 -05:00 [INF] (Thread 14) UpdateOrchestrator: reboot is required — notifying logged-in user.
2026-06-18 23:58:24.217 -05:00 [INF] (Thread 14) PipeServer: pipe created — launching notifier.
2026-06-18 23:58:24.223 -05:00 [INF] (Thread 14) UserProcessLauncher: launching 'C:\Program Files\CapTG Updater\UpdateNotifier.exe' as active user.
2026-06-18 23:58:24.225 -05:00 [DBG] (Thread 14) UserProcessLauncher: console session 1 has a valid user token.
2026-06-18 23:58:24.226 -05:00 [DBG] (Thread 14) UserProcessLauncher: using session ID = 1.
2026-06-18 23:58:24.306 -05:00 [INF] (Thread 14) UserProcessLauncher: 'C:\Program Files\CapTG Updater\UpdateNotifier.exe' launched in session 1.
2026-06-18 23:58:24.306 -05:00 [DBG] (Thread 14) PipeServer: waiting for notifier to connect.
2026-06-18 23:58:24.596 -05:00 [INF] (Thread 17) PipeServer: notifier connected.
2026-06-18 23:58:24.629 -05:00 [DBG] (Thread 17) PipeServer: RebootRequired message sent.
