2026-07-10 00:16:06.966 -05:00 [INF] (Thread 54) SelfUpdater: checking for updates. Current version: 0.26.230.591
2026-07-10 00:16:07.060 -05:00 [INF] (Thread 59) SelfUpdater: remote version = 0.26.230.591.
2026-07-10 00:16:07.060 -05:00 [INF] (Thread 59) SelfUpdater: already up to date.
2026-07-10 00:16:07.061 -05:00 [INF] (Thread 59) UpdateOrchestrator: === Update cycle starting ===
2026-07-10 00:16:07.061 -05:00 [INF] (Thread 59) WindowsUpdateWorker: starting update pass.
2026-07-10 00:16:07.061 -05:00 [INF] (Thread 59) WindowsUpdateWorker: verifying PSWindowsUpdate module.
2026-07-10 00:16:07.068 -05:00 [DBG] (Thread 59) WindowsUpdateWorker: running PS script: $ProgressPreference = 'SilentlyContinue'
            $ErrorActionPreference = 'Stop'
            try {
                if (-not (Get-PackageProvider -Name NuGet -ListAvailable -ErrorAction SilentlyContinue)) {
                    Install-PackageProvider -Name NuGet -MinimumVersion 2.8.5.201 -Force -Scope AllUsers | Out-Null
                }
                Set-PSRepository -Name PSGallery -InstallationPolicy Trusted -ErrorAction SilentlyContinue
                if (-not (Get-Module -ListAvailable -Name PSWindowsUpdate -ErrorAction SilentlyContinue)) {
                    Install-Module PSWindowsUpdate -Force -SkipPublisherCheck -Scope AllUsers | Out-Null
                }
                Import-Module PSWindowsUpdate -Force -ErrorAction Stop
                try {
                    Add-WUServiceManager -MicrosoftUpdate -Confirm:$false -ErrorAction SilentlyContinue | Out-Null
                } catch {}
                Write-Output 'OK'
            } catch {
                Write-Output ('ERROR: ' + $_.Exception.Message)
            }
2026-07-10 00:16:21.560 -05:00 [INF] (Thread 62) WindowsUpdateWorker: PSWindowsUpdate module OK.
2026-07-10 00:16:21.560 -05:00 [DBG] (Thread 62) WindowsUpdateWorker: running PS script: Import-Module PSWindowsUpdate -ErrorAction Stop
        $ProgressPreference = 'SilentlyContinue'

        # Force the Windows Update Agent to scan before installing.
        # Fixes 0x80248007 (WU_E_DS_NODATA) on fresh builds or machines
        # whose update data store has not been initialised yet.
        try {
            Start-Process -FilePath 'UsoClient.exe' `
                -ArgumentList 'StartScan' `
                -Wait -NoNewWindow -ErrorAction SilentlyContinue
            Start-Sleep -Seconds 30
        } catch {}

        # 2>&1 merges stderr into the pipeline mixing strings with update
        # objects -- we filter them out in the foreach loop below.
        $rawOutput = Install-WindowsUpdate `
            -MicrosoftUpdate `
            -AcceptAll `
            -IgnoreReboot `
            -Install `
            -ErrorAction Continue 2>&1

        # Use a hashtable keyed on Title to keep only the LAST result per update.
        # PSWindowsUpdate emits objects at multiple pipeline stages (search, download,
        # install); overwriting ensures we capture the final post-install ResultCode
        # rather than an early ResultCode=0 (NotStarted).
        $byKey = @{}

        foreach ($u in $rawOutput) {
            if ($null -eq $u -or $u -isnot [PSObject]) { continue }
            if (-not ($u.PSObject.Properties.Name -contains 'Title')) { continue }
            if ([string]::IsNullOrWhiteSpace($u.Title)) { continue }

            $resultCode = 0
            try { $resultCode = [int]$u.ResultCode } catch { $resultCode = 4 }
            $succeeded = ($resultCode -eq 2 -or $resultCode -eq 3)

            # ResultCode=0 means NotStarted — treat as Skipped, not Failed.
            $status = if ($succeeded) { 'Succeeded' } elseif ($resultCode -eq 0) { 'Skipped' } else { 'Failed' }

            $kb = ''
            try {
                if ($u.KBArticleIDs -and $u.KBArticleIDs.Count -gt 0) {
                    $kb = 'KB' + $u.KBArticleIDs[0]
                }
            } catch {}

            $needsReboot = $false
            try { $needsReboot = [bool]$u.RebootRequired } catch {}

            $byKey[$u.Title] = [PSCustomObject]@{
                Identifier     = $kb
                Title          = [string]$u.Title
                Status         = $status
                ErrorMessage   = if ($succeeded -or $resultCode -eq 0) { '' } else { 'ResultCode=' + $resultCode }
                RebootRequired = $needsReboot
                AttemptedAt    = (Get-Date -Format 'o')
            }
        }

        $results = @($byKey.Values)

        if ($results.Count -eq 0) {
            Write-Output '[]'
        } else {
            $results | ConvertTo-Json -Compress
        }
2026-07-10 00:17:22.526 -05:00 [INF] (Thread 61) WindowsUpdateWorker: no updates installed — system reboot is already pending.
2026-07-10 00:17:22.526 -05:00 [INF] (Thread 61) WindowsUpdateWorker: pass complete. Total=4 Succeeded=1 Failed=0 Skipped=3
2026-07-10 00:17:22.533 -05:00 [INF] (Thread 61) WingetWorker: skipping — last run was 2026-07-07T17:42:46.7274782Z (less than 7 days ago).
2026-07-10 00:17:22.533 -05:00 [INF] (Thread 61) UpdateOrchestrator: cycle complete. Total=4 Succeeded=1 Failed=0 RebootRequired=true
2026-07-10 00:17:22.533 -05:00 [INF] (Thread 61) UpdateOrchestrator: reboot required but last reboot was 16.4 hours ago — skipping notification until 2-day minimum has elapsed.
2026-07-10 00:17:22.533 -05:00 [INF] (Thread 61) UpdateBackgroundService: next cycle in "01:00:00".
2026-07-10 01:17:16.753 -05:00 [INF] (Thread 64) SelfUpdater: checking for updates. Current version: 0.26.230.591
2026-07-10 01:17:16.915 -05:00 [INF] (Thread 62) SelfUpdater: remote version = 0.26.230.591.
2026-07-10 01:17:16.915 -05:00 [INF] (Thread 62) SelfUpdater: already up to date.
2026-07-10 01:17:16.915 -05:00 [INF] (Thread 62) UpdateOrchestrator: === Update cycle starting ===
2026-07-10 01:17:16.915 -05:00 [INF] (Thread 62) WindowsUpdateWorker: starting update pass.
2026-07-10 01:17:16.915 -05:00 [INF] (Thread 62) WindowsUpdateWorker: verifying PSWindowsUpdate module.
2026-07-10 01:17:16.917 -05:00 [DBG] (Thread 62) WindowsUpdateWorker: running PS script: $ProgressPreference = 'SilentlyContinue'
            $ErrorActionPreference = 'Stop'
            try {
                if (-not (Get-PackageProvider -Name NuGet -ListAvailable -ErrorAction SilentlyContinue)) {
                    Install-PackageProvider -Name NuGet -MinimumVersion 2.8.5.201 -Force -Scope AllUsers | Out-Null
                }
                Set-PSRepository -Name PSGallery -InstallationPolicy Trusted -ErrorAction SilentlyContinue
                if (-not (Get-Module -ListAvailable -Name PSWindowsUpdate -ErrorAction SilentlyContinue)) {
                    Install-Module PSWindowsUpdate -Force -SkipPublisherCheck -Scope AllUsers | Out-Null
                }
                Import-Module PSWindowsUpdate -Force -ErrorAction Stop
                try {
                    Add-WUServiceManager -MicrosoftUpdate -Confirm:$false -ErrorAction SilentlyContinue | Out-Null
                } catch {}
                Write-Output 'OK'
            } catch {
                Write-Output ('ERROR: ' + $_.Exception.Message)
            }
2026-07-10 01:17:30.010 -05:00 [INF] (Thread 65) WindowsUpdateWorker: PSWindowsUpdate module OK.
2026-07-10 01:17:30.011 -05:00 [DBG] (Thread 65) WindowsUpdateWorker: running PS script: Import-Module PSWindowsUpdate -ErrorAction Stop
        $ProgressPreference = 'SilentlyContinue'

        # Force the Windows Update Agent to scan before installing.
        # Fixes 0x80248007 (WU_E_DS_NODATA) on fresh builds or machines
        # whose update data store has not been initialised yet.
        try {
            Start-Process -FilePath 'UsoClient.exe' `
                -ArgumentList 'StartScan' `
                -Wait -NoNewWindow -ErrorAction SilentlyContinue
            Start-Sleep -Seconds 30
        } catch {}

        # 2>&1 merges stderr into the pipeline mixing strings with update
        # objects -- we filter them out in the foreach loop below.
        $rawOutput = Install-WindowsUpdate `
            -MicrosoftUpdate `
            -AcceptAll `
            -IgnoreReboot `
            -Install `
            -ErrorAction Continue 2>&1

        # Use a hashtable keyed on Title to keep only the LAST result per update.
        # PSWindowsUpdate emits objects at multiple pipeline stages (search, download,
        # install); overwriting ensures we capture the final post-install ResultCode
        # rather than an early ResultCode=0 (NotStarted).
        $byKey = @{}

        foreach ($u in $rawOutput) {
            if ($null -eq $u -or $u -isnot [PSObject]) { continue }
            if (-not ($u.PSObject.Properties.Name -contains 'Title')) { continue }
            if ([string]::IsNullOrWhiteSpace($u.Title)) { continue }

            $resultCode = 0
            try { $resultCode = [int]$u.ResultCode } catch { $resultCode = 4 }
            $succeeded = ($resultCode -eq 2 -or $resultCode -eq 3)

            # ResultCode=0 means NotStarted — treat as Skipped, not Failed.
            $status = if ($succeeded) { 'Succeeded' } elseif ($resultCode -eq 0) { 'Skipped' } else { 'Failed' }

            $kb = ''
            try {
                if ($u.KBArticleIDs -and $u.KBArticleIDs.Count -gt 0) {
                    $kb = 'KB' + $u.KBArticleIDs[0]
                }
            } catch {}

            $needsReboot = $false
            try { $needsReboot = [bool]$u.RebootRequired } catch {}

            $byKey[$u.Title] = [PSCustomObject]@{
                Identifier     = $kb
                Title          = [string]$u.Title
                Status         = $status
                ErrorMessage   = if ($succeeded -or $resultCode -eq 0) { '' } else { 'ResultCode=' + $resultCode }
                RebootRequired = $needsReboot
                AttemptedAt    = (Get-Date -Format 'o')
            }
        }

        $results = @($byKey.Values)

        if ($results.Count -eq 0) {
            Write-Output '[]'
        } else {
            $results | ConvertTo-Json -Compress
        }
2026-07-10 01:18:24.646 -05:00 [INF] (Thread 62) WindowsUpdateWorker: no updates installed — system reboot is already pending.
2026-07-10 01:18:24.646 -05:00 [INF] (Thread 62) WindowsUpdateWorker: pass complete. Total=4 Succeeded=1 Failed=0 Skipped=3
2026-07-10 01:18:24.646 -05:00 [INF] (Thread 62) WingetWorker: skipping — last run was 2026-07-07T17:42:46.7274782Z (less than 7 days ago).
2026-07-10 01:18:24.646 -05:00 [INF] (Thread 62) UpdateOrchestrator: cycle complete. Total=4 Succeeded=1 Failed=0 RebootRequired=true
2026-07-10 01:18:24.646 -05:00 [INF] (Thread 62) UpdateOrchestrator: reboot required but last reboot was 17.5 hours ago — skipping notification until 2-day minimum has elapsed.
2026-07-10 01:18:24.646 -05:00 [INF] (Thread 62) UpdateBackgroundService: next cycle in "01:00:00".
2026-07-10 02:18:24.653 -05:00 [INF] (Thread 69) SelfUpdater: checking for updates. Current version: 0.26.230.591
2026-07-10 02:18:24.900 -05:00 [INF] (Thread 69) SelfUpdater: remote version = 0.26.230.591.
2026-07-10 02:18:24.900 -05:00 [INF] (Thread 69) SelfUpdater: already up to date.
2026-07-10 02:18:24.900 -05:00 [INF] (Thread 69) UpdateOrchestrator: === Update cycle starting ===
2026-07-10 02:18:24.900 -05:00 [INF] (Thread 69) WindowsUpdateWorker: starting update pass.
2026-07-10 02:18:24.900 -05:00 [INF] (Thread 69) WindowsUpdateWorker: verifying PSWindowsUpdate module.
2026-07-10 02:18:24.901 -05:00 [DBG] (Thread 69) WindowsUpdateWorker: running PS script: $ProgressPreference = 'SilentlyContinue'
            $ErrorActionPreference = 'Stop'
            try {
                if (-not (Get-PackageProvider -Name NuGet -ListAvailable -ErrorAction SilentlyContinue)) {
                    Install-PackageProvider -Name NuGet -MinimumVersion 2.8.5.201 -Force -Scope AllUsers | Out-Null
                }
                Set-PSRepository -Name PSGallery -InstallationPolicy Trusted -ErrorAction SilentlyContinue
                if (-not (Get-Module -ListAvailable -Name PSWindowsUpdate -ErrorAction SilentlyContinue)) {
                    Install-Module PSWindowsUpdate -Force -SkipPublisherCheck -Scope AllUsers | Out-Null
                }
                Import-Module PSWindowsUpdate -Force -ErrorAction Stop
                try {
                    Add-WUServiceManager -MicrosoftUpdate -Confirm:$false -ErrorAction SilentlyContinue | Out-Null
                } catch {}
                Write-Output 'OK'
            } catch {
                Write-Output ('ERROR: ' + $_.Exception.Message)
            }
2026-07-10 02:18:38.575 -05:00 [INF] (Thread 69) WindowsUpdateWorker: PSWindowsUpdate module OK.
2026-07-10 02:18:38.576 -05:00 [DBG] (Thread 69) WindowsUpdateWorker: running PS script: Import-Module PSWindowsUpdate -ErrorAction Stop
        $ProgressPreference = 'SilentlyContinue'

        # Force the Windows Update Agent to scan before installing.
        # Fixes 0x80248007 (WU_E_DS_NODATA) on fresh builds or machines
        # whose update data store has not been initialised yet.
        try {
            Start-Process -FilePath 'UsoClient.exe' `
                -ArgumentList 'StartScan' `
                -Wait -NoNewWindow -ErrorAction SilentlyContinue
            Start-Sleep -Seconds 30
        } catch {}

        # 2>&1 merges stderr into the pipeline mixing strings with update
        # objects -- we filter them out in the foreach loop below.
        $rawOutput = Install-WindowsUpdate `
            -MicrosoftUpdate `
            -AcceptAll `
            -IgnoreReboot `
            -Install `
            -ErrorAction Continue 2>&1

        # Use a hashtable keyed on Title to keep only the LAST result per update.
        # PSWindowsUpdate emits objects at multiple pipeline stages (search, download,
        # install); overwriting ensures we capture the final post-install ResultCode
        # rather than an early ResultCode=0 (NotStarted).
        $byKey = @{}

        foreach ($u in $rawOutput) {
            if ($null -eq $u -or $u -isnot [PSObject]) { continue }
            if (-not ($u.PSObject.Properties.Name -contains 'Title')) { continue }
            if ([string]::IsNullOrWhiteSpace($u.Title)) { continue }

            $resultCode = 0
            try { $resultCode = [int]$u.ResultCode } catch { $resultCode = 4 }
            $succeeded = ($resultCode -eq 2 -or $resultCode -eq 3)

            # ResultCode=0 means NotStarted — treat as Skipped, not Failed.
            $status = if ($succeeded) { 'Succeeded' } elseif ($resultCode -eq 0) { 'Skipped' } else { 'Failed' }

            $kb = ''
            try {
                if ($u.KBArticleIDs -and $u.KBArticleIDs.Count -gt 0) {
                    $kb = 'KB' + $u.KBArticleIDs[0]
                }
            } catch {}

            $needsReboot = $false
            try { $needsReboot = [bool]$u.RebootRequired } catch {}

            $byKey[$u.Title] = [PSCustomObject]@{
                Identifier     = $kb
                Title          = [string]$u.Title
                Status         = $status
                ErrorMessage   = if ($succeeded -or $resultCode -eq 0) { '' } else { 'ResultCode=' + $resultCode }
                RebootRequired = $needsReboot
                AttemptedAt    = (Get-Date -Format 'o')
            }
        }

        $results = @($byKey.Values)

        if ($results.Count -eq 0) {
            Write-Output '[]'
        } else {
            $results | ConvertTo-Json -Compress
        }
2026-07-10 02:19:33.175 -05:00 [INF] (Thread 62) WindowsUpdateWorker: no updates installed — system reboot is already pending.
2026-07-10 02:19:33.175 -05:00 [INF] (Thread 62) WindowsUpdateWorker: pass complete. Total=4 Succeeded=1 Failed=0 Skipped=3
2026-07-10 02:19:33.175 -05:00 [INF] (Thread 62) WingetWorker: skipping — last run was 2026-07-07T17:42:46.7274782Z (less than 7 days ago).
2026-07-10 02:19:33.175 -05:00 [INF] (Thread 62) UpdateOrchestrator: cycle complete. Total=4 Succeeded=1 Failed=0 RebootRequired=true
2026-07-10 02:19:33.175 -05:00 [INF] (Thread 62) UpdateOrchestrator: reboot required but last reboot was 18.5 hours ago — skipping notification until 2-day minimum has elapsed.
2026-07-10 02:19:33.175 -05:00 [INF] (Thread 62) UpdateBackgroundService: next cycle in "01:00:00".
2026-07-10 03:19:33.192 -05:00 [INF] (Thread 69) SelfUpdater: checking for updates. Current version: 0.26.230.591
2026-07-10 03:19:33.368 -05:00 [INF] (Thread 68) SelfUpdater: remote version = 0.26.230.591.
2026-07-10 03:19:33.368 -05:00 [INF] (Thread 68) SelfUpdater: already up to date.
2026-07-10 03:19:33.368 -05:00 [INF] (Thread 68) UpdateOrchestrator: === Update cycle starting ===
2026-07-10 03:19:33.368 -05:00 [INF] (Thread 68) WindowsUpdateWorker: starting update pass.
2026-07-10 03:19:33.368 -05:00 [INF] (Thread 68) WindowsUpdateWorker: verifying PSWindowsUpdate module.
2026-07-10 03:19:33.369 -05:00 [DBG] (Thread 68) WindowsUpdateWorker: running PS script: $ProgressPreference = 'SilentlyContinue'
            $ErrorActionPreference = 'Stop'
            try {
                if (-not (Get-PackageProvider -Name NuGet -ListAvailable -ErrorAction SilentlyContinue)) {
                    Install-PackageProvider -Name NuGet -MinimumVersion 2.8.5.201 -Force -Scope AllUsers | Out-Null
                }
                Set-PSRepository -Name PSGallery -InstallationPolicy Trusted -ErrorAction SilentlyContinue
                if (-not (Get-Module -ListAvailable -Name PSWindowsUpdate -ErrorAction SilentlyContinue)) {
                    Install-Module PSWindowsUpdate -Force -SkipPublisherCheck -Scope AllUsers | Out-Null
                }
                Import-Module PSWindowsUpdate -Force -ErrorAction Stop
                try {
                    Add-WUServiceManager -MicrosoftUpdate -Confirm:$false -ErrorAction SilentlyContinue | Out-Null
                } catch {}
                Write-Output 'OK'
            } catch {
                Write-Output ('ERROR: ' + $_.Exception.Message)
            }
2026-07-10 03:19:46.691 -05:00 [INF] (Thread 73) WindowsUpdateWorker: PSWindowsUpdate module OK.
2026-07-10 03:19:46.692 -05:00 [DBG] (Thread 73) WindowsUpdateWorker: running PS script: Import-Module PSWindowsUpdate -ErrorAction Stop
        $ProgressPreference = 'SilentlyContinue'

        # Force the Windows Update Agent to scan before installing.
        # Fixes 0x80248007 (WU_E_DS_NODATA) on fresh builds or machines
        # whose update data store has not been initialised yet.
        try {
            Start-Process -FilePath 'UsoClient.exe' `
                -ArgumentList 'StartScan' `
                -Wait -NoNewWindow -ErrorAction SilentlyContinue
            Start-Sleep -Seconds 30
        } catch {}

        # 2>&1 merges stderr into the pipeline mixing strings with update
        # objects -- we filter them out in the foreach loop below.
        $rawOutput = Install-WindowsUpdate `
            -MicrosoftUpdate `
            -AcceptAll `
            -IgnoreReboot `
            -Install `
            -ErrorAction Continue 2>&1

        # Use a hashtable keyed on Title to keep only the LAST result per update.
        # PSWindowsUpdate emits objects at multiple pipeline stages (search, download,
        # install); overwriting ensures we capture the final post-install ResultCode
        # rather than an early ResultCode=0 (NotStarted).
        $byKey = @{}

        foreach ($u in $rawOutput) {
            if ($null -eq $u -or $u -isnot [PSObject]) { continue }
            if (-not ($u.PSObject.Properties.Name -contains 'Title')) { continue }
            if ([string]::IsNullOrWhiteSpace($u.Title)) { continue }

            $resultCode = 0
            try { $resultCode = [int]$u.ResultCode } catch { $resultCode = 4 }
            $succeeded = ($resultCode -eq 2 -or $resultCode -eq 3)

            # ResultCode=0 means NotStarted — treat as Skipped, not Failed.
            $status = if ($succeeded) { 'Succeeded' } elseif ($resultCode -eq 0) { 'Skipped' } else { 'Failed' }

            $kb = ''
            try {
                if ($u.KBArticleIDs -and $u.KBArticleIDs.Count -gt 0) {
                    $kb = 'KB' + $u.KBArticleIDs[0]
                }
            } catch {}

            $needsReboot = $false
            try { $needsReboot = [bool]$u.RebootRequired } catch {}

            $byKey[$u.Title] = [PSCustomObject]@{
                Identifier     = $kb
                Title          = [string]$u.Title
                Status         = $status
                ErrorMessage   = if ($succeeded -or $resultCode -eq 0) { '' } else { 'ResultCode=' + $resultCode }
                RebootRequired = $needsReboot
                AttemptedAt    = (Get-Date -Format 'o')
            }
        }

        $results = @($byKey.Values)

        if ($results.Count -eq 0) {
            Write-Output '[]'
        } else {
            $results | ConvertTo-Json -Compress
        }
2026-07-10 03:20:41.132 -05:00 [INF] (Thread 68) WindowsUpdateWorker: no updates installed — system reboot is already pending.
2026-07-10 03:20:41.132 -05:00 [INF] (Thread 68) WindowsUpdateWorker: pass complete. Total=4 Succeeded=1 Failed=0 Skipped=3
2026-07-10 03:20:41.132 -05:00 [INF] (Thread 68) WingetWorker: skipping — last run was 2026-07-07T17:42:46.7274782Z (less than 7 days ago).
2026-07-10 03:20:41.132 -05:00 [INF] (Thread 68) UpdateOrchestrator: cycle complete. Total=4 Succeeded=1 Failed=0 RebootRequired=true
2026-07-10 03:20:41.133 -05:00 [INF] (Thread 68) UpdateOrchestrator: reboot required but last reboot was 19.5 hours ago — skipping notification until 2-day minimum has elapsed.
2026-07-10 03:20:41.133 -05:00 [INF] (Thread 68) UpdateBackgroundService: next cycle in "01:00:00".
2026-07-10 04:20:41.140 -05:00 [INF] (Thread 68) SelfUpdater: checking for updates. Current version: 0.26.230.591
2026-07-10 04:20:41.338 -05:00 [INF] (Thread 68) SelfUpdater: remote version = 0.26.230.591.
2026-07-10 04:20:41.338 -05:00 [INF] (Thread 68) SelfUpdater: already up to date.
2026-07-10 04:20:41.338 -05:00 [INF] (Thread 68) UpdateOrchestrator: === Update cycle starting ===
2026-07-10 04:20:41.338 -05:00 [INF] (Thread 68) WindowsUpdateWorker: starting update pass.
2026-07-10 04:20:41.338 -05:00 [INF] (Thread 68) WindowsUpdateWorker: verifying PSWindowsUpdate module.
2026-07-10 04:20:41.340 -05:00 [DBG] (Thread 68) WindowsUpdateWorker: running PS script: $ProgressPreference = 'SilentlyContinue'
            $ErrorActionPreference = 'Stop'
            try {
                if (-not (Get-PackageProvider -Name NuGet -ListAvailable -ErrorAction SilentlyContinue)) {
                    Install-PackageProvider -Name NuGet -MinimumVersion 2.8.5.201 -Force -Scope AllUsers | Out-Null
                }
                Set-PSRepository -Name PSGallery -InstallationPolicy Trusted -ErrorAction SilentlyContinue
                if (-not (Get-Module -ListAvailable -Name PSWindowsUpdate -ErrorAction SilentlyContinue)) {
                    Install-Module PSWindowsUpdate -Force -SkipPublisherCheck -Scope AllUsers | Out-Null
                }
                Import-Module PSWindowsUpdate -Force -ErrorAction Stop
                try {
                    Add-WUServiceManager -MicrosoftUpdate -Confirm:$false -ErrorAction SilentlyContinue | Out-Null
                } catch {}
                Write-Output 'OK'
            } catch {
                Write-Output ('ERROR: ' + $_.Exception.Message)
            }
2026-07-10 04:20:54.662 -05:00 [INF] (Thread 68) WindowsUpdateWorker: PSWindowsUpdate module OK.
2026-07-10 04:20:54.663 -05:00 [DBG] (Thread 68) WindowsUpdateWorker: running PS script: Import-Module PSWindowsUpdate -ErrorAction Stop
        $ProgressPreference = 'SilentlyContinue'

        # Force the Windows Update Agent to scan before installing.
        # Fixes 0x80248007 (WU_E_DS_NODATA) on fresh builds or machines
        # whose update data store has not been initialised yet.
        try {
            Start-Process -FilePath 'UsoClient.exe' `
                -ArgumentList 'StartScan' `
                -Wait -NoNewWindow -ErrorAction SilentlyContinue
            Start-Sleep -Seconds 30
        } catch {}

        # 2>&1 merges stderr into the pipeline mixing strings with update
        # objects -- we filter them out in the foreach loop below.
        $rawOutput = Install-WindowsUpdate `
            -MicrosoftUpdate `
            -AcceptAll `
            -IgnoreReboot `
            -Install `
            -ErrorAction Continue 2>&1

        # Use a hashtable keyed on Title to keep only the LAST result per update.
        # PSWindowsUpdate emits objects at multiple pipeline stages (search, download,
        # install); overwriting ensures we capture the final post-install ResultCode
        # rather than an early ResultCode=0 (NotStarted).
        $byKey = @{}

        foreach ($u in $rawOutput) {
            if ($null -eq $u -or $u -isnot [PSObject]) { continue }
            if (-not ($u.PSObject.Properties.Name -contains 'Title')) { continue }
            if ([string]::IsNullOrWhiteSpace($u.Title)) { continue }

            $resultCode = 0
            try { $resultCode = [int]$u.ResultCode } catch { $resultCode = 4 }
            $succeeded = ($resultCode -eq 2 -or $resultCode -eq 3)

            # ResultCode=0 means NotStarted — treat as Skipped, not Failed.
            $status = if ($succeeded) { 'Succeeded' } elseif ($resultCode -eq 0) { 'Skipped' } else { 'Failed' }

            $kb = ''
            try {
                if ($u.KBArticleIDs -and $u.KBArticleIDs.Count -gt 0) {
                    $kb = 'KB' + $u.KBArticleIDs[0]
                }
            } catch {}

            $needsReboot = $false
            try { $needsReboot = [bool]$u.RebootRequired } catch {}

            $byKey[$u.Title] = [PSCustomObject]@{
                Identifier     = $kb
                Title          = [string]$u.Title
                Status         = $status
                ErrorMessage   = if ($succeeded -or $resultCode -eq 0) { '' } else { 'ResultCode=' + $resultCode }
                RebootRequired = $needsReboot
                AttemptedAt    = (Get-Date -Format 'o')
            }
        }

        $results = @($byKey.Values)

        if ($results.Count -eq 0) {
            Write-Output '[]'
        } else {
            $results | ConvertTo-Json -Compress
        }
2026-07-10 04:21:50.243 -05:00 [INF] (Thread 77) WindowsUpdateWorker: no updates installed — system reboot is already pending.
2026-07-10 04:21:50.243 -05:00 [INF] (Thread 77) WindowsUpdateWorker: pass complete. Total=4 Succeeded=1 Failed=0 Skipped=3
2026-07-10 04:21:50.244 -05:00 [INF] (Thread 77) WingetWorker: skipping — last run was 2026-07-07T17:42:46.7274782Z (less than 7 days ago).
2026-07-10 04:21:50.244 -05:00 [INF] (Thread 77) UpdateOrchestrator: cycle complete. Total=4 Succeeded=1 Failed=0 RebootRequired=true
2026-07-10 04:21:50.244 -05:00 [INF] (Thread 77) UpdateOrchestrator: reboot required but last reboot was 20.5 hours ago — skipping notification until 2-day minimum has elapsed.
2026-07-10 04:21:50.244 -05:00 [INF] (Thread 77) UpdateBackgroundService: next cycle in "01:00:00".
2026-07-10 05:21:50.258 -05:00 [INF] (Thread 68) SelfUpdater: checking for updates. Current version: 0.26.230.591
2026-07-10 05:21:50.330 -05:00 [INF] (Thread 76) SelfUpdater: remote version = 0.26.230.591.
2026-07-10 05:21:50.330 -05:00 [INF] (Thread 76) SelfUpdater: already up to date.
2026-07-10 05:21:50.330 -05:00 [INF] (Thread 76) UpdateOrchestrator: === Update cycle starting ===
2026-07-10 05:21:50.330 -05:00 [INF] (Thread 76) WindowsUpdateWorker: starting update pass.
2026-07-10 05:21:50.330 -05:00 [INF] (Thread 76) WindowsUpdateWorker: verifying PSWindowsUpdate module.
2026-07-10 05:21:50.331 -05:00 [DBG] (Thread 76) WindowsUpdateWorker: running PS script: $ProgressPreference = 'SilentlyContinue'
            $ErrorActionPreference = 'Stop'
            try {
                if (-not (Get-PackageProvider -Name NuGet -ListAvailable -ErrorAction SilentlyContinue)) {
                    Install-PackageProvider -Name NuGet -MinimumVersion 2.8.5.201 -Force -Scope AllUsers | Out-Null
                }
                Set-PSRepository -Name PSGallery -InstallationPolicy Trusted -ErrorAction SilentlyContinue
                if (-not (Get-Module -ListAvailable -Name PSWindowsUpdate -ErrorAction SilentlyContinue)) {
                    Install-Module PSWindowsUpdate -Force -SkipPublisherCheck -Scope AllUsers | Out-Null
                }
                Import-Module PSWindowsUpdate -Force -ErrorAction Stop
                try {
                    Add-WUServiceManager -MicrosoftUpdate -Confirm:$false -ErrorAction SilentlyContinue | Out-Null
                } catch {}
                Write-Output 'OK'
            } catch {
                Write-Output ('ERROR: ' + $_.Exception.Message)
            }
2026-07-10 05:22:04.581 -05:00 [INF] (Thread 79) WindowsUpdateWorker: PSWindowsUpdate module OK.
2026-07-10 05:22:04.582 -05:00 [DBG] (Thread 79) WindowsUpdateWorker: running PS script: Import-Module PSWindowsUpdate -ErrorAction Stop
        $ProgressPreference = 'SilentlyContinue'

        # Force the Windows Update Agent to scan before installing.
        # Fixes 0x80248007 (WU_E_DS_NODATA) on fresh builds or machines
        # whose update data store has not been initialised yet.
        try {
            Start-Process -FilePath 'UsoClient.exe' `
                -ArgumentList 'StartScan' `
                -Wait -NoNewWindow -ErrorAction SilentlyContinue
            Start-Sleep -Seconds 30
        } catch {}

        # 2>&1 merges stderr into the pipeline mixing strings with update
        # objects -- we filter them out in the foreach loop below.
        $rawOutput = Install-WindowsUpdate `
            -MicrosoftUpdate `
            -AcceptAll `
            -IgnoreReboot `
            -Install `
            -ErrorAction Continue 2>&1

        # Use a hashtable keyed on Title to keep only the LAST result per update.
        # PSWindowsUpdate emits objects at multiple pipeline stages (search, download,
        # install); overwriting ensures we capture the final post-install ResultCode
        # rather than an early ResultCode=0 (NotStarted).
        $byKey = @{}

        foreach ($u in $rawOutput) {
            if ($null -eq $u -or $u -isnot [PSObject]) { continue }
            if (-not ($u.PSObject.Properties.Name -contains 'Title')) { continue }
            if ([string]::IsNullOrWhiteSpace($u.Title)) { continue }

            $resultCode = 0
            try { $resultCode = [int]$u.ResultCode } catch { $resultCode = 4 }
            $succeeded = ($resultCode -eq 2 -or $resultCode -eq 3)

            # ResultCode=0 means NotStarted — treat as Skipped, not Failed.
            $status = if ($succeeded) { 'Succeeded' } elseif ($resultCode -eq 0) { 'Skipped' } else { 'Failed' }

            $kb = ''
            try {
                if ($u.KBArticleIDs -and $u.KBArticleIDs.Count -gt 0) {
                    $kb = 'KB' + $u.KBArticleIDs[0]
                }
            } catch {}

            $needsReboot = $false
            try { $needsReboot = [bool]$u.RebootRequired } catch {}

            $byKey[$u.Title] = [PSCustomObject]@{
                Identifier     = $kb
                Title          = [string]$u.Title
                Status         = $status
                ErrorMessage   = if ($succeeded -or $resultCode -eq 0) { '' } else { 'ResultCode=' + $resultCode }
                RebootRequired = $needsReboot
                AttemptedAt    = (Get-Date -Format 'o')
            }
        }

        $results = @($byKey.Values)

        if ($results.Count -eq 0) {
            Write-Output '[]'
        } else {
            $results | ConvertTo-Json -Compress
        }
2026-07-10 05:23:06.784 -05:00 [INF] (Thread 79) WindowsUpdateWorker: no updates installed — system reboot is already pending.
2026-07-10 05:23:06.784 -05:00 [INF] (Thread 79) WindowsUpdateWorker: pass complete. Total=4 Succeeded=1 Failed=0 Skipped=3
2026-07-10 05:23:06.784 -05:00 [INF] (Thread 79) WingetWorker: skipping — last run was 2026-07-07T17:42:46.7274782Z (less than 7 days ago).
2026-07-10 05:23:06.784 -05:00 [INF] (Thread 79) UpdateOrchestrator: cycle complete. Total=4 Succeeded=1 Failed=0 RebootRequired=true
2026-07-10 05:23:06.784 -05:00 [INF] (Thread 79) UpdateOrchestrator: reboot required but last reboot was 21.5 hours ago — skipping notification until 2-day minimum has elapsed.
2026-07-10 05:23:06.784 -05:00 [INF] (Thread 79) UpdateBackgroundService: next cycle in "01:00:00".
2026-07-10 06:23:06.795 -05:00 [INF] (Thread 79) SelfUpdater: checking for updates. Current version: 0.26.230.591
2026-07-10 06:23:06.889 -05:00 [INF] (Thread 79) SelfUpdater: remote version = 0.26.230.591.
2026-07-10 06:23:06.890 -05:00 [INF] (Thread 79) SelfUpdater: already up to date.
2026-07-10 06:23:06.890 -05:00 [INF] (Thread 79) UpdateOrchestrator: === Update cycle starting ===
2026-07-10 06:23:06.890 -05:00 [INF] (Thread 79) WindowsUpdateWorker: starting update pass.
2026-07-10 06:23:06.890 -05:00 [INF] (Thread 79) WindowsUpdateWorker: verifying PSWindowsUpdate module.
2026-07-10 06:23:06.891 -05:00 [DBG] (Thread 79) WindowsUpdateWorker: running PS script: $ProgressPreference = 'SilentlyContinue'
            $ErrorActionPreference = 'Stop'
            try {
                if (-not (Get-PackageProvider -Name NuGet -ListAvailable -ErrorAction SilentlyContinue)) {
                    Install-PackageProvider -Name NuGet -MinimumVersion 2.8.5.201 -Force -Scope AllUsers | Out-Null
                }
                Set-PSRepository -Name PSGallery -InstallationPolicy Trusted -ErrorAction SilentlyContinue
                if (-not (Get-Module -ListAvailable -Name PSWindowsUpdate -ErrorAction SilentlyContinue)) {
                    Install-Module PSWindowsUpdate -Force -SkipPublisherCheck -Scope AllUsers | Out-Null
                }
                Import-Module PSWindowsUpdate -Force -ErrorAction Stop
                try {
                    Add-WUServiceManager -MicrosoftUpdate -Confirm:$false -ErrorAction SilentlyContinue | Out-Null
                } catch {}
                Write-Output 'OK'
            } catch {
                Write-Output ('ERROR: ' + $_.Exception.Message)
            }
2026-07-10 06:23:19.714 -05:00 [INF] (Thread 82) WindowsUpdateWorker: PSWindowsUpdate module OK.
2026-07-10 06:23:19.715 -05:00 [DBG] (Thread 79) WindowsUpdateWorker: running PS script: Import-Module PSWindowsUpdate -ErrorAction Stop
        $ProgressPreference = 'SilentlyContinue'

        # Force the Windows Update Agent to scan before installing.
        # Fixes 0x80248007 (WU_E_DS_NODATA) on fresh builds or machines
        # whose update data store has not been initialised yet.
        try {
            Start-Process -FilePath 'UsoClient.exe' `
                -ArgumentList 'StartScan' `
                -Wait -NoNewWindow -ErrorAction SilentlyContinue
            Start-Sleep -Seconds 30
        } catch {}

        # 2>&1 merges stderr into the pipeline mixing strings with update
        # objects -- we filter them out in the foreach loop below.
        $rawOutput = Install-WindowsUpdate `
            -MicrosoftUpdate `
            -AcceptAll `
            -IgnoreReboot `
            -Install `
            -ErrorAction Continue 2>&1

        # Use a hashtable keyed on Title to keep only the LAST result per update.
        # PSWindowsUpdate emits objects at multiple pipeline stages (search, download,
        # install); overwriting ensures we capture the final post-install ResultCode
        # rather than an early ResultCode=0 (NotStarted).
        $byKey = @{}

        foreach ($u in $rawOutput) {
            if ($null -eq $u -or $u -isnot [PSObject]) { continue }
            if (-not ($u.PSObject.Properties.Name -contains 'Title')) { continue }
            if ([string]::IsNullOrWhiteSpace($u.Title)) { continue }

            $resultCode = 0
            try { $resultCode = [int]$u.ResultCode } catch { $resultCode = 4 }
            $succeeded = ($resultCode -eq 2 -or $resultCode -eq 3)

            # ResultCode=0 means NotStarted — treat as Skipped, not Failed.
            $status = if ($succeeded) { 'Succeeded' } elseif ($resultCode -eq 0) { 'Skipped' } else { 'Failed' }

            $kb = ''
            try {
                if ($u.KBArticleIDs -and $u.KBArticleIDs.Count -gt 0) {
                    $kb = 'KB' + $u.KBArticleIDs[0]
                }
            } catch {}

            $needsReboot = $false
            try { $needsReboot = [bool]$u.RebootRequired } catch {}

            $byKey[$u.Title] = [PSCustomObject]@{
                Identifier     = $kb
                Title          = [string]$u.Title
                Status         = $status
                ErrorMessage   = if ($succeeded -or $resultCode -eq 0) { '' } else { 'ResultCode=' + $resultCode }
                RebootRequired = $needsReboot
                AttemptedAt    = (Get-Date -Format 'o')
            }
        }

        $results = @($byKey.Values)

        if ($results.Count -eq 0) {
            Write-Output '[]'
        } else {
            $results | ConvertTo-Json -Compress
        }
2026-07-10 06:24:16.422 -05:00 [INF] (Thread 82) WindowsUpdateWorker: no updates installed — system reboot is already pending.
2026-07-10 06:24:16.422 -05:00 [INF] (Thread 82) WindowsUpdateWorker: pass complete. Total=4 Succeeded=1 Failed=0 Skipped=3
2026-07-10 06:24:16.423 -05:00 [INF] (Thread 82) WingetWorker: skipping — last run was 2026-07-07T17:42:46.7274782Z (less than 7 days ago).
2026-07-10 06:24:16.423 -05:00 [INF] (Thread 82) UpdateOrchestrator: cycle complete. Total=4 Succeeded=1 Failed=0 RebootRequired=true
2026-07-10 06:24:16.423 -05:00 [INF] (Thread 82) UpdateOrchestrator: reboot required but last reboot was 22.5 hours ago — skipping notification until 2-day minimum has elapsed.
2026-07-10 06:24:16.423 -05:00 [INF] (Thread 82) UpdateBackgroundService: next cycle in "01:00:00".
2026-07-10 07:24:16.429 -05:00 [INF] (Thread 82) SelfUpdater: checking for updates. Current version: 0.26.230.591
2026-07-10 07:24:16.612 -05:00 [INF] (Thread 79) SelfUpdater: remote version = 0.26.230.591.
2026-07-10 07:24:16.612 -05:00 [INF] (Thread 79) SelfUpdater: already up to date.
2026-07-10 07:24:16.612 -05:00 [INF] (Thread 79) UpdateOrchestrator: === Update cycle starting ===
2026-07-10 07:24:16.612 -05:00 [INF] (Thread 79) WindowsUpdateWorker: starting update pass.
2026-07-10 07:24:16.612 -05:00 [INF] (Thread 79) WindowsUpdateWorker: verifying PSWindowsUpdate module.
2026-07-10 07:24:16.613 -05:00 [DBG] (Thread 79) WindowsUpdateWorker: running PS script: $ProgressPreference = 'SilentlyContinue'
            $ErrorActionPreference = 'Stop'
            try {
                if (-not (Get-PackageProvider -Name NuGet -ListAvailable -ErrorAction SilentlyContinue)) {
                    Install-PackageProvider -Name NuGet -MinimumVersion 2.8.5.201 -Force -Scope AllUsers | Out-Null
                }
                Set-PSRepository -Name PSGallery -InstallationPolicy Trusted -ErrorAction SilentlyContinue
                if (-not (Get-Module -ListAvailable -Name PSWindowsUpdate -ErrorAction SilentlyContinue)) {
                    Install-Module PSWindowsUpdate -Force -SkipPublisherCheck -Scope AllUsers | Out-Null
                }
                Import-Module PSWindowsUpdate -Force -ErrorAction Stop
                try {
                    Add-WUServiceManager -MicrosoftUpdate -Confirm:$false -ErrorAction SilentlyContinue | Out-Null
                } catch {}
                Write-Output 'OK'
            } catch {
                Write-Output ('ERROR: ' + $_.Exception.Message)
            }
2026-07-10 07:24:28.619 -05:00 [INF] (Thread 84) WindowsUpdateWorker: PSWindowsUpdate module OK.
2026-07-10 07:24:28.620 -05:00 [DBG] (Thread 84) WindowsUpdateWorker: running PS script: Import-Module PSWindowsUpdate -ErrorAction Stop
        $ProgressPreference = 'SilentlyContinue'

        # Force the Windows Update Agent to scan before installing.
        # Fixes 0x80248007 (WU_E_DS_NODATA) on fresh builds or machines
        # whose update data store has not been initialised yet.
        try {
            Start-Process -FilePath 'UsoClient.exe' `
                -ArgumentList 'StartScan' `
                -Wait -NoNewWindow -ErrorAction SilentlyContinue
            Start-Sleep -Seconds 30
        } catch {}

        # 2>&1 merges stderr into the pipeline mixing strings with update
        # objects -- we filter them out in the foreach loop below.
        $rawOutput = Install-WindowsUpdate `
            -MicrosoftUpdate `
            -AcceptAll `
            -IgnoreReboot `
            -Install `
            -ErrorAction Continue 2>&1

        # Use a hashtable keyed on Title to keep only the LAST result per update.
        # PSWindowsUpdate emits objects at multiple pipeline stages (search, download,
        # install); overwriting ensures we capture the final post-install ResultCode
        # rather than an early ResultCode=0 (NotStarted).
        $byKey = @{}

        foreach ($u in $rawOutput) {
            if ($null -eq $u -or $u -isnot [PSObject]) { continue }
            if (-not ($u.PSObject.Properties.Name -contains 'Title')) { continue }
            if ([string]::IsNullOrWhiteSpace($u.Title)) { continue }

            $resultCode = 0
            try { $resultCode = [int]$u.ResultCode } catch { $resultCode = 4 }
            $succeeded = ($resultCode -eq 2 -or $resultCode -eq 3)

            # ResultCode=0 means NotStarted — treat as Skipped, not Failed.
            $status = if ($succeeded) { 'Succeeded' } elseif ($resultCode -eq 0) { 'Skipped' } else { 'Failed' }

            $kb = ''
            try {
                if ($u.KBArticleIDs -and $u.KBArticleIDs.Count -gt 0) {
                    $kb = 'KB' + $u.KBArticleIDs[0]
                }
            } catch {}

            $needsReboot = $false
            try { $needsReboot = [bool]$u.RebootRequired } catch {}

            $byKey[$u.Title] = [PSCustomObject]@{
                Identifier     = $kb
                Title          = [string]$u.Title
                Status         = $status
                ErrorMessage   = if ($succeeded -or $resultCode -eq 0) { '' } else { 'ResultCode=' + $resultCode }
                RebootRequired = $needsReboot
                AttemptedAt    = (Get-Date -Format 'o')
            }
        }

        $results = @($byKey.Values)

        if ($results.Count -eq 0) {
            Write-Output '[]'
        } else {
            $results | ConvertTo-Json -Compress
        }
2026-07-10 07:25:23.416 -05:00 [INF] (Thread 84) WindowsUpdateWorker: no updates installed — system reboot is already pending.
2026-07-10 07:25:23.416 -05:00 [INF] (Thread 84) WindowsUpdateWorker: pass complete. Total=4 Succeeded=1 Failed=0 Skipped=3
2026-07-10 07:25:23.416 -05:00 [INF] (Thread 84) WingetWorker: skipping — last run was 2026-07-07T17:42:46.7274782Z (less than 7 days ago).
2026-07-10 07:25:23.416 -05:00 [INF] (Thread 84) UpdateOrchestrator: cycle complete. Total=4 Succeeded=1 Failed=0 RebootRequired=true
2026-07-10 07:25:23.416 -05:00 [INF] (Thread 84) UpdateOrchestrator: reboot required but last reboot was 23.6 hours ago — skipping notification until 2-day minimum has elapsed.
2026-07-10 07:25:23.416 -05:00 [INF] (Thread 84) UpdateBackgroundService: next cycle in "01:00:00".
2026-07-10 08:25:23.421 -05:00 [INF] (Thread 84) SelfUpdater: checking for updates. Current version: 0.26.230.591
2026-07-10 08:25:23.563 -05:00 [INF] (Thread 83) SelfUpdater: remote version = 0.26.230.591.
2026-07-10 08:25:23.563 -05:00 [INF] (Thread 83) SelfUpdater: already up to date.
2026-07-10 08:25:23.563 -05:00 [INF] (Thread 83) UpdateOrchestrator: === Update cycle starting ===
2026-07-10 08:25:23.563 -05:00 [INF] (Thread 83) WindowsUpdateWorker: starting update pass.
2026-07-10 08:25:23.564 -05:00 [INF] (Thread 83) WindowsUpdateWorker: verifying PSWindowsUpdate module.
2026-07-10 08:25:23.566 -05:00 [DBG] (Thread 79) WindowsUpdateWorker: running PS script: $ProgressPreference = 'SilentlyContinue'
            $ErrorActionPreference = 'Stop'
            try {
                if (-not (Get-PackageProvider -Name NuGet -ListAvailable -ErrorAction SilentlyContinue)) {
                    Install-PackageProvider -Name NuGet -MinimumVersion 2.8.5.201 -Force -Scope AllUsers | Out-Null
                }
                Set-PSRepository -Name PSGallery -InstallationPolicy Trusted -ErrorAction SilentlyContinue
                if (-not (Get-Module -ListAvailable -Name PSWindowsUpdate -ErrorAction SilentlyContinue)) {
                    Install-Module PSWindowsUpdate -Force -SkipPublisherCheck -Scope AllUsers | Out-Null
                }
                Import-Module PSWindowsUpdate -Force -ErrorAction Stop
                try {
                    Add-WUServiceManager -MicrosoftUpdate -Confirm:$false -ErrorAction SilentlyContinue | Out-Null
                } catch {}
                Write-Output 'OK'
            } catch {
                Write-Output ('ERROR: ' + $_.Exception.Message)
            }
2026-07-10 08:25:34.756 -05:00 [INF] (Thread 79) WindowsUpdateWorker: PSWindowsUpdate module OK.
2026-07-10 08:25:34.757 -05:00 [DBG] (Thread 79) WindowsUpdateWorker: running PS script: Import-Module PSWindowsUpdate -ErrorAction Stop
        $ProgressPreference = 'SilentlyContinue'

        # Force the Windows Update Agent to scan before installing.
        # Fixes 0x80248007 (WU_E_DS_NODATA) on fresh builds or machines
        # whose update data store has not been initialised yet.
        try {
            Start-Process -FilePath 'UsoClient.exe' `
                -ArgumentList 'StartScan' `
                -Wait -NoNewWindow -ErrorAction SilentlyContinue
            Start-Sleep -Seconds 30
        } catch {}

        # 2>&1 merges stderr into the pipeline mixing strings with update
        # objects -- we filter them out in the foreach loop below.
        $rawOutput = Install-WindowsUpdate `
            -MicrosoftUpdate `
            -AcceptAll `
            -IgnoreReboot `
            -Install `
            -ErrorAction Continue 2>&1

        # Use a hashtable keyed on Title to keep only the LAST result per update.
        # PSWindowsUpdate emits objects at multiple pipeline stages (search, download,
        # install); overwriting ensures we capture the final post-install ResultCode
        # rather than an early ResultCode=0 (NotStarted).
        $byKey = @{}

        foreach ($u in $rawOutput) {
            if ($null -eq $u -or $u -isnot [PSObject]) { continue }
            if (-not ($u.PSObject.Properties.Name -contains 'Title')) { continue }
            if ([string]::IsNullOrWhiteSpace($u.Title)) { continue }

            $resultCode = 0
            try { $resultCode = [int]$u.ResultCode } catch { $resultCode = 4 }
            $succeeded = ($resultCode -eq 2 -or $resultCode -eq 3)

            # ResultCode=0 means NotStarted — treat as Skipped, not Failed.
            $status = if ($succeeded) { 'Succeeded' } elseif ($resultCode -eq 0) { 'Skipped' } else { 'Failed' }

            $kb = ''
            try {
                if ($u.KBArticleIDs -and $u.KBArticleIDs.Count -gt 0) {
                    $kb = 'KB' + $u.KBArticleIDs[0]
                }
            } catch {}

            $needsReboot = $false
            try { $needsReboot = [bool]$u.RebootRequired } catch {}

            $byKey[$u.Title] = [PSCustomObject]@{
                Identifier     = $kb
                Title          = [string]$u.Title
                Status         = $status
                ErrorMessage   = if ($succeeded -or $resultCode -eq 0) { '' } else { 'ResultCode=' + $resultCode }
                RebootRequired = $needsReboot
                AttemptedAt    = (Get-Date -Format 'o')
            }
        }

        $results = @($byKey.Values)

        if ($results.Count -eq 0) {
            Write-Output '[]'
        } else {
            $results | ConvertTo-Json -Compress
        }
2026-07-10 08:26:29.508 -05:00 [INF] (Thread 83) WindowsUpdateWorker: no updates installed — system reboot is already pending.
2026-07-10 08:26:29.508 -05:00 [INF] (Thread 83) WindowsUpdateWorker: pass complete. Total=4 Succeeded=1 Failed=0 Skipped=3
2026-07-10 08:26:29.508 -05:00 [INF] (Thread 83) WingetWorker: skipping — last run was 2026-07-07T17:42:46.7274782Z (less than 7 days ago).
2026-07-10 08:26:29.508 -05:00 [INF] (Thread 83) UpdateOrchestrator: cycle complete. Total=4 Succeeded=1 Failed=0 RebootRequired=true
2026-07-10 08:26:29.508 -05:00 [INF] (Thread 83) UpdateOrchestrator: reboot required but last reboot was 24.6 hours ago — skipping notification until 2-day minimum has elapsed.
2026-07-10 08:26:29.508 -05:00 [INF] (Thread 83) UpdateBackgroundService: next cycle in "01:00:00".
2026-07-10 09:06:46.846 -05:00 [INF] (Thread 82) UpdateBackgroundService: StopAsync called by SCM.
2026-07-10 09:06:46.852 -05:00 [INF] (Thread 82) UpdateBackgroundService: stopping.
2026-07-10 09:09:23.284 -05:00 [INF] (Thread 2) Logging initialized. Directory: C:\ProgramData\CapTG\Logs
2026-07-10 09:09:23.325 -05:00 [INF] (Thread 2) CapTG UpdateService starting. Args: []
2026-07-10 09:09:23.327 -05:00 [INF] (Thread 2) Notifier path: C:\Program Files\CapTG Updater\UpdateNotifier.exe
2026-07-10 09:09:23.435 -05:00 [INF] (Thread 2) Host built — handing control to the SCM.
2026-07-10 09:09:23.487 -05:00 [INF] (Thread 10) UpdateBackgroundService: update interval = "01:00:00"
2026-07-10 09:09:23.494 -05:00 [INF] (Thread 10) UpdateBackgroundService: StartAsync called by SCM.
2026-07-10 09:09:23.496 -05:00 [INF] (Thread 8) UpdateBackgroundService: service started. Initial delay = "00:02:00".
2026-07-10 09:11:23.504 -05:00 [INF] (Thread 13) SelfUpdater: checking for updates. Current version: 0.26.230.591
2026-07-10 09:11:23.762 -05:00 [INF] (Thread 13) SelfUpdater: remote version = 0.26.230.591.
2026-07-10 09:11:23.763 -05:00 [INF] (Thread 13) SelfUpdater: already up to date.
2026-07-10 09:11:23.764 -05:00 [INF] (Thread 13) UpdateOrchestrator: === Update cycle starting ===
2026-07-10 09:11:23.767 -05:00 [INF] (Thread 13) WindowsUpdateWorker: starting update pass.
2026-07-10 09:11:23.768 -05:00 [INF] (Thread 13) WindowsUpdateWorker: verifying PSWindowsUpdate module.
2026-07-10 09:11:23.778 -05:00 [DBG] (Thread 14) WindowsUpdateWorker: running PS script: $ProgressPreference = 'SilentlyContinue'
            $ErrorActionPreference = 'Stop'
            try {
                if (-not (Get-PackageProvider -Name NuGet -ListAvailable -ErrorAction SilentlyContinue)) {
                    Install-PackageProvider -Name NuGet -MinimumVersion 2.8.5.201 -Force -Scope AllUsers | Out-Null
                }
                Set-PSRepository -Name PSGallery -InstallationPolicy Trusted -ErrorAction SilentlyContinue
                if (-not (Get-Module -ListAvailable -Name PSWindowsUpdate -ErrorAction SilentlyContinue)) {
                    Install-Module PSWindowsUpdate -Force -SkipPublisherCheck -Scope AllUsers | Out-Null
                }
                Import-Module PSWindowsUpdate -Force -ErrorAction Stop
                try {
                    Add-WUServiceManager -MicrosoftUpdate -Confirm:$false -ErrorAction SilentlyContinue | Out-Null
                } catch {}
                Write-Output 'OK'
            } catch {
                Write-Output ('ERROR: ' + $_.Exception.Message)
            }
2026-07-10 09:37:41.205 -05:00 [INF] (Thread 15) WindowsUpdateWorker: PSWindowsUpdate module OK.
2026-07-10 09:37:41.207 -05:00 [DBG] (Thread 13) WindowsUpdateWorker: running PS script: Import-Module PSWindowsUpdate -ErrorAction Stop
        $ProgressPreference = 'SilentlyContinue'

        # Force the Windows Update Agent to scan before installing.
        # Fixes 0x80248007 (WU_E_DS_NODATA) on fresh builds or machines
        # whose update data store has not been initialised yet.
        try {
            Start-Process -FilePath 'UsoClient.exe' `
                -ArgumentList 'StartScan' `
                -Wait -NoNewWindow -ErrorAction SilentlyContinue
            Start-Sleep -Seconds 30
        } catch {}

        # 2>&1 merges stderr into the pipeline mixing strings with update
        # objects -- we filter them out in the foreach loop below.
        $rawOutput = Install-WindowsUpdate `
            -MicrosoftUpdate `
            -AcceptAll `
            -IgnoreReboot `
            -Install `
            -ErrorAction Continue 2>&1

        # Use a hashtable keyed on Title to keep only the LAST result per update.
        # PSWindowsUpdate emits objects at multiple pipeline stages (search, download,
        # install); overwriting ensures we capture the final post-install ResultCode
        # rather than an early ResultCode=0 (NotStarted).
        $byKey = @{}

        foreach ($u in $rawOutput) {
            if ($null -eq $u -or $u -isnot [PSObject]) { continue }
            if (-not ($u.PSObject.Properties.Name -contains 'Title')) { continue }
            if ([string]::IsNullOrWhiteSpace($u.Title)) { continue }

            $resultCode = 0
            try { $resultCode = [int]$u.ResultCode } catch { $resultCode = 4 }
            $succeeded = ($resultCode -eq 2 -or $resultCode -eq 3)

            # ResultCode=0 means NotStarted — treat as Skipped, not Failed.
            $status = if ($succeeded) { 'Succeeded' } elseif ($resultCode -eq 0) { 'Skipped' } else { 'Failed' }

            $kb = ''
            try {
                if ($u.KBArticleIDs -and $u.KBArticleIDs.Count -gt 0) {
                    $kb = 'KB' + $u.KBArticleIDs[0]
                }
            } catch {}

            $needsReboot = $false
            try { $needsReboot = [bool]$u.RebootRequired } catch {}

            $byKey[$u.Title] = [PSCustomObject]@{
                Identifier     = $kb
                Title          = [string]$u.Title
                Status         = $status
                ErrorMessage   = if ($succeeded -or $resultCode -eq 0) { '' } else { 'ResultCode=' + $resultCode }
                RebootRequired = $needsReboot
                AttemptedAt    = (Get-Date -Format 'o')
            }
        }

        $results = @($byKey.Values)

        if ($results.Count -eq 0) {
            Write-Output '[]'
        } else {
            $results | ConvertTo-Json -Compress
        }
2026-07-10 09:38:46.883 -05:00 [INF] (Thread 18) WindowsUpdateWorker: no updates installed — system reboot is already pending.
2026-07-10 09:38:46.884 -05:00 [INF] (Thread 18) WindowsUpdateWorker: pass complete. Total=4 Succeeded=1 Failed=0 Skipped=3
2026-07-10 09:38:46.890 -05:00 [INF] (Thread 18) WingetWorker: skipping — last run was 2026-07-07T17:42:46.7274782Z (less than 7 days ago).
2026-07-10 09:38:46.890 -05:00 [INF] (Thread 18) UpdateOrchestrator: cycle complete. Total=4 Succeeded=1 Failed=0 RebootRequired=true
2026-07-10 09:38:46.890 -05:00 [INF] (Thread 18) UpdateOrchestrator: reboot required but last reboot was 0.5 hours ago — skipping notification until 2-day minimum has elapsed.
2026-07-10 09:38:46.890 -05:00 [INF] (Thread 18) UpdateBackgroundService: next cycle in "01:00:00".
2026-07-10 10:38:46.909 -05:00 [INF] (Thread 3) SelfUpdater: checking for updates. Current version: 0.26.230.591
2026-07-10 10:38:47.006 -05:00 [INF] (Thread 3) SelfUpdater: remote version = 0.26.230.591.
2026-07-10 10:38:47.006 -05:00 [INF] (Thread 3) SelfUpdater: already up to date.
2026-07-10 10:38:47.007 -05:00 [INF] (Thread 3) UpdateOrchestrator: === Update cycle starting ===
2026-07-10 10:38:47.007 -05:00 [INF] (Thread 3) WindowsUpdateWorker: starting update pass.
2026-07-10 10:38:47.007 -05:00 [INF] (Thread 3) WindowsUpdateWorker: verifying PSWindowsUpdate module.
2026-07-10 10:38:47.010 -05:00 [DBG] (Thread 3) WindowsUpdateWorker: running PS script: $ProgressPreference = 'SilentlyContinue'
            $ErrorActionPreference = 'Stop'
            try {
                if (-not (Get-PackageProvider -Name NuGet -ListAvailable -ErrorAction SilentlyContinue)) {
                    Install-PackageProvider -Name NuGet -MinimumVersion 2.8.5.201 -Force -Scope AllUsers | Out-Null
                }
                Set-PSRepository -Name PSGallery -InstallationPolicy Trusted -ErrorAction SilentlyContinue
                if (-not (Get-Module -ListAvailable -Name PSWindowsUpdate -ErrorAction SilentlyContinue)) {
                    Install-Module PSWindowsUpdate -Force -SkipPublisherCheck -Scope AllUsers | Out-Null
                }
                Import-Module PSWindowsUpdate -Force -ErrorAction Stop
                try {
                    Add-WUServiceManager -MicrosoftUpdate -Confirm:$false -ErrorAction SilentlyContinue | Out-Null
                } catch {}
                Write-Output 'OK'
            } catch {
                Write-Output ('ERROR: ' + $_.Exception.Message)
            }
2026-07-10 10:39:01.150 -05:00 [INF] (Thread 20) WindowsUpdateWorker: PSWindowsUpdate module OK.
2026-07-10 10:39:01.151 -05:00 [DBG] (Thread 20) WindowsUpdateWorker: running PS script: Import-Module PSWindowsUpdate -ErrorAction Stop
        $ProgressPreference = 'SilentlyContinue'

        # Force the Windows Update Agent to scan before installing.
        # Fixes 0x80248007 (WU_E_DS_NODATA) on fresh builds or machines
        # whose update data store has not been initialised yet.
        try {
            Start-Process -FilePath 'UsoClient.exe' `
                -ArgumentList 'StartScan' `
                -Wait -NoNewWindow -ErrorAction SilentlyContinue
            Start-Sleep -Seconds 30
        } catch {}

        # 2>&1 merges stderr into the pipeline mixing strings with update
        # objects -- we filter them out in the foreach loop below.
        $rawOutput = Install-WindowsUpdate `
            -MicrosoftUpdate `
            -AcceptAll `
            -IgnoreReboot `
            -Install `
            -ErrorAction Continue 2>&1

        # Use a hashtable keyed on Title to keep only the LAST result per update.
        # PSWindowsUpdate emits objects at multiple pipeline stages (search, download,
        # install); overwriting ensures we capture the final post-install ResultCode
        # rather than an early ResultCode=0 (NotStarted).
        $byKey = @{}

        foreach ($u in $rawOutput) {
            if ($null -eq $u -or $u -isnot [PSObject]) { continue }
            if (-not ($u.PSObject.Properties.Name -contains 'Title')) { continue }
            if ([string]::IsNullOrWhiteSpace($u.Title)) { continue }

            $resultCode = 0
            try { $resultCode = [int]$u.ResultCode } catch { $resultCode = 4 }
            $succeeded = ($resultCode -eq 2 -or $resultCode -eq 3)

            # ResultCode=0 means NotStarted — treat as Skipped, not Failed.
            $status = if ($succeeded) { 'Succeeded' } elseif ($resultCode -eq 0) { 'Skipped' } else { 'Failed' }

            $kb = ''
            try {
                if ($u.KBArticleIDs -and $u.KBArticleIDs.Count -gt 0) {
                    $kb = 'KB' + $u.KBArticleIDs[0]
                }
            } catch {}

            $needsReboot = $false
            try { $needsReboot = [bool]$u.RebootRequired } catch {}

            $byKey[$u.Title] = [PSCustomObject]@{
                Identifier     = $kb
                Title          = [string]$u.Title
                Status         = $status
                ErrorMessage   = if ($succeeded -or $resultCode -eq 0) { '' } else { 'ResultCode=' + $resultCode }
                RebootRequired = $needsReboot
                AttemptedAt    = (Get-Date -Format 'o')
            }
        }

        $results = @($byKey.Values)

        if ($results.Count -eq 0) {
            Write-Output '[]'
        } else {
            $results | ConvertTo-Json -Compress
        }
2026-07-10 10:40:02.998 -05:00 [INF] (Thread 21) WindowsUpdateWorker: no updates installed — system reboot is already pending.
2026-07-10 10:40:02.998 -05:00 [INF] (Thread 21) WindowsUpdateWorker: pass complete. Total=4 Succeeded=1 Failed=0 Skipped=3
2026-07-10 10:40:02.998 -05:00 [INF] (Thread 21) WingetWorker: skipping — last run was 2026-07-07T17:42:46.7274782Z (less than 7 days ago).
2026-07-10 10:40:02.999 -05:00 [INF] (Thread 21) UpdateOrchestrator: cycle complete. Total=4 Succeeded=1 Failed=0 RebootRequired=true
2026-07-10 10:40:02.999 -05:00 [INF] (Thread 21) UpdateOrchestrator: reboot required but last reboot was 1.5 hours ago — skipping notification until 2-day minimum has elapsed.
2026-07-10 10:40:02.999 -05:00 [INF] (Thread 21) UpdateBackgroundService: next cycle in "01:00:00".
2026-07-10 11:40:03.014 -05:00 [INF] (Thread 17) SelfUpdater: checking for updates. Current version: 0.26.230.591
2026-07-10 11:40:03.153 -05:00 [INF] (Thread 21) SelfUpdater: remote version = 0.26.230.591.
2026-07-10 11:40:03.153 -05:00 [INF] (Thread 21) SelfUpdater: already up to date.
2026-07-10 11:40:03.153 -05:00 [INF] (Thread 21) UpdateOrchestrator: === Update cycle starting ===
2026-07-10 11:40:03.153 -05:00 [INF] (Thread 21) WindowsUpdateWorker: starting update pass.
2026-07-10 11:40:03.153 -05:00 [INF] (Thread 21) WindowsUpdateWorker: verifying PSWindowsUpdate module.
2026-07-10 11:40:03.156 -05:00 [DBG] (Thread 21) WindowsUpdateWorker: running PS script: $ProgressPreference = 'SilentlyContinue'
            $ErrorActionPreference = 'Stop'
            try {
                if (-not (Get-PackageProvider -Name NuGet -ListAvailable -ErrorAction SilentlyContinue)) {
                    Install-PackageProvider -Name NuGet -MinimumVersion 2.8.5.201 -Force -Scope AllUsers | Out-Null
                }
                Set-PSRepository -Name PSGallery -InstallationPolicy Trusted -ErrorAction SilentlyContinue
                if (-not (Get-Module -ListAvailable -Name PSWindowsUpdate -ErrorAction SilentlyContinue)) {
                    Install-Module PSWindowsUpdate -Force -SkipPublisherCheck -Scope AllUsers | Out-Null
                }
                Import-Module PSWindowsUpdate -Force -ErrorAction Stop
                try {
                    Add-WUServiceManager -MicrosoftUpdate -Confirm:$false -ErrorAction SilentlyContinue | Out-Null
                } catch {}
                Write-Output 'OK'
            } catch {
                Write-Output ('ERROR: ' + $_.Exception.Message)
            }
2026-07-10 11:40:17.330 -05:00 [INF] (Thread 23) WindowsUpdateWorker: PSWindowsUpdate module OK.
2026-07-10 11:40:17.331 -05:00 [DBG] (Thread 23) WindowsUpdateWorker: running PS script: Import-Module PSWindowsUpdate -ErrorAction Stop
        $ProgressPreference = 'SilentlyContinue'

        # Force the Windows Update Agent to scan before installing.
        # Fixes 0x80248007 (WU_E_DS_NODATA) on fresh builds or machines
        # whose update data store has not been initialised yet.
        try {
            Start-Process -FilePath 'UsoClient.exe' `
                -ArgumentList 'StartScan' `
                -Wait -NoNewWindow -ErrorAction SilentlyContinue
            Start-Sleep -Seconds 30
        } catch {}

        # 2>&1 merges stderr into the pipeline mixing strings with update
        # objects -- we filter them out in the foreach loop below.
        $rawOutput = Install-WindowsUpdate `
            -MicrosoftUpdate `
            -AcceptAll `
            -IgnoreReboot `
            -Install `
            -ErrorAction Continue 2>&1

        # Use a hashtable keyed on Title to keep only the LAST result per update.
        # PSWindowsUpdate emits objects at multiple pipeline stages (search, download,
        # install); overwriting ensures we capture the final post-install ResultCode
        # rather than an early ResultCode=0 (NotStarted).
        $byKey = @{}

        foreach ($u in $rawOutput) {
            if ($null -eq $u -or $u -isnot [PSObject]) { continue }
            if (-not ($u.PSObject.Properties.Name -contains 'Title')) { continue }
            if ([string]::IsNullOrWhiteSpace($u.Title)) { continue }

            $resultCode = 0
            try { $resultCode = [int]$u.ResultCode } catch { $resultCode = 4 }
            $succeeded = ($resultCode -eq 2 -or $resultCode -eq 3)

            # ResultCode=0 means NotStarted — treat as Skipped, not Failed.
            $status = if ($succeeded) { 'Succeeded' } elseif ($resultCode -eq 0) { 'Skipped' } else { 'Failed' }

            $kb = ''
            try {
                if ($u.KBArticleIDs -and $u.KBArticleIDs.Count -gt 0) {
                    $kb = 'KB' + $u.KBArticleIDs[0]
                }
            } catch {}

            $needsReboot = $false
            try { $needsReboot = [bool]$u.RebootRequired } catch {}

            $byKey[$u.Title] = [PSCustomObject]@{
                Identifier     = $kb
                Title          = [string]$u.Title
                Status         = $status
                ErrorMessage   = if ($succeeded -or $resultCode -eq 0) { '' } else { 'ResultCode=' + $resultCode }
                RebootRequired = $needsReboot
                AttemptedAt    = (Get-Date -Format 'o')
            }
        }

        $results = @($byKey.Values)

        if ($results.Count -eq 0) {
            Write-Output '[]'
        } else {
            $results | ConvertTo-Json -Compress
        }
2026-07-10 11:41:13.025 -05:00 [INF] (Thread 21) WindowsUpdateWorker: no updates installed — system reboot is already pending.
2026-07-10 11:41:13.025 -05:00 [INF] (Thread 21) WindowsUpdateWorker: pass complete. Total=4 Succeeded=1 Failed=0 Skipped=3
2026-07-10 11:41:13.026 -05:00 [INF] (Thread 21) WingetWorker: skipping — last run was 2026-07-07T17:42:46.7274782Z (less than 7 days ago).
2026-07-10 11:41:13.026 -05:00 [INF] (Thread 21) UpdateOrchestrator: cycle complete. Total=4 Succeeded=1 Failed=0 RebootRequired=true
2026-07-10 11:41:13.026 -05:00 [INF] (Thread 21) UpdateOrchestrator: reboot required but last reboot was 2.6 hours ago — skipping notification until 2-day minimum has elapsed.
2026-07-10 11:41:13.026 -05:00 [INF] (Thread 21) UpdateBackgroundService: next cycle in "01:00:00".
2026-07-10 12:41:13.044 -05:00 [INF] (Thread 21) SelfUpdater: checking for updates. Current version: 0.26.230.591
2026-07-10 12:41:13.128 -05:00 [INF] (Thread 22) SelfUpdater: remote version = 0.26.230.591.
2026-07-10 12:41:13.128 -05:00 [INF] (Thread 22) SelfUpdater: already up to date.
2026-07-10 12:41:13.128 -05:00 [INF] (Thread 22) UpdateOrchestrator: === Update cycle starting ===
2026-07-10 12:41:13.128 -05:00 [INF] (Thread 22) WindowsUpdateWorker: starting update pass.
2026-07-10 12:41:13.128 -05:00 [INF] (Thread 22) WindowsUpdateWorker: verifying PSWindowsUpdate module.
2026-07-10 12:41:13.130 -05:00 [DBG] (Thread 22) WindowsUpdateWorker: running PS script: $ProgressPreference = 'SilentlyContinue'
            $ErrorActionPreference = 'Stop'
            try {
                if (-not (Get-PackageProvider -Name NuGet -ListAvailable -ErrorAction SilentlyContinue)) {
                    Install-PackageProvider -Name NuGet -MinimumVersion 2.8.5.201 -Force -Scope AllUsers | Out-Null
                }
                Set-PSRepository -Name PSGallery -InstallationPolicy Trusted -ErrorAction SilentlyContinue
                if (-not (Get-Module -ListAvailable -Name PSWindowsUpdate -ErrorAction SilentlyContinue)) {
                    Install-Module PSWindowsUpdate -Force -SkipPublisherCheck -Scope AllUsers | Out-Null
                }
                Import-Module PSWindowsUpdate -Force -ErrorAction Stop
                try {
                    Add-WUServiceManager -MicrosoftUpdate -Confirm:$false -ErrorAction SilentlyContinue | Out-Null
                } catch {}
                Write-Output 'OK'
            } catch {
                Write-Output ('ERROR: ' + $_.Exception.Message)
            }
2026-07-10 12:41:26.708 -05:00 [INF] (Thread 22) WindowsUpdateWorker: PSWindowsUpdate module OK.
2026-07-10 12:41:26.709 -05:00 [DBG] (Thread 22) WindowsUpdateWorker: running PS script: Import-Module PSWindowsUpdate -ErrorAction Stop
        $ProgressPreference = 'SilentlyContinue'

        # Force the Windows Update Agent to scan before installing.
        # Fixes 0x80248007 (WU_E_DS_NODATA) on fresh builds or machines
        # whose update data store has not been initialised yet.
        try {
            Start-Process -FilePath 'UsoClient.exe' `
                -ArgumentList 'StartScan' `
                -Wait -NoNewWindow -ErrorAction SilentlyContinue
            Start-Sleep -Seconds 30
        } catch {}

        # 2>&1 merges stderr into the pipeline mixing strings with update
        # objects -- we filter them out in the foreach loop below.
        $rawOutput = Install-WindowsUpdate `
            -MicrosoftUpdate `
            -AcceptAll `
            -IgnoreReboot `
            -Install `
            -ErrorAction Continue 2>&1

        # Use a hashtable keyed on Title to keep only the LAST result per update.
        # PSWindowsUpdate emits objects at multiple pipeline stages (search, download,
        # install); overwriting ensures we capture the final post-install ResultCode
        # rather than an early ResultCode=0 (NotStarted).
        $byKey = @{}

        foreach ($u in $rawOutput) {
            if ($null -eq $u -or $u -isnot [PSObject]) { continue }
            if (-not ($u.PSObject.Properties.Name -contains 'Title')) { continue }
            if ([string]::IsNullOrWhiteSpace($u.Title)) { continue }

            $resultCode = 0
            try { $resultCode = [int]$u.ResultCode } catch { $resultCode = 4 }
            $succeeded = ($resultCode -eq 2 -or $resultCode -eq 3)

            # ResultCode=0 means NotStarted — treat as Skipped, not Failed.
            $status = if ($succeeded) { 'Succeeded' } elseif ($resultCode -eq 0) { 'Skipped' } else { 'Failed' }

            $kb = ''
            try {
                if ($u.KBArticleIDs -and $u.KBArticleIDs.Count -gt 0) {
                    $kb = 'KB' + $u.KBArticleIDs[0]
                }
            } catch {}

            $needsReboot = $false
            try { $needsReboot = [bool]$u.RebootRequired } catch {}

            $byKey[$u.Title] = [PSCustomObject]@{
                Identifier     = $kb
                Title          = [string]$u.Title
                Status         = $status
                ErrorMessage   = if ($succeeded -or $resultCode -eq 0) { '' } else { 'ResultCode=' + $resultCode }
                RebootRequired = $needsReboot
                AttemptedAt    = (Get-Date -Format 'o')
            }
        }

        $results = @($byKey.Values)

        if ($results.Count -eq 0) {
            Write-Output '[]'
        } else {
            $results | ConvertTo-Json -Compress
        }
2026-07-10 12:42:21.487 -05:00 [INF] (Thread 27) WindowsUpdateWorker: no updates installed — system reboot is already pending.
2026-07-10 12:42:21.487 -05:00 [INF] (Thread 27) WindowsUpdateWorker: pass complete. Total=4 Succeeded=1 Failed=0 Skipped=3
2026-07-10 12:42:21.487 -05:00 [INF] (Thread 27) WingetWorker: skipping — last run was 2026-07-07T17:42:46.7274782Z (less than 7 days ago).
2026-07-10 12:42:21.487 -05:00 [INF] (Thread 27) UpdateOrchestrator: cycle complete. Total=4 Succeeded=1 Failed=0 RebootRequired=true
2026-07-10 12:42:21.487 -05:00 [INF] (Thread 27) UpdateOrchestrator: reboot required but last reboot was 3.6 hours ago — skipping notification until 2-day minimum has elapsed.
2026-07-10 12:42:21.487 -05:00 [INF] (Thread 27) UpdateBackgroundService: next cycle in "01:00:00".
2026-07-10 13:42:21.501 -05:00 [INF] (Thread 22) SelfUpdater: checking for updates. Current version: 0.26.230.591
2026-07-10 13:42:21.593 -05:00 [INF] (Thread 24) SelfUpdater: remote version = 0.26.230.591.
2026-07-10 13:42:21.593 -05:00 [INF] (Thread 24) SelfUpdater: already up to date.
2026-07-10 13:42:21.593 -05:00 [INF] (Thread 24) UpdateOrchestrator: === Update cycle starting ===
2026-07-10 13:42:21.593 -05:00 [INF] (Thread 24) WindowsUpdateWorker: starting update pass.
2026-07-10 13:42:21.593 -05:00 [INF] (Thread 24) WindowsUpdateWorker: verifying PSWindowsUpdate module.
2026-07-10 13:42:21.594 -05:00 [DBG] (Thread 24) WindowsUpdateWorker: running PS script: $ProgressPreference = 'SilentlyContinue'
            $ErrorActionPreference = 'Stop'
            try {
                if (-not (Get-PackageProvider -Name NuGet -ListAvailable -ErrorAction SilentlyContinue)) {
                    Install-PackageProvider -Name NuGet -MinimumVersion 2.8.5.201 -Force -Scope AllUsers | Out-Null
                }
                Set-PSRepository -Name PSGallery -InstallationPolicy Trusted -ErrorAction SilentlyContinue
                if (-not (Get-Module -ListAvailable -Name PSWindowsUpdate -ErrorAction SilentlyContinue)) {
                    Install-Module PSWindowsUpdate -Force -SkipPublisherCheck -Scope AllUsers | Out-Null
                }
                Import-Module PSWindowsUpdate -Force -ErrorAction Stop
                try {
                    Add-WUServiceManager -MicrosoftUpdate -Confirm:$false -ErrorAction SilentlyContinue | Out-Null
                } catch {}
                Write-Output 'OK'
            } catch {
                Write-Output ('ERROR: ' + $_.Exception.Message)
            }
2026-07-10 13:42:36.550 -05:00 [INF] (Thread 27) WindowsUpdateWorker: PSWindowsUpdate module OK.
2026-07-10 13:42:36.551 -05:00 [DBG] (Thread 27) WindowsUpdateWorker: running PS script: Import-Module PSWindowsUpdate -ErrorAction Stop
        $ProgressPreference = 'SilentlyContinue'

        # Force the Windows Update Agent to scan before installing.
        # Fixes 0x80248007 (WU_E_DS_NODATA) on fresh builds or machines
        # whose update data store has not been initialised yet.
        try {
            Start-Process -FilePath 'UsoClient.exe' `
                -ArgumentList 'StartScan' `
                -Wait -NoNewWindow -ErrorAction SilentlyContinue
            Start-Sleep -Seconds 30
        } catch {}

        # 2>&1 merges stderr into the pipeline mixing strings with update
        # objects -- we filter them out in the foreach loop below.
        $rawOutput = Install-WindowsUpdate `
            -MicrosoftUpdate `
            -AcceptAll `
            -IgnoreReboot `
            -Install `
            -ErrorAction Continue 2>&1

        # Use a hashtable keyed on Title to keep only the LAST result per update.
        # PSWindowsUpdate emits objects at multiple pipeline stages (search, download,
        # install); overwriting ensures we capture the final post-install ResultCode
        # rather than an early ResultCode=0 (NotStarted).
        $byKey = @{}

        foreach ($u in $rawOutput) {
            if ($null -eq $u -or $u -isnot [PSObject]) { continue }
            if (-not ($u.PSObject.Properties.Name -contains 'Title')) { continue }
            if ([string]::IsNullOrWhiteSpace($u.Title)) { continue }

            $resultCode = 0
            try { $resultCode = [int]$u.ResultCode } catch { $resultCode = 4 }
            $succeeded = ($resultCode -eq 2 -or $resultCode -eq 3)

            # ResultCode=0 means NotStarted — treat as Skipped, not Failed.
            $status = if ($succeeded) { 'Succeeded' } elseif ($resultCode -eq 0) { 'Skipped' } else { 'Failed' }

            $kb = ''
            try {
                if ($u.KBArticleIDs -and $u.KBArticleIDs.Count -gt 0) {
                    $kb = 'KB' + $u.KBArticleIDs[0]
                }
            } catch {}

            $needsReboot = $false
            try { $needsReboot = [bool]$u.RebootRequired } catch {}

            $byKey[$u.Title] = [PSCustomObject]@{
                Identifier     = $kb
                Title          = [string]$u.Title
                Status         = $status
                ErrorMessage   = if ($succeeded -or $resultCode -eq 0) { '' } else { 'ResultCode=' + $resultCode }
                RebootRequired = $needsReboot
                AttemptedAt    = (Get-Date -Format 'o')
            }
        }

        $results = @($byKey.Values)

        if ($results.Count -eq 0) {
            Write-Output '[]'
        } else {
            $results | ConvertTo-Json -Compress
        }
2026-07-10 13:43:31.626 -05:00 [INF] (Thread 27) WindowsUpdateWorker: no updates installed — system reboot is already pending.
2026-07-10 13:43:31.626 -05:00 [INF] (Thread 27) WindowsUpdateWorker: pass complete. Total=4 Succeeded=1 Failed=0 Skipped=3
2026-07-10 13:43:31.627 -05:00 [INF] (Thread 27) WingetWorker: skipping — last run was 2026-07-07T17:42:46.7274782Z (less than 7 days ago).
2026-07-10 13:43:31.627 -05:00 [INF] (Thread 27) UpdateOrchestrator: cycle complete. Total=4 Succeeded=1 Failed=0 RebootRequired=true
2026-07-10 13:43:31.627 -05:00 [INF] (Thread 27) UpdateOrchestrator: reboot required but last reboot was 4.6 hours ago — skipping notification until 2-day minimum has elapsed.
2026-07-10 13:43:31.627 -05:00 [INF] (Thread 27) UpdateBackgroundService: next cycle in "01:00:00".
2026-07-10 14:43:31.652 -05:00 [INF] (Thread 24) SelfUpdater: checking for updates. Current version: 0.26.230.591
2026-07-10 14:43:31.784 -05:00 [INF] (Thread 24) SelfUpdater: remote version = 0.26.230.591.
2026-07-10 14:43:31.784 -05:00 [INF] (Thread 24) SelfUpdater: already up to date.
2026-07-10 14:43:31.784 -05:00 [INF] (Thread 24) UpdateOrchestrator: === Update cycle starting ===
2026-07-10 14:43:31.784 -05:00 [INF] (Thread 24) WindowsUpdateWorker: starting update pass.
2026-07-10 14:43:31.784 -05:00 [INF] (Thread 24) WindowsUpdateWorker: verifying PSWindowsUpdate module.
2026-07-10 14:43:31.787 -05:00 [DBG] (Thread 24) WindowsUpdateWorker: running PS script: $ProgressPreference = 'SilentlyContinue'
            $ErrorActionPreference = 'Stop'
            try {
                if (-not (Get-PackageProvider -Name NuGet -ListAvailable -ErrorAction SilentlyContinue)) {
                    Install-PackageProvider -Name NuGet -MinimumVersion 2.8.5.201 -Force -Scope AllUsers | Out-Null
                }
                Set-PSRepository -Name PSGallery -InstallationPolicy Trusted -ErrorAction SilentlyContinue
                if (-not (Get-Module -ListAvailable -Name PSWindowsUpdate -ErrorAction SilentlyContinue)) {
                    Install-Module PSWindowsUpdate -Force -SkipPublisherCheck -Scope AllUsers | Out-Null
                }
                Import-Module PSWindowsUpdate -Force -ErrorAction Stop
                try {
                    Add-WUServiceManager -MicrosoftUpdate -Confirm:$false -ErrorAction SilentlyContinue | Out-Null
                } catch {}
                Write-Output 'OK'
            } catch {
                Write-Output ('ERROR: ' + $_.Exception.Message)
            }
2026-07-10 14:43:45.400 -05:00 [INF] (Thread 27) WindowsUpdateWorker: PSWindowsUpdate module OK.
2026-07-10 14:43:45.401 -05:00 [DBG] (Thread 27) WindowsUpdateWorker: running PS script: Import-Module PSWindowsUpdate -ErrorAction Stop
        $ProgressPreference = 'SilentlyContinue'

        # Force the Windows Update Agent to scan before installing.
        # Fixes 0x80248007 (WU_E_DS_NODATA) on fresh builds or machines
        # whose update data store has not been initialised yet.
        try {
            Start-Process -FilePath 'UsoClient.exe' `
                -ArgumentList 'StartScan' `
                -Wait -NoNewWindow -ErrorAction SilentlyContinue
            Start-Sleep -Seconds 30
        } catch {}

        # 2>&1 merges stderr into the pipeline mixing strings with update
        # objects -- we filter them out in the foreach loop below.
        $rawOutput = Install-WindowsUpdate `
            -MicrosoftUpdate `
            -AcceptAll `
            -IgnoreReboot `
            -Install `
            -ErrorAction Continue 2>&1

        # Use a hashtable keyed on Title to keep only the LAST result per update.
        # PSWindowsUpdate emits objects at multiple pipeline stages (search, download,
        # install); overwriting ensures we capture the final post-install ResultCode
        # rather than an early ResultCode=0 (NotStarted).
        $byKey = @{}

        foreach ($u in $rawOutput) {
            if ($null -eq $u -or $u -isnot [PSObject]) { continue }
            if (-not ($u.PSObject.Properties.Name -contains 'Title')) { continue }
            if ([string]::IsNullOrWhiteSpace($u.Title)) { continue }

            $resultCode = 0
            try { $resultCode = [int]$u.ResultCode } catch { $resultCode = 4 }
            $succeeded = ($resultCode -eq 2 -or $resultCode -eq 3)

            # ResultCode=0 means NotStarted — treat as Skipped, not Failed.
            $status = if ($succeeded) { 'Succeeded' } elseif ($resultCode -eq 0) { 'Skipped' } else { 'Failed' }

            $kb = ''
            try {
                if ($u.KBArticleIDs -and $u.KBArticleIDs.Count -gt 0) {
                    $kb = 'KB' + $u.KBArticleIDs[0]
                }
            } catch {}

            $needsReboot = $false
            try { $needsReboot = [bool]$u.RebootRequired } catch {}

            $byKey[$u.Title] = [PSCustomObject]@{
                Identifier     = $kb
                Title          = [string]$u.Title
                Status         = $status
                ErrorMessage   = if ($succeeded -or $resultCode -eq 0) { '' } else { 'ResultCode=' + $resultCode }
                RebootRequired = $needsReboot
                AttemptedAt    = (Get-Date -Format 'o')
            }
        }

        $results = @($byKey.Values)

        if ($results.Count -eq 0) {
            Write-Output '[]'
        } else {
            $results | ConvertTo-Json -Compress
        }
2026-07-10 14:44:41.980 -05:00 [INF] (Thread 30) WindowsUpdateWorker: no updates installed — system reboot is already pending.
2026-07-10 14:44:41.980 -05:00 [INF] (Thread 30) WindowsUpdateWorker: pass complete. Total=4 Succeeded=1 Failed=0 Skipped=3
2026-07-10 14:44:41.980 -05:00 [INF] (Thread 30) WingetWorker: skipping — last run was 2026-07-07T17:42:46.7274782Z (less than 7 days ago).
2026-07-10 14:44:41.980 -05:00 [INF] (Thread 30) UpdateOrchestrator: cycle complete. Total=4 Succeeded=1 Failed=0 RebootRequired=true
2026-07-10 14:44:41.980 -05:00 [INF] (Thread 30) UpdateOrchestrator: reboot required but last reboot was 5.6 hours ago — skipping notification until 2-day minimum has elapsed.
2026-07-10 14:44:41.980 -05:00 [INF] (Thread 30) UpdateBackgroundService: next cycle in "01:00:00".
2026-07-10 15:44:42.008 -05:00 [INF] (Thread 30) SelfUpdater: checking for updates. Current version: 0.26.230.591
2026-07-10 15:44:42.133 -05:00 [INF] (Thread 29) SelfUpdater: remote version = 0.26.230.591.
2026-07-10 15:44:42.133 -05:00 [INF] (Thread 29) SelfUpdater: already up to date.
2026-07-10 15:44:42.133 -05:00 [INF] (Thread 29) UpdateOrchestrator: === Update cycle starting ===
2026-07-10 15:44:42.133 -05:00 [INF] (Thread 29) WindowsUpdateWorker: starting update pass.
2026-07-10 15:44:42.133 -05:00 [INF] (Thread 29) WindowsUpdateWorker: verifying PSWindowsUpdate module.
2026-07-10 15:44:42.134 -05:00 [DBG] (Thread 29) WindowsUpdateWorker: running PS script: $ProgressPreference = 'SilentlyContinue'
            $ErrorActionPreference = 'Stop'
            try {
                if (-not (Get-PackageProvider -Name NuGet -ListAvailable -ErrorAction SilentlyContinue)) {
                    Install-PackageProvider -Name NuGet -MinimumVersion 2.8.5.201 -Force -Scope AllUsers | Out-Null
                }
                Set-PSRepository -Name PSGallery -InstallationPolicy Trusted -ErrorAction SilentlyContinue
                if (-not (Get-Module -ListAvailable -Name PSWindowsUpdate -ErrorAction SilentlyContinue)) {
                    Install-Module PSWindowsUpdate -Force -SkipPublisherCheck -Scope AllUsers | Out-Null
                }
                Import-Module PSWindowsUpdate -Force -ErrorAction Stop
                try {
                    Add-WUServiceManager -MicrosoftUpdate -Confirm:$false -ErrorAction SilentlyContinue | Out-Null
                } catch {}
                Write-Output 'OK'
            } catch {
                Write-Output ('ERROR: ' + $_.Exception.Message)
            }
2026-07-10 15:44:53.549 -05:00 [INF] (Thread 34) WindowsUpdateWorker: PSWindowsUpdate module OK.
2026-07-10 15:44:53.550 -05:00 [DBG] (Thread 34) WindowsUpdateWorker: running PS script: Import-Module PSWindowsUpdate -ErrorAction Stop
        $ProgressPreference = 'SilentlyContinue'

        # Force the Windows Update Agent to scan before installing.
        # Fixes 0x80248007 (WU_E_DS_NODATA) on fresh builds or machines
        # whose update data store has not been initialised yet.
        try {
            Start-Process -FilePath 'UsoClient.exe' `
                -ArgumentList 'StartScan' `
                -Wait -NoNewWindow -ErrorAction SilentlyContinue
            Start-Sleep -Seconds 30
        } catch {}

        # 2>&1 merges stderr into the pipeline mixing strings with update
        # objects -- we filter them out in the foreach loop below.
        $rawOutput = Install-WindowsUpdate `
            -MicrosoftUpdate `
            -AcceptAll `
            -IgnoreReboot `
            -Install `
            -ErrorAction Continue 2>&1

        # Use a hashtable keyed on Title to keep only the LAST result per update.
        # PSWindowsUpdate emits objects at multiple pipeline stages (search, download,
        # install); overwriting ensures we capture the final post-install ResultCode
        # rather than an early ResultCode=0 (NotStarted).
        $byKey = @{}

        foreach ($u in $rawOutput) {
            if ($null -eq $u -or $u -isnot [PSObject]) { continue }
            if (-not ($u.PSObject.Properties.Name -contains 'Title')) { continue }
            if ([string]::IsNullOrWhiteSpace($u.Title)) { continue }

            $resultCode = 0
            try { $resultCode = [int]$u.ResultCode } catch { $resultCode = 4 }
            $succeeded = ($resultCode -eq 2 -or $resultCode -eq 3)

            # ResultCode=0 means NotStarted — treat as Skipped, not Failed.
            $status = if ($succeeded) { 'Succeeded' } elseif ($resultCode -eq 0) { 'Skipped' } else { 'Failed' }

            $kb = ''
            try {
                if ($u.KBArticleIDs -and $u.KBArticleIDs.Count -gt 0) {
                    $kb = 'KB' + $u.KBArticleIDs[0]
                }
            } catch {}

            $needsReboot = $false
            try { $needsReboot = [bool]$u.RebootRequired } catch {}

            $byKey[$u.Title] = [PSCustomObject]@{
                Identifier     = $kb
                Title          = [string]$u.Title
                Status         = $status
                ErrorMessage   = if ($succeeded -or $resultCode -eq 0) { '' } else { 'ResultCode=' + $resultCode }
                RebootRequired = $needsReboot
                AttemptedAt    = (Get-Date -Format 'o')
            }
        }

        $results = @($byKey.Values)

        if ($results.Count -eq 0) {
            Write-Output '[]'
        } else {
            $results | ConvertTo-Json -Compress
        }
2026-07-10 15:45:48.854 -05:00 [INF] (Thread 29) WindowsUpdateWorker: no updates installed — system reboot is already pending.
2026-07-10 15:45:48.854 -05:00 [INF] (Thread 29) WindowsUpdateWorker: pass complete. Total=4 Succeeded=1 Failed=0 Skipped=3
2026-07-10 15:45:48.855 -05:00 [INF] (Thread 29) WingetWorker: skipping — last run was 2026-07-07T17:42:46.7274782Z (less than 7 days ago).
2026-07-10 15:45:48.855 -05:00 [INF] (Thread 29) UpdateOrchestrator: cycle complete. Total=4 Succeeded=1 Failed=0 RebootRequired=true
2026-07-10 15:45:48.855 -05:00 [INF] (Thread 29) UpdateOrchestrator: reboot required but last reboot was 6.6 hours ago — skipping notification until 2-day minimum has elapsed.
2026-07-10 15:45:48.855 -05:00 [INF] (Thread 29) UpdateBackgroundService: next cycle in "01:00:00".
2026-07-10 16:45:48.874 -05:00 [INF] (Thread 34) SelfUpdater: checking for updates. Current version: 0.26.230.591
2026-07-10 16:45:48.954 -05:00 [INF] (Thread 34) SelfUpdater: remote version = 0.26.230.591.
2026-07-10 16:45:48.954 -05:00 [INF] (Thread 34) SelfUpdater: already up to date.
2026-07-10 16:45:48.954 -05:00 [INF] (Thread 34) UpdateOrchestrator: === Update cycle starting ===
2026-07-10 16:45:48.954 -05:00 [INF] (Thread 34) WindowsUpdateWorker: starting update pass.
2026-07-10 16:45:48.954 -05:00 [INF] (Thread 34) WindowsUpdateWorker: verifying PSWindowsUpdate module.
2026-07-10 16:45:48.956 -05:00 [DBG] (Thread 34) WindowsUpdateWorker: running PS script: $ProgressPreference = 'SilentlyContinue'
            $ErrorActionPreference = 'Stop'
            try {
                if (-not (Get-PackageProvider -Name NuGet -ListAvailable -ErrorAction SilentlyContinue)) {
                    Install-PackageProvider -Name NuGet -MinimumVersion 2.8.5.201 -Force -Scope AllUsers | Out-Null
                }
                Set-PSRepository -Name PSGallery -InstallationPolicy Trusted -ErrorAction SilentlyContinue
                if (-not (Get-Module -ListAvailable -Name PSWindowsUpdate -ErrorAction SilentlyContinue)) {
                    Install-Module PSWindowsUpdate -Force -SkipPublisherCheck -Scope AllUsers | Out-Null
                }
                Import-Module PSWindowsUpdate -Force -ErrorAction Stop
                try {
                    Add-WUServiceManager -MicrosoftUpdate -Confirm:$false -ErrorAction SilentlyContinue | Out-Null
                } catch {}
                Write-Output 'OK'
            } catch {
                Write-Output ('ERROR: ' + $_.Exception.Message)
            }
2026-07-10 16:46:00.978 -05:00 [INF] (Thread 35) WindowsUpdateWorker: PSWindowsUpdate module OK.
2026-07-10 16:46:00.979 -05:00 [DBG] (Thread 35) WindowsUpdateWorker: running PS script: Import-Module PSWindowsUpdate -ErrorAction Stop
        $ProgressPreference = 'SilentlyContinue'

        # Force the Windows Update Agent to scan before installing.
        # Fixes 0x80248007 (WU_E_DS_NODATA) on fresh builds or machines
        # whose update data store has not been initialised yet.
        try {
            Start-Process -FilePath 'UsoClient.exe' `
                -ArgumentList 'StartScan' `
                -Wait -NoNewWindow -ErrorAction SilentlyContinue
            Start-Sleep -Seconds 30
        } catch {}

        # 2>&1 merges stderr into the pipeline mixing strings with update
        # objects -- we filter them out in the foreach loop below.
        $rawOutput = Install-WindowsUpdate `
            -MicrosoftUpdate `
            -AcceptAll `
            -IgnoreReboot `
            -Install `
            -ErrorAction Continue 2>&1

        # Use a hashtable keyed on Title to keep only the LAST result per update.
        # PSWindowsUpdate emits objects at multiple pipeline stages (search, download,
        # install); overwriting ensures we capture the final post-install ResultCode
        # rather than an early ResultCode=0 (NotStarted).
        $byKey = @{}

        foreach ($u in $rawOutput) {
            if ($null -eq $u -or $u -isnot [PSObject]) { continue }
            if (-not ($u.PSObject.Properties.Name -contains 'Title')) { continue }
            if ([string]::IsNullOrWhiteSpace($u.Title)) { continue }

            $resultCode = 0
            try { $resultCode = [int]$u.ResultCode } catch { $resultCode = 4 }
            $succeeded = ($resultCode -eq 2 -or $resultCode -eq 3)

            # ResultCode=0 means NotStarted — treat as Skipped, not Failed.
            $status = if ($succeeded) { 'Succeeded' } elseif ($resultCode -eq 0) { 'Skipped' } else { 'Failed' }

            $kb = ''
            try {
                if ($u.KBArticleIDs -and $u.KBArticleIDs.Count -gt 0) {
                    $kb = 'KB' + $u.KBArticleIDs[0]
                }
            } catch {}

            $needsReboot = $false
            try { $needsReboot = [bool]$u.RebootRequired } catch {}

            $byKey[$u.Title] = [PSCustomObject]@{
                Identifier     = $kb
                Title          = [string]$u.Title
                Status         = $status
                ErrorMessage   = if ($succeeded -or $resultCode -eq 0) { '' } else { 'ResultCode=' + $resultCode }
                RebootRequired = $needsReboot
                AttemptedAt    = (Get-Date -Format 'o')
            }
        }

        $results = @($byKey.Values)

        if ($results.Count -eq 0) {
            Write-Output '[]'
        } else {
            $results | ConvertTo-Json -Compress
        }
2026-07-10 16:47:00.543 -05:00 [INF] (Thread 34) WindowsUpdateWorker: no updates installed — system reboot is already pending.
2026-07-10 16:47:00.543 -05:00 [INF] (Thread 34) WindowsUpdateWorker: pass complete. Total=4 Succeeded=1 Failed=0 Skipped=3
2026-07-10 16:47:00.544 -05:00 [INF] (Thread 34) WingetWorker: skipping — last run was 2026-07-07T17:42:46.7274782Z (less than 7 days ago).
2026-07-10 16:47:00.544 -05:00 [INF] (Thread 34) UpdateOrchestrator: cycle complete. Total=4 Succeeded=1 Failed=0 RebootRequired=true
2026-07-10 16:47:00.544 -05:00 [INF] (Thread 34) UpdateOrchestrator: reboot required but last reboot was 7.7 hours ago — skipping notification until 2-day minimum has elapsed.
2026-07-10 16:47:00.544 -05:00 [INF] (Thread 34) UpdateBackgroundService: next cycle in "01:00:00".
2026-07-10 17:47:00.553 -05:00 [INF] (Thread 38) SelfUpdater: checking for updates. Current version: 0.26.230.591
2026-07-10 17:47:00.695 -05:00 [INF] (Thread 35) SelfUpdater: remote version = 0.26.230.591.
2026-07-10 17:47:00.695 -05:00 [INF] (Thread 35) SelfUpdater: already up to date.
2026-07-10 17:47:00.695 -05:00 [INF] (Thread 35) UpdateOrchestrator: === Update cycle starting ===
2026-07-10 17:47:00.695 -05:00 [INF] (Thread 35) WindowsUpdateWorker: starting update pass.
2026-07-10 17:47:00.695 -05:00 [INF] (Thread 35) WindowsUpdateWorker: verifying PSWindowsUpdate module.
2026-07-10 17:47:00.699 -05:00 [DBG] (Thread 35) WindowsUpdateWorker: running PS script: $ProgressPreference = 'SilentlyContinue'
            $ErrorActionPreference = 'Stop'
            try {
                if (-not (Get-PackageProvider -Name NuGet -ListAvailable -ErrorAction SilentlyContinue)) {
                    Install-PackageProvider -Name NuGet -MinimumVersion 2.8.5.201 -Force -Scope AllUsers | Out-Null
                }
                Set-PSRepository -Name PSGallery -InstallationPolicy Trusted -ErrorAction SilentlyContinue
                if (-not (Get-Module -ListAvailable -Name PSWindowsUpdate -ErrorAction SilentlyContinue)) {
                    Install-Module PSWindowsUpdate -Force -SkipPublisherCheck -Scope AllUsers | Out-Null
                }
                Import-Module PSWindowsUpdate -Force -ErrorAction Stop
                try {
                    Add-WUServiceManager -MicrosoftUpdate -Confirm:$false -ErrorAction SilentlyContinue | Out-Null
                } catch {}
                Write-Output 'OK'
            } catch {
                Write-Output ('ERROR: ' + $_.Exception.Message)
            }
2026-07-10 17:47:12.742 -05:00 [INF] (Thread 38) WindowsUpdateWorker: PSWindowsUpdate module OK.
2026-07-10 17:47:12.742 -05:00 [DBG] (Thread 38) WindowsUpdateWorker: running PS script: Import-Module PSWindowsUpdate -ErrorAction Stop
        $ProgressPreference = 'SilentlyContinue'

        # Force the Windows Update Agent to scan before installing.
        # Fixes 0x80248007 (WU_E_DS_NODATA) on fresh builds or machines
        # whose update data store has not been initialised yet.
        try {
            Start-Process -FilePath 'UsoClient.exe' `
                -ArgumentList 'StartScan' `
                -Wait -NoNewWindow -ErrorAction SilentlyContinue
            Start-Sleep -Seconds 30
        } catch {}

        # 2>&1 merges stderr into the pipeline mixing strings with update
        # objects -- we filter them out in the foreach loop below.
        $rawOutput = Install-WindowsUpdate `
            -MicrosoftUpdate `
            -AcceptAll `
            -IgnoreReboot `
            -Install `
            -ErrorAction Continue 2>&1

        # Use a hashtable keyed on Title to keep only the LAST result per update.
        # PSWindowsUpdate emits objects at multiple pipeline stages (search, download,
        # install); overwriting ensures we capture the final post-install ResultCode
        # rather than an early ResultCode=0 (NotStarted).
        $byKey = @{}

        foreach ($u in $rawOutput) {
            if ($null -eq $u -or $u -isnot [PSObject]) { continue }
            if (-not ($u.PSObject.Properties.Name -contains 'Title')) { continue }
            if ([string]::IsNullOrWhiteSpace($u.Title)) { continue }

            $resultCode = 0
            try { $resultCode = [int]$u.ResultCode } catch { $resultCode = 4 }
            $succeeded = ($resultCode -eq 2 -or $resultCode -eq 3)

            # ResultCode=0 means NotStarted — treat as Skipped, not Failed.
            $status = if ($succeeded) { 'Succeeded' } elseif ($resultCode -eq 0) { 'Skipped' } else { 'Failed' }

            $kb = ''
            try {
                if ($u.KBArticleIDs -and $u.KBArticleIDs.Count -gt 0) {
                    $kb = 'KB' + $u.KBArticleIDs[0]
                }
            } catch {}

            $needsReboot = $false
            try { $needsReboot = [bool]$u.RebootRequired } catch {}

            $byKey[$u.Title] = [PSCustomObject]@{
                Identifier     = $kb
                Title          = [string]$u.Title
                Status         = $status
                ErrorMessage   = if ($succeeded -or $resultCode -eq 0) { '' } else { 'ResultCode=' + $resultCode }
                RebootRequired = $needsReboot
                AttemptedAt    = (Get-Date -Format 'o')
            }
        }

        $results = @($byKey.Values)

        if ($results.Count -eq 0) {
            Write-Output '[]'
        } else {
            $results | ConvertTo-Json -Compress
        }
2026-07-10 17:48:08.167 -05:00 [INF] (Thread 38) WindowsUpdateWorker: no updates installed — system reboot is already pending.
2026-07-10 17:48:08.167 -05:00 [INF] (Thread 38) WindowsUpdateWorker: pass complete. Total=4 Succeeded=1 Failed=0 Skipped=3
2026-07-10 17:48:08.167 -05:00 [INF] (Thread 38) WingetWorker: skipping — last run was 2026-07-07T17:42:46.7274782Z (less than 7 days ago).
2026-07-10 17:48:08.167 -05:00 [INF] (Thread 38) UpdateOrchestrator: cycle complete. Total=4 Succeeded=1 Failed=0 RebootRequired=true
2026-07-10 17:48:08.167 -05:00 [INF] (Thread 38) UpdateOrchestrator: reboot required but last reboot was 8.7 hours ago — skipping notification until 2-day minimum has elapsed.
2026-07-10 17:48:08.167 -05:00 [INF] (Thread 38) UpdateBackgroundService: next cycle in "01:00:00".
2026-07-10 18:48:08.186 -05:00 [INF] (Thread 35) SelfUpdater: checking for updates. Current version: 0.26.230.591
2026-07-10 18:48:08.357 -05:00 [INF] (Thread 35) SelfUpdater: remote version = 0.26.230.591.
2026-07-10 18:48:08.357 -05:00 [INF] (Thread 35) SelfUpdater: already up to date.
2026-07-10 18:48:08.357 -05:00 [INF] (Thread 35) UpdateOrchestrator: === Update cycle starting ===
2026-07-10 18:48:08.357 -05:00 [INF] (Thread 35) WindowsUpdateWorker: starting update pass.
2026-07-10 18:48:08.358 -05:00 [INF] (Thread 35) WindowsUpdateWorker: verifying PSWindowsUpdate module.
2026-07-10 18:48:08.360 -05:00 [DBG] (Thread 35) WindowsUpdateWorker: running PS script: $ProgressPreference = 'SilentlyContinue'
            $ErrorActionPreference = 'Stop'
            try {
                if (-not (Get-PackageProvider -Name NuGet -ListAvailable -ErrorAction SilentlyContinue)) {
                    Install-PackageProvider -Name NuGet -MinimumVersion 2.8.5.201 -Force -Scope AllUsers | Out-Null
                }
                Set-PSRepository -Name PSGallery -InstallationPolicy Trusted -ErrorAction SilentlyContinue
                if (-not (Get-Module -ListAvailable -Name PSWindowsUpdate -ErrorAction SilentlyContinue)) {
                    Install-Module PSWindowsUpdate -Force -SkipPublisherCheck -Scope AllUsers | Out-Null
                }
                Import-Module PSWindowsUpdate -Force -ErrorAction Stop
                try {
                    Add-WUServiceManager -MicrosoftUpdate -Confirm:$false -ErrorAction SilentlyContinue | Out-Null
                } catch {}
                Write-Output 'OK'
            } catch {
                Write-Output ('ERROR: ' + $_.Exception.Message)
            }
2026-07-10 18:48:20.191 -05:00 [INF] (Thread 35) WindowsUpdateWorker: PSWindowsUpdate module OK.
2026-07-10 18:48:20.192 -05:00 [DBG] (Thread 35) WindowsUpdateWorker: running PS script: Import-Module PSWindowsUpdate -ErrorAction Stop
        $ProgressPreference = 'SilentlyContinue'

        # Force the Windows Update Agent to scan before installing.
        # Fixes 0x80248007 (WU_E_DS_NODATA) on fresh builds or machines
        # whose update data store has not been initialised yet.
        try {
            Start-Process -FilePath 'UsoClient.exe' `
                -ArgumentList 'StartScan' `
                -Wait -NoNewWindow -ErrorAction SilentlyContinue
            Start-Sleep -Seconds 30
        } catch {}

        # 2>&1 merges stderr into the pipeline mixing strings with update
        # objects -- we filter them out in the foreach loop below.
        $rawOutput = Install-WindowsUpdate `
            -MicrosoftUpdate `
            -AcceptAll `
            -IgnoreReboot `
            -Install `
            -ErrorAction Continue 2>&1

        # Use a hashtable keyed on Title to keep only the LAST result per update.
        # PSWindowsUpdate emits objects at multiple pipeline stages (search, download,
        # install); overwriting ensures we capture the final post-install ResultCode
        # rather than an early ResultCode=0 (NotStarted).
        $byKey = @{}

        foreach ($u in $rawOutput) {
            if ($null -eq $u -or $u -isnot [PSObject]) { continue }
            if (-not ($u.PSObject.Properties.Name -contains 'Title')) { continue }
            if ([string]::IsNullOrWhiteSpace($u.Title)) { continue }

            $resultCode = 0
            try { $resultCode = [int]$u.ResultCode } catch { $resultCode = 4 }
            $succeeded = ($resultCode -eq 2 -or $resultCode -eq 3)

            # ResultCode=0 means NotStarted — treat as Skipped, not Failed.
            $status = if ($succeeded) { 'Succeeded' } elseif ($resultCode -eq 0) { 'Skipped' } else { 'Failed' }

            $kb = ''
            try {
                if ($u.KBArticleIDs -and $u.KBArticleIDs.Count -gt 0) {
                    $kb = 'KB' + $u.KBArticleIDs[0]
                }
            } catch {}

            $needsReboot = $false
            try { $needsReboot = [bool]$u.RebootRequired } catch {}

            $byKey[$u.Title] = [PSCustomObject]@{
                Identifier     = $kb
                Title          = [string]$u.Title
                Status         = $status
                ErrorMessage   = if ($succeeded -or $resultCode -eq 0) { '' } else { 'ResultCode=' + $resultCode }
                RebootRequired = $needsReboot
                AttemptedAt    = (Get-Date -Format 'o')
            }
        }

        $results = @($byKey.Values)

        if ($results.Count -eq 0) {
            Write-Output '[]'
        } else {
            $results | ConvertTo-Json -Compress
        }
2026-07-10 18:49:17.763 -05:00 [INF] (Thread 43) WindowsUpdateWorker: no updates installed — system reboot is already pending.
2026-07-10 18:49:17.763 -05:00 [INF] (Thread 43) WindowsUpdateWorker: pass complete. Total=4 Succeeded=1 Failed=0 Skipped=3
2026-07-10 18:49:17.763 -05:00 [INF] (Thread 43) WingetWorker: skipping — last run was 2026-07-07T17:42:46.7274782Z (less than 7 days ago).
2026-07-10 18:49:17.763 -05:00 [INF] (Thread 43) UpdateOrchestrator: cycle complete. Total=4 Succeeded=1 Failed=0 RebootRequired=true
2026-07-10 18:49:17.763 -05:00 [INF] (Thread 43) UpdateOrchestrator: reboot required but last reboot was 9.7 hours ago — skipping notification until 2-day minimum has elapsed.
2026-07-10 18:49:17.763 -05:00 [INF] (Thread 43) UpdateBackgroundService: next cycle in "01:00:00".
2026-07-10 19:49:17.773 -05:00 [INF] (Thread 40) SelfUpdater: checking for updates. Current version: 0.26.230.591
2026-07-10 19:49:17.919 -05:00 [INF] (Thread 43) SelfUpdater: remote version = 0.26.230.591.
2026-07-10 19:49:17.919 -05:00 [INF] (Thread 43) SelfUpdater: already up to date.
2026-07-10 19:49:17.919 -05:00 [INF] (Thread 43) UpdateOrchestrator: === Update cycle starting ===
2026-07-10 19:49:17.920 -05:00 [INF] (Thread 43) WindowsUpdateWorker: starting update pass.
2026-07-10 19:49:17.920 -05:00 [INF] (Thread 43) WindowsUpdateWorker: verifying PSWindowsUpdate module.
2026-07-10 19:49:17.921 -05:00 [DBG] (Thread 37) WindowsUpdateWorker: running PS script: $ProgressPreference = 'SilentlyContinue'
            $ErrorActionPreference = 'Stop'
            try {
                if (-not (Get-PackageProvider -Name NuGet -ListAvailable -ErrorAction SilentlyContinue)) {
                    Install-PackageProvider -Name NuGet -MinimumVersion 2.8.5.201 -Force -Scope AllUsers | Out-Null
                }
                Set-PSRepository -Name PSGallery -InstallationPolicy Trusted -ErrorAction SilentlyContinue
                if (-not (Get-Module -ListAvailable -Name PSWindowsUpdate -ErrorAction SilentlyContinue)) {
                    Install-Module PSWindowsUpdate -Force -SkipPublisherCheck -Scope AllUsers | Out-Null
                }
                Import-Module PSWindowsUpdate -Force -ErrorAction Stop
                try {
                    Add-WUServiceManager -MicrosoftUpdate -Confirm:$false -ErrorAction SilentlyContinue | Out-Null
                } catch {}
                Write-Output 'OK'
            } catch {
                Write-Output ('ERROR: ' + $_.Exception.Message)
            }
2026-07-10 19:49:31.168 -05:00 [INF] (Thread 37) WindowsUpdateWorker: PSWindowsUpdate module OK.
2026-07-10 19:49:31.170 -05:00 [DBG] (Thread 37) WindowsUpdateWorker: running PS script: Import-Module PSWindowsUpdate -ErrorAction Stop
        $ProgressPreference = 'SilentlyContinue'

        # Force the Windows Update Agent to scan before installing.
        # Fixes 0x80248007 (WU_E_DS_NODATA) on fresh builds or machines
        # whose update data store has not been initialised yet.
        try {
            Start-Process -FilePath 'UsoClient.exe' `
                -ArgumentList 'StartScan' `
                -Wait -NoNewWindow -ErrorAction SilentlyContinue
            Start-Sleep -Seconds 30
        } catch {}

        # 2>&1 merges stderr into the pipeline mixing strings with update
        # objects -- we filter them out in the foreach loop below.
        $rawOutput = Install-WindowsUpdate `
            -MicrosoftUpdate `
            -AcceptAll `
            -IgnoreReboot `
            -Install `
            -ErrorAction Continue 2>&1

        # Use a hashtable keyed on Title to keep only the LAST result per update.
        # PSWindowsUpdate emits objects at multiple pipeline stages (search, download,
        # install); overwriting ensures we capture the final post-install ResultCode
        # rather than an early ResultCode=0 (NotStarted).
        $byKey = @{}

        foreach ($u in $rawOutput) {
            if ($null -eq $u -or $u -isnot [PSObject]) { continue }
            if (-not ($u.PSObject.Properties.Name -contains 'Title')) { continue }
            if ([string]::IsNullOrWhiteSpace($u.Title)) { continue }

            $resultCode = 0
            try { $resultCode = [int]$u.ResultCode } catch { $resultCode = 4 }
            $succeeded = ($resultCode -eq 2 -or $resultCode -eq 3)

            # ResultCode=0 means NotStarted — treat as Skipped, not Failed.
            $status = if ($succeeded) { 'Succeeded' } elseif ($resultCode -eq 0) { 'Skipped' } else { 'Failed' }

            $kb = ''
            try {
                if ($u.KBArticleIDs -and $u.KBArticleIDs.Count -gt 0) {
                    $kb = 'KB' + $u.KBArticleIDs[0]
                }
            } catch {}

            $needsReboot = $false
            try { $needsReboot = [bool]$u.RebootRequired } catch {}

            $byKey[$u.Title] = [PSCustomObject]@{
                Identifier     = $kb
                Title          = [string]$u.Title
                Status         = $status
                ErrorMessage   = if ($succeeded -or $resultCode -eq 0) { '' } else { 'ResultCode=' + $resultCode }
                RebootRequired = $needsReboot
                AttemptedAt    = (Get-Date -Format 'o')
            }
        }

        $results = @($byKey.Values)

        if ($results.Count -eq 0) {
            Write-Output '[]'
        } else {
            $results | ConvertTo-Json -Compress
        }
2026-07-10 19:50:26.092 -05:00 [INF] (Thread 40) WindowsUpdateWorker: no updates installed — system reboot is already pending.
2026-07-10 19:50:26.092 -05:00 [INF] (Thread 40) WindowsUpdateWorker: pass complete. Total=4 Succeeded=1 Failed=0 Skipped=3
2026-07-10 19:50:26.092 -05:00 [INF] (Thread 40) WingetWorker: skipping — last run was 2026-07-07T17:42:46.7274782Z (less than 7 days ago).
2026-07-10 19:50:26.092 -05:00 [INF] (Thread 40) UpdateOrchestrator: cycle complete. Total=4 Succeeded=1 Failed=0 RebootRequired=true
2026-07-10 19:50:26.092 -05:00 [INF] (Thread 40) UpdateOrchestrator: reboot required but last reboot was 10.7 hours ago — skipping notification until 2-day minimum has elapsed.
2026-07-10 19:50:26.092 -05:00 [INF] (Thread 40) UpdateBackgroundService: next cycle in "01:00:00".
2026-07-10 20:50:26.112 -05:00 [INF] (Thread 42) SelfUpdater: checking for updates. Current version: 0.26.230.591
2026-07-10 20:50:26.338 -05:00 [INF] (Thread 42) SelfUpdater: remote version = 0.26.230.591.
2026-07-10 20:50:26.339 -05:00 [INF] (Thread 42) SelfUpdater: already up to date.
2026-07-10 20:50:26.339 -05:00 [INF] (Thread 42) UpdateOrchestrator: === Update cycle starting ===
2026-07-10 20:50:26.339 -05:00 [INF] (Thread 42) WindowsUpdateWorker: starting update pass.
2026-07-10 20:50:26.339 -05:00 [INF] (Thread 42) WindowsUpdateWorker: verifying PSWindowsUpdate module.
2026-07-10 20:50:26.340 -05:00 [DBG] (Thread 42) WindowsUpdateWorker: running PS script: $ProgressPreference = 'SilentlyContinue'
            $ErrorActionPreference = 'Stop'
            try {
                if (-not (Get-PackageProvider -Name NuGet -ListAvailable -ErrorAction SilentlyContinue)) {
                    Install-PackageProvider -Name NuGet -MinimumVersion 2.8.5.201 -Force -Scope AllUsers | Out-Null
                }
                Set-PSRepository -Name PSGallery -InstallationPolicy Trusted -ErrorAction SilentlyContinue
                if (-not (Get-Module -ListAvailable -Name PSWindowsUpdate -ErrorAction SilentlyContinue)) {
                    Install-Module PSWindowsUpdate -Force -SkipPublisherCheck -Scope AllUsers | Out-Null
                }
                Import-Module PSWindowsUpdate -Force -ErrorAction Stop
                try {
                    Add-WUServiceManager -MicrosoftUpdate -Confirm:$false -ErrorAction SilentlyContinue | Out-Null
                } catch {}
                Write-Output 'OK'
            } catch {
                Write-Output ('ERROR: ' + $_.Exception.Message)
            }
2026-07-10 20:50:38.100 -05:00 [INF] (Thread 47) WindowsUpdateWorker: PSWindowsUpdate module OK.
2026-07-10 20:50:38.101 -05:00 [DBG] (Thread 42) WindowsUpdateWorker: running PS script: Import-Module PSWindowsUpdate -ErrorAction Stop
        $ProgressPreference = 'SilentlyContinue'

        # Force the Windows Update Agent to scan before installing.
        # Fixes 0x80248007 (WU_E_DS_NODATA) on fresh builds or machines
        # whose update data store has not been initialised yet.
        try {
            Start-Process -FilePath 'UsoClient.exe' `
                -ArgumentList 'StartScan' `
                -Wait -NoNewWindow -ErrorAction SilentlyContinue
            Start-Sleep -Seconds 30
        } catch {}

        # 2>&1 merges stderr into the pipeline mixing strings with update
        # objects -- we filter them out in the foreach loop below.
        $rawOutput = Install-WindowsUpdate `
            -MicrosoftUpdate `
            -AcceptAll `
            -IgnoreReboot `
            -Install `
            -ErrorAction Continue 2>&1

        # Use a hashtable keyed on Title to keep only the LAST result per update.
        # PSWindowsUpdate emits objects at multiple pipeline stages (search, download,
        # install); overwriting ensures we capture the final post-install ResultCode
        # rather than an early ResultCode=0 (NotStarted).
        $byKey = @{}

        foreach ($u in $rawOutput) {
            if ($null -eq $u -or $u -isnot [PSObject]) { continue }
            if (-not ($u.PSObject.Properties.Name -contains 'Title')) { continue }
            if ([string]::IsNullOrWhiteSpace($u.Title)) { continue }

            $resultCode = 0
            try { $resultCode = [int]$u.ResultCode } catch { $resultCode = 4 }
            $succeeded = ($resultCode -eq 2 -or $resultCode -eq 3)

            # ResultCode=0 means NotStarted — treat as Skipped, not Failed.
            $status = if ($succeeded) { 'Succeeded' } elseif ($resultCode -eq 0) { 'Skipped' } else { 'Failed' }

            $kb = ''
            try {
                if ($u.KBArticleIDs -and $u.KBArticleIDs.Count -gt 0) {
                    $kb = 'KB' + $u.KBArticleIDs[0]
                }
            } catch {}

            $needsReboot = $false
            try { $needsReboot = [bool]$u.RebootRequired } catch {}

            $byKey[$u.Title] = [PSCustomObject]@{
                Identifier     = $kb
                Title          = [string]$u.Title
                Status         = $status
                ErrorMessage   = if ($succeeded -or $resultCode -eq 0) { '' } else { 'ResultCode=' + $resultCode }
                RebootRequired = $needsReboot
                AttemptedAt    = (Get-Date -Format 'o')
            }
        }

        $results = @($byKey.Values)

        if ($results.Count -eq 0) {
            Write-Output '[]'
        } else {
            $results | ConvertTo-Json -Compress
        }
2026-07-10 20:51:33.390 -05:00 [INF] (Thread 48) WindowsUpdateWorker: no updates installed — system reboot is already pending.
2026-07-10 20:51:33.390 -05:00 [INF] (Thread 48) WindowsUpdateWorker: pass complete. Total=4 Succeeded=1 Failed=0 Skipped=3
2026-07-10 20:51:33.390 -05:00 [INF] (Thread 48) WingetWorker: skipping — last run was 2026-07-07T17:42:46.7274782Z (less than 7 days ago).
2026-07-10 20:51:33.390 -05:00 [INF] (Thread 48) UpdateOrchestrator: cycle complete. Total=4 Succeeded=1 Failed=0 RebootRequired=true
2026-07-10 20:51:33.390 -05:00 [INF] (Thread 48) UpdateOrchestrator: reboot required but last reboot was 11.7 hours ago — skipping notification until 2-day minimum has elapsed.
2026-07-10 20:51:33.390 -05:00 [INF] (Thread 48) UpdateBackgroundService: next cycle in "01:00:00".
2026-07-10 21:51:33.412 -05:00 [INF] (Thread 40) SelfUpdater: checking for updates. Current version: 0.26.230.591
2026-07-10 21:51:33.544 -05:00 [INF] (Thread 40) SelfUpdater: remote version = 0.26.230.591.
2026-07-10 21:51:33.544 -05:00 [INF] (Thread 40) SelfUpdater: already up to date.
2026-07-10 21:51:33.544 -05:00 [INF] (Thread 40) UpdateOrchestrator: === Update cycle starting ===
2026-07-10 21:51:33.544 -05:00 [INF] (Thread 40) WindowsUpdateWorker: starting update pass.
2026-07-10 21:51:33.544 -05:00 [INF] (Thread 40) WindowsUpdateWorker: verifying PSWindowsUpdate module.
2026-07-10 21:51:33.546 -05:00 [DBG] (Thread 40) WindowsUpdateWorker: running PS script: $ProgressPreference = 'SilentlyContinue'
            $ErrorActionPreference = 'Stop'
            try {
                if (-not (Get-PackageProvider -Name NuGet -ListAvailable -ErrorAction SilentlyContinue)) {
                    Install-PackageProvider -Name NuGet -MinimumVersion 2.8.5.201 -Force -Scope AllUsers | Out-Null
                }
                Set-PSRepository -Name PSGallery -InstallationPolicy Trusted -ErrorAction SilentlyContinue
                if (-not (Get-Module -ListAvailable -Name PSWindowsUpdate -ErrorAction SilentlyContinue)) {
                    Install-Module PSWindowsUpdate -Force -SkipPublisherCheck -Scope AllUsers | Out-Null
                }
                Import-Module PSWindowsUpdate -Force -ErrorAction Stop
                try {
                    Add-WUServiceManager -MicrosoftUpdate -Confirm:$false -ErrorAction SilentlyContinue | Out-Null
                } catch {}
                Write-Output 'OK'
            } catch {
                Write-Output ('ERROR: ' + $_.Exception.Message)
            }
2026-07-10 21:51:46.341 -05:00 [INF] (Thread 49) WindowsUpdateWorker: PSWindowsUpdate module OK.
2026-07-10 21:51:46.342 -05:00 [DBG] (Thread 49) WindowsUpdateWorker: running PS script: Import-Module PSWindowsUpdate -ErrorAction Stop
        $ProgressPreference = 'SilentlyContinue'

        # Force the Windows Update Agent to scan before installing.
        # Fixes 0x80248007 (WU_E_DS_NODATA) on fresh builds or machines
        # whose update data store has not been initialised yet.
        try {
            Start-Process -FilePath 'UsoClient.exe' `
                -ArgumentList 'StartScan' `
                -Wait -NoNewWindow -ErrorAction SilentlyContinue
            Start-Sleep -Seconds 30
        } catch {}

        # 2>&1 merges stderr into the pipeline mixing strings with update
        # objects -- we filter them out in the foreach loop below.
        $rawOutput = Install-WindowsUpdate `
            -MicrosoftUpdate `
            -AcceptAll `
            -IgnoreReboot `
            -Install `
            -ErrorAction Continue 2>&1

        # Use a hashtable keyed on Title to keep only the LAST result per update.
        # PSWindowsUpdate emits objects at multiple pipeline stages (search, download,
        # install); overwriting ensures we capture the final post-install ResultCode
        # rather than an early ResultCode=0 (NotStarted).
        $byKey = @{}

        foreach ($u in $rawOutput) {
            if ($null -eq $u -or $u -isnot [PSObject]) { continue }
            if (-not ($u.PSObject.Properties.Name -contains 'Title')) { continue }
            if ([string]::IsNullOrWhiteSpace($u.Title)) { continue }

            $resultCode = 0
            try { $resultCode = [int]$u.ResultCode } catch { $resultCode = 4 }
            $succeeded = ($resultCode -eq 2 -or $resultCode -eq 3)

            # ResultCode=0 means NotStarted — treat as Skipped, not Failed.
            $status = if ($succeeded) { 'Succeeded' } elseif ($resultCode -eq 0) { 'Skipped' } else { 'Failed' }

            $kb = ''
            try {
                if ($u.KBArticleIDs -and $u.KBArticleIDs.Count -gt 0) {
                    $kb = 'KB' + $u.KBArticleIDs[0]
                }
            } catch {}

            $needsReboot = $false
            try { $needsReboot = [bool]$u.RebootRequired } catch {}

            $byKey[$u.Title] = [PSCustomObject]@{
                Identifier     = $kb
                Title          = [string]$u.Title
                Status         = $status
                ErrorMessage   = if ($succeeded -or $resultCode -eq 0) { '' } else { 'ResultCode=' + $resultCode }
                RebootRequired = $needsReboot
                AttemptedAt    = (Get-Date -Format 'o')
            }
        }

        $results = @($byKey.Values)

        if ($results.Count -eq 0) {
            Write-Output '[]'
        } else {
            $results | ConvertTo-Json -Compress
        }
2026-07-10 21:52:41.763 -05:00 [INF] (Thread 49) WindowsUpdateWorker: no updates installed — system reboot is already pending.
2026-07-10 21:52:41.763 -05:00 [INF] (Thread 49) WindowsUpdateWorker: pass complete. Total=4 Succeeded=1 Failed=0 Skipped=3
2026-07-10 21:52:41.763 -05:00 [INF] (Thread 49) WingetWorker: skipping — last run was 2026-07-07T17:42:46.7274782Z (less than 7 days ago).
2026-07-10 21:52:41.763 -05:00 [INF] (Thread 49) UpdateOrchestrator: cycle complete. Total=4 Succeeded=1 Failed=0 RebootRequired=true
2026-07-10 21:52:41.763 -05:00 [INF] (Thread 49) UpdateOrchestrator: reboot required but last reboot was 12.8 hours ago — skipping notification until 2-day minimum has elapsed.
2026-07-10 21:52:41.763 -05:00 [INF] (Thread 49) UpdateBackgroundService: next cycle in "01:00:00".
2026-07-10 22:52:41.776 -05:00 [INF] (Thread 52) SelfUpdater: checking for updates. Current version: 0.26.230.591
2026-07-10 22:52:41.946 -05:00 [INF] (Thread 52) SelfUpdater: remote version = 0.26.230.591.
2026-07-10 22:52:41.946 -05:00 [INF] (Thread 52) SelfUpdater: already up to date.
2026-07-10 22:52:41.946 -05:00 [INF] (Thread 52) UpdateOrchestrator: === Update cycle starting ===
2026-07-10 22:52:41.946 -05:00 [INF] (Thread 52) WindowsUpdateWorker: starting update pass.
2026-07-10 22:52:41.946 -05:00 [INF] (Thread 52) WindowsUpdateWorker: verifying PSWindowsUpdate module.
2026-07-10 22:52:41.948 -05:00 [DBG] (Thread 52) WindowsUpdateWorker: running PS script: $ProgressPreference = 'SilentlyContinue'
            $ErrorActionPreference = 'Stop'
            try {
                if (-not (Get-PackageProvider -Name NuGet -ListAvailable -ErrorAction SilentlyContinue)) {
                    Install-PackageProvider -Name NuGet -MinimumVersion 2.8.5.201 -Force -Scope AllUsers | Out-Null
                }
                Set-PSRepository -Name PSGallery -InstallationPolicy Trusted -ErrorAction SilentlyContinue
                if (-not (Get-Module -ListAvailable -Name PSWindowsUpdate -ErrorAction SilentlyContinue)) {
                    Install-Module PSWindowsUpdate -Force -SkipPublisherCheck -Scope AllUsers | Out-Null
                }
                Import-Module PSWindowsUpdate -Force -ErrorAction Stop
                try {
                    Add-WUServiceManager -MicrosoftUpdate -Confirm:$false -ErrorAction SilentlyContinue | Out-Null
                } catch {}
                Write-Output 'OK'
            } catch {
                Write-Output ('ERROR: ' + $_.Exception.Message)
            }
2026-07-10 22:52:54.377 -05:00 [INF] (Thread 52) WindowsUpdateWorker: PSWindowsUpdate module OK.
2026-07-10 22:52:54.377 -05:00 [DBG] (Thread 52) WindowsUpdateWorker: running PS script: Import-Module PSWindowsUpdate -ErrorAction Stop
        $ProgressPreference = 'SilentlyContinue'

        # Force the Windows Update Agent to scan before installing.
        # Fixes 0x80248007 (WU_E_DS_NODATA) on fresh builds or machines
        # whose update data store has not been initialised yet.
        try {
            Start-Process -FilePath 'UsoClient.exe' `
                -ArgumentList 'StartScan' `
                -Wait -NoNewWindow -ErrorAction SilentlyContinue
            Start-Sleep -Seconds 30
        } catch {}

        # 2>&1 merges stderr into the pipeline mixing strings with update
        # objects -- we filter them out in the foreach loop below.
        $rawOutput = Install-WindowsUpdate `
            -MicrosoftUpdate `
            -AcceptAll `
            -IgnoreReboot `
            -Install `
            -ErrorAction Continue 2>&1

        # Use a hashtable keyed on Title to keep only the LAST result per update.
        # PSWindowsUpdate emits objects at multiple pipeline stages (search, download,
        # install); overwriting ensures we capture the final post-install ResultCode
        # rather than an early ResultCode=0 (NotStarted).
        $byKey = @{}

        foreach ($u in $rawOutput) {
            if ($null -eq $u -or $u -isnot [PSObject]) { continue }
            if (-not ($u.PSObject.Properties.Name -contains 'Title')) { continue }
            if ([string]::IsNullOrWhiteSpace($u.Title)) { continue }

            $resultCode = 0
            try { $resultCode = [int]$u.ResultCode } catch { $resultCode = 4 }
            $succeeded = ($resultCode -eq 2 -or $resultCode -eq 3)

            # ResultCode=0 means NotStarted — treat as Skipped, not Failed.
            $status = if ($succeeded) { 'Succeeded' } elseif ($resultCode -eq 0) { 'Skipped' } else { 'Failed' }

            $kb = ''
            try {
                if ($u.KBArticleIDs -and $u.KBArticleIDs.Count -gt 0) {
                    $kb = 'KB' + $u.KBArticleIDs[0]
                }
            } catch {}

            $needsReboot = $false
            try { $needsReboot = [bool]$u.RebootRequired } catch {}

            $byKey[$u.Title] = [PSCustomObject]@{
                Identifier     = $kb
                Title          = [string]$u.Title
                Status         = $status
                ErrorMessage   = if ($succeeded -or $resultCode -eq 0) { '' } else { 'ResultCode=' + $resultCode }
                RebootRequired = $needsReboot
                AttemptedAt    = (Get-Date -Format 'o')
            }
        }

        $results = @($byKey.Values)

        if ($results.Count -eq 0) {
            Write-Output '[]'
        } else {
            $results | ConvertTo-Json -Compress
        }
2026-07-10 22:54:11.250 -05:00 [INF] (Thread 49) WindowsUpdateWorker: no updates installed — system reboot is already pending.
2026-07-10 22:54:11.250 -05:00 [INF] (Thread 49) WindowsUpdateWorker: pass complete. Total=4 Succeeded=1 Failed=0 Skipped=3
2026-07-10 22:54:11.250 -05:00 [INF] (Thread 49) WingetWorker: skipping — last run was 2026-07-07T17:42:46.7274782Z (less than 7 days ago).
2026-07-10 22:54:11.250 -05:00 [INF] (Thread 49) UpdateOrchestrator: cycle complete. Total=4 Succeeded=1 Failed=0 RebootRequired=true
2026-07-10 22:54:11.250 -05:00 [INF] (Thread 49) UpdateOrchestrator: reboot required but last reboot was 13.8 hours ago — skipping notification until 2-day minimum has elapsed.
2026-07-10 22:54:11.250 -05:00 [INF] (Thread 49) UpdateBackgroundService: next cycle in "01:00:00".
2026-07-10 23:54:11.273 -05:00 [INF] (Thread 49) SelfUpdater: checking for updates. Current version: 0.26.230.591
2026-07-10 23:54:11.409 -05:00 [INF] (Thread 49) SelfUpdater: remote version = 0.26.230.591.
2026-07-10 23:54:11.409 -05:00 [INF] (Thread 49) SelfUpdater: already up to date.
2026-07-10 23:54:11.409 -05:00 [INF] (Thread 49) UpdateOrchestrator: === Update cycle starting ===
2026-07-10 23:54:11.409 -05:00 [INF] (Thread 49) WindowsUpdateWorker: starting update pass.
2026-07-10 23:54:11.409 -05:00 [INF] (Thread 49) WindowsUpdateWorker: verifying PSWindowsUpdate module.
2026-07-10 23:54:11.411 -05:00 [DBG] (Thread 49) WindowsUpdateWorker: running PS script: $ProgressPreference = 'SilentlyContinue'
            $ErrorActionPreference = 'Stop'
            try {
                if (-not (Get-PackageProvider -Name NuGet -ListAvailable -ErrorAction SilentlyContinue)) {
                    Install-PackageProvider -Name NuGet -MinimumVersion 2.8.5.201 -Force -Scope AllUsers | Out-Null
                }
                Set-PSRepository -Name PSGallery -InstallationPolicy Trusted -ErrorAction SilentlyContinue
                if (-not (Get-Module -ListAvailable -Name PSWindowsUpdate -ErrorAction SilentlyContinue)) {
                    Install-Module PSWindowsUpdate -Force -SkipPublisherCheck -Scope AllUsers | Out-Null
                }
                Import-Module PSWindowsUpdate -Force -ErrorAction Stop
                try {
                    Add-WUServiceManager -MicrosoftUpdate -Confirm:$false -ErrorAction SilentlyContinue | Out-Null
                } catch {}
                Write-Output 'OK'
            } catch {
                Write-Output ('ERROR: ' + $_.Exception.Message)
            }
2026-07-10 23:54:24.661 -05:00 [INF] (Thread 51) WindowsUpdateWorker: PSWindowsUpdate module OK.
2026-07-10 23:54:24.662 -05:00 [DBG] (Thread 51) WindowsUpdateWorker: running PS script: Import-Module PSWindowsUpdate -ErrorAction Stop
        $ProgressPreference = 'SilentlyContinue'

        # Force the Windows Update Agent to scan before installing.
        # Fixes 0x80248007 (WU_E_DS_NODATA) on fresh builds or machines
        # whose update data store has not been initialised yet.
        try {
            Start-Process -FilePath 'UsoClient.exe' `
                -ArgumentList 'StartScan' `
                -Wait -NoNewWindow -ErrorAction SilentlyContinue
            Start-Sleep -Seconds 30
        } catch {}

        # 2>&1 merges stderr into the pipeline mixing strings with update
        # objects -- we filter them out in the foreach loop below.
        $rawOutput = Install-WindowsUpdate `
            -MicrosoftUpdate `
            -AcceptAll `
            -IgnoreReboot `
            -Install `
            -ErrorAction Continue 2>&1

        # Use a hashtable keyed on Title to keep only the LAST result per update.
        # PSWindowsUpdate emits objects at multiple pipeline stages (search, download,
        # install); overwriting ensures we capture the final post-install ResultCode
        # rather than an early ResultCode=0 (NotStarted).
        $byKey = @{}

        foreach ($u in $rawOutput) {
            if ($null -eq $u -or $u -isnot [PSObject]) { continue }
            if (-not ($u.PSObject.Properties.Name -contains 'Title')) { continue }
            if ([string]::IsNullOrWhiteSpace($u.Title)) { continue }

            $resultCode = 0
            try { $resultCode = [int]$u.ResultCode } catch { $resultCode = 4 }
            $succeeded = ($resultCode -eq 2 -or $resultCode -eq 3)

            # ResultCode=0 means NotStarted — treat as Skipped, not Failed.
            $status = if ($succeeded) { 'Succeeded' } elseif ($resultCode -eq 0) { 'Skipped' } else { 'Failed' }

            $kb = ''
            try {
                if ($u.KBArticleIDs -and $u.KBArticleIDs.Count -gt 0) {
                    $kb = 'KB' + $u.KBArticleIDs[0]
                }
            } catch {}

            $needsReboot = $false
            try { $needsReboot = [bool]$u.RebootRequired } catch {}

            $byKey[$u.Title] = [PSCustomObject]@{
                Identifier     = $kb
                Title          = [string]$u.Title
                Status         = $status
                ErrorMessage   = if ($succeeded -or $resultCode -eq 0) { '' } else { 'ResultCode=' + $resultCode }
                RebootRequired = $needsReboot
                AttemptedAt    = (Get-Date -Format 'o')
            }
        }

        $results = @($byKey.Values)

        if ($results.Count -eq 0) {
            Write-Output '[]'
        } else {
            $results | ConvertTo-Json -Compress
        }
2026-07-10 23:55:20.709 -05:00 [INF] (Thread 51) WindowsUpdateWorker: no updates installed — system reboot is already pending.
2026-07-10 23:55:20.709 -05:00 [INF] (Thread 51) WindowsUpdateWorker: pass complete. Total=4 Succeeded=1 Failed=0 Skipped=3
2026-07-10 23:55:20.709 -05:00 [INF] (Thread 51) WingetWorker: skipping — last run was 2026-07-07T17:42:46.7274782Z (less than 7 days ago).
2026-07-10 23:55:20.709 -05:00 [INF] (Thread 51) UpdateOrchestrator: cycle complete. Total=4 Succeeded=1 Failed=0 RebootRequired=true
2026-07-10 23:55:20.709 -05:00 [INF] (Thread 51) UpdateOrchestrator: reboot required but last reboot was 14.8 hours ago — skipping notification until 2-day minimum has elapsed.
2026-07-10 23:55:20.709 -05:00 [INF] (Thread 51) UpdateBackgroundService: next cycle in "01:00:00".
