2026-07-03 00:06:02.260 -05:00 [INF] (Thread 13) SelfUpdater: checking for updates. Current version: 0.26.230.591
2026-07-03 00:06:02.408 -05:00 [INF] (Thread 15) SelfUpdater: remote version = 0.26.230.591.
2026-07-03 00:06:02.408 -05:00 [INF] (Thread 15) SelfUpdater: already up to date.
2026-07-03 00:06:02.408 -05:00 [INF] (Thread 15) UpdateOrchestrator: === Update cycle starting ===
2026-07-03 00:06:02.408 -05:00 [INF] (Thread 15) WindowsUpdateWorker: starting update pass.
2026-07-03 00:06:02.408 -05:00 [INF] (Thread 15) WindowsUpdateWorker: verifying PSWindowsUpdate module.
2026-07-03 00:06:02.412 -05:00 [DBG] (Thread 15) WindowsUpdateWorker: running PS script: $ProgressPreference = 'SilentlyContinue'
            $ErrorActionPreference = 'Stop'
            try {
                if (-not (Get-PackageProvider -Name NuGet -ListAvailable -ErrorAction SilentlyContinue)) {
                    Install-PackageProvider -Name NuGet -MinimumVersion 2.8.5.201 -Force -Scope AllUsers | Out-Null
                }
                Set-PSRepository -Name PSGallery -InstallationPolicy Trusted -ErrorAction SilentlyContinue
                if (-not (Get-Module -ListAvailable -Name PSWindowsUpdate -ErrorAction SilentlyContinue)) {
                    Install-Module PSWindowsUpdate -Force -SkipPublisherCheck -Scope AllUsers | Out-Null
                }
                Import-Module PSWindowsUpdate -Force -ErrorAction Stop
                try {
                    Add-WUServiceManager -MicrosoftUpdate -Confirm:$false -ErrorAction SilentlyContinue | Out-Null
                } catch {}
                Write-Output 'OK'
            } catch {
                Write-Output ('ERROR: ' + $_.Exception.Message)
            }
2026-07-03 00:06:14.632 -05:00 [INF] (Thread 3) WindowsUpdateWorker: PSWindowsUpdate module OK.
2026-07-03 00:06:14.633 -05:00 [DBG] (Thread 3) WindowsUpdateWorker: running PS script: Import-Module PSWindowsUpdate -ErrorAction Stop
        $ProgressPreference = 'SilentlyContinue'

        # Force the Windows Update Agent to scan before installing.
        # Fixes 0x80248007 (WU_E_DS_NODATA) on fresh builds or machines
        # whose update data store has not been initialised yet.
        try {
            Start-Process -FilePath 'UsoClient.exe' `
                -ArgumentList 'StartScan' `
                -Wait -NoNewWindow -ErrorAction SilentlyContinue
            Start-Sleep -Seconds 30
        } catch {}

        # 2>&1 merges stderr into the pipeline mixing strings with update
        # objects -- we filter them out in the foreach loop below.
        $rawOutput = Install-WindowsUpdate `
            -MicrosoftUpdate `
            -AcceptAll `
            -IgnoreReboot `
            -Install `
            -ErrorAction Continue 2>&1

        # Use a hashtable keyed on Title to keep only the LAST result per update.
        # PSWindowsUpdate emits objects at multiple pipeline stages (search, download,
        # install); overwriting ensures we capture the final post-install ResultCode
        # rather than an early ResultCode=0 (NotStarted).
        $byKey = @{}

        foreach ($u in $rawOutput) {
            if ($null -eq $u -or $u -isnot [PSObject]) { continue }
            if (-not ($u.PSObject.Properties.Name -contains 'Title')) { continue }
            if ([string]::IsNullOrWhiteSpace($u.Title)) { continue }

            $resultCode = 0
            try { $resultCode = [int]$u.ResultCode } catch { $resultCode = 4 }
            $succeeded = ($resultCode -eq 2 -or $resultCode -eq 3)

            # ResultCode=0 means NotStarted — treat as Skipped, not Failed.
            $status = if ($succeeded) { 'Succeeded' } elseif ($resultCode -eq 0) { 'Skipped' } else { 'Failed' }

            $kb = ''
            try {
                if ($u.KBArticleIDs -and $u.KBArticleIDs.Count -gt 0) {
                    $kb = 'KB' + $u.KBArticleIDs[0]
                }
            } catch {}

            $needsReboot = $false
            try { $needsReboot = [bool]$u.RebootRequired } catch {}

            $byKey[$u.Title] = [PSCustomObject]@{
                Identifier     = $kb
                Title          = [string]$u.Title
                Status         = $status
                ErrorMessage   = if ($succeeded -or $resultCode -eq 0) { '' } else { 'ResultCode=' + $resultCode }
                RebootRequired = $needsReboot
                AttemptedAt    = (Get-Date -Format 'o')
            }
        }

        $results = @($byKey.Values)

        if ($results.Count -eq 0) {
            Write-Output '[]'
        } else {
            $results | ConvertTo-Json -Compress
        }
2026-07-03 00:07:11.847 -05:00 [INF] (Thread 15) WindowsUpdateWorker: no updates installed — system reboot is already pending.
2026-07-03 00:07:11.847 -05:00 [INF] (Thread 15) WindowsUpdateWorker: pass complete. Total=4 Succeeded=1 Failed=0 Skipped=3
2026-07-03 00:07:11.850 -05:00 [INF] (Thread 15) WingetWorker: skipping — last run was 2026-06-30T17:09:51.4718596Z (less than 7 days ago).
2026-07-03 00:07:11.851 -05:00 [INF] (Thread 15) UpdateOrchestrator: cycle complete. Total=4 Succeeded=1 Failed=0 RebootRequired=true
2026-07-03 00:07:11.851 -05:00 [INF] (Thread 15) UpdateOrchestrator: reboot required but last reboot was 1.1 hours ago — skipping notification until 2-day minimum has elapsed.
2026-07-03 00:07:11.851 -05:00 [INF] (Thread 15) UpdateBackgroundService: next cycle in "01:00:00".
2026-07-03 01:07:11.871 -05:00 [INF] (Thread 19) SelfUpdater: checking for updates. Current version: 0.26.230.591
2026-07-03 01:07:12.044 -05:00 [INF] (Thread 19) SelfUpdater: remote version = 0.26.230.591.
2026-07-03 01:07:12.045 -05:00 [INF] (Thread 19) SelfUpdater: already up to date.
2026-07-03 01:07:12.045 -05:00 [INF] (Thread 19) UpdateOrchestrator: === Update cycle starting ===
2026-07-03 01:07:12.045 -05:00 [INF] (Thread 19) WindowsUpdateWorker: starting update pass.
2026-07-03 01:07:12.045 -05:00 [INF] (Thread 19) WindowsUpdateWorker: verifying PSWindowsUpdate module.
2026-07-03 01:07:12.046 -05:00 [DBG] (Thread 19) WindowsUpdateWorker: running PS script: $ProgressPreference = 'SilentlyContinue'
            $ErrorActionPreference = 'Stop'
            try {
                if (-not (Get-PackageProvider -Name NuGet -ListAvailable -ErrorAction SilentlyContinue)) {
                    Install-PackageProvider -Name NuGet -MinimumVersion 2.8.5.201 -Force -Scope AllUsers | Out-Null
                }
                Set-PSRepository -Name PSGallery -InstallationPolicy Trusted -ErrorAction SilentlyContinue
                if (-not (Get-Module -ListAvailable -Name PSWindowsUpdate -ErrorAction SilentlyContinue)) {
                    Install-Module PSWindowsUpdate -Force -SkipPublisherCheck -Scope AllUsers | Out-Null
                }
                Import-Module PSWindowsUpdate -Force -ErrorAction Stop
                try {
                    Add-WUServiceManager -MicrosoftUpdate -Confirm:$false -ErrorAction SilentlyContinue | Out-Null
                } catch {}
                Write-Output 'OK'
            } catch {
                Write-Output ('ERROR: ' + $_.Exception.Message)
            }
2026-07-03 01:07:26.196 -05:00 [INF] (Thread 22) WindowsUpdateWorker: PSWindowsUpdate module OK.
2026-07-03 01:07:26.197 -05:00 [DBG] (Thread 15) WindowsUpdateWorker: running PS script: Import-Module PSWindowsUpdate -ErrorAction Stop
        $ProgressPreference = 'SilentlyContinue'

        # Force the Windows Update Agent to scan before installing.
        # Fixes 0x80248007 (WU_E_DS_NODATA) on fresh builds or machines
        # whose update data store has not been initialised yet.
        try {
            Start-Process -FilePath 'UsoClient.exe' `
                -ArgumentList 'StartScan' `
                -Wait -NoNewWindow -ErrorAction SilentlyContinue
            Start-Sleep -Seconds 30
        } catch {}

        # 2>&1 merges stderr into the pipeline mixing strings with update
        # objects -- we filter them out in the foreach loop below.
        $rawOutput = Install-WindowsUpdate `
            -MicrosoftUpdate `
            -AcceptAll `
            -IgnoreReboot `
            -Install `
            -ErrorAction Continue 2>&1

        # Use a hashtable keyed on Title to keep only the LAST result per update.
        # PSWindowsUpdate emits objects at multiple pipeline stages (search, download,
        # install); overwriting ensures we capture the final post-install ResultCode
        # rather than an early ResultCode=0 (NotStarted).
        $byKey = @{}

        foreach ($u in $rawOutput) {
            if ($null -eq $u -or $u -isnot [PSObject]) { continue }
            if (-not ($u.PSObject.Properties.Name -contains 'Title')) { continue }
            if ([string]::IsNullOrWhiteSpace($u.Title)) { continue }

            $resultCode = 0
            try { $resultCode = [int]$u.ResultCode } catch { $resultCode = 4 }
            $succeeded = ($resultCode -eq 2 -or $resultCode -eq 3)

            # ResultCode=0 means NotStarted — treat as Skipped, not Failed.
            $status = if ($succeeded) { 'Succeeded' } elseif ($resultCode -eq 0) { 'Skipped' } else { 'Failed' }

            $kb = ''
            try {
                if ($u.KBArticleIDs -and $u.KBArticleIDs.Count -gt 0) {
                    $kb = 'KB' + $u.KBArticleIDs[0]
                }
            } catch {}

            $needsReboot = $false
            try { $needsReboot = [bool]$u.RebootRequired } catch {}

            $byKey[$u.Title] = [PSCustomObject]@{
                Identifier     = $kb
                Title          = [string]$u.Title
                Status         = $status
                ErrorMessage   = if ($succeeded -or $resultCode -eq 0) { '' } else { 'ResultCode=' + $resultCode }
                RebootRequired = $needsReboot
                AttemptedAt    = (Get-Date -Format 'o')
            }
        }

        $results = @($byKey.Values)

        if ($results.Count -eq 0) {
            Write-Output '[]'
        } else {
            $results | ConvertTo-Json -Compress
        }
2026-07-03 01:08:23.668 -05:00 [INF] (Thread 22) WindowsUpdateWorker: no updates installed — system reboot is already pending.
2026-07-03 01:08:23.668 -05:00 [INF] (Thread 22) WindowsUpdateWorker: pass complete. Total=4 Succeeded=1 Failed=0 Skipped=3
2026-07-03 01:08:23.668 -05:00 [INF] (Thread 22) WingetWorker: skipping — last run was 2026-06-30T17:09:51.4718596Z (less than 7 days ago).
2026-07-03 01:08:23.668 -05:00 [INF] (Thread 22) UpdateOrchestrator: cycle complete. Total=4 Succeeded=1 Failed=0 RebootRequired=true
2026-07-03 01:08:23.668 -05:00 [INF] (Thread 22) UpdateOrchestrator: reboot required but last reboot was 2.1 hours ago — skipping notification until 2-day minimum has elapsed.
2026-07-03 01:08:23.668 -05:00 [INF] (Thread 22) UpdateBackgroundService: next cycle in "01:00:00".
2026-07-03 02:08:23.689 -05:00 [INF] (Thread 21) SelfUpdater: checking for updates. Current version: 0.26.230.591
2026-07-03 02:08:23.932 -05:00 [INF] (Thread 21) SelfUpdater: remote version = 0.26.230.591.
2026-07-03 02:08:23.932 -05:00 [INF] (Thread 21) SelfUpdater: already up to date.
2026-07-03 02:08:23.932 -05:00 [INF] (Thread 21) UpdateOrchestrator: === Update cycle starting ===
2026-07-03 02:08:23.932 -05:00 [INF] (Thread 21) WindowsUpdateWorker: starting update pass.
2026-07-03 02:08:23.932 -05:00 [INF] (Thread 21) WindowsUpdateWorker: verifying PSWindowsUpdate module.
2026-07-03 02:08:23.934 -05:00 [DBG] (Thread 21) WindowsUpdateWorker: running PS script: $ProgressPreference = 'SilentlyContinue'
            $ErrorActionPreference = 'Stop'
            try {
                if (-not (Get-PackageProvider -Name NuGet -ListAvailable -ErrorAction SilentlyContinue)) {
                    Install-PackageProvider -Name NuGet -MinimumVersion 2.8.5.201 -Force -Scope AllUsers | Out-Null
                }
                Set-PSRepository -Name PSGallery -InstallationPolicy Trusted -ErrorAction SilentlyContinue
                if (-not (Get-Module -ListAvailable -Name PSWindowsUpdate -ErrorAction SilentlyContinue)) {
                    Install-Module PSWindowsUpdate -Force -SkipPublisherCheck -Scope AllUsers | Out-Null
                }
                Import-Module PSWindowsUpdate -Force -ErrorAction Stop
                try {
                    Add-WUServiceManager -MicrosoftUpdate -Confirm:$false -ErrorAction SilentlyContinue | Out-Null
                } catch {}
                Write-Output 'OK'
            } catch {
                Write-Output ('ERROR: ' + $_.Exception.Message)
            }
2026-07-03 02:08:35.918 -05:00 [INF] (Thread 22) WindowsUpdateWorker: PSWindowsUpdate module OK.
2026-07-03 02:08:35.919 -05:00 [DBG] (Thread 22) WindowsUpdateWorker: running PS script: Import-Module PSWindowsUpdate -ErrorAction Stop
        $ProgressPreference = 'SilentlyContinue'

        # Force the Windows Update Agent to scan before installing.
        # Fixes 0x80248007 (WU_E_DS_NODATA) on fresh builds or machines
        # whose update data store has not been initialised yet.
        try {
            Start-Process -FilePath 'UsoClient.exe' `
                -ArgumentList 'StartScan' `
                -Wait -NoNewWindow -ErrorAction SilentlyContinue
            Start-Sleep -Seconds 30
        } catch {}

        # 2>&1 merges stderr into the pipeline mixing strings with update
        # objects -- we filter them out in the foreach loop below.
        $rawOutput = Install-WindowsUpdate `
            -MicrosoftUpdate `
            -AcceptAll `
            -IgnoreReboot `
            -Install `
            -ErrorAction Continue 2>&1

        # Use a hashtable keyed on Title to keep only the LAST result per update.
        # PSWindowsUpdate emits objects at multiple pipeline stages (search, download,
        # install); overwriting ensures we capture the final post-install ResultCode
        # rather than an early ResultCode=0 (NotStarted).
        $byKey = @{}

        foreach ($u in $rawOutput) {
            if ($null -eq $u -or $u -isnot [PSObject]) { continue }
            if (-not ($u.PSObject.Properties.Name -contains 'Title')) { continue }
            if ([string]::IsNullOrWhiteSpace($u.Title)) { continue }

            $resultCode = 0
            try { $resultCode = [int]$u.ResultCode } catch { $resultCode = 4 }
            $succeeded = ($resultCode -eq 2 -or $resultCode -eq 3)

            # ResultCode=0 means NotStarted — treat as Skipped, not Failed.
            $status = if ($succeeded) { 'Succeeded' } elseif ($resultCode -eq 0) { 'Skipped' } else { 'Failed' }

            $kb = ''
            try {
                if ($u.KBArticleIDs -and $u.KBArticleIDs.Count -gt 0) {
                    $kb = 'KB' + $u.KBArticleIDs[0]
                }
            } catch {}

            $needsReboot = $false
            try { $needsReboot = [bool]$u.RebootRequired } catch {}

            $byKey[$u.Title] = [PSCustomObject]@{
                Identifier     = $kb
                Title          = [string]$u.Title
                Status         = $status
                ErrorMessage   = if ($succeeded -or $resultCode -eq 0) { '' } else { 'ResultCode=' + $resultCode }
                RebootRequired = $needsReboot
                AttemptedAt    = (Get-Date -Format 'o')
            }
        }

        $results = @($byKey.Values)

        if ($results.Count -eq 0) {
            Write-Output '[]'
        } else {
            $results | ConvertTo-Json -Compress
        }
2026-07-03 02:10:02.281 -05:00 [INF] (Thread 21) WindowsUpdateWorker: no updates installed — system reboot is already pending.
2026-07-03 02:10:02.281 -05:00 [INF] (Thread 21) WindowsUpdateWorker: pass complete. Total=4 Succeeded=1 Failed=0 Skipped=3
2026-07-03 02:10:02.281 -05:00 [INF] (Thread 21) WingetWorker: skipping — last run was 2026-06-30T17:09:51.4718596Z (less than 7 days ago).
2026-07-03 02:10:02.282 -05:00 [INF] (Thread 21) UpdateOrchestrator: cycle complete. Total=4 Succeeded=1 Failed=0 RebootRequired=true
2026-07-03 02:10:02.282 -05:00 [INF] (Thread 21) UpdateOrchestrator: reboot required but last reboot was 3.2 hours ago — skipping notification until 2-day minimum has elapsed.
2026-07-03 02:10:02.282 -05:00 [INF] (Thread 21) UpdateBackgroundService: next cycle in "01:00:00".
2026-07-03 03:10:02.297 -05:00 [INF] (Thread 24) SelfUpdater: checking for updates. Current version: 0.26.230.591
2026-07-03 03:10:02.481 -05:00 [INF] (Thread 21) SelfUpdater: remote version = 0.26.230.591.
2026-07-03 03:10:02.481 -05:00 [INF] (Thread 21) SelfUpdater: already up to date.
2026-07-03 03:10:02.481 -05:00 [INF] (Thread 21) UpdateOrchestrator: === Update cycle starting ===
2026-07-03 03:10:02.481 -05:00 [INF] (Thread 21) WindowsUpdateWorker: starting update pass.
2026-07-03 03:10:02.481 -05:00 [INF] (Thread 21) WindowsUpdateWorker: verifying PSWindowsUpdate module.
2026-07-03 03:10:02.482 -05:00 [DBG] (Thread 21) WindowsUpdateWorker: running PS script: $ProgressPreference = 'SilentlyContinue'
            $ErrorActionPreference = 'Stop'
            try {
                if (-not (Get-PackageProvider -Name NuGet -ListAvailable -ErrorAction SilentlyContinue)) {
                    Install-PackageProvider -Name NuGet -MinimumVersion 2.8.5.201 -Force -Scope AllUsers | Out-Null
                }
                Set-PSRepository -Name PSGallery -InstallationPolicy Trusted -ErrorAction SilentlyContinue
                if (-not (Get-Module -ListAvailable -Name PSWindowsUpdate -ErrorAction SilentlyContinue)) {
                    Install-Module PSWindowsUpdate -Force -SkipPublisherCheck -Scope AllUsers | Out-Null
                }
                Import-Module PSWindowsUpdate -Force -ErrorAction Stop
                try {
                    Add-WUServiceManager -MicrosoftUpdate -Confirm:$false -ErrorAction SilentlyContinue | Out-Null
                } catch {}
                Write-Output 'OK'
            } catch {
                Write-Output ('ERROR: ' + $_.Exception.Message)
            }
2026-07-03 03:10:14.221 -05:00 [INF] (Thread 28) WindowsUpdateWorker: PSWindowsUpdate module OK.
2026-07-03 03:10:14.223 -05:00 [DBG] (Thread 28) WindowsUpdateWorker: running PS script: Import-Module PSWindowsUpdate -ErrorAction Stop
        $ProgressPreference = 'SilentlyContinue'

        # Force the Windows Update Agent to scan before installing.
        # Fixes 0x80248007 (WU_E_DS_NODATA) on fresh builds or machines
        # whose update data store has not been initialised yet.
        try {
            Start-Process -FilePath 'UsoClient.exe' `
                -ArgumentList 'StartScan' `
                -Wait -NoNewWindow -ErrorAction SilentlyContinue
            Start-Sleep -Seconds 30
        } catch {}

        # 2>&1 merges stderr into the pipeline mixing strings with update
        # objects -- we filter them out in the foreach loop below.
        $rawOutput = Install-WindowsUpdate `
            -MicrosoftUpdate `
            -AcceptAll `
            -IgnoreReboot `
            -Install `
            -ErrorAction Continue 2>&1

        # Use a hashtable keyed on Title to keep only the LAST result per update.
        # PSWindowsUpdate emits objects at multiple pipeline stages (search, download,
        # install); overwriting ensures we capture the final post-install ResultCode
        # rather than an early ResultCode=0 (NotStarted).
        $byKey = @{}

        foreach ($u in $rawOutput) {
            if ($null -eq $u -or $u -isnot [PSObject]) { continue }
            if (-not ($u.PSObject.Properties.Name -contains 'Title')) { continue }
            if ([string]::IsNullOrWhiteSpace($u.Title)) { continue }

            $resultCode = 0
            try { $resultCode = [int]$u.ResultCode } catch { $resultCode = 4 }
            $succeeded = ($resultCode -eq 2 -or $resultCode -eq 3)

            # ResultCode=0 means NotStarted — treat as Skipped, not Failed.
            $status = if ($succeeded) { 'Succeeded' } elseif ($resultCode -eq 0) { 'Skipped' } else { 'Failed' }

            $kb = ''
            try {
                if ($u.KBArticleIDs -and $u.KBArticleIDs.Count -gt 0) {
                    $kb = 'KB' + $u.KBArticleIDs[0]
                }
            } catch {}

            $needsReboot = $false
            try { $needsReboot = [bool]$u.RebootRequired } catch {}

            $byKey[$u.Title] = [PSCustomObject]@{
                Identifier     = $kb
                Title          = [string]$u.Title
                Status         = $status
                ErrorMessage   = if ($succeeded -or $resultCode -eq 0) { '' } else { 'ResultCode=' + $resultCode }
                RebootRequired = $needsReboot
                AttemptedAt    = (Get-Date -Format 'o')
            }
        }

        $results = @($byKey.Values)

        if ($results.Count -eq 0) {
            Write-Output '[]'
        } else {
            $results | ConvertTo-Json -Compress
        }
2026-07-03 03:11:21.072 -05:00 [INF] (Thread 30) WindowsUpdateWorker: no updates installed — system reboot is already pending.
2026-07-03 03:11:21.072 -05:00 [INF] (Thread 30) WindowsUpdateWorker: pass complete. Total=4 Succeeded=1 Failed=0 Skipped=3
2026-07-03 03:11:21.072 -05:00 [INF] (Thread 30) WingetWorker: skipping — last run was 2026-06-30T17:09:51.4718596Z (less than 7 days ago).
2026-07-03 03:11:21.072 -05:00 [INF] (Thread 30) UpdateOrchestrator: cycle complete. Total=4 Succeeded=1 Failed=0 RebootRequired=true
2026-07-03 03:11:21.072 -05:00 [INF] (Thread 30) UpdateOrchestrator: reboot required but last reboot was 4.2 hours ago — skipping notification until 2-day minimum has elapsed.
2026-07-03 03:11:21.073 -05:00 [INF] (Thread 30) UpdateBackgroundService: next cycle in "01:00:00".
2026-07-03 04:11:21.081 -05:00 [INF] (Thread 28) SelfUpdater: checking for updates. Current version: 0.26.230.591
2026-07-03 04:11:21.272 -05:00 [INF] (Thread 31) SelfUpdater: remote version = 0.26.230.591.
2026-07-03 04:11:21.272 -05:00 [INF] (Thread 31) SelfUpdater: already up to date.
2026-07-03 04:11:21.272 -05:00 [INF] (Thread 31) UpdateOrchestrator: === Update cycle starting ===
2026-07-03 04:11:21.272 -05:00 [INF] (Thread 31) WindowsUpdateWorker: starting update pass.
2026-07-03 04:11:21.272 -05:00 [INF] (Thread 31) WindowsUpdateWorker: verifying PSWindowsUpdate module.
2026-07-03 04:11:21.273 -05:00 [DBG] (Thread 31) WindowsUpdateWorker: running PS script: $ProgressPreference = 'SilentlyContinue'
            $ErrorActionPreference = 'Stop'
            try {
                if (-not (Get-PackageProvider -Name NuGet -ListAvailable -ErrorAction SilentlyContinue)) {
                    Install-PackageProvider -Name NuGet -MinimumVersion 2.8.5.201 -Force -Scope AllUsers | Out-Null
                }
                Set-PSRepository -Name PSGallery -InstallationPolicy Trusted -ErrorAction SilentlyContinue
                if (-not (Get-Module -ListAvailable -Name PSWindowsUpdate -ErrorAction SilentlyContinue)) {
                    Install-Module PSWindowsUpdate -Force -SkipPublisherCheck -Scope AllUsers | Out-Null
                }
                Import-Module PSWindowsUpdate -Force -ErrorAction Stop
                try {
                    Add-WUServiceManager -MicrosoftUpdate -Confirm:$false -ErrorAction SilentlyContinue | Out-Null
                } catch {}
                Write-Output 'OK'
            } catch {
                Write-Output ('ERROR: ' + $_.Exception.Message)
            }
2026-07-03 04:11:32.698 -05:00 [INF] (Thread 29) WindowsUpdateWorker: PSWindowsUpdate module OK.
2026-07-03 04:11:32.699 -05:00 [DBG] (Thread 29) WindowsUpdateWorker: running PS script: Import-Module PSWindowsUpdate -ErrorAction Stop
        $ProgressPreference = 'SilentlyContinue'

        # Force the Windows Update Agent to scan before installing.
        # Fixes 0x80248007 (WU_E_DS_NODATA) on fresh builds or machines
        # whose update data store has not been initialised yet.
        try {
            Start-Process -FilePath 'UsoClient.exe' `
                -ArgumentList 'StartScan' `
                -Wait -NoNewWindow -ErrorAction SilentlyContinue
            Start-Sleep -Seconds 30
        } catch {}

        # 2>&1 merges stderr into the pipeline mixing strings with update
        # objects -- we filter them out in the foreach loop below.
        $rawOutput = Install-WindowsUpdate `
            -MicrosoftUpdate `
            -AcceptAll `
            -IgnoreReboot `
            -Install `
            -ErrorAction Continue 2>&1

        # Use a hashtable keyed on Title to keep only the LAST result per update.
        # PSWindowsUpdate emits objects at multiple pipeline stages (search, download,
        # install); overwriting ensures we capture the final post-install ResultCode
        # rather than an early ResultCode=0 (NotStarted).
        $byKey = @{}

        foreach ($u in $rawOutput) {
            if ($null -eq $u -or $u -isnot [PSObject]) { continue }
            if (-not ($u.PSObject.Properties.Name -contains 'Title')) { continue }
            if ([string]::IsNullOrWhiteSpace($u.Title)) { continue }

            $resultCode = 0
            try { $resultCode = [int]$u.ResultCode } catch { $resultCode = 4 }
            $succeeded = ($resultCode -eq 2 -or $resultCode -eq 3)

            # ResultCode=0 means NotStarted — treat as Skipped, not Failed.
            $status = if ($succeeded) { 'Succeeded' } elseif ($resultCode -eq 0) { 'Skipped' } else { 'Failed' }

            $kb = ''
            try {
                if ($u.KBArticleIDs -and $u.KBArticleIDs.Count -gt 0) {
                    $kb = 'KB' + $u.KBArticleIDs[0]
                }
            } catch {}

            $needsReboot = $false
            try { $needsReboot = [bool]$u.RebootRequired } catch {}

            $byKey[$u.Title] = [PSCustomObject]@{
                Identifier     = $kb
                Title          = [string]$u.Title
                Status         = $status
                ErrorMessage   = if ($succeeded -or $resultCode -eq 0) { '' } else { 'ResultCode=' + $resultCode }
                RebootRequired = $needsReboot
                AttemptedAt    = (Get-Date -Format 'o')
            }
        }

        $results = @($byKey.Values)

        if ($results.Count -eq 0) {
            Write-Output '[]'
        } else {
            $results | ConvertTo-Json -Compress
        }
2026-07-03 04:12:52.844 -05:00 [INF] (Thread 27) WindowsUpdateWorker: no updates installed — system reboot is already pending.
2026-07-03 04:12:52.844 -05:00 [INF] (Thread 27) WindowsUpdateWorker: pass complete. Total=4 Succeeded=1 Failed=0 Skipped=3
2026-07-03 04:12:52.844 -05:00 [INF] (Thread 27) WingetWorker: skipping — last run was 2026-06-30T17:09:51.4718596Z (less than 7 days ago).
2026-07-03 04:12:52.844 -05:00 [INF] (Thread 27) UpdateOrchestrator: cycle complete. Total=4 Succeeded=1 Failed=0 RebootRequired=true
2026-07-03 04:12:52.844 -05:00 [INF] (Thread 27) UpdateOrchestrator: reboot required but last reboot was 5.2 hours ago — skipping notification until 2-day minimum has elapsed.
2026-07-03 04:12:52.844 -05:00 [INF] (Thread 27) UpdateBackgroundService: next cycle in "01:00:00".
2026-07-03 05:12:52.860 -05:00 [INF] (Thread 33) SelfUpdater: checking for updates. Current version: 0.26.230.591
2026-07-03 05:12:53.006 -05:00 [INF] (Thread 32) SelfUpdater: remote version = 0.26.230.591.
2026-07-03 05:12:53.006 -05:00 [INF] (Thread 32) SelfUpdater: already up to date.
2026-07-03 05:12:53.006 -05:00 [INF] (Thread 32) UpdateOrchestrator: === Update cycle starting ===
2026-07-03 05:12:53.006 -05:00 [INF] (Thread 32) WindowsUpdateWorker: starting update pass.
2026-07-03 05:12:53.006 -05:00 [INF] (Thread 32) WindowsUpdateWorker: verifying PSWindowsUpdate module.
2026-07-03 05:12:53.008 -05:00 [DBG] (Thread 32) WindowsUpdateWorker: running PS script: $ProgressPreference = 'SilentlyContinue'
            $ErrorActionPreference = 'Stop'
            try {
                if (-not (Get-PackageProvider -Name NuGet -ListAvailable -ErrorAction SilentlyContinue)) {
                    Install-PackageProvider -Name NuGet -MinimumVersion 2.8.5.201 -Force -Scope AllUsers | Out-Null
                }
                Set-PSRepository -Name PSGallery -InstallationPolicy Trusted -ErrorAction SilentlyContinue
                if (-not (Get-Module -ListAvailable -Name PSWindowsUpdate -ErrorAction SilentlyContinue)) {
                    Install-Module PSWindowsUpdate -Force -SkipPublisherCheck -Scope AllUsers | Out-Null
                }
                Import-Module PSWindowsUpdate -Force -ErrorAction Stop
                try {
                    Add-WUServiceManager -MicrosoftUpdate -Confirm:$false -ErrorAction SilentlyContinue | Out-Null
                } catch {}
                Write-Output 'OK'
            } catch {
                Write-Output ('ERROR: ' + $_.Exception.Message)
            }
2026-07-03 05:13:04.548 -05:00 [INF] (Thread 32) WindowsUpdateWorker: PSWindowsUpdate module OK.
2026-07-03 05:13:04.549 -05:00 [DBG] (Thread 32) WindowsUpdateWorker: running PS script: Import-Module PSWindowsUpdate -ErrorAction Stop
        $ProgressPreference = 'SilentlyContinue'

        # Force the Windows Update Agent to scan before installing.
        # Fixes 0x80248007 (WU_E_DS_NODATA) on fresh builds or machines
        # whose update data store has not been initialised yet.
        try {
            Start-Process -FilePath 'UsoClient.exe' `
                -ArgumentList 'StartScan' `
                -Wait -NoNewWindow -ErrorAction SilentlyContinue
            Start-Sleep -Seconds 30
        } catch {}

        # 2>&1 merges stderr into the pipeline mixing strings with update
        # objects -- we filter them out in the foreach loop below.
        $rawOutput = Install-WindowsUpdate `
            -MicrosoftUpdate `
            -AcceptAll `
            -IgnoreReboot `
            -Install `
            -ErrorAction Continue 2>&1

        # Use a hashtable keyed on Title to keep only the LAST result per update.
        # PSWindowsUpdate emits objects at multiple pipeline stages (search, download,
        # install); overwriting ensures we capture the final post-install ResultCode
        # rather than an early ResultCode=0 (NotStarted).
        $byKey = @{}

        foreach ($u in $rawOutput) {
            if ($null -eq $u -or $u -isnot [PSObject]) { continue }
            if (-not ($u.PSObject.Properties.Name -contains 'Title')) { continue }
            if ([string]::IsNullOrWhiteSpace($u.Title)) { continue }

            $resultCode = 0
            try { $resultCode = [int]$u.ResultCode } catch { $resultCode = 4 }
            $succeeded = ($resultCode -eq 2 -or $resultCode -eq 3)

            # ResultCode=0 means NotStarted — treat as Skipped, not Failed.
            $status = if ($succeeded) { 'Succeeded' } elseif ($resultCode -eq 0) { 'Skipped' } else { 'Failed' }

            $kb = ''
            try {
                if ($u.KBArticleIDs -and $u.KBArticleIDs.Count -gt 0) {
                    $kb = 'KB' + $u.KBArticleIDs[0]
                }
            } catch {}

            $needsReboot = $false
            try { $needsReboot = [bool]$u.RebootRequired } catch {}

            $byKey[$u.Title] = [PSCustomObject]@{
                Identifier     = $kb
                Title          = [string]$u.Title
                Status         = $status
                ErrorMessage   = if ($succeeded -or $resultCode -eq 0) { '' } else { 'ResultCode=' + $resultCode }
                RebootRequired = $needsReboot
                AttemptedAt    = (Get-Date -Format 'o')
            }
        }

        $results = @($byKey.Values)

        if ($results.Count -eq 0) {
            Write-Output '[]'
        } else {
            $results | ConvertTo-Json -Compress
        }
2026-07-03 05:14:01.410 -05:00 [INF] (Thread 32) WindowsUpdateWorker: no updates installed — system reboot is already pending.
2026-07-03 05:14:01.410 -05:00 [INF] (Thread 32) WindowsUpdateWorker: pass complete. Total=4 Succeeded=1 Failed=0 Skipped=3
2026-07-03 05:14:01.410 -05:00 [INF] (Thread 32) WingetWorker: skipping — last run was 2026-06-30T17:09:51.4718596Z (less than 7 days ago).
2026-07-03 05:14:01.410 -05:00 [INF] (Thread 32) UpdateOrchestrator: cycle complete. Total=4 Succeeded=1 Failed=0 RebootRequired=true
2026-07-03 05:14:01.410 -05:00 [INF] (Thread 32) UpdateOrchestrator: reboot required but last reboot was 6.2 hours ago — skipping notification until 2-day minimum has elapsed.
2026-07-03 05:14:01.410 -05:00 [INF] (Thread 32) UpdateBackgroundService: next cycle in "01:00:00".
2026-07-03 06:14:01.422 -05:00 [INF] (Thread 35) SelfUpdater: checking for updates. Current version: 0.26.230.591
2026-07-03 06:14:01.503 -05:00 [INF] (Thread 35) SelfUpdater: remote version = 0.26.230.591.
2026-07-03 06:14:01.503 -05:00 [INF] (Thread 35) SelfUpdater: already up to date.
2026-07-03 06:14:01.503 -05:00 [INF] (Thread 35) UpdateOrchestrator: === Update cycle starting ===
2026-07-03 06:14:01.503 -05:00 [INF] (Thread 35) WindowsUpdateWorker: starting update pass.
2026-07-03 06:14:01.503 -05:00 [INF] (Thread 35) WindowsUpdateWorker: verifying PSWindowsUpdate module.
2026-07-03 06:14:01.504 -05:00 [DBG] (Thread 35) WindowsUpdateWorker: running PS script: $ProgressPreference = 'SilentlyContinue'
            $ErrorActionPreference = 'Stop'
            try {
                if (-not (Get-PackageProvider -Name NuGet -ListAvailable -ErrorAction SilentlyContinue)) {
                    Install-PackageProvider -Name NuGet -MinimumVersion 2.8.5.201 -Force -Scope AllUsers | Out-Null
                }
                Set-PSRepository -Name PSGallery -InstallationPolicy Trusted -ErrorAction SilentlyContinue
                if (-not (Get-Module -ListAvailable -Name PSWindowsUpdate -ErrorAction SilentlyContinue)) {
                    Install-Module PSWindowsUpdate -Force -SkipPublisherCheck -Scope AllUsers | Out-Null
                }
                Import-Module PSWindowsUpdate -Force -ErrorAction Stop
                try {
                    Add-WUServiceManager -MicrosoftUpdate -Confirm:$false -ErrorAction SilentlyContinue | Out-Null
                } catch {}
                Write-Output 'OK'
            } catch {
                Write-Output ('ERROR: ' + $_.Exception.Message)
            }
2026-07-03 06:14:12.929 -05:00 [INF] (Thread 38) WindowsUpdateWorker: PSWindowsUpdate module OK.
2026-07-03 06:14:12.929 -05:00 [DBG] (Thread 38) WindowsUpdateWorker: running PS script: Import-Module PSWindowsUpdate -ErrorAction Stop
        $ProgressPreference = 'SilentlyContinue'

        # Force the Windows Update Agent to scan before installing.
        # Fixes 0x80248007 (WU_E_DS_NODATA) on fresh builds or machines
        # whose update data store has not been initialised yet.
        try {
            Start-Process -FilePath 'UsoClient.exe' `
                -ArgumentList 'StartScan' `
                -Wait -NoNewWindow -ErrorAction SilentlyContinue
            Start-Sleep -Seconds 30
        } catch {}

        # 2>&1 merges stderr into the pipeline mixing strings with update
        # objects -- we filter them out in the foreach loop below.
        $rawOutput = Install-WindowsUpdate `
            -MicrosoftUpdate `
            -AcceptAll `
            -IgnoreReboot `
            -Install `
            -ErrorAction Continue 2>&1

        # Use a hashtable keyed on Title to keep only the LAST result per update.
        # PSWindowsUpdate emits objects at multiple pipeline stages (search, download,
        # install); overwriting ensures we capture the final post-install ResultCode
        # rather than an early ResultCode=0 (NotStarted).
        $byKey = @{}

        foreach ($u in $rawOutput) {
            if ($null -eq $u -or $u -isnot [PSObject]) { continue }
            if (-not ($u.PSObject.Properties.Name -contains 'Title')) { continue }
            if ([string]::IsNullOrWhiteSpace($u.Title)) { continue }

            $resultCode = 0
            try { $resultCode = [int]$u.ResultCode } catch { $resultCode = 4 }
            $succeeded = ($resultCode -eq 2 -or $resultCode -eq 3)

            # ResultCode=0 means NotStarted — treat as Skipped, not Failed.
            $status = if ($succeeded) { 'Succeeded' } elseif ($resultCode -eq 0) { 'Skipped' } else { 'Failed' }

            $kb = ''
            try {
                if ($u.KBArticleIDs -and $u.KBArticleIDs.Count -gt 0) {
                    $kb = 'KB' + $u.KBArticleIDs[0]
                }
            } catch {}

            $needsReboot = $false
            try { $needsReboot = [bool]$u.RebootRequired } catch {}

            $byKey[$u.Title] = [PSCustomObject]@{
                Identifier     = $kb
                Title          = [string]$u.Title
                Status         = $status
                ErrorMessage   = if ($succeeded -or $resultCode -eq 0) { '' } else { 'ResultCode=' + $resultCode }
                RebootRequired = $needsReboot
                AttemptedAt    = (Get-Date -Format 'o')
            }
        }

        $results = @($byKey.Values)

        if ($results.Count -eq 0) {
            Write-Output '[]'
        } else {
            $results | ConvertTo-Json -Compress
        }
2026-07-03 06:15:10.545 -05:00 [INF] (Thread 38) WindowsUpdateWorker: no updates installed — system reboot is already pending.
2026-07-03 06:15:10.545 -05:00 [INF] (Thread 38) WindowsUpdateWorker: pass complete. Total=4 Succeeded=1 Failed=0 Skipped=3
2026-07-03 06:15:10.545 -05:00 [INF] (Thread 38) WingetWorker: skipping — last run was 2026-06-30T17:09:51.4718596Z (less than 7 days ago).
2026-07-03 06:15:10.545 -05:00 [INF] (Thread 38) UpdateOrchestrator: cycle complete. Total=4 Succeeded=1 Failed=0 RebootRequired=true
2026-07-03 06:15:10.545 -05:00 [INF] (Thread 38) UpdateOrchestrator: reboot required but last reboot was 7.2 hours ago — skipping notification until 2-day minimum has elapsed.
2026-07-03 06:15:10.545 -05:00 [INF] (Thread 38) UpdateBackgroundService: next cycle in "01:00:00".
2026-07-03 07:15:10.565 -05:00 [INF] (Thread 37) SelfUpdater: checking for updates. Current version: 0.26.230.591
2026-07-03 07:15:10.636 -05:00 [INF] (Thread 37) SelfUpdater: remote version = 0.26.230.591.
2026-07-03 07:15:10.636 -05:00 [INF] (Thread 37) SelfUpdater: already up to date.
2026-07-03 07:15:10.636 -05:00 [INF] (Thread 37) UpdateOrchestrator: === Update cycle starting ===
2026-07-03 07:15:10.636 -05:00 [INF] (Thread 37) WindowsUpdateWorker: starting update pass.
2026-07-03 07:15:10.636 -05:00 [INF] (Thread 37) WindowsUpdateWorker: verifying PSWindowsUpdate module.
2026-07-03 07:15:10.637 -05:00 [DBG] (Thread 37) WindowsUpdateWorker: running PS script: $ProgressPreference = 'SilentlyContinue'
            $ErrorActionPreference = 'Stop'
            try {
                if (-not (Get-PackageProvider -Name NuGet -ListAvailable -ErrorAction SilentlyContinue)) {
                    Install-PackageProvider -Name NuGet -MinimumVersion 2.8.5.201 -Force -Scope AllUsers | Out-Null
                }
                Set-PSRepository -Name PSGallery -InstallationPolicy Trusted -ErrorAction SilentlyContinue
                if (-not (Get-Module -ListAvailable -Name PSWindowsUpdate -ErrorAction SilentlyContinue)) {
                    Install-Module PSWindowsUpdate -Force -SkipPublisherCheck -Scope AllUsers | Out-Null
                }
                Import-Module PSWindowsUpdate -Force -ErrorAction Stop
                try {
                    Add-WUServiceManager -MicrosoftUpdate -Confirm:$false -ErrorAction SilentlyContinue | Out-Null
                } catch {}
                Write-Output 'OK'
            } catch {
                Write-Output ('ERROR: ' + $_.Exception.Message)
            }
2026-07-03 07:15:23.575 -05:00 [INF] (Thread 37) WindowsUpdateWorker: PSWindowsUpdate module OK.
2026-07-03 07:15:23.576 -05:00 [DBG] (Thread 37) WindowsUpdateWorker: running PS script: Import-Module PSWindowsUpdate -ErrorAction Stop
        $ProgressPreference = 'SilentlyContinue'

        # Force the Windows Update Agent to scan before installing.
        # Fixes 0x80248007 (WU_E_DS_NODATA) on fresh builds or machines
        # whose update data store has not been initialised yet.
        try {
            Start-Process -FilePath 'UsoClient.exe' `
                -ArgumentList 'StartScan' `
                -Wait -NoNewWindow -ErrorAction SilentlyContinue
            Start-Sleep -Seconds 30
        } catch {}

        # 2>&1 merges stderr into the pipeline mixing strings with update
        # objects -- we filter them out in the foreach loop below.
        $rawOutput = Install-WindowsUpdate `
            -MicrosoftUpdate `
            -AcceptAll `
            -IgnoreReboot `
            -Install `
            -ErrorAction Continue 2>&1

        # Use a hashtable keyed on Title to keep only the LAST result per update.
        # PSWindowsUpdate emits objects at multiple pipeline stages (search, download,
        # install); overwriting ensures we capture the final post-install ResultCode
        # rather than an early ResultCode=0 (NotStarted).
        $byKey = @{}

        foreach ($u in $rawOutput) {
            if ($null -eq $u -or $u -isnot [PSObject]) { continue }
            if (-not ($u.PSObject.Properties.Name -contains 'Title')) { continue }
            if ([string]::IsNullOrWhiteSpace($u.Title)) { continue }

            $resultCode = 0
            try { $resultCode = [int]$u.ResultCode } catch { $resultCode = 4 }
            $succeeded = ($resultCode -eq 2 -or $resultCode -eq 3)

            # ResultCode=0 means NotStarted — treat as Skipped, not Failed.
            $status = if ($succeeded) { 'Succeeded' } elseif ($resultCode -eq 0) { 'Skipped' } else { 'Failed' }

            $kb = ''
            try {
                if ($u.KBArticleIDs -and $u.KBArticleIDs.Count -gt 0) {
                    $kb = 'KB' + $u.KBArticleIDs[0]
                }
            } catch {}

            $needsReboot = $false
            try { $needsReboot = [bool]$u.RebootRequired } catch {}

            $byKey[$u.Title] = [PSCustomObject]@{
                Identifier     = $kb
                Title          = [string]$u.Title
                Status         = $status
                ErrorMessage   = if ($succeeded -or $resultCode -eq 0) { '' } else { 'ResultCode=' + $resultCode }
                RebootRequired = $needsReboot
                AttemptedAt    = (Get-Date -Format 'o')
            }
        }

        $results = @($byKey.Values)

        if ($results.Count -eq 0) {
            Write-Output '[]'
        } else {
            $results | ConvertTo-Json -Compress
        }
2026-07-03 07:16:20.801 -05:00 [INF] (Thread 37) WindowsUpdateWorker: no updates installed — system reboot is already pending.
2026-07-03 07:16:20.801 -05:00 [INF] (Thread 37) WindowsUpdateWorker: pass complete. Total=4 Succeeded=1 Failed=0 Skipped=3
2026-07-03 07:16:20.802 -05:00 [INF] (Thread 37) WingetWorker: skipping — last run was 2026-06-30T17:09:51.4718596Z (less than 7 days ago).
2026-07-03 07:16:20.802 -05:00 [INF] (Thread 37) UpdateOrchestrator: cycle complete. Total=4 Succeeded=1 Failed=0 RebootRequired=true
2026-07-03 07:16:20.802 -05:00 [INF] (Thread 37) UpdateOrchestrator: reboot required but last reboot was 8.3 hours ago — skipping notification until 2-day minimum has elapsed.
2026-07-03 07:16:20.802 -05:00 [INF] (Thread 37) UpdateBackgroundService: next cycle in "01:00:00".
2026-07-03 08:16:20.819 -05:00 [INF] (Thread 38) SelfUpdater: checking for updates. Current version: 0.26.230.591
2026-07-03 08:16:20.909 -05:00 [INF] (Thread 38) SelfUpdater: remote version = 0.26.230.591.
2026-07-03 08:16:20.909 -05:00 [INF] (Thread 38) SelfUpdater: already up to date.
2026-07-03 08:16:20.909 -05:00 [INF] (Thread 38) UpdateOrchestrator: === Update cycle starting ===
2026-07-03 08:16:20.909 -05:00 [INF] (Thread 38) WindowsUpdateWorker: starting update pass.
2026-07-03 08:16:20.909 -05:00 [INF] (Thread 38) WindowsUpdateWorker: verifying PSWindowsUpdate module.
2026-07-03 08:16:20.910 -05:00 [DBG] (Thread 38) WindowsUpdateWorker: running PS script: $ProgressPreference = 'SilentlyContinue'
            $ErrorActionPreference = 'Stop'
            try {
                if (-not (Get-PackageProvider -Name NuGet -ListAvailable -ErrorAction SilentlyContinue)) {
                    Install-PackageProvider -Name NuGet -MinimumVersion 2.8.5.201 -Force -Scope AllUsers | Out-Null
                }
                Set-PSRepository -Name PSGallery -InstallationPolicy Trusted -ErrorAction SilentlyContinue
                if (-not (Get-Module -ListAvailable -Name PSWindowsUpdate -ErrorAction SilentlyContinue)) {
                    Install-Module PSWindowsUpdate -Force -SkipPublisherCheck -Scope AllUsers | Out-Null
                }
                Import-Module PSWindowsUpdate -Force -ErrorAction Stop
                try {
                    Add-WUServiceManager -MicrosoftUpdate -Confirm:$false -ErrorAction SilentlyContinue | Out-Null
                } catch {}
                Write-Output 'OK'
            } catch {
                Write-Output ('ERROR: ' + $_.Exception.Message)
            }
2026-07-03 08:16:32.760 -05:00 [INF] (Thread 36) WindowsUpdateWorker: PSWindowsUpdate module OK.
2026-07-03 08:16:32.761 -05:00 [DBG] (Thread 38) WindowsUpdateWorker: running PS script: Import-Module PSWindowsUpdate -ErrorAction Stop
        $ProgressPreference = 'SilentlyContinue'

        # Force the Windows Update Agent to scan before installing.
        # Fixes 0x80248007 (WU_E_DS_NODATA) on fresh builds or machines
        # whose update data store has not been initialised yet.
        try {
            Start-Process -FilePath 'UsoClient.exe' `
                -ArgumentList 'StartScan' `
                -Wait -NoNewWindow -ErrorAction SilentlyContinue
            Start-Sleep -Seconds 30
        } catch {}

        # 2>&1 merges stderr into the pipeline mixing strings with update
        # objects -- we filter them out in the foreach loop below.
        $rawOutput = Install-WindowsUpdate `
            -MicrosoftUpdate `
            -AcceptAll `
            -IgnoreReboot `
            -Install `
            -ErrorAction Continue 2>&1

        # Use a hashtable keyed on Title to keep only the LAST result per update.
        # PSWindowsUpdate emits objects at multiple pipeline stages (search, download,
        # install); overwriting ensures we capture the final post-install ResultCode
        # rather than an early ResultCode=0 (NotStarted).
        $byKey = @{}

        foreach ($u in $rawOutput) {
            if ($null -eq $u -or $u -isnot [PSObject]) { continue }
            if (-not ($u.PSObject.Properties.Name -contains 'Title')) { continue }
            if ([string]::IsNullOrWhiteSpace($u.Title)) { continue }

            $resultCode = 0
            try { $resultCode = [int]$u.ResultCode } catch { $resultCode = 4 }
            $succeeded = ($resultCode -eq 2 -or $resultCode -eq 3)

            # ResultCode=0 means NotStarted — treat as Skipped, not Failed.
            $status = if ($succeeded) { 'Succeeded' } elseif ($resultCode -eq 0) { 'Skipped' } else { 'Failed' }

            $kb = ''
            try {
                if ($u.KBArticleIDs -and $u.KBArticleIDs.Count -gt 0) {
                    $kb = 'KB' + $u.KBArticleIDs[0]
                }
            } catch {}

            $needsReboot = $false
            try { $needsReboot = [bool]$u.RebootRequired } catch {}

            $byKey[$u.Title] = [PSCustomObject]@{
                Identifier     = $kb
                Title          = [string]$u.Title
                Status         = $status
                ErrorMessage   = if ($succeeded -or $resultCode -eq 0) { '' } else { 'ResultCode=' + $resultCode }
                RebootRequired = $needsReboot
                AttemptedAt    = (Get-Date -Format 'o')
            }
        }

        $results = @($byKey.Values)

        if ($results.Count -eq 0) {
            Write-Output '[]'
        } else {
            $results | ConvertTo-Json -Compress
        }
2026-07-03 08:17:32.080 -05:00 [INF] (Thread 44) WindowsUpdateWorker: no updates installed — system reboot is already pending.
2026-07-03 08:17:32.080 -05:00 [INF] (Thread 44) WindowsUpdateWorker: pass complete. Total=4 Succeeded=1 Failed=0 Skipped=3
2026-07-03 08:17:32.080 -05:00 [INF] (Thread 44) WingetWorker: skipping — last run was 2026-06-30T17:09:51.4718596Z (less than 7 days ago).
2026-07-03 08:17:32.080 -05:00 [INF] (Thread 44) UpdateOrchestrator: cycle complete. Total=4 Succeeded=1 Failed=0 RebootRequired=true
2026-07-03 08:17:32.080 -05:00 [INF] (Thread 44) UpdateOrchestrator: reboot required but last reboot was 9.3 hours ago — skipping notification until 2-day minimum has elapsed.
2026-07-03 08:17:32.081 -05:00 [INF] (Thread 44) UpdateBackgroundService: next cycle in "01:00:00".
2026-07-03 09:17:32.095 -05:00 [INF] (Thread 42) SelfUpdater: checking for updates. Current version: 0.26.230.591
2026-07-03 09:17:32.174 -05:00 [INF] (Thread 42) SelfUpdater: remote version = 0.26.230.591.
2026-07-03 09:17:32.174 -05:00 [INF] (Thread 42) SelfUpdater: already up to date.
2026-07-03 09:17:32.174 -05:00 [INF] (Thread 42) UpdateOrchestrator: === Update cycle starting ===
2026-07-03 09:17:32.174 -05:00 [INF] (Thread 42) WindowsUpdateWorker: starting update pass.
2026-07-03 09:17:32.174 -05:00 [INF] (Thread 42) WindowsUpdateWorker: verifying PSWindowsUpdate module.
2026-07-03 09:17:32.175 -05:00 [DBG] (Thread 38) WindowsUpdateWorker: running PS script: $ProgressPreference = 'SilentlyContinue'
            $ErrorActionPreference = 'Stop'
            try {
                if (-not (Get-PackageProvider -Name NuGet -ListAvailable -ErrorAction SilentlyContinue)) {
                    Install-PackageProvider -Name NuGet -MinimumVersion 2.8.5.201 -Force -Scope AllUsers | Out-Null
                }
                Set-PSRepository -Name PSGallery -InstallationPolicy Trusted -ErrorAction SilentlyContinue
                if (-not (Get-Module -ListAvailable -Name PSWindowsUpdate -ErrorAction SilentlyContinue)) {
                    Install-Module PSWindowsUpdate -Force -SkipPublisherCheck -Scope AllUsers | Out-Null
                }
                Import-Module PSWindowsUpdate -Force -ErrorAction Stop
                try {
                    Add-WUServiceManager -MicrosoftUpdate -Confirm:$false -ErrorAction SilentlyContinue | Out-Null
                } catch {}
                Write-Output 'OK'
            } catch {
                Write-Output ('ERROR: ' + $_.Exception.Message)
            }
2026-07-03 09:17:44.035 -05:00 [INF] (Thread 48) WindowsUpdateWorker: PSWindowsUpdate module OK.
2026-07-03 09:17:44.036 -05:00 [DBG] (Thread 48) WindowsUpdateWorker: running PS script: Import-Module PSWindowsUpdate -ErrorAction Stop
        $ProgressPreference = 'SilentlyContinue'

        # Force the Windows Update Agent to scan before installing.
        # Fixes 0x80248007 (WU_E_DS_NODATA) on fresh builds or machines
        # whose update data store has not been initialised yet.
        try {
            Start-Process -FilePath 'UsoClient.exe' `
                -ArgumentList 'StartScan' `
                -Wait -NoNewWindow -ErrorAction SilentlyContinue
            Start-Sleep -Seconds 30
        } catch {}

        # 2>&1 merges stderr into the pipeline mixing strings with update
        # objects -- we filter them out in the foreach loop below.
        $rawOutput = Install-WindowsUpdate `
            -MicrosoftUpdate `
            -AcceptAll `
            -IgnoreReboot `
            -Install `
            -ErrorAction Continue 2>&1

        # Use a hashtable keyed on Title to keep only the LAST result per update.
        # PSWindowsUpdate emits objects at multiple pipeline stages (search, download,
        # install); overwriting ensures we capture the final post-install ResultCode
        # rather than an early ResultCode=0 (NotStarted).
        $byKey = @{}

        foreach ($u in $rawOutput) {
            if ($null -eq $u -or $u -isnot [PSObject]) { continue }
            if (-not ($u.PSObject.Properties.Name -contains 'Title')) { continue }
            if ([string]::IsNullOrWhiteSpace($u.Title)) { continue }

            $resultCode = 0
            try { $resultCode = [int]$u.ResultCode } catch { $resultCode = 4 }
            $succeeded = ($resultCode -eq 2 -or $resultCode -eq 3)

            # ResultCode=0 means NotStarted — treat as Skipped, not Failed.
            $status = if ($succeeded) { 'Succeeded' } elseif ($resultCode -eq 0) { 'Skipped' } else { 'Failed' }

            $kb = ''
            try {
                if ($u.KBArticleIDs -and $u.KBArticleIDs.Count -gt 0) {
                    $kb = 'KB' + $u.KBArticleIDs[0]
                }
            } catch {}

            $needsReboot = $false
            try { $needsReboot = [bool]$u.RebootRequired } catch {}

            $byKey[$u.Title] = [PSCustomObject]@{
                Identifier     = $kb
                Title          = [string]$u.Title
                Status         = $status
                ErrorMessage   = if ($succeeded -or $resultCode -eq 0) { '' } else { 'ResultCode=' + $resultCode }
                RebootRequired = $needsReboot
                AttemptedAt    = (Get-Date -Format 'o')
            }
        }

        $results = @($byKey.Values)

        if ($results.Count -eq 0) {
            Write-Output '[]'
        } else {
            $results | ConvertTo-Json -Compress
        }
2026-07-03 09:18:41.729 -05:00 [INF] (Thread 42) WindowsUpdateWorker: no updates installed — system reboot is already pending.
2026-07-03 09:18:41.729 -05:00 [INF] (Thread 42) WindowsUpdateWorker: pass complete. Total=4 Succeeded=1 Failed=0 Skipped=3
2026-07-03 09:18:41.730 -05:00 [INF] (Thread 42) WingetWorker: skipping — last run was 2026-06-30T17:09:51.4718596Z (less than 7 days ago).
2026-07-03 09:18:41.730 -05:00 [INF] (Thread 42) UpdateOrchestrator: cycle complete. Total=4 Succeeded=1 Failed=0 RebootRequired=true
2026-07-03 09:18:41.730 -05:00 [INF] (Thread 42) UpdateOrchestrator: reboot required but last reboot was 10.3 hours ago — skipping notification until 2-day minimum has elapsed.
2026-07-03 09:18:41.730 -05:00 [INF] (Thread 42) UpdateBackgroundService: next cycle in "01:00:00".
2026-07-03 10:18:41.742 -05:00 [INF] (Thread 45) SelfUpdater: checking for updates. Current version: 0.26.230.591
2026-07-03 10:18:41.817 -05:00 [INF] (Thread 45) SelfUpdater: remote version = 0.26.230.591.
2026-07-03 10:18:41.817 -05:00 [INF] (Thread 45) SelfUpdater: already up to date.
2026-07-03 10:18:41.817 -05:00 [INF] (Thread 45) UpdateOrchestrator: === Update cycle starting ===
2026-07-03 10:18:41.817 -05:00 [INF] (Thread 45) WindowsUpdateWorker: starting update pass.
2026-07-03 10:18:41.817 -05:00 [INF] (Thread 45) WindowsUpdateWorker: verifying PSWindowsUpdate module.
2026-07-03 10:18:41.818 -05:00 [DBG] (Thread 45) WindowsUpdateWorker: running PS script: $ProgressPreference = 'SilentlyContinue'
            $ErrorActionPreference = 'Stop'
            try {
                if (-not (Get-PackageProvider -Name NuGet -ListAvailable -ErrorAction SilentlyContinue)) {
                    Install-PackageProvider -Name NuGet -MinimumVersion 2.8.5.201 -Force -Scope AllUsers | Out-Null
                }
                Set-PSRepository -Name PSGallery -InstallationPolicy Trusted -ErrorAction SilentlyContinue
                if (-not (Get-Module -ListAvailable -Name PSWindowsUpdate -ErrorAction SilentlyContinue)) {
                    Install-Module PSWindowsUpdate -Force -SkipPublisherCheck -Scope AllUsers | Out-Null
                }
                Import-Module PSWindowsUpdate -Force -ErrorAction Stop
                try {
                    Add-WUServiceManager -MicrosoftUpdate -Confirm:$false -ErrorAction SilentlyContinue | Out-Null
                } catch {}
                Write-Output 'OK'
            } catch {
                Write-Output ('ERROR: ' + $_.Exception.Message)
            }
2026-07-03 10:18:53.244 -05:00 [INF] (Thread 45) WindowsUpdateWorker: PSWindowsUpdate module OK.
2026-07-03 10:18:53.245 -05:00 [DBG] (Thread 45) WindowsUpdateWorker: running PS script: Import-Module PSWindowsUpdate -ErrorAction Stop
        $ProgressPreference = 'SilentlyContinue'

        # Force the Windows Update Agent to scan before installing.
        # Fixes 0x80248007 (WU_E_DS_NODATA) on fresh builds or machines
        # whose update data store has not been initialised yet.
        try {
            Start-Process -FilePath 'UsoClient.exe' `
                -ArgumentList 'StartScan' `
                -Wait -NoNewWindow -ErrorAction SilentlyContinue
            Start-Sleep -Seconds 30
        } catch {}

        # 2>&1 merges stderr into the pipeline mixing strings with update
        # objects -- we filter them out in the foreach loop below.
        $rawOutput = Install-WindowsUpdate `
            -MicrosoftUpdate `
            -AcceptAll `
            -IgnoreReboot `
            -Install `
            -ErrorAction Continue 2>&1

        # Use a hashtable keyed on Title to keep only the LAST result per update.
        # PSWindowsUpdate emits objects at multiple pipeline stages (search, download,
        # install); overwriting ensures we capture the final post-install ResultCode
        # rather than an early ResultCode=0 (NotStarted).
        $byKey = @{}

        foreach ($u in $rawOutput) {
            if ($null -eq $u -or $u -isnot [PSObject]) { continue }
            if (-not ($u.PSObject.Properties.Name -contains 'Title')) { continue }
            if ([string]::IsNullOrWhiteSpace($u.Title)) { continue }

            $resultCode = 0
            try { $resultCode = [int]$u.ResultCode } catch { $resultCode = 4 }
            $succeeded = ($resultCode -eq 2 -or $resultCode -eq 3)

            # ResultCode=0 means NotStarted — treat as Skipped, not Failed.
            $status = if ($succeeded) { 'Succeeded' } elseif ($resultCode -eq 0) { 'Skipped' } else { 'Failed' }

            $kb = ''
            try {
                if ($u.KBArticleIDs -and $u.KBArticleIDs.Count -gt 0) {
                    $kb = 'KB' + $u.KBArticleIDs[0]
                }
            } catch {}

            $needsReboot = $false
            try { $needsReboot = [bool]$u.RebootRequired } catch {}

            $byKey[$u.Title] = [PSCustomObject]@{
                Identifier     = $kb
                Title          = [string]$u.Title
                Status         = $status
                ErrorMessage   = if ($succeeded -or $resultCode -eq 0) { '' } else { 'ResultCode=' + $resultCode }
                RebootRequired = $needsReboot
                AttemptedAt    = (Get-Date -Format 'o')
            }
        }

        $results = @($byKey.Values)

        if ($results.Count -eq 0) {
            Write-Output '[]'
        } else {
            $results | ConvertTo-Json -Compress
        }
2026-07-03 10:19:50.755 -05:00 [INF] (Thread 51) WindowsUpdateWorker: no updates installed — system reboot is already pending.
2026-07-03 10:19:50.755 -05:00 [INF] (Thread 51) WindowsUpdateWorker: pass complete. Total=4 Succeeded=1 Failed=0 Skipped=3
2026-07-03 10:19:50.756 -05:00 [INF] (Thread 51) WingetWorker: skipping — last run was 2026-06-30T17:09:51.4718596Z (less than 7 days ago).
2026-07-03 10:19:50.756 -05:00 [INF] (Thread 51) UpdateOrchestrator: cycle complete. Total=4 Succeeded=1 Failed=0 RebootRequired=true
2026-07-03 10:19:50.756 -05:00 [INF] (Thread 51) UpdateOrchestrator: reboot required but last reboot was 11.3 hours ago — skipping notification until 2-day minimum has elapsed.
2026-07-03 10:19:50.756 -05:00 [INF] (Thread 51) UpdateBackgroundService: next cycle in "01:00:00".
2026-07-03 11:19:50.764 -05:00 [INF] (Thread 49) SelfUpdater: checking for updates. Current version: 0.26.230.591
2026-07-03 11:19:50.838 -05:00 [INF] (Thread 49) SelfUpdater: remote version = 0.26.230.591.
2026-07-03 11:19:50.838 -05:00 [INF] (Thread 49) SelfUpdater: already up to date.
2026-07-03 11:19:50.838 -05:00 [INF] (Thread 49) UpdateOrchestrator: === Update cycle starting ===
2026-07-03 11:19:50.838 -05:00 [INF] (Thread 49) WindowsUpdateWorker: starting update pass.
2026-07-03 11:19:50.838 -05:00 [INF] (Thread 49) WindowsUpdateWorker: verifying PSWindowsUpdate module.
2026-07-03 11:19:50.839 -05:00 [DBG] (Thread 49) WindowsUpdateWorker: running PS script: $ProgressPreference = 'SilentlyContinue'
            $ErrorActionPreference = 'Stop'
            try {
                if (-not (Get-PackageProvider -Name NuGet -ListAvailable -ErrorAction SilentlyContinue)) {
                    Install-PackageProvider -Name NuGet -MinimumVersion 2.8.5.201 -Force -Scope AllUsers | Out-Null
                }
                Set-PSRepository -Name PSGallery -InstallationPolicy Trusted -ErrorAction SilentlyContinue
                if (-not (Get-Module -ListAvailable -Name PSWindowsUpdate -ErrorAction SilentlyContinue)) {
                    Install-Module PSWindowsUpdate -Force -SkipPublisherCheck -Scope AllUsers | Out-Null
                }
                Import-Module PSWindowsUpdate -Force -ErrorAction Stop
                try {
                    Add-WUServiceManager -MicrosoftUpdate -Confirm:$false -ErrorAction SilentlyContinue | Out-Null
                } catch {}
                Write-Output 'OK'
            } catch {
                Write-Output ('ERROR: ' + $_.Exception.Message)
            }
2026-07-03 11:20:02.974 -05:00 [INF] (Thread 42) WindowsUpdateWorker: PSWindowsUpdate module OK.
2026-07-03 11:20:02.975 -05:00 [DBG] (Thread 42) WindowsUpdateWorker: running PS script: Import-Module PSWindowsUpdate -ErrorAction Stop
        $ProgressPreference = 'SilentlyContinue'

        # Force the Windows Update Agent to scan before installing.
        # Fixes 0x80248007 (WU_E_DS_NODATA) on fresh builds or machines
        # whose update data store has not been initialised yet.
        try {
            Start-Process -FilePath 'UsoClient.exe' `
                -ArgumentList 'StartScan' `
                -Wait -NoNewWindow -ErrorAction SilentlyContinue
            Start-Sleep -Seconds 30
        } catch {}

        # 2>&1 merges stderr into the pipeline mixing strings with update
        # objects -- we filter them out in the foreach loop below.
        $rawOutput = Install-WindowsUpdate `
            -MicrosoftUpdate `
            -AcceptAll `
            -IgnoreReboot `
            -Install `
            -ErrorAction Continue 2>&1

        # Use a hashtable keyed on Title to keep only the LAST result per update.
        # PSWindowsUpdate emits objects at multiple pipeline stages (search, download,
        # install); overwriting ensures we capture the final post-install ResultCode
        # rather than an early ResultCode=0 (NotStarted).
        $byKey = @{}

        foreach ($u in $rawOutput) {
            if ($null -eq $u -or $u -isnot [PSObject]) { continue }
            if (-not ($u.PSObject.Properties.Name -contains 'Title')) { continue }
            if ([string]::IsNullOrWhiteSpace($u.Title)) { continue }

            $resultCode = 0
            try { $resultCode = [int]$u.ResultCode } catch { $resultCode = 4 }
            $succeeded = ($resultCode -eq 2 -or $resultCode -eq 3)

            # ResultCode=0 means NotStarted — treat as Skipped, not Failed.
            $status = if ($succeeded) { 'Succeeded' } elseif ($resultCode -eq 0) { 'Skipped' } else { 'Failed' }

            $kb = ''
            try {
                if ($u.KBArticleIDs -and $u.KBArticleIDs.Count -gt 0) {
                    $kb = 'KB' + $u.KBArticleIDs[0]
                }
            } catch {}

            $needsReboot = $false
            try { $needsReboot = [bool]$u.RebootRequired } catch {}

            $byKey[$u.Title] = [PSCustomObject]@{
                Identifier     = $kb
                Title          = [string]$u.Title
                Status         = $status
                ErrorMessage   = if ($succeeded -or $resultCode -eq 0) { '' } else { 'ResultCode=' + $resultCode }
                RebootRequired = $needsReboot
                AttemptedAt    = (Get-Date -Format 'o')
            }
        }

        $results = @($byKey.Values)

        if ($results.Count -eq 0) {
            Write-Output '[]'
        } else {
            $results | ConvertTo-Json -Compress
        }
2026-07-03 11:21:00.240 -05:00 [INF] (Thread 53) WindowsUpdateWorker: no updates installed — system reboot is already pending.
2026-07-03 11:21:00.240 -05:00 [INF] (Thread 53) WindowsUpdateWorker: pass complete. Total=4 Succeeded=1 Failed=0 Skipped=3
2026-07-03 11:21:00.240 -05:00 [INF] (Thread 53) WingetWorker: skipping — last run was 2026-06-30T17:09:51.4718596Z (less than 7 days ago).
2026-07-03 11:21:00.240 -05:00 [INF] (Thread 53) UpdateOrchestrator: cycle complete. Total=4 Succeeded=1 Failed=0 RebootRequired=true
2026-07-03 11:21:00.240 -05:00 [INF] (Thread 53) UpdateOrchestrator: reboot required but last reboot was 12.3 hours ago — skipping notification until 2-day minimum has elapsed.
2026-07-03 11:21:00.240 -05:00 [INF] (Thread 53) UpdateBackgroundService: next cycle in "01:00:00".
2026-07-03 12:21:00.249 -05:00 [INF] (Thread 46) SelfUpdater: checking for updates. Current version: 0.26.230.591
2026-07-03 12:21:00.333 -05:00 [INF] (Thread 46) SelfUpdater: remote version = 0.26.230.591.
2026-07-03 12:21:00.333 -05:00 [INF] (Thread 46) SelfUpdater: already up to date.
2026-07-03 12:21:00.333 -05:00 [INF] (Thread 46) UpdateOrchestrator: === Update cycle starting ===
2026-07-03 12:21:00.333 -05:00 [INF] (Thread 46) WindowsUpdateWorker: starting update pass.
2026-07-03 12:21:00.333 -05:00 [INF] (Thread 46) WindowsUpdateWorker: verifying PSWindowsUpdate module.
2026-07-03 12:21:00.334 -05:00 [DBG] (Thread 53) WindowsUpdateWorker: running PS script: $ProgressPreference = 'SilentlyContinue'
            $ErrorActionPreference = 'Stop'
            try {
                if (-not (Get-PackageProvider -Name NuGet -ListAvailable -ErrorAction SilentlyContinue)) {
                    Install-PackageProvider -Name NuGet -MinimumVersion 2.8.5.201 -Force -Scope AllUsers | Out-Null
                }
                Set-PSRepository -Name PSGallery -InstallationPolicy Trusted -ErrorAction SilentlyContinue
                if (-not (Get-Module -ListAvailable -Name PSWindowsUpdate -ErrorAction SilentlyContinue)) {
                    Install-Module PSWindowsUpdate -Force -SkipPublisherCheck -Scope AllUsers | Out-Null
                }
                Import-Module PSWindowsUpdate -Force -ErrorAction Stop
                try {
                    Add-WUServiceManager -MicrosoftUpdate -Confirm:$false -ErrorAction SilentlyContinue | Out-Null
                } catch {}
                Write-Output 'OK'
            } catch {
                Write-Output ('ERROR: ' + $_.Exception.Message)
            }
2026-07-03 12:21:14.363 -05:00 [INF] (Thread 56) WindowsUpdateWorker: PSWindowsUpdate module OK.
2026-07-03 12:21:14.365 -05:00 [DBG] (Thread 56) WindowsUpdateWorker: running PS script: Import-Module PSWindowsUpdate -ErrorAction Stop
        $ProgressPreference = 'SilentlyContinue'

        # Force the Windows Update Agent to scan before installing.
        # Fixes 0x80248007 (WU_E_DS_NODATA) on fresh builds or machines
        # whose update data store has not been initialised yet.
        try {
            Start-Process -FilePath 'UsoClient.exe' `
                -ArgumentList 'StartScan' `
                -Wait -NoNewWindow -ErrorAction SilentlyContinue
            Start-Sleep -Seconds 30
        } catch {}

        # 2>&1 merges stderr into the pipeline mixing strings with update
        # objects -- we filter them out in the foreach loop below.
        $rawOutput = Install-WindowsUpdate `
            -MicrosoftUpdate `
            -AcceptAll `
            -IgnoreReboot `
            -Install `
            -ErrorAction Continue 2>&1

        # Use a hashtable keyed on Title to keep only the LAST result per update.
        # PSWindowsUpdate emits objects at multiple pipeline stages (search, download,
        # install); overwriting ensures we capture the final post-install ResultCode
        # rather than an early ResultCode=0 (NotStarted).
        $byKey = @{}

        foreach ($u in $rawOutput) {
            if ($null -eq $u -or $u -isnot [PSObject]) { continue }
            if (-not ($u.PSObject.Properties.Name -contains 'Title')) { continue }
            if ([string]::IsNullOrWhiteSpace($u.Title)) { continue }

            $resultCode = 0
            try { $resultCode = [int]$u.ResultCode } catch { $resultCode = 4 }
            $succeeded = ($resultCode -eq 2 -or $resultCode -eq 3)

            # ResultCode=0 means NotStarted — treat as Skipped, not Failed.
            $status = if ($succeeded) { 'Succeeded' } elseif ($resultCode -eq 0) { 'Skipped' } else { 'Failed' }

            $kb = ''
            try {
                if ($u.KBArticleIDs -and $u.KBArticleIDs.Count -gt 0) {
                    $kb = 'KB' + $u.KBArticleIDs[0]
                }
            } catch {}

            $needsReboot = $false
            try { $needsReboot = [bool]$u.RebootRequired } catch {}

            $byKey[$u.Title] = [PSCustomObject]@{
                Identifier     = $kb
                Title          = [string]$u.Title
                Status         = $status
                ErrorMessage   = if ($succeeded -or $resultCode -eq 0) { '' } else { 'ResultCode=' + $resultCode }
                RebootRequired = $needsReboot
                AttemptedAt    = (Get-Date -Format 'o')
            }
        }

        $results = @($byKey.Values)

        if ($results.Count -eq 0) {
            Write-Output '[]'
        } else {
            $results | ConvertTo-Json -Compress
        }
2026-07-03 12:22:12.159 -05:00 [INF] (Thread 53) WindowsUpdateWorker: no updates installed — system reboot is already pending.
2026-07-03 12:22:12.159 -05:00 [INF] (Thread 53) WindowsUpdateWorker: pass complete. Total=4 Succeeded=1 Failed=0 Skipped=3
2026-07-03 12:22:12.159 -05:00 [INF] (Thread 53) WingetWorker: skipping — last run was 2026-06-30T17:09:51.4718596Z (less than 7 days ago).
2026-07-03 12:22:12.159 -05:00 [INF] (Thread 53) UpdateOrchestrator: cycle complete. Total=4 Succeeded=1 Failed=0 RebootRequired=true
2026-07-03 12:22:12.159 -05:00 [INF] (Thread 53) UpdateOrchestrator: reboot required but last reboot was 13.4 hours ago — skipping notification until 2-day minimum has elapsed.
2026-07-03 12:22:12.159 -05:00 [INF] (Thread 53) UpdateBackgroundService: next cycle in "01:00:00".
2026-07-03 13:22:12.173 -05:00 [INF] (Thread 56) SelfUpdater: checking for updates. Current version: 0.26.230.591
2026-07-03 13:22:12.246 -05:00 [INF] (Thread 56) SelfUpdater: remote version = 0.26.230.591.
2026-07-03 13:22:12.246 -05:00 [INF] (Thread 56) SelfUpdater: already up to date.
2026-07-03 13:22:12.246 -05:00 [INF] (Thread 56) UpdateOrchestrator: === Update cycle starting ===
2026-07-03 13:22:12.246 -05:00 [INF] (Thread 56) WindowsUpdateWorker: starting update pass.
2026-07-03 13:22:12.246 -05:00 [INF] (Thread 56) WindowsUpdateWorker: verifying PSWindowsUpdate module.
2026-07-03 13:22:12.247 -05:00 [DBG] (Thread 56) WindowsUpdateWorker: running PS script: $ProgressPreference = 'SilentlyContinue'
            $ErrorActionPreference = 'Stop'
            try {
                if (-not (Get-PackageProvider -Name NuGet -ListAvailable -ErrorAction SilentlyContinue)) {
                    Install-PackageProvider -Name NuGet -MinimumVersion 2.8.5.201 -Force -Scope AllUsers | Out-Null
                }
                Set-PSRepository -Name PSGallery -InstallationPolicy Trusted -ErrorAction SilentlyContinue
                if (-not (Get-Module -ListAvailable -Name PSWindowsUpdate -ErrorAction SilentlyContinue)) {
                    Install-Module PSWindowsUpdate -Force -SkipPublisherCheck -Scope AllUsers | Out-Null
                }
                Import-Module PSWindowsUpdate -Force -ErrorAction Stop
                try {
                    Add-WUServiceManager -MicrosoftUpdate -Confirm:$false -ErrorAction SilentlyContinue | Out-Null
                } catch {}
                Write-Output 'OK'
            } catch {
                Write-Output ('ERROR: ' + $_.Exception.Message)
            }
2026-07-03 13:22:27.311 -05:00 [INF] (Thread 53) WindowsUpdateWorker: PSWindowsUpdate module OK.
2026-07-03 13:22:27.312 -05:00 [DBG] (Thread 53) WindowsUpdateWorker: running PS script: Import-Module PSWindowsUpdate -ErrorAction Stop
        $ProgressPreference = 'SilentlyContinue'

        # Force the Windows Update Agent to scan before installing.
        # Fixes 0x80248007 (WU_E_DS_NODATA) on fresh builds or machines
        # whose update data store has not been initialised yet.
        try {
            Start-Process -FilePath 'UsoClient.exe' `
                -ArgumentList 'StartScan' `
                -Wait -NoNewWindow -ErrorAction SilentlyContinue
            Start-Sleep -Seconds 30
        } catch {}

        # 2>&1 merges stderr into the pipeline mixing strings with update
        # objects -- we filter them out in the foreach loop below.
        $rawOutput = Install-WindowsUpdate `
            -MicrosoftUpdate `
            -AcceptAll `
            -IgnoreReboot `
            -Install `
            -ErrorAction Continue 2>&1

        # Use a hashtable keyed on Title to keep only the LAST result per update.
        # PSWindowsUpdate emits objects at multiple pipeline stages (search, download,
        # install); overwriting ensures we capture the final post-install ResultCode
        # rather than an early ResultCode=0 (NotStarted).
        $byKey = @{}

        foreach ($u in $rawOutput) {
            if ($null -eq $u -or $u -isnot [PSObject]) { continue }
            if (-not ($u.PSObject.Properties.Name -contains 'Title')) { continue }
            if ([string]::IsNullOrWhiteSpace($u.Title)) { continue }

            $resultCode = 0
            try { $resultCode = [int]$u.ResultCode } catch { $resultCode = 4 }
            $succeeded = ($resultCode -eq 2 -or $resultCode -eq 3)

            # ResultCode=0 means NotStarted — treat as Skipped, not Failed.
            $status = if ($succeeded) { 'Succeeded' } elseif ($resultCode -eq 0) { 'Skipped' } else { 'Failed' }

            $kb = ''
            try {
                if ($u.KBArticleIDs -and $u.KBArticleIDs.Count -gt 0) {
                    $kb = 'KB' + $u.KBArticleIDs[0]
                }
            } catch {}

            $needsReboot = $false
            try { $needsReboot = [bool]$u.RebootRequired } catch {}

            $byKey[$u.Title] = [PSCustomObject]@{
                Identifier     = $kb
                Title          = [string]$u.Title
                Status         = $status
                ErrorMessage   = if ($succeeded -or $resultCode -eq 0) { '' } else { 'ResultCode=' + $resultCode }
                RebootRequired = $needsReboot
                AttemptedAt    = (Get-Date -Format 'o')
            }
        }

        $results = @($byKey.Values)

        if ($results.Count -eq 0) {
            Write-Output '[]'
        } else {
            $results | ConvertTo-Json -Compress
        }
2026-07-03 13:23:24.760 -05:00 [INF] (Thread 56) WindowsUpdateWorker: no updates installed — system reboot is already pending.
2026-07-03 13:23:24.760 -05:00 [INF] (Thread 56) WindowsUpdateWorker: pass complete. Total=4 Succeeded=1 Failed=0 Skipped=3
2026-07-03 13:23:24.761 -05:00 [INF] (Thread 56) WingetWorker: skipping — last run was 2026-06-30T17:09:51.4718596Z (less than 7 days ago).
2026-07-03 13:23:24.761 -05:00 [INF] (Thread 56) UpdateOrchestrator: cycle complete. Total=4 Succeeded=1 Failed=0 RebootRequired=true
2026-07-03 13:23:24.761 -05:00 [INF] (Thread 56) UpdateOrchestrator: reboot required but last reboot was 14.4 hours ago — skipping notification until 2-day minimum has elapsed.
2026-07-03 13:23:24.761 -05:00 [INF] (Thread 56) UpdateBackgroundService: next cycle in "01:00:00".
2026-07-03 14:23:24.775 -05:00 [INF] (Thread 56) SelfUpdater: checking for updates. Current version: 0.26.230.591
2026-07-03 14:23:24.864 -05:00 [INF] (Thread 56) SelfUpdater: remote version = 0.26.230.591.
2026-07-03 14:23:24.864 -05:00 [INF] (Thread 56) SelfUpdater: already up to date.
2026-07-03 14:23:24.864 -05:00 [INF] (Thread 56) UpdateOrchestrator: === Update cycle starting ===
2026-07-03 14:23:24.864 -05:00 [INF] (Thread 56) WindowsUpdateWorker: starting update pass.
2026-07-03 14:23:24.864 -05:00 [INF] (Thread 56) WindowsUpdateWorker: verifying PSWindowsUpdate module.
2026-07-03 14:23:24.865 -05:00 [DBG] (Thread 56) WindowsUpdateWorker: running PS script: $ProgressPreference = 'SilentlyContinue'
            $ErrorActionPreference = 'Stop'
            try {
                if (-not (Get-PackageProvider -Name NuGet -ListAvailable -ErrorAction SilentlyContinue)) {
                    Install-PackageProvider -Name NuGet -MinimumVersion 2.8.5.201 -Force -Scope AllUsers | Out-Null
                }
                Set-PSRepository -Name PSGallery -InstallationPolicy Trusted -ErrorAction SilentlyContinue
                if (-not (Get-Module -ListAvailable -Name PSWindowsUpdate -ErrorAction SilentlyContinue)) {
                    Install-Module PSWindowsUpdate -Force -SkipPublisherCheck -Scope AllUsers | Out-Null
                }
                Import-Module PSWindowsUpdate -Force -ErrorAction Stop
                try {
                    Add-WUServiceManager -MicrosoftUpdate -Confirm:$false -ErrorAction SilentlyContinue | Out-Null
                } catch {}
                Write-Output 'OK'
            } catch {
                Write-Output ('ERROR: ' + $_.Exception.Message)
            }
2026-07-03 14:23:36.774 -05:00 [INF] (Thread 53) WindowsUpdateWorker: PSWindowsUpdate module OK.
2026-07-03 14:23:36.776 -05:00 [DBG] (Thread 53) WindowsUpdateWorker: running PS script: Import-Module PSWindowsUpdate -ErrorAction Stop
        $ProgressPreference = 'SilentlyContinue'

        # Force the Windows Update Agent to scan before installing.
        # Fixes 0x80248007 (WU_E_DS_NODATA) on fresh builds or machines
        # whose update data store has not been initialised yet.
        try {
            Start-Process -FilePath 'UsoClient.exe' `
                -ArgumentList 'StartScan' `
                -Wait -NoNewWindow -ErrorAction SilentlyContinue
            Start-Sleep -Seconds 30
        } catch {}

        # 2>&1 merges stderr into the pipeline mixing strings with update
        # objects -- we filter them out in the foreach loop below.
        $rawOutput = Install-WindowsUpdate `
            -MicrosoftUpdate `
            -AcceptAll `
            -IgnoreReboot `
            -Install `
            -ErrorAction Continue 2>&1

        # Use a hashtable keyed on Title to keep only the LAST result per update.
        # PSWindowsUpdate emits objects at multiple pipeline stages (search, download,
        # install); overwriting ensures we capture the final post-install ResultCode
        # rather than an early ResultCode=0 (NotStarted).
        $byKey = @{}

        foreach ($u in $rawOutput) {
            if ($null -eq $u -or $u -isnot [PSObject]) { continue }
            if (-not ($u.PSObject.Properties.Name -contains 'Title')) { continue }
            if ([string]::IsNullOrWhiteSpace($u.Title)) { continue }

            $resultCode = 0
            try { $resultCode = [int]$u.ResultCode } catch { $resultCode = 4 }
            $succeeded = ($resultCode -eq 2 -or $resultCode -eq 3)

            # ResultCode=0 means NotStarted — treat as Skipped, not Failed.
            $status = if ($succeeded) { 'Succeeded' } elseif ($resultCode -eq 0) { 'Skipped' } else { 'Failed' }

            $kb = ''
            try {
                if ($u.KBArticleIDs -and $u.KBArticleIDs.Count -gt 0) {
                    $kb = 'KB' + $u.KBArticleIDs[0]
                }
            } catch {}

            $needsReboot = $false
            try { $needsReboot = [bool]$u.RebootRequired } catch {}

            $byKey[$u.Title] = [PSCustomObject]@{
                Identifier     = $kb
                Title          = [string]$u.Title
                Status         = $status
                ErrorMessage   = if ($succeeded -or $resultCode -eq 0) { '' } else { 'ResultCode=' + $resultCode }
                RebootRequired = $needsReboot
                AttemptedAt    = (Get-Date -Format 'o')
            }
        }

        $results = @($byKey.Values)

        if ($results.Count -eq 0) {
            Write-Output '[]'
        } else {
            $results | ConvertTo-Json -Compress
        }
2026-07-03 14:24:34.336 -05:00 [INF] (Thread 56) WindowsUpdateWorker: no updates installed — system reboot is already pending.
2026-07-03 14:24:34.336 -05:00 [INF] (Thread 56) WindowsUpdateWorker: pass complete. Total=4 Succeeded=1 Failed=0 Skipped=3
2026-07-03 14:24:34.336 -05:00 [INF] (Thread 56) WingetWorker: skipping — last run was 2026-06-30T17:09:51.4718596Z (less than 7 days ago).
2026-07-03 14:24:34.336 -05:00 [INF] (Thread 56) UpdateOrchestrator: cycle complete. Total=4 Succeeded=1 Failed=0 RebootRequired=true
2026-07-03 14:24:34.336 -05:00 [INF] (Thread 56) UpdateOrchestrator: reboot required but last reboot was 15.4 hours ago — skipping notification until 2-day minimum has elapsed.
2026-07-03 14:24:34.336 -05:00 [INF] (Thread 56) UpdateBackgroundService: next cycle in "01:00:00".
2026-07-03 15:24:34.344 -05:00 [INF] (Thread 54) SelfUpdater: checking for updates. Current version: 0.26.230.591
2026-07-03 15:24:34.475 -05:00 [INF] (Thread 54) SelfUpdater: remote version = 0.26.230.591.
2026-07-03 15:24:34.475 -05:00 [INF] (Thread 54) SelfUpdater: already up to date.
2026-07-03 15:24:34.475 -05:00 [INF] (Thread 54) UpdateOrchestrator: === Update cycle starting ===
2026-07-03 15:24:34.475 -05:00 [INF] (Thread 54) WindowsUpdateWorker: starting update pass.
2026-07-03 15:24:34.475 -05:00 [INF] (Thread 54) WindowsUpdateWorker: verifying PSWindowsUpdate module.
2026-07-03 15:24:34.476 -05:00 [DBG] (Thread 54) WindowsUpdateWorker: running PS script: $ProgressPreference = 'SilentlyContinue'
            $ErrorActionPreference = 'Stop'
            try {
                if (-not (Get-PackageProvider -Name NuGet -ListAvailable -ErrorAction SilentlyContinue)) {
                    Install-PackageProvider -Name NuGet -MinimumVersion 2.8.5.201 -Force -Scope AllUsers | Out-Null
                }
                Set-PSRepository -Name PSGallery -InstallationPolicy Trusted -ErrorAction SilentlyContinue
                if (-not (Get-Module -ListAvailable -Name PSWindowsUpdate -ErrorAction SilentlyContinue)) {
                    Install-Module PSWindowsUpdate -Force -SkipPublisherCheck -Scope AllUsers | Out-Null
                }
                Import-Module PSWindowsUpdate -Force -ErrorAction Stop
                try {
                    Add-WUServiceManager -MicrosoftUpdate -Confirm:$false -ErrorAction SilentlyContinue | Out-Null
                } catch {}
                Write-Output 'OK'
            } catch {
                Write-Output ('ERROR: ' + $_.Exception.Message)
            }
2026-07-03 15:24:46.565 -05:00 [INF] (Thread 53) WindowsUpdateWorker: PSWindowsUpdate module OK.
2026-07-03 15:24:46.566 -05:00 [DBG] (Thread 53) WindowsUpdateWorker: running PS script: Import-Module PSWindowsUpdate -ErrorAction Stop
        $ProgressPreference = 'SilentlyContinue'

        # Force the Windows Update Agent to scan before installing.
        # Fixes 0x80248007 (WU_E_DS_NODATA) on fresh builds or machines
        # whose update data store has not been initialised yet.
        try {
            Start-Process -FilePath 'UsoClient.exe' `
                -ArgumentList 'StartScan' `
                -Wait -NoNewWindow -ErrorAction SilentlyContinue
            Start-Sleep -Seconds 30
        } catch {}

        # 2>&1 merges stderr into the pipeline mixing strings with update
        # objects -- we filter them out in the foreach loop below.
        $rawOutput = Install-WindowsUpdate `
            -MicrosoftUpdate `
            -AcceptAll `
            -IgnoreReboot `
            -Install `
            -ErrorAction Continue 2>&1

        # Use a hashtable keyed on Title to keep only the LAST result per update.
        # PSWindowsUpdate emits objects at multiple pipeline stages (search, download,
        # install); overwriting ensures we capture the final post-install ResultCode
        # rather than an early ResultCode=0 (NotStarted).
        $byKey = @{}

        foreach ($u in $rawOutput) {
            if ($null -eq $u -or $u -isnot [PSObject]) { continue }
            if (-not ($u.PSObject.Properties.Name -contains 'Title')) { continue }
            if ([string]::IsNullOrWhiteSpace($u.Title)) { continue }

            $resultCode = 0
            try { $resultCode = [int]$u.ResultCode } catch { $resultCode = 4 }
            $succeeded = ($resultCode -eq 2 -or $resultCode -eq 3)

            # ResultCode=0 means NotStarted — treat as Skipped, not Failed.
            $status = if ($succeeded) { 'Succeeded' } elseif ($resultCode -eq 0) { 'Skipped' } else { 'Failed' }

            $kb = ''
            try {
                if ($u.KBArticleIDs -and $u.KBArticleIDs.Count -gt 0) {
                    $kb = 'KB' + $u.KBArticleIDs[0]
                }
            } catch {}

            $needsReboot = $false
            try { $needsReboot = [bool]$u.RebootRequired } catch {}

            $byKey[$u.Title] = [PSCustomObject]@{
                Identifier     = $kb
                Title          = [string]$u.Title
                Status         = $status
                ErrorMessage   = if ($succeeded -or $resultCode -eq 0) { '' } else { 'ResultCode=' + $resultCode }
                RebootRequired = $needsReboot
                AttemptedAt    = (Get-Date -Format 'o')
            }
        }

        $results = @($byKey.Values)

        if ($results.Count -eq 0) {
            Write-Output '[]'
        } else {
            $results | ConvertTo-Json -Compress
        }
2026-07-03 15:25:46.011 -05:00 [INF] (Thread 53) WindowsUpdateWorker: no updates installed — system reboot is already pending.
2026-07-03 15:25:46.011 -05:00 [INF] (Thread 53) WindowsUpdateWorker: pass complete. Total=4 Succeeded=1 Failed=0 Skipped=3
2026-07-03 15:25:46.012 -05:00 [INF] (Thread 53) WingetWorker: skipping — last run was 2026-06-30T17:09:51.4718596Z (less than 7 days ago).
2026-07-03 15:25:46.012 -05:00 [INF] (Thread 53) UpdateOrchestrator: cycle complete. Total=4 Succeeded=1 Failed=0 RebootRequired=true
2026-07-03 15:25:46.012 -05:00 [INF] (Thread 53) UpdateOrchestrator: reboot required but last reboot was 16.4 hours ago — skipping notification until 2-day minimum has elapsed.
2026-07-03 15:25:46.012 -05:00 [INF] (Thread 53) UpdateBackgroundService: next cycle in "01:00:00".
2026-07-03 16:25:46.038 -05:00 [INF] (Thread 62) SelfUpdater: checking for updates. Current version: 0.26.230.591
2026-07-03 16:25:46.162 -05:00 [INF] (Thread 61) SelfUpdater: remote version = 0.26.230.591.
2026-07-03 16:25:46.162 -05:00 [INF] (Thread 61) SelfUpdater: already up to date.
2026-07-03 16:25:46.162 -05:00 [INF] (Thread 61) UpdateOrchestrator: === Update cycle starting ===
2026-07-03 16:25:46.162 -05:00 [INF] (Thread 61) WindowsUpdateWorker: starting update pass.
2026-07-03 16:25:46.162 -05:00 [INF] (Thread 61) WindowsUpdateWorker: verifying PSWindowsUpdate module.
2026-07-03 16:25:46.163 -05:00 [DBG] (Thread 61) WindowsUpdateWorker: running PS script: $ProgressPreference = 'SilentlyContinue'
            $ErrorActionPreference = 'Stop'
            try {
                if (-not (Get-PackageProvider -Name NuGet -ListAvailable -ErrorAction SilentlyContinue)) {
                    Install-PackageProvider -Name NuGet -MinimumVersion 2.8.5.201 -Force -Scope AllUsers | Out-Null
                }
                Set-PSRepository -Name PSGallery -InstallationPolicy Trusted -ErrorAction SilentlyContinue
                if (-not (Get-Module -ListAvailable -Name PSWindowsUpdate -ErrorAction SilentlyContinue)) {
                    Install-Module PSWindowsUpdate -Force -SkipPublisherCheck -Scope AllUsers | Out-Null
                }
                Import-Module PSWindowsUpdate -Force -ErrorAction Stop
                try {
                    Add-WUServiceManager -MicrosoftUpdate -Confirm:$false -ErrorAction SilentlyContinue | Out-Null
                } catch {}
                Write-Output 'OK'
            } catch {
                Write-Output ('ERROR: ' + $_.Exception.Message)
            }
2026-07-03 16:25:57.965 -05:00 [INF] (Thread 64) WindowsUpdateWorker: PSWindowsUpdate module OK.
2026-07-03 16:25:57.966 -05:00 [DBG] (Thread 64) WindowsUpdateWorker: running PS script: Import-Module PSWindowsUpdate -ErrorAction Stop
        $ProgressPreference = 'SilentlyContinue'

        # Force the Windows Update Agent to scan before installing.
        # Fixes 0x80248007 (WU_E_DS_NODATA) on fresh builds or machines
        # whose update data store has not been initialised yet.
        try {
            Start-Process -FilePath 'UsoClient.exe' `
                -ArgumentList 'StartScan' `
                -Wait -NoNewWindow -ErrorAction SilentlyContinue
            Start-Sleep -Seconds 30
        } catch {}

        # 2>&1 merges stderr into the pipeline mixing strings with update
        # objects -- we filter them out in the foreach loop below.
        $rawOutput = Install-WindowsUpdate `
            -MicrosoftUpdate `
            -AcceptAll `
            -IgnoreReboot `
            -Install `
            -ErrorAction Continue 2>&1

        # Use a hashtable keyed on Title to keep only the LAST result per update.
        # PSWindowsUpdate emits objects at multiple pipeline stages (search, download,
        # install); overwriting ensures we capture the final post-install ResultCode
        # rather than an early ResultCode=0 (NotStarted).
        $byKey = @{}

        foreach ($u in $rawOutput) {
            if ($null -eq $u -or $u -isnot [PSObject]) { continue }
            if (-not ($u.PSObject.Properties.Name -contains 'Title')) { continue }
            if ([string]::IsNullOrWhiteSpace($u.Title)) { continue }

            $resultCode = 0
            try { $resultCode = [int]$u.ResultCode } catch { $resultCode = 4 }
            $succeeded = ($resultCode -eq 2 -or $resultCode -eq 3)

            # ResultCode=0 means NotStarted — treat as Skipped, not Failed.
            $status = if ($succeeded) { 'Succeeded' } elseif ($resultCode -eq 0) { 'Skipped' } else { 'Failed' }

            $kb = ''
            try {
                if ($u.KBArticleIDs -and $u.KBArticleIDs.Count -gt 0) {
                    $kb = 'KB' + $u.KBArticleIDs[0]
                }
            } catch {}

            $needsReboot = $false
            try { $needsReboot = [bool]$u.RebootRequired } catch {}

            $byKey[$u.Title] = [PSCustomObject]@{
                Identifier     = $kb
                Title          = [string]$u.Title
                Status         = $status
                ErrorMessage   = if ($succeeded -or $resultCode -eq 0) { '' } else { 'ResultCode=' + $resultCode }
                RebootRequired = $needsReboot
                AttemptedAt    = (Get-Date -Format 'o')
            }
        }

        $results = @($byKey.Values)

        if ($results.Count -eq 0) {
            Write-Output '[]'
        } else {
            $results | ConvertTo-Json -Compress
        }
2026-07-03 16:26:54.925 -05:00 [INF] (Thread 63) WindowsUpdateWorker: no updates installed — system reboot is already pending.
2026-07-03 16:26:54.925 -05:00 [INF] (Thread 63) WindowsUpdateWorker: pass complete. Total=4 Succeeded=1 Failed=0 Skipped=3
2026-07-03 16:26:54.925 -05:00 [INF] (Thread 63) WingetWorker: skipping — last run was 2026-06-30T17:09:51.4718596Z (less than 7 days ago).
2026-07-03 16:26:54.925 -05:00 [INF] (Thread 63) UpdateOrchestrator: cycle complete. Total=4 Succeeded=1 Failed=0 RebootRequired=true
2026-07-03 16:26:54.925 -05:00 [INF] (Thread 63) UpdateOrchestrator: reboot required but last reboot was 17.4 hours ago — skipping notification until 2-day minimum has elapsed.
2026-07-03 16:26:54.925 -05:00 [INF] (Thread 63) UpdateBackgroundService: next cycle in "01:00:00".
2026-07-03 17:26:54.936 -05:00 [INF] (Thread 61) SelfUpdater: checking for updates. Current version: 0.26.230.591
2026-07-03 17:26:55.022 -05:00 [INF] (Thread 65) SelfUpdater: remote version = 0.26.230.591.
2026-07-03 17:26:55.022 -05:00 [INF] (Thread 65) SelfUpdater: already up to date.
2026-07-03 17:26:55.022 -05:00 [INF] (Thread 65) UpdateOrchestrator: === Update cycle starting ===
2026-07-03 17:26:55.022 -05:00 [INF] (Thread 65) WindowsUpdateWorker: starting update pass.
2026-07-03 17:26:55.022 -05:00 [INF] (Thread 65) WindowsUpdateWorker: verifying PSWindowsUpdate module.
2026-07-03 17:26:55.023 -05:00 [DBG] (Thread 65) WindowsUpdateWorker: running PS script: $ProgressPreference = 'SilentlyContinue'
            $ErrorActionPreference = 'Stop'
            try {
                if (-not (Get-PackageProvider -Name NuGet -ListAvailable -ErrorAction SilentlyContinue)) {
                    Install-PackageProvider -Name NuGet -MinimumVersion 2.8.5.201 -Force -Scope AllUsers | Out-Null
                }
                Set-PSRepository -Name PSGallery -InstallationPolicy Trusted -ErrorAction SilentlyContinue
                if (-not (Get-Module -ListAvailable -Name PSWindowsUpdate -ErrorAction SilentlyContinue)) {
                    Install-Module PSWindowsUpdate -Force -SkipPublisherCheck -Scope AllUsers | Out-Null
                }
                Import-Module PSWindowsUpdate -Force -ErrorAction Stop
                try {
                    Add-WUServiceManager -MicrosoftUpdate -Confirm:$false -ErrorAction SilentlyContinue | Out-Null
                } catch {}
                Write-Output 'OK'
            } catch {
                Write-Output ('ERROR: ' + $_.Exception.Message)
            }
2026-07-03 17:27:06.788 -05:00 [INF] (Thread 63) WindowsUpdateWorker: PSWindowsUpdate module OK.
2026-07-03 17:27:06.788 -05:00 [DBG] (Thread 63) WindowsUpdateWorker: running PS script: Import-Module PSWindowsUpdate -ErrorAction Stop
        $ProgressPreference = 'SilentlyContinue'

        # Force the Windows Update Agent to scan before installing.
        # Fixes 0x80248007 (WU_E_DS_NODATA) on fresh builds or machines
        # whose update data store has not been initialised yet.
        try {
            Start-Process -FilePath 'UsoClient.exe' `
                -ArgumentList 'StartScan' `
                -Wait -NoNewWindow -ErrorAction SilentlyContinue
            Start-Sleep -Seconds 30
        } catch {}

        # 2>&1 merges stderr into the pipeline mixing strings with update
        # objects -- we filter them out in the foreach loop below.
        $rawOutput = Install-WindowsUpdate `
            -MicrosoftUpdate `
            -AcceptAll `
            -IgnoreReboot `
            -Install `
            -ErrorAction Continue 2>&1

        # Use a hashtable keyed on Title to keep only the LAST result per update.
        # PSWindowsUpdate emits objects at multiple pipeline stages (search, download,
        # install); overwriting ensures we capture the final post-install ResultCode
        # rather than an early ResultCode=0 (NotStarted).
        $byKey = @{}

        foreach ($u in $rawOutput) {
            if ($null -eq $u -or $u -isnot [PSObject]) { continue }
            if (-not ($u.PSObject.Properties.Name -contains 'Title')) { continue }
            if ([string]::IsNullOrWhiteSpace($u.Title)) { continue }

            $resultCode = 0
            try { $resultCode = [int]$u.ResultCode } catch { $resultCode = 4 }
            $succeeded = ($resultCode -eq 2 -or $resultCode -eq 3)

            # ResultCode=0 means NotStarted — treat as Skipped, not Failed.
            $status = if ($succeeded) { 'Succeeded' } elseif ($resultCode -eq 0) { 'Skipped' } else { 'Failed' }

            $kb = ''
            try {
                if ($u.KBArticleIDs -and $u.KBArticleIDs.Count -gt 0) {
                    $kb = 'KB' + $u.KBArticleIDs[0]
                }
            } catch {}

            $needsReboot = $false
            try { $needsReboot = [bool]$u.RebootRequired } catch {}

            $byKey[$u.Title] = [PSCustomObject]@{
                Identifier     = $kb
                Title          = [string]$u.Title
                Status         = $status
                ErrorMessage   = if ($succeeded -or $resultCode -eq 0) { '' } else { 'ResultCode=' + $resultCode }
                RebootRequired = $needsReboot
                AttemptedAt    = (Get-Date -Format 'o')
            }
        }

        $results = @($byKey.Values)

        if ($results.Count -eq 0) {
            Write-Output '[]'
        } else {
            $results | ConvertTo-Json -Compress
        }
2026-07-03 17:28:07.296 -05:00 [INF] (Thread 63) WindowsUpdateWorker: no updates installed — system reboot is already pending.
2026-07-03 17:28:07.296 -05:00 [INF] (Thread 63) WindowsUpdateWorker: pass complete. Total=4 Succeeded=1 Failed=0 Skipped=3
2026-07-03 17:28:07.296 -05:00 [INF] (Thread 63) WingetWorker: skipping — last run was 2026-06-30T17:09:51.4718596Z (less than 7 days ago).
2026-07-03 17:28:07.296 -05:00 [INF] (Thread 63) UpdateOrchestrator: cycle complete. Total=4 Succeeded=1 Failed=0 RebootRequired=true
2026-07-03 17:28:07.296 -05:00 [INF] (Thread 63) UpdateOrchestrator: reboot required but last reboot was 18.5 hours ago — skipping notification until 2-day minimum has elapsed.
2026-07-03 17:28:07.296 -05:00 [INF] (Thread 63) UpdateBackgroundService: next cycle in "01:00:00".
2026-07-03 18:28:07.316 -05:00 [INF] (Thread 61) SelfUpdater: checking for updates. Current version: 0.26.230.591
2026-07-03 18:28:07.399 -05:00 [INF] (Thread 63) SelfUpdater: remote version = 0.26.230.591.
2026-07-03 18:28:07.399 -05:00 [INF] (Thread 63) SelfUpdater: already up to date.
2026-07-03 18:28:07.399 -05:00 [INF] (Thread 63) UpdateOrchestrator: === Update cycle starting ===
2026-07-03 18:28:07.399 -05:00 [INF] (Thread 63) WindowsUpdateWorker: starting update pass.
2026-07-03 18:28:07.399 -05:00 [INF] (Thread 63) WindowsUpdateWorker: verifying PSWindowsUpdate module.
2026-07-03 18:28:07.400 -05:00 [DBG] (Thread 67) WindowsUpdateWorker: running PS script: $ProgressPreference = 'SilentlyContinue'
            $ErrorActionPreference = 'Stop'
            try {
                if (-not (Get-PackageProvider -Name NuGet -ListAvailable -ErrorAction SilentlyContinue)) {
                    Install-PackageProvider -Name NuGet -MinimumVersion 2.8.5.201 -Force -Scope AllUsers | Out-Null
                }
                Set-PSRepository -Name PSGallery -InstallationPolicy Trusted -ErrorAction SilentlyContinue
                if (-not (Get-Module -ListAvailable -Name PSWindowsUpdate -ErrorAction SilentlyContinue)) {
                    Install-Module PSWindowsUpdate -Force -SkipPublisherCheck -Scope AllUsers | Out-Null
                }
                Import-Module PSWindowsUpdate -Force -ErrorAction Stop
                try {
                    Add-WUServiceManager -MicrosoftUpdate -Confirm:$false -ErrorAction SilentlyContinue | Out-Null
                } catch {}
                Write-Output 'OK'
            } catch {
                Write-Output ('ERROR: ' + $_.Exception.Message)
            }
2026-07-03 18:28:19.454 -05:00 [INF] (Thread 63) WindowsUpdateWorker: PSWindowsUpdate module OK.
2026-07-03 18:28:19.455 -05:00 [DBG] (Thread 63) WindowsUpdateWorker: running PS script: Import-Module PSWindowsUpdate -ErrorAction Stop
        $ProgressPreference = 'SilentlyContinue'

        # Force the Windows Update Agent to scan before installing.
        # Fixes 0x80248007 (WU_E_DS_NODATA) on fresh builds or machines
        # whose update data store has not been initialised yet.
        try {
            Start-Process -FilePath 'UsoClient.exe' `
                -ArgumentList 'StartScan' `
                -Wait -NoNewWindow -ErrorAction SilentlyContinue
            Start-Sleep -Seconds 30
        } catch {}

        # 2>&1 merges stderr into the pipeline mixing strings with update
        # objects -- we filter them out in the foreach loop below.
        $rawOutput = Install-WindowsUpdate `
            -MicrosoftUpdate `
            -AcceptAll `
            -IgnoreReboot `
            -Install `
            -ErrorAction Continue 2>&1

        # Use a hashtable keyed on Title to keep only the LAST result per update.
        # PSWindowsUpdate emits objects at multiple pipeline stages (search, download,
        # install); overwriting ensures we capture the final post-install ResultCode
        # rather than an early ResultCode=0 (NotStarted).
        $byKey = @{}

        foreach ($u in $rawOutput) {
            if ($null -eq $u -or $u -isnot [PSObject]) { continue }
            if (-not ($u.PSObject.Properties.Name -contains 'Title')) { continue }
            if ([string]::IsNullOrWhiteSpace($u.Title)) { continue }

            $resultCode = 0
            try { $resultCode = [int]$u.ResultCode } catch { $resultCode = 4 }
            $succeeded = ($resultCode -eq 2 -or $resultCode -eq 3)

            # ResultCode=0 means NotStarted — treat as Skipped, not Failed.
            $status = if ($succeeded) { 'Succeeded' } elseif ($resultCode -eq 0) { 'Skipped' } else { 'Failed' }

            $kb = ''
            try {
                if ($u.KBArticleIDs -and $u.KBArticleIDs.Count -gt 0) {
                    $kb = 'KB' + $u.KBArticleIDs[0]
                }
            } catch {}

            $needsReboot = $false
            try { $needsReboot = [bool]$u.RebootRequired } catch {}

            $byKey[$u.Title] = [PSCustomObject]@{
                Identifier     = $kb
                Title          = [string]$u.Title
                Status         = $status
                ErrorMessage   = if ($succeeded -or $resultCode -eq 0) { '' } else { 'ResultCode=' + $resultCode }
                RebootRequired = $needsReboot
                AttemptedAt    = (Get-Date -Format 'o')
            }
        }

        $results = @($byKey.Values)

        if ($results.Count -eq 0) {
            Write-Output '[]'
        } else {
            $results | ConvertTo-Json -Compress
        }
2026-07-03 18:29:17.577 -05:00 [INF] (Thread 63) WindowsUpdateWorker: no updates installed — system reboot is already pending.
2026-07-03 18:29:17.577 -05:00 [INF] (Thread 63) WindowsUpdateWorker: pass complete. Total=4 Succeeded=1 Failed=0 Skipped=3
2026-07-03 18:29:17.577 -05:00 [INF] (Thread 63) WingetWorker: skipping — last run was 2026-06-30T17:09:51.4718596Z (less than 7 days ago).
2026-07-03 18:29:17.577 -05:00 [INF] (Thread 63) UpdateOrchestrator: cycle complete. Total=4 Succeeded=1 Failed=0 RebootRequired=true
2026-07-03 18:29:17.577 -05:00 [INF] (Thread 63) UpdateOrchestrator: reboot required but last reboot was 19.5 hours ago — skipping notification until 2-day minimum has elapsed.
2026-07-03 18:29:17.577 -05:00 [INF] (Thread 63) UpdateBackgroundService: next cycle in "01:00:00".
2026-07-03 19:29:17.584 -05:00 [INF] (Thread 63) SelfUpdater: checking for updates. Current version: 0.26.230.591
2026-07-03 19:29:17.663 -05:00 [INF] (Thread 69) SelfUpdater: remote version = 0.26.230.591.
2026-07-03 19:29:17.663 -05:00 [INF] (Thread 69) SelfUpdater: already up to date.
2026-07-03 19:29:17.664 -05:00 [INF] (Thread 69) UpdateOrchestrator: === Update cycle starting ===
2026-07-03 19:29:17.664 -05:00 [INF] (Thread 69) WindowsUpdateWorker: starting update pass.
2026-07-03 19:29:17.664 -05:00 [INF] (Thread 69) WindowsUpdateWorker: verifying PSWindowsUpdate module.
2026-07-03 19:29:17.664 -05:00 [DBG] (Thread 72) WindowsUpdateWorker: running PS script: $ProgressPreference = 'SilentlyContinue'
            $ErrorActionPreference = 'Stop'
            try {
                if (-not (Get-PackageProvider -Name NuGet -ListAvailable -ErrorAction SilentlyContinue)) {
                    Install-PackageProvider -Name NuGet -MinimumVersion 2.8.5.201 -Force -Scope AllUsers | Out-Null
                }
                Set-PSRepository -Name PSGallery -InstallationPolicy Trusted -ErrorAction SilentlyContinue
                if (-not (Get-Module -ListAvailable -Name PSWindowsUpdate -ErrorAction SilentlyContinue)) {
                    Install-Module PSWindowsUpdate -Force -SkipPublisherCheck -Scope AllUsers | Out-Null
                }
                Import-Module PSWindowsUpdate -Force -ErrorAction Stop
                try {
                    Add-WUServiceManager -MicrosoftUpdate -Confirm:$false -ErrorAction SilentlyContinue | Out-Null
                } catch {}
                Write-Output 'OK'
            } catch {
                Write-Output ('ERROR: ' + $_.Exception.Message)
            }
2026-07-03 19:29:30.907 -05:00 [INF] (Thread 72) WindowsUpdateWorker: PSWindowsUpdate module OK.
2026-07-03 19:29:30.907 -05:00 [DBG] (Thread 72) WindowsUpdateWorker: running PS script: Import-Module PSWindowsUpdate -ErrorAction Stop
        $ProgressPreference = 'SilentlyContinue'

        # Force the Windows Update Agent to scan before installing.
        # Fixes 0x80248007 (WU_E_DS_NODATA) on fresh builds or machines
        # whose update data store has not been initialised yet.
        try {
            Start-Process -FilePath 'UsoClient.exe' `
                -ArgumentList 'StartScan' `
                -Wait -NoNewWindow -ErrorAction SilentlyContinue
            Start-Sleep -Seconds 30
        } catch {}

        # 2>&1 merges stderr into the pipeline mixing strings with update
        # objects -- we filter them out in the foreach loop below.
        $rawOutput = Install-WindowsUpdate `
            -MicrosoftUpdate `
            -AcceptAll `
            -IgnoreReboot `
            -Install `
            -ErrorAction Continue 2>&1

        # Use a hashtable keyed on Title to keep only the LAST result per update.
        # PSWindowsUpdate emits objects at multiple pipeline stages (search, download,
        # install); overwriting ensures we capture the final post-install ResultCode
        # rather than an early ResultCode=0 (NotStarted).
        $byKey = @{}

        foreach ($u in $rawOutput) {
            if ($null -eq $u -or $u -isnot [PSObject]) { continue }
            if (-not ($u.PSObject.Properties.Name -contains 'Title')) { continue }
            if ([string]::IsNullOrWhiteSpace($u.Title)) { continue }

            $resultCode = 0
            try { $resultCode = [int]$u.ResultCode } catch { $resultCode = 4 }
            $succeeded = ($resultCode -eq 2 -or $resultCode -eq 3)

            # ResultCode=0 means NotStarted — treat as Skipped, not Failed.
            $status = if ($succeeded) { 'Succeeded' } elseif ($resultCode -eq 0) { 'Skipped' } else { 'Failed' }

            $kb = ''
            try {
                if ($u.KBArticleIDs -and $u.KBArticleIDs.Count -gt 0) {
                    $kb = 'KB' + $u.KBArticleIDs[0]
                }
            } catch {}

            $needsReboot = $false
            try { $needsReboot = [bool]$u.RebootRequired } catch {}

            $byKey[$u.Title] = [PSCustomObject]@{
                Identifier     = $kb
                Title          = [string]$u.Title
                Status         = $status
                ErrorMessage   = if ($succeeded -or $resultCode -eq 0) { '' } else { 'ResultCode=' + $resultCode }
                RebootRequired = $needsReboot
                AttemptedAt    = (Get-Date -Format 'o')
            }
        }

        $results = @($byKey.Values)

        if ($results.Count -eq 0) {
            Write-Output '[]'
        } else {
            $results | ConvertTo-Json -Compress
        }
2026-07-03 19:31:16.263 -05:00 [INF] (Thread 66) WindowsUpdateWorker: no updates installed — system reboot is already pending.
2026-07-03 19:31:16.263 -05:00 [INF] (Thread 66) WindowsUpdateWorker: pass complete. Total=4 Succeeded=1 Failed=0 Skipped=3
2026-07-03 19:31:16.264 -05:00 [INF] (Thread 66) WingetWorker: skipping — last run was 2026-06-30T17:09:51.4718596Z (less than 7 days ago).
2026-07-03 19:31:16.264 -05:00 [INF] (Thread 66) UpdateOrchestrator: cycle complete. Total=4 Succeeded=1 Failed=0 RebootRequired=true
2026-07-03 19:31:16.264 -05:00 [INF] (Thread 66) UpdateOrchestrator: reboot required but last reboot was 20.5 hours ago — skipping notification until 2-day minimum has elapsed.
2026-07-03 19:31:16.264 -05:00 [INF] (Thread 66) UpdateBackgroundService: next cycle in "01:00:00".
2026-07-03 20:31:16.285 -05:00 [INF] (Thread 74) SelfUpdater: checking for updates. Current version: 0.26.230.591
2026-07-03 20:31:16.378 -05:00 [INF] (Thread 66) SelfUpdater: remote version = 0.26.230.591.
2026-07-03 20:31:16.378 -05:00 [INF] (Thread 66) SelfUpdater: already up to date.
2026-07-03 20:31:16.378 -05:00 [INF] (Thread 66) UpdateOrchestrator: === Update cycle starting ===
2026-07-03 20:31:16.378 -05:00 [INF] (Thread 66) WindowsUpdateWorker: starting update pass.
2026-07-03 20:31:16.378 -05:00 [INF] (Thread 66) WindowsUpdateWorker: verifying PSWindowsUpdate module.
2026-07-03 20:31:16.379 -05:00 [DBG] (Thread 66) WindowsUpdateWorker: running PS script: $ProgressPreference = 'SilentlyContinue'
            $ErrorActionPreference = 'Stop'
            try {
                if (-not (Get-PackageProvider -Name NuGet -ListAvailable -ErrorAction SilentlyContinue)) {
                    Install-PackageProvider -Name NuGet -MinimumVersion 2.8.5.201 -Force -Scope AllUsers | Out-Null
                }
                Set-PSRepository -Name PSGallery -InstallationPolicy Trusted -ErrorAction SilentlyContinue
                if (-not (Get-Module -ListAvailable -Name PSWindowsUpdate -ErrorAction SilentlyContinue)) {
                    Install-Module PSWindowsUpdate -Force -SkipPublisherCheck -Scope AllUsers | Out-Null
                }
                Import-Module PSWindowsUpdate -Force -ErrorAction Stop
                try {
                    Add-WUServiceManager -MicrosoftUpdate -Confirm:$false -ErrorAction SilentlyContinue | Out-Null
                } catch {}
                Write-Output 'OK'
            } catch {
                Write-Output ('ERROR: ' + $_.Exception.Message)
            }
2026-07-03 20:31:29.741 -05:00 [INF] (Thread 76) WindowsUpdateWorker: PSWindowsUpdate module OK.
2026-07-03 20:31:29.742 -05:00 [DBG] (Thread 76) WindowsUpdateWorker: running PS script: Import-Module PSWindowsUpdate -ErrorAction Stop
        $ProgressPreference = 'SilentlyContinue'

        # Force the Windows Update Agent to scan before installing.
        # Fixes 0x80248007 (WU_E_DS_NODATA) on fresh builds or machines
        # whose update data store has not been initialised yet.
        try {
            Start-Process -FilePath 'UsoClient.exe' `
                -ArgumentList 'StartScan' `
                -Wait -NoNewWindow -ErrorAction SilentlyContinue
            Start-Sleep -Seconds 30
        } catch {}

        # 2>&1 merges stderr into the pipeline mixing strings with update
        # objects -- we filter them out in the foreach loop below.
        $rawOutput = Install-WindowsUpdate `
            -MicrosoftUpdate `
            -AcceptAll `
            -IgnoreReboot `
            -Install `
            -ErrorAction Continue 2>&1

        # Use a hashtable keyed on Title to keep only the LAST result per update.
        # PSWindowsUpdate emits objects at multiple pipeline stages (search, download,
        # install); overwriting ensures we capture the final post-install ResultCode
        # rather than an early ResultCode=0 (NotStarted).
        $byKey = @{}

        foreach ($u in $rawOutput) {
            if ($null -eq $u -or $u -isnot [PSObject]) { continue }
            if (-not ($u.PSObject.Properties.Name -contains 'Title')) { continue }
            if ([string]::IsNullOrWhiteSpace($u.Title)) { continue }

            $resultCode = 0
            try { $resultCode = [int]$u.ResultCode } catch { $resultCode = 4 }
            $succeeded = ($resultCode -eq 2 -or $resultCode -eq 3)

            # ResultCode=0 means NotStarted — treat as Skipped, not Failed.
            $status = if ($succeeded) { 'Succeeded' } elseif ($resultCode -eq 0) { 'Skipped' } else { 'Failed' }

            $kb = ''
            try {
                if ($u.KBArticleIDs -and $u.KBArticleIDs.Count -gt 0) {
                    $kb = 'KB' + $u.KBArticleIDs[0]
                }
            } catch {}

            $needsReboot = $false
            try { $needsReboot = [bool]$u.RebootRequired } catch {}

            $byKey[$u.Title] = [PSCustomObject]@{
                Identifier     = $kb
                Title          = [string]$u.Title
                Status         = $status
                ErrorMessage   = if ($succeeded -or $resultCode -eq 0) { '' } else { 'ResultCode=' + $resultCode }
                RebootRequired = $needsReboot
                AttemptedAt    = (Get-Date -Format 'o')
            }
        }

        $results = @($byKey.Values)

        if ($results.Count -eq 0) {
            Write-Output '[]'
        } else {
            $results | ConvertTo-Json -Compress
        }
2026-07-03 20:32:26.920 -05:00 [INF] (Thread 76) WindowsUpdateWorker: no updates installed — system reboot is already pending.
2026-07-03 20:32:26.920 -05:00 [INF] (Thread 76) WindowsUpdateWorker: pass complete. Total=4 Succeeded=1 Failed=0 Skipped=3
2026-07-03 20:32:26.920 -05:00 [INF] (Thread 76) WingetWorker: skipping — last run was 2026-06-30T17:09:51.4718596Z (less than 7 days ago).
2026-07-03 20:32:26.920 -05:00 [INF] (Thread 76) UpdateOrchestrator: cycle complete. Total=4 Succeeded=1 Failed=0 RebootRequired=true
2026-07-03 20:32:26.921 -05:00 [INF] (Thread 76) UpdateOrchestrator: reboot required but last reboot was 21.5 hours ago — skipping notification until 2-day minimum has elapsed.
2026-07-03 20:32:26.921 -05:00 [INF] (Thread 76) UpdateBackgroundService: next cycle in "01:00:00".
2026-07-03 21:32:26.937 -05:00 [INF] (Thread 71) SelfUpdater: checking for updates. Current version: 0.26.230.591
2026-07-03 21:32:27.023 -05:00 [INF] (Thread 76) SelfUpdater: remote version = 0.26.230.591.
2026-07-03 21:32:27.023 -05:00 [INF] (Thread 76) SelfUpdater: already up to date.
2026-07-03 21:32:27.023 -05:00 [INF] (Thread 76) UpdateOrchestrator: === Update cycle starting ===
2026-07-03 21:32:27.023 -05:00 [INF] (Thread 76) WindowsUpdateWorker: starting update pass.
2026-07-03 21:32:27.023 -05:00 [INF] (Thread 76) WindowsUpdateWorker: verifying PSWindowsUpdate module.
2026-07-03 21:32:27.023 -05:00 [DBG] (Thread 76) WindowsUpdateWorker: running PS script: $ProgressPreference = 'SilentlyContinue'
            $ErrorActionPreference = 'Stop'
            try {
                if (-not (Get-PackageProvider -Name NuGet -ListAvailable -ErrorAction SilentlyContinue)) {
                    Install-PackageProvider -Name NuGet -MinimumVersion 2.8.5.201 -Force -Scope AllUsers | Out-Null
                }
                Set-PSRepository -Name PSGallery -InstallationPolicy Trusted -ErrorAction SilentlyContinue
                if (-not (Get-Module -ListAvailable -Name PSWindowsUpdate -ErrorAction SilentlyContinue)) {
                    Install-Module PSWindowsUpdate -Force -SkipPublisherCheck -Scope AllUsers | Out-Null
                }
                Import-Module PSWindowsUpdate -Force -ErrorAction Stop
                try {
                    Add-WUServiceManager -MicrosoftUpdate -Confirm:$false -ErrorAction SilentlyContinue | Out-Null
                } catch {}
                Write-Output 'OK'
            } catch {
                Write-Output ('ERROR: ' + $_.Exception.Message)
            }
2026-07-03 21:32:41.191 -05:00 [INF] (Thread 71) WindowsUpdateWorker: PSWindowsUpdate module OK.
2026-07-03 21:32:41.192 -05:00 [DBG] (Thread 71) WindowsUpdateWorker: running PS script: Import-Module PSWindowsUpdate -ErrorAction Stop
        $ProgressPreference = 'SilentlyContinue'

        # Force the Windows Update Agent to scan before installing.
        # Fixes 0x80248007 (WU_E_DS_NODATA) on fresh builds or machines
        # whose update data store has not been initialised yet.
        try {
            Start-Process -FilePath 'UsoClient.exe' `
                -ArgumentList 'StartScan' `
                -Wait -NoNewWindow -ErrorAction SilentlyContinue
            Start-Sleep -Seconds 30
        } catch {}

        # 2>&1 merges stderr into the pipeline mixing strings with update
        # objects -- we filter them out in the foreach loop below.
        $rawOutput = Install-WindowsUpdate `
            -MicrosoftUpdate `
            -AcceptAll `
            -IgnoreReboot `
            -Install `
            -ErrorAction Continue 2>&1

        # Use a hashtable keyed on Title to keep only the LAST result per update.
        # PSWindowsUpdate emits objects at multiple pipeline stages (search, download,
        # install); overwriting ensures we capture the final post-install ResultCode
        # rather than an early ResultCode=0 (NotStarted).
        $byKey = @{}

        foreach ($u in $rawOutput) {
            if ($null -eq $u -or $u -isnot [PSObject]) { continue }
            if (-not ($u.PSObject.Properties.Name -contains 'Title')) { continue }
            if ([string]::IsNullOrWhiteSpace($u.Title)) { continue }

            $resultCode = 0
            try { $resultCode = [int]$u.ResultCode } catch { $resultCode = 4 }
            $succeeded = ($resultCode -eq 2 -or $resultCode -eq 3)

            # ResultCode=0 means NotStarted — treat as Skipped, not Failed.
            $status = if ($succeeded) { 'Succeeded' } elseif ($resultCode -eq 0) { 'Skipped' } else { 'Failed' }

            $kb = ''
            try {
                if ($u.KBArticleIDs -and $u.KBArticleIDs.Count -gt 0) {
                    $kb = 'KB' + $u.KBArticleIDs[0]
                }
            } catch {}

            $needsReboot = $false
            try { $needsReboot = [bool]$u.RebootRequired } catch {}

            $byKey[$u.Title] = [PSCustomObject]@{
                Identifier     = $kb
                Title          = [string]$u.Title
                Status         = $status
                ErrorMessage   = if ($succeeded -or $resultCode -eq 0) { '' } else { 'ResultCode=' + $resultCode }
                RebootRequired = $needsReboot
                AttemptedAt    = (Get-Date -Format 'o')
            }
        }

        $results = @($byKey.Values)

        if ($results.Count -eq 0) {
            Write-Output '[]'
        } else {
            $results | ConvertTo-Json -Compress
        }
2026-07-03 21:33:39.752 -05:00 [INF] (Thread 76) WindowsUpdateWorker: no updates installed — system reboot is already pending.
2026-07-03 21:33:39.752 -05:00 [INF] (Thread 76) WindowsUpdateWorker: pass complete. Total=4 Succeeded=1 Failed=0 Skipped=3
2026-07-03 21:33:39.752 -05:00 [INF] (Thread 76) WingetWorker: skipping — last run was 2026-06-30T17:09:51.4718596Z (less than 7 days ago).
2026-07-03 21:33:39.752 -05:00 [INF] (Thread 76) UpdateOrchestrator: cycle complete. Total=4 Succeeded=1 Failed=0 RebootRequired=true
2026-07-03 21:33:39.752 -05:00 [INF] (Thread 76) UpdateOrchestrator: reboot required but last reboot was 22.6 hours ago — skipping notification until 2-day minimum has elapsed.
2026-07-03 21:33:39.752 -05:00 [INF] (Thread 76) UpdateBackgroundService: next cycle in "01:00:00".
2026-07-03 22:33:39.765 -05:00 [INF] (Thread 77) SelfUpdater: checking for updates. Current version: 0.26.230.591
2026-07-03 22:33:39.853 -05:00 [INF] (Thread 80) SelfUpdater: remote version = 0.26.230.591.
2026-07-03 22:33:39.853 -05:00 [INF] (Thread 80) SelfUpdater: already up to date.
2026-07-03 22:33:39.853 -05:00 [INF] (Thread 80) UpdateOrchestrator: === Update cycle starting ===
2026-07-03 22:33:39.853 -05:00 [INF] (Thread 80) WindowsUpdateWorker: starting update pass.
2026-07-03 22:33:39.853 -05:00 [INF] (Thread 80) WindowsUpdateWorker: verifying PSWindowsUpdate module.
2026-07-03 22:33:39.854 -05:00 [DBG] (Thread 80) WindowsUpdateWorker: running PS script: $ProgressPreference = 'SilentlyContinue'
            $ErrorActionPreference = 'Stop'
            try {
                if (-not (Get-PackageProvider -Name NuGet -ListAvailable -ErrorAction SilentlyContinue)) {
                    Install-PackageProvider -Name NuGet -MinimumVersion 2.8.5.201 -Force -Scope AllUsers | Out-Null
                }
                Set-PSRepository -Name PSGallery -InstallationPolicy Trusted -ErrorAction SilentlyContinue
                if (-not (Get-Module -ListAvailable -Name PSWindowsUpdate -ErrorAction SilentlyContinue)) {
                    Install-Module PSWindowsUpdate -Force -SkipPublisherCheck -Scope AllUsers | Out-Null
                }
                Import-Module PSWindowsUpdate -Force -ErrorAction Stop
                try {
                    Add-WUServiceManager -MicrosoftUpdate -Confirm:$false -ErrorAction SilentlyContinue | Out-Null
                } catch {}
                Write-Output 'OK'
            } catch {
                Write-Output ('ERROR: ' + $_.Exception.Message)
            }
2026-07-03 22:33:53.871 -05:00 [INF] (Thread 76) WindowsUpdateWorker: PSWindowsUpdate module OK.
2026-07-03 22:33:53.871 -05:00 [DBG] (Thread 76) WindowsUpdateWorker: running PS script: Import-Module PSWindowsUpdate -ErrorAction Stop
        $ProgressPreference = 'SilentlyContinue'

        # Force the Windows Update Agent to scan before installing.
        # Fixes 0x80248007 (WU_E_DS_NODATA) on fresh builds or machines
        # whose update data store has not been initialised yet.
        try {
            Start-Process -FilePath 'UsoClient.exe' `
                -ArgumentList 'StartScan' `
                -Wait -NoNewWindow -ErrorAction SilentlyContinue
            Start-Sleep -Seconds 30
        } catch {}

        # 2>&1 merges stderr into the pipeline mixing strings with update
        # objects -- we filter them out in the foreach loop below.
        $rawOutput = Install-WindowsUpdate `
            -MicrosoftUpdate `
            -AcceptAll `
            -IgnoreReboot `
            -Install `
            -ErrorAction Continue 2>&1

        # Use a hashtable keyed on Title to keep only the LAST result per update.
        # PSWindowsUpdate emits objects at multiple pipeline stages (search, download,
        # install); overwriting ensures we capture the final post-install ResultCode
        # rather than an early ResultCode=0 (NotStarted).
        $byKey = @{}

        foreach ($u in $rawOutput) {
            if ($null -eq $u -or $u -isnot [PSObject]) { continue }
            if (-not ($u.PSObject.Properties.Name -contains 'Title')) { continue }
            if ([string]::IsNullOrWhiteSpace($u.Title)) { continue }

            $resultCode = 0
            try { $resultCode = [int]$u.ResultCode } catch { $resultCode = 4 }
            $succeeded = ($resultCode -eq 2 -or $resultCode -eq 3)

            # ResultCode=0 means NotStarted — treat as Skipped, not Failed.
            $status = if ($succeeded) { 'Succeeded' } elseif ($resultCode -eq 0) { 'Skipped' } else { 'Failed' }

            $kb = ''
            try {
                if ($u.KBArticleIDs -and $u.KBArticleIDs.Count -gt 0) {
                    $kb = 'KB' + $u.KBArticleIDs[0]
                }
            } catch {}

            $needsReboot = $false
            try { $needsReboot = [bool]$u.RebootRequired } catch {}

            $byKey[$u.Title] = [PSCustomObject]@{
                Identifier     = $kb
                Title          = [string]$u.Title
                Status         = $status
                ErrorMessage   = if ($succeeded -or $resultCode -eq 0) { '' } else { 'ResultCode=' + $resultCode }
                RebootRequired = $needsReboot
                AttemptedAt    = (Get-Date -Format 'o')
            }
        }

        $results = @($byKey.Values)

        if ($results.Count -eq 0) {
            Write-Output '[]'
        } else {
            $results | ConvertTo-Json -Compress
        }
2026-07-03 22:34:51.848 -05:00 [INF] (Thread 77) WindowsUpdateWorker: no updates installed — system reboot is already pending.
2026-07-03 22:34:51.848 -05:00 [INF] (Thread 77) WindowsUpdateWorker: pass complete. Total=4 Succeeded=1 Failed=0 Skipped=3
2026-07-03 22:34:51.848 -05:00 [INF] (Thread 77) WingetWorker: skipping — last run was 2026-06-30T17:09:51.4718596Z (less than 7 days ago).
2026-07-03 22:34:51.848 -05:00 [INF] (Thread 77) UpdateOrchestrator: cycle complete. Total=4 Succeeded=1 Failed=0 RebootRequired=true
2026-07-03 22:34:51.848 -05:00 [INF] (Thread 77) UpdateOrchestrator: reboot required but last reboot was 23.6 hours ago — skipping notification until 2-day minimum has elapsed.
2026-07-03 22:34:51.848 -05:00 [INF] (Thread 77) UpdateBackgroundService: next cycle in "01:00:00".
2026-07-03 23:34:51.863 -05:00 [INF] (Thread 81) SelfUpdater: checking for updates. Current version: 0.26.230.591
2026-07-03 23:34:51.934 -05:00 [INF] (Thread 83) SelfUpdater: remote version = 0.26.230.591.
2026-07-03 23:34:51.934 -05:00 [INF] (Thread 83) SelfUpdater: already up to date.
2026-07-03 23:34:51.934 -05:00 [INF] (Thread 83) UpdateOrchestrator: === Update cycle starting ===
2026-07-03 23:34:51.934 -05:00 [INF] (Thread 83) WindowsUpdateWorker: starting update pass.
2026-07-03 23:34:51.934 -05:00 [INF] (Thread 83) WindowsUpdateWorker: verifying PSWindowsUpdate module.
2026-07-03 23:34:51.935 -05:00 [DBG] (Thread 83) WindowsUpdateWorker: running PS script: $ProgressPreference = 'SilentlyContinue'
            $ErrorActionPreference = 'Stop'
            try {
                if (-not (Get-PackageProvider -Name NuGet -ListAvailable -ErrorAction SilentlyContinue)) {
                    Install-PackageProvider -Name NuGet -MinimumVersion 2.8.5.201 -Force -Scope AllUsers | Out-Null
                }
                Set-PSRepository -Name PSGallery -InstallationPolicy Trusted -ErrorAction SilentlyContinue
                if (-not (Get-Module -ListAvailable -Name PSWindowsUpdate -ErrorAction SilentlyContinue)) {
                    Install-Module PSWindowsUpdate -Force -SkipPublisherCheck -Scope AllUsers | Out-Null
                }
                Import-Module PSWindowsUpdate -Force -ErrorAction Stop
                try {
                    Add-WUServiceManager -MicrosoftUpdate -Confirm:$false -ErrorAction SilentlyContinue | Out-Null
                } catch {}
                Write-Output 'OK'
            } catch {
                Write-Output ('ERROR: ' + $_.Exception.Message)
            }
2026-07-03 23:35:05.604 -05:00 [INF] (Thread 81) WindowsUpdateWorker: PSWindowsUpdate module OK.
2026-07-03 23:35:05.605 -05:00 [DBG] (Thread 81) WindowsUpdateWorker: running PS script: Import-Module PSWindowsUpdate -ErrorAction Stop
        $ProgressPreference = 'SilentlyContinue'

        # Force the Windows Update Agent to scan before installing.
        # Fixes 0x80248007 (WU_E_DS_NODATA) on fresh builds or machines
        # whose update data store has not been initialised yet.
        try {
            Start-Process -FilePath 'UsoClient.exe' `
                -ArgumentList 'StartScan' `
                -Wait -NoNewWindow -ErrorAction SilentlyContinue
            Start-Sleep -Seconds 30
        } catch {}

        # 2>&1 merges stderr into the pipeline mixing strings with update
        # objects -- we filter them out in the foreach loop below.
        $rawOutput = Install-WindowsUpdate `
            -MicrosoftUpdate `
            -AcceptAll `
            -IgnoreReboot `
            -Install `
            -ErrorAction Continue 2>&1

        # Use a hashtable keyed on Title to keep only the LAST result per update.
        # PSWindowsUpdate emits objects at multiple pipeline stages (search, download,
        # install); overwriting ensures we capture the final post-install ResultCode
        # rather than an early ResultCode=0 (NotStarted).
        $byKey = @{}

        foreach ($u in $rawOutput) {
            if ($null -eq $u -or $u -isnot [PSObject]) { continue }
            if (-not ($u.PSObject.Properties.Name -contains 'Title')) { continue }
            if ([string]::IsNullOrWhiteSpace($u.Title)) { continue }

            $resultCode = 0
            try { $resultCode = [int]$u.ResultCode } catch { $resultCode = 4 }
            $succeeded = ($resultCode -eq 2 -or $resultCode -eq 3)

            # ResultCode=0 means NotStarted — treat as Skipped, not Failed.
            $status = if ($succeeded) { 'Succeeded' } elseif ($resultCode -eq 0) { 'Skipped' } else { 'Failed' }

            $kb = ''
            try {
                if ($u.KBArticleIDs -and $u.KBArticleIDs.Count -gt 0) {
                    $kb = 'KB' + $u.KBArticleIDs[0]
                }
            } catch {}

            $needsReboot = $false
            try { $needsReboot = [bool]$u.RebootRequired } catch {}

            $byKey[$u.Title] = [PSCustomObject]@{
                Identifier     = $kb
                Title          = [string]$u.Title
                Status         = $status
                ErrorMessage   = if ($succeeded -or $resultCode -eq 0) { '' } else { 'ResultCode=' + $resultCode }
                RebootRequired = $needsReboot
                AttemptedAt    = (Get-Date -Format 'o')
            }
        }

        $results = @($byKey.Values)

        if ($results.Count -eq 0) {
            Write-Output '[]'
        } else {
            $results | ConvertTo-Json -Compress
        }
2026-07-03 23:36:04.060 -05:00 [INF] (Thread 81) WindowsUpdateWorker: no updates installed — system reboot is already pending.
2026-07-03 23:36:04.060 -05:00 [INF] (Thread 81) WindowsUpdateWorker: pass complete. Total=4 Succeeded=1 Failed=0 Skipped=3
2026-07-03 23:36:04.060 -05:00 [INF] (Thread 81) WingetWorker: skipping — last run was 2026-06-30T17:09:51.4718596Z (less than 7 days ago).
2026-07-03 23:36:04.060 -05:00 [INF] (Thread 81) UpdateOrchestrator: cycle complete. Total=4 Succeeded=1 Failed=0 RebootRequired=true
2026-07-03 23:36:04.060 -05:00 [INF] (Thread 81) UpdateOrchestrator: reboot required but last reboot was 24.6 hours ago — skipping notification until 2-day minimum has elapsed.
2026-07-03 23:36:04.060 -05:00 [INF] (Thread 81) UpdateBackgroundService: next cycle in "01:00:00".
