2026-07-11 00:55:20.728 -05:00 [INF] (Thread 49) SelfUpdater: checking for updates. Current version: 0.26.230.591
2026-07-11 00:55:20.914 -05:00 [INF] (Thread 49) SelfUpdater: remote version = 0.26.230.591.
2026-07-11 00:55:20.914 -05:00 [INF] (Thread 49) SelfUpdater: already up to date.
2026-07-11 00:55:20.914 -05:00 [INF] (Thread 49) UpdateOrchestrator: === Update cycle starting ===
2026-07-11 00:55:20.915 -05:00 [INF] (Thread 49) WindowsUpdateWorker: starting update pass.
2026-07-11 00:55:20.915 -05:00 [INF] (Thread 49) WindowsUpdateWorker: verifying PSWindowsUpdate module.
2026-07-11 00:55:20.920 -05:00 [DBG] (Thread 49) WindowsUpdateWorker: running PS script: $ProgressPreference = 'SilentlyContinue'
            $ErrorActionPreference = 'Stop'
            try {
                if (-not (Get-PackageProvider -Name NuGet -ListAvailable -ErrorAction SilentlyContinue)) {
                    Install-PackageProvider -Name NuGet -MinimumVersion 2.8.5.201 -Force -Scope AllUsers | Out-Null
                }
                Set-PSRepository -Name PSGallery -InstallationPolicy Trusted -ErrorAction SilentlyContinue
                if (-not (Get-Module -ListAvailable -Name PSWindowsUpdate -ErrorAction SilentlyContinue)) {
                    Install-Module PSWindowsUpdate -Force -SkipPublisherCheck -Scope AllUsers | Out-Null
                }
                Import-Module PSWindowsUpdate -Force -ErrorAction Stop
                try {
                    Add-WUServiceManager -MicrosoftUpdate -Confirm:$false -ErrorAction SilentlyContinue | Out-Null
                } catch {}
                Write-Output 'OK'
            } catch {
                Write-Output ('ERROR: ' + $_.Exception.Message)
            }
2026-07-11 00:55:34.450 -05:00 [INF] (Thread 49) WindowsUpdateWorker: PSWindowsUpdate module OK.
2026-07-11 00:55:34.451 -05:00 [DBG] (Thread 49) WindowsUpdateWorker: running PS script: Import-Module PSWindowsUpdate -ErrorAction Stop
        $ProgressPreference = 'SilentlyContinue'

        # Force the Windows Update Agent to scan before installing.
        # Fixes 0x80248007 (WU_E_DS_NODATA) on fresh builds or machines
        # whose update data store has not been initialised yet.
        try {
            Start-Process -FilePath 'UsoClient.exe' `
                -ArgumentList 'StartScan' `
                -Wait -NoNewWindow -ErrorAction SilentlyContinue
            Start-Sleep -Seconds 30
        } catch {}

        # 2>&1 merges stderr into the pipeline mixing strings with update
        # objects -- we filter them out in the foreach loop below.
        $rawOutput = Install-WindowsUpdate `
            -MicrosoftUpdate `
            -AcceptAll `
            -IgnoreReboot `
            -Install `
            -ErrorAction Continue 2>&1

        # Use a hashtable keyed on Title to keep only the LAST result per update.
        # PSWindowsUpdate emits objects at multiple pipeline stages (search, download,
        # install); overwriting ensures we capture the final post-install ResultCode
        # rather than an early ResultCode=0 (NotStarted).
        $byKey = @{}

        foreach ($u in $rawOutput) {
            if ($null -eq $u -or $u -isnot [PSObject]) { continue }
            if (-not ($u.PSObject.Properties.Name -contains 'Title')) { continue }
            if ([string]::IsNullOrWhiteSpace($u.Title)) { continue }

            $resultCode = 0
            try { $resultCode = [int]$u.ResultCode } catch { $resultCode = 4 }
            $succeeded = ($resultCode -eq 2 -or $resultCode -eq 3)

            # ResultCode=0 means NotStarted — treat as Skipped, not Failed.
            $status = if ($succeeded) { 'Succeeded' } elseif ($resultCode -eq 0) { 'Skipped' } else { 'Failed' }

            $kb = ''
            try {
                if ($u.KBArticleIDs -and $u.KBArticleIDs.Count -gt 0) {
                    $kb = 'KB' + $u.KBArticleIDs[0]
                }
            } catch {}

            $needsReboot = $false
            try { $needsReboot = [bool]$u.RebootRequired } catch {}

            $byKey[$u.Title] = [PSCustomObject]@{
                Identifier     = $kb
                Title          = [string]$u.Title
                Status         = $status
                ErrorMessage   = if ($succeeded -or $resultCode -eq 0) { '' } else { 'ResultCode=' + $resultCode }
                RebootRequired = $needsReboot
                AttemptedAt    = (Get-Date -Format 'o')
            }
        }

        $results = @($byKey.Values)

        if ($results.Count -eq 0) {
            Write-Output '[]'
        } else {
            $results | ConvertTo-Json -Compress
        }
2026-07-11 00:56:30.696 -05:00 [INF] (Thread 55) WindowsUpdateWorker: no updates installed — system reboot is already pending.
2026-07-11 00:56:30.696 -05:00 [INF] (Thread 55) WindowsUpdateWorker: pass complete. Total=4 Succeeded=1 Failed=0 Skipped=3
2026-07-11 00:56:30.702 -05:00 [INF] (Thread 55) WingetWorker: skipping — last run was 2026-07-07T17:42:46.7274782Z (less than 7 days ago).
2026-07-11 00:56:30.702 -05:00 [INF] (Thread 55) UpdateOrchestrator: cycle complete. Total=4 Succeeded=1 Failed=0 RebootRequired=true
2026-07-11 00:56:30.702 -05:00 [INF] (Thread 55) UpdateOrchestrator: reboot required but last reboot was 15.8 hours ago — skipping notification until 2-day minimum has elapsed.
2026-07-11 00:56:30.702 -05:00 [INF] (Thread 55) UpdateBackgroundService: next cycle in "01:00:00".
2026-07-11 01:56:30.723 -05:00 [INF] (Thread 55) SelfUpdater: checking for updates. Current version: 0.26.230.591
2026-07-11 01:56:30.857 -05:00 [INF] (Thread 55) SelfUpdater: remote version = 0.26.230.591.
2026-07-11 01:56:30.857 -05:00 [INF] (Thread 55) SelfUpdater: already up to date.
2026-07-11 01:56:30.857 -05:00 [INF] (Thread 55) UpdateOrchestrator: === Update cycle starting ===
2026-07-11 01:56:30.857 -05:00 [INF] (Thread 55) WindowsUpdateWorker: starting update pass.
2026-07-11 01:56:30.857 -05:00 [INF] (Thread 55) WindowsUpdateWorker: verifying PSWindowsUpdate module.
2026-07-11 01:56:30.859 -05:00 [DBG] (Thread 55) WindowsUpdateWorker: running PS script: $ProgressPreference = 'SilentlyContinue'
            $ErrorActionPreference = 'Stop'
            try {
                if (-not (Get-PackageProvider -Name NuGet -ListAvailable -ErrorAction SilentlyContinue)) {
                    Install-PackageProvider -Name NuGet -MinimumVersion 2.8.5.201 -Force -Scope AllUsers | Out-Null
                }
                Set-PSRepository -Name PSGallery -InstallationPolicy Trusted -ErrorAction SilentlyContinue
                if (-not (Get-Module -ListAvailable -Name PSWindowsUpdate -ErrorAction SilentlyContinue)) {
                    Install-Module PSWindowsUpdate -Force -SkipPublisherCheck -Scope AllUsers | Out-Null
                }
                Import-Module PSWindowsUpdate -Force -ErrorAction Stop
                try {
                    Add-WUServiceManager -MicrosoftUpdate -Confirm:$false -ErrorAction SilentlyContinue | Out-Null
                } catch {}
                Write-Output 'OK'
            } catch {
                Write-Output ('ERROR: ' + $_.Exception.Message)
            }
2026-07-11 01:56:43.459 -05:00 [INF] (Thread 62) WindowsUpdateWorker: PSWindowsUpdate module OK.
2026-07-11 01:56:43.461 -05:00 [DBG] (Thread 62) WindowsUpdateWorker: running PS script: Import-Module PSWindowsUpdate -ErrorAction Stop
        $ProgressPreference = 'SilentlyContinue'

        # Force the Windows Update Agent to scan before installing.
        # Fixes 0x80248007 (WU_E_DS_NODATA) on fresh builds or machines
        # whose update data store has not been initialised yet.
        try {
            Start-Process -FilePath 'UsoClient.exe' `
                -ArgumentList 'StartScan' `
                -Wait -NoNewWindow -ErrorAction SilentlyContinue
            Start-Sleep -Seconds 30
        } catch {}

        # 2>&1 merges stderr into the pipeline mixing strings with update
        # objects -- we filter them out in the foreach loop below.
        $rawOutput = Install-WindowsUpdate `
            -MicrosoftUpdate `
            -AcceptAll `
            -IgnoreReboot `
            -Install `
            -ErrorAction Continue 2>&1

        # Use a hashtable keyed on Title to keep only the LAST result per update.
        # PSWindowsUpdate emits objects at multiple pipeline stages (search, download,
        # install); overwriting ensures we capture the final post-install ResultCode
        # rather than an early ResultCode=0 (NotStarted).
        $byKey = @{}

        foreach ($u in $rawOutput) {
            if ($null -eq $u -or $u -isnot [PSObject]) { continue }
            if (-not ($u.PSObject.Properties.Name -contains 'Title')) { continue }
            if ([string]::IsNullOrWhiteSpace($u.Title)) { continue }

            $resultCode = 0
            try { $resultCode = [int]$u.ResultCode } catch { $resultCode = 4 }
            $succeeded = ($resultCode -eq 2 -or $resultCode -eq 3)

            # ResultCode=0 means NotStarted — treat as Skipped, not Failed.
            $status = if ($succeeded) { 'Succeeded' } elseif ($resultCode -eq 0) { 'Skipped' } else { 'Failed' }

            $kb = ''
            try {
                if ($u.KBArticleIDs -and $u.KBArticleIDs.Count -gt 0) {
                    $kb = 'KB' + $u.KBArticleIDs[0]
                }
            } catch {}

            $needsReboot = $false
            try { $needsReboot = [bool]$u.RebootRequired } catch {}

            $byKey[$u.Title] = [PSCustomObject]@{
                Identifier     = $kb
                Title          = [string]$u.Title
                Status         = $status
                ErrorMessage   = if ($succeeded -or $resultCode -eq 0) { '' } else { 'ResultCode=' + $resultCode }
                RebootRequired = $needsReboot
                AttemptedAt    = (Get-Date -Format 'o')
            }
        }

        $results = @($byKey.Values)

        if ($results.Count -eq 0) {
            Write-Output '[]'
        } else {
            $results | ConvertTo-Json -Compress
        }
2026-07-11 01:57:39.174 -05:00 [INF] (Thread 59) WindowsUpdateWorker: no updates installed — system reboot is already pending.
2026-07-11 01:57:39.174 -05:00 [INF] (Thread 59) WindowsUpdateWorker: pass complete. Total=4 Succeeded=1 Failed=0 Skipped=3
2026-07-11 01:57:39.174 -05:00 [INF] (Thread 59) WingetWorker: skipping — last run was 2026-07-07T17:42:46.7274782Z (less than 7 days ago).
2026-07-11 01:57:39.174 -05:00 [INF] (Thread 59) UpdateOrchestrator: cycle complete. Total=4 Succeeded=1 Failed=0 RebootRequired=true
2026-07-11 01:57:39.174 -05:00 [INF] (Thread 59) UpdateOrchestrator: reboot required but last reboot was 16.8 hours ago — skipping notification until 2-day minimum has elapsed.
2026-07-11 01:57:39.174 -05:00 [INF] (Thread 59) UpdateBackgroundService: next cycle in "01:00:00".
2026-07-11 02:57:39.182 -05:00 [INF] (Thread 62) SelfUpdater: checking for updates. Current version: 0.26.230.591
2026-07-11 02:57:39.404 -05:00 [INF] (Thread 62) SelfUpdater: remote version = 0.26.230.591.
2026-07-11 02:57:39.404 -05:00 [INF] (Thread 62) SelfUpdater: already up to date.
2026-07-11 02:57:39.404 -05:00 [INF] (Thread 62) UpdateOrchestrator: === Update cycle starting ===
2026-07-11 02:57:39.404 -05:00 [INF] (Thread 62) WindowsUpdateWorker: starting update pass.
2026-07-11 02:57:39.404 -05:00 [INF] (Thread 62) WindowsUpdateWorker: verifying PSWindowsUpdate module.
2026-07-11 02:57:39.406 -05:00 [DBG] (Thread 62) WindowsUpdateWorker: running PS script: $ProgressPreference = 'SilentlyContinue'
            $ErrorActionPreference = 'Stop'
            try {
                if (-not (Get-PackageProvider -Name NuGet -ListAvailable -ErrorAction SilentlyContinue)) {
                    Install-PackageProvider -Name NuGet -MinimumVersion 2.8.5.201 -Force -Scope AllUsers | Out-Null
                }
                Set-PSRepository -Name PSGallery -InstallationPolicy Trusted -ErrorAction SilentlyContinue
                if (-not (Get-Module -ListAvailable -Name PSWindowsUpdate -ErrorAction SilentlyContinue)) {
                    Install-Module PSWindowsUpdate -Force -SkipPublisherCheck -Scope AllUsers | Out-Null
                }
                Import-Module PSWindowsUpdate -Force -ErrorAction Stop
                try {
                    Add-WUServiceManager -MicrosoftUpdate -Confirm:$false -ErrorAction SilentlyContinue | Out-Null
                } catch {}
                Write-Output 'OK'
            } catch {
                Write-Output ('ERROR: ' + $_.Exception.Message)
            }
2026-07-11 02:57:50.575 -05:00 [INF] (Thread 62) WindowsUpdateWorker: PSWindowsUpdate module OK.
2026-07-11 02:57:50.576 -05:00 [DBG] (Thread 62) WindowsUpdateWorker: running PS script: Import-Module PSWindowsUpdate -ErrorAction Stop
        $ProgressPreference = 'SilentlyContinue'

        # Force the Windows Update Agent to scan before installing.
        # Fixes 0x80248007 (WU_E_DS_NODATA) on fresh builds or machines
        # whose update data store has not been initialised yet.
        try {
            Start-Process -FilePath 'UsoClient.exe' `
                -ArgumentList 'StartScan' `
                -Wait -NoNewWindow -ErrorAction SilentlyContinue
            Start-Sleep -Seconds 30
        } catch {}

        # 2>&1 merges stderr into the pipeline mixing strings with update
        # objects -- we filter them out in the foreach loop below.
        $rawOutput = Install-WindowsUpdate `
            -MicrosoftUpdate `
            -AcceptAll `
            -IgnoreReboot `
            -Install `
            -ErrorAction Continue 2>&1

        # Use a hashtable keyed on Title to keep only the LAST result per update.
        # PSWindowsUpdate emits objects at multiple pipeline stages (search, download,
        # install); overwriting ensures we capture the final post-install ResultCode
        # rather than an early ResultCode=0 (NotStarted).
        $byKey = @{}

        foreach ($u in $rawOutput) {
            if ($null -eq $u -or $u -isnot [PSObject]) { continue }
            if (-not ($u.PSObject.Properties.Name -contains 'Title')) { continue }
            if ([string]::IsNullOrWhiteSpace($u.Title)) { continue }

            $resultCode = 0
            try { $resultCode = [int]$u.ResultCode } catch { $resultCode = 4 }
            $succeeded = ($resultCode -eq 2 -or $resultCode -eq 3)

            # ResultCode=0 means NotStarted — treat as Skipped, not Failed.
            $status = if ($succeeded) { 'Succeeded' } elseif ($resultCode -eq 0) { 'Skipped' } else { 'Failed' }

            $kb = ''
            try {
                if ($u.KBArticleIDs -and $u.KBArticleIDs.Count -gt 0) {
                    $kb = 'KB' + $u.KBArticleIDs[0]
                }
            } catch {}

            $needsReboot = $false
            try { $needsReboot = [bool]$u.RebootRequired } catch {}

            $byKey[$u.Title] = [PSCustomObject]@{
                Identifier     = $kb
                Title          = [string]$u.Title
                Status         = $status
                ErrorMessage   = if ($succeeded -or $resultCode -eq 0) { '' } else { 'ResultCode=' + $resultCode }
                RebootRequired = $needsReboot
                AttemptedAt    = (Get-Date -Format 'o')
            }
        }

        $results = @($byKey.Values)

        if ($results.Count -eq 0) {
            Write-Output '[]'
        } else {
            $results | ConvertTo-Json -Compress
        }
2026-07-11 02:58:46.949 -05:00 [INF] (Thread 62) WindowsUpdateWorker: no updates installed — system reboot is already pending.
2026-07-11 02:58:46.949 -05:00 [INF] (Thread 62) WindowsUpdateWorker: pass complete. Total=4 Succeeded=1 Failed=0 Skipped=3
2026-07-11 02:58:46.949 -05:00 [INF] (Thread 62) WingetWorker: skipping — last run was 2026-07-07T17:42:46.7274782Z (less than 7 days ago).
2026-07-11 02:58:46.949 -05:00 [INF] (Thread 62) UpdateOrchestrator: cycle complete. Total=4 Succeeded=1 Failed=0 RebootRequired=true
2026-07-11 02:58:46.949 -05:00 [INF] (Thread 62) UpdateOrchestrator: reboot required but last reboot was 17.9 hours ago — skipping notification until 2-day minimum has elapsed.
2026-07-11 02:58:46.949 -05:00 [INF] (Thread 62) UpdateBackgroundService: next cycle in "01:00:00".
2026-07-11 03:58:46.959 -05:00 [INF] (Thread 62) SelfUpdater: checking for updates. Current version: 0.26.230.591
2026-07-11 03:58:47.082 -05:00 [INF] (Thread 62) SelfUpdater: remote version = 0.26.230.591.
2026-07-11 03:58:47.082 -05:00 [INF] (Thread 62) SelfUpdater: already up to date.
2026-07-11 03:58:47.082 -05:00 [INF] (Thread 62) UpdateOrchestrator: === Update cycle starting ===
2026-07-11 03:58:47.082 -05:00 [INF] (Thread 62) WindowsUpdateWorker: starting update pass.
2026-07-11 03:58:47.082 -05:00 [INF] (Thread 62) WindowsUpdateWorker: verifying PSWindowsUpdate module.
2026-07-11 03:58:47.084 -05:00 [DBG] (Thread 62) WindowsUpdateWorker: running PS script: $ProgressPreference = 'SilentlyContinue'
            $ErrorActionPreference = 'Stop'
            try {
                if (-not (Get-PackageProvider -Name NuGet -ListAvailable -ErrorAction SilentlyContinue)) {
                    Install-PackageProvider -Name NuGet -MinimumVersion 2.8.5.201 -Force -Scope AllUsers | Out-Null
                }
                Set-PSRepository -Name PSGallery -InstallationPolicy Trusted -ErrorAction SilentlyContinue
                if (-not (Get-Module -ListAvailable -Name PSWindowsUpdate -ErrorAction SilentlyContinue)) {
                    Install-Module PSWindowsUpdate -Force -SkipPublisherCheck -Scope AllUsers | Out-Null
                }
                Import-Module PSWindowsUpdate -Force -ErrorAction Stop
                try {
                    Add-WUServiceManager -MicrosoftUpdate -Confirm:$false -ErrorAction SilentlyContinue | Out-Null
                } catch {}
                Write-Output 'OK'
            } catch {
                Write-Output ('ERROR: ' + $_.Exception.Message)
            }
2026-07-11 03:58:58.378 -05:00 [INF] (Thread 61) WindowsUpdateWorker: PSWindowsUpdate module OK.
2026-07-11 03:58:58.379 -05:00 [DBG] (Thread 61) WindowsUpdateWorker: running PS script: Import-Module PSWindowsUpdate -ErrorAction Stop
        $ProgressPreference = 'SilentlyContinue'

        # Force the Windows Update Agent to scan before installing.
        # Fixes 0x80248007 (WU_E_DS_NODATA) on fresh builds or machines
        # whose update data store has not been initialised yet.
        try {
            Start-Process -FilePath 'UsoClient.exe' `
                -ArgumentList 'StartScan' `
                -Wait -NoNewWindow -ErrorAction SilentlyContinue
            Start-Sleep -Seconds 30
        } catch {}

        # 2>&1 merges stderr into the pipeline mixing strings with update
        # objects -- we filter them out in the foreach loop below.
        $rawOutput = Install-WindowsUpdate `
            -MicrosoftUpdate `
            -AcceptAll `
            -IgnoreReboot `
            -Install `
            -ErrorAction Continue 2>&1

        # Use a hashtable keyed on Title to keep only the LAST result per update.
        # PSWindowsUpdate emits objects at multiple pipeline stages (search, download,
        # install); overwriting ensures we capture the final post-install ResultCode
        # rather than an early ResultCode=0 (NotStarted).
        $byKey = @{}

        foreach ($u in $rawOutput) {
            if ($null -eq $u -or $u -isnot [PSObject]) { continue }
            if (-not ($u.PSObject.Properties.Name -contains 'Title')) { continue }
            if ([string]::IsNullOrWhiteSpace($u.Title)) { continue }

            $resultCode = 0
            try { $resultCode = [int]$u.ResultCode } catch { $resultCode = 4 }
            $succeeded = ($resultCode -eq 2 -or $resultCode -eq 3)

            # ResultCode=0 means NotStarted — treat as Skipped, not Failed.
            $status = if ($succeeded) { 'Succeeded' } elseif ($resultCode -eq 0) { 'Skipped' } else { 'Failed' }

            $kb = ''
            try {
                if ($u.KBArticleIDs -and $u.KBArticleIDs.Count -gt 0) {
                    $kb = 'KB' + $u.KBArticleIDs[0]
                }
            } catch {}

            $needsReboot = $false
            try { $needsReboot = [bool]$u.RebootRequired } catch {}

            $byKey[$u.Title] = [PSCustomObject]@{
                Identifier     = $kb
                Title          = [string]$u.Title
                Status         = $status
                ErrorMessage   = if ($succeeded -or $resultCode -eq 0) { '' } else { 'ResultCode=' + $resultCode }
                RebootRequired = $needsReboot
                AttemptedAt    = (Get-Date -Format 'o')
            }
        }

        $results = @($byKey.Values)

        if ($results.Count -eq 0) {
            Write-Output '[]'
        } else {
            $results | ConvertTo-Json -Compress
        }
2026-07-11 03:59:53.148 -05:00 [INF] (Thread 65) WindowsUpdateWorker: no updates installed — system reboot is already pending.
2026-07-11 03:59:53.148 -05:00 [INF] (Thread 65) WindowsUpdateWorker: pass complete. Total=4 Succeeded=1 Failed=0 Skipped=3
2026-07-11 03:59:53.148 -05:00 [INF] (Thread 65) WingetWorker: skipping — last run was 2026-07-07T17:42:46.7274782Z (less than 7 days ago).
2026-07-11 03:59:53.148 -05:00 [INF] (Thread 65) UpdateOrchestrator: cycle complete. Total=4 Succeeded=1 Failed=0 RebootRequired=true
2026-07-11 03:59:53.148 -05:00 [INF] (Thread 65) UpdateOrchestrator: reboot required but last reboot was 18.9 hours ago — skipping notification until 2-day minimum has elapsed.
2026-07-11 03:59:53.148 -05:00 [INF] (Thread 65) UpdateBackgroundService: next cycle in "01:00:00".
2026-07-11 04:59:53.169 -05:00 [INF] (Thread 58) SelfUpdater: checking for updates. Current version: 0.26.230.591
2026-07-11 04:59:53.245 -05:00 [INF] (Thread 58) SelfUpdater: remote version = 0.26.230.591.
2026-07-11 04:59:53.245 -05:00 [INF] (Thread 58) SelfUpdater: already up to date.
2026-07-11 04:59:53.245 -05:00 [INF] (Thread 58) UpdateOrchestrator: === Update cycle starting ===
2026-07-11 04:59:53.245 -05:00 [INF] (Thread 58) WindowsUpdateWorker: starting update pass.
2026-07-11 04:59:53.245 -05:00 [INF] (Thread 58) WindowsUpdateWorker: verifying PSWindowsUpdate module.
2026-07-11 04:59:53.247 -05:00 [DBG] (Thread 58) WindowsUpdateWorker: running PS script: $ProgressPreference = 'SilentlyContinue'
            $ErrorActionPreference = 'Stop'
            try {
                if (-not (Get-PackageProvider -Name NuGet -ListAvailable -ErrorAction SilentlyContinue)) {
                    Install-PackageProvider -Name NuGet -MinimumVersion 2.8.5.201 -Force -Scope AllUsers | Out-Null
                }
                Set-PSRepository -Name PSGallery -InstallationPolicy Trusted -ErrorAction SilentlyContinue
                if (-not (Get-Module -ListAvailable -Name PSWindowsUpdate -ErrorAction SilentlyContinue)) {
                    Install-Module PSWindowsUpdate -Force -SkipPublisherCheck -Scope AllUsers | Out-Null
                }
                Import-Module PSWindowsUpdate -Force -ErrorAction Stop
                try {
                    Add-WUServiceManager -MicrosoftUpdate -Confirm:$false -ErrorAction SilentlyContinue | Out-Null
                } catch {}
                Write-Output 'OK'
            } catch {
                Write-Output ('ERROR: ' + $_.Exception.Message)
            }
2026-07-11 05:00:04.161 -05:00 [INF] (Thread 58) WindowsUpdateWorker: PSWindowsUpdate module OK.
2026-07-11 05:00:04.162 -05:00 [DBG] (Thread 58) WindowsUpdateWorker: running PS script: Import-Module PSWindowsUpdate -ErrorAction Stop
        $ProgressPreference = 'SilentlyContinue'

        # Force the Windows Update Agent to scan before installing.
        # Fixes 0x80248007 (WU_E_DS_NODATA) on fresh builds or machines
        # whose update data store has not been initialised yet.
        try {
            Start-Process -FilePath 'UsoClient.exe' `
                -ArgumentList 'StartScan' `
                -Wait -NoNewWindow -ErrorAction SilentlyContinue
            Start-Sleep -Seconds 30
        } catch {}

        # 2>&1 merges stderr into the pipeline mixing strings with update
        # objects -- we filter them out in the foreach loop below.
        $rawOutput = Install-WindowsUpdate `
            -MicrosoftUpdate `
            -AcceptAll `
            -IgnoreReboot `
            -Install `
            -ErrorAction Continue 2>&1

        # Use a hashtable keyed on Title to keep only the LAST result per update.
        # PSWindowsUpdate emits objects at multiple pipeline stages (search, download,
        # install); overwriting ensures we capture the final post-install ResultCode
        # rather than an early ResultCode=0 (NotStarted).
        $byKey = @{}

        foreach ($u in $rawOutput) {
            if ($null -eq $u -or $u -isnot [PSObject]) { continue }
            if (-not ($u.PSObject.Properties.Name -contains 'Title')) { continue }
            if ([string]::IsNullOrWhiteSpace($u.Title)) { continue }

            $resultCode = 0
            try { $resultCode = [int]$u.ResultCode } catch { $resultCode = 4 }
            $succeeded = ($resultCode -eq 2 -or $resultCode -eq 3)

            # ResultCode=0 means NotStarted — treat as Skipped, not Failed.
            $status = if ($succeeded) { 'Succeeded' } elseif ($resultCode -eq 0) { 'Skipped' } else { 'Failed' }

            $kb = ''
            try {
                if ($u.KBArticleIDs -and $u.KBArticleIDs.Count -gt 0) {
                    $kb = 'KB' + $u.KBArticleIDs[0]
                }
            } catch {}

            $needsReboot = $false
            try { $needsReboot = [bool]$u.RebootRequired } catch {}

            $byKey[$u.Title] = [PSCustomObject]@{
                Identifier     = $kb
                Title          = [string]$u.Title
                Status         = $status
                ErrorMessage   = if ($succeeded -or $resultCode -eq 0) { '' } else { 'ResultCode=' + $resultCode }
                RebootRequired = $needsReboot
                AttemptedAt    = (Get-Date -Format 'o')
            }
        }

        $results = @($byKey.Values)

        if ($results.Count -eq 0) {
            Write-Output '[]'
        } else {
            $results | ConvertTo-Json -Compress
        }
2026-07-11 05:01:11.477 -05:00 [INF] (Thread 64) WindowsUpdateWorker: no updates installed — system reboot is already pending.
2026-07-11 05:01:11.477 -05:00 [INF] (Thread 64) WindowsUpdateWorker: pass complete. Total=4 Succeeded=1 Failed=0 Skipped=3
2026-07-11 05:01:11.477 -05:00 [INF] (Thread 64) WingetWorker: skipping — last run was 2026-07-07T17:42:46.7274782Z (less than 7 days ago).
2026-07-11 05:01:11.477 -05:00 [INF] (Thread 64) UpdateOrchestrator: cycle complete. Total=4 Succeeded=1 Failed=0 RebootRequired=true
2026-07-11 05:01:11.477 -05:00 [INF] (Thread 64) UpdateOrchestrator: reboot required but last reboot was 19.9 hours ago — skipping notification until 2-day minimum has elapsed.
2026-07-11 05:01:11.477 -05:00 [INF] (Thread 64) UpdateBackgroundService: next cycle in "01:00:00".
2026-07-11 06:01:11.489 -05:00 [INF] (Thread 58) SelfUpdater: checking for updates. Current version: 0.26.230.591
2026-07-11 06:01:11.582 -05:00 [INF] (Thread 69) SelfUpdater: remote version = 0.26.230.591.
2026-07-11 06:01:11.582 -05:00 [INF] (Thread 69) SelfUpdater: already up to date.
2026-07-11 06:01:11.582 -05:00 [INF] (Thread 69) UpdateOrchestrator: === Update cycle starting ===
2026-07-11 06:01:11.582 -05:00 [INF] (Thread 69) WindowsUpdateWorker: starting update pass.
2026-07-11 06:01:11.582 -05:00 [INF] (Thread 69) WindowsUpdateWorker: verifying PSWindowsUpdate module.
2026-07-11 06:01:11.583 -05:00 [DBG] (Thread 69) WindowsUpdateWorker: running PS script: $ProgressPreference = 'SilentlyContinue'
            $ErrorActionPreference = 'Stop'
            try {
                if (-not (Get-PackageProvider -Name NuGet -ListAvailable -ErrorAction SilentlyContinue)) {
                    Install-PackageProvider -Name NuGet -MinimumVersion 2.8.5.201 -Force -Scope AllUsers | Out-Null
                }
                Set-PSRepository -Name PSGallery -InstallationPolicy Trusted -ErrorAction SilentlyContinue
                if (-not (Get-Module -ListAvailable -Name PSWindowsUpdate -ErrorAction SilentlyContinue)) {
                    Install-Module PSWindowsUpdate -Force -SkipPublisherCheck -Scope AllUsers | Out-Null
                }
                Import-Module PSWindowsUpdate -Force -ErrorAction Stop
                try {
                    Add-WUServiceManager -MicrosoftUpdate -Confirm:$false -ErrorAction SilentlyContinue | Out-Null
                } catch {}
                Write-Output 'OK'
            } catch {
                Write-Output ('ERROR: ' + $_.Exception.Message)
            }
2026-07-11 06:01:23.105 -05:00 [INF] (Thread 58) WindowsUpdateWorker: PSWindowsUpdate module OK.
2026-07-11 06:01:23.106 -05:00 [DBG] (Thread 58) WindowsUpdateWorker: running PS script: Import-Module PSWindowsUpdate -ErrorAction Stop
        $ProgressPreference = 'SilentlyContinue'

        # Force the Windows Update Agent to scan before installing.
        # Fixes 0x80248007 (WU_E_DS_NODATA) on fresh builds or machines
        # whose update data store has not been initialised yet.
        try {
            Start-Process -FilePath 'UsoClient.exe' `
                -ArgumentList 'StartScan' `
                -Wait -NoNewWindow -ErrorAction SilentlyContinue
            Start-Sleep -Seconds 30
        } catch {}

        # 2>&1 merges stderr into the pipeline mixing strings with update
        # objects -- we filter them out in the foreach loop below.
        $rawOutput = Install-WindowsUpdate `
            -MicrosoftUpdate `
            -AcceptAll `
            -IgnoreReboot `
            -Install `
            -ErrorAction Continue 2>&1

        # Use a hashtable keyed on Title to keep only the LAST result per update.
        # PSWindowsUpdate emits objects at multiple pipeline stages (search, download,
        # install); overwriting ensures we capture the final post-install ResultCode
        # rather than an early ResultCode=0 (NotStarted).
        $byKey = @{}

        foreach ($u in $rawOutput) {
            if ($null -eq $u -or $u -isnot [PSObject]) { continue }
            if (-not ($u.PSObject.Properties.Name -contains 'Title')) { continue }
            if ([string]::IsNullOrWhiteSpace($u.Title)) { continue }

            $resultCode = 0
            try { $resultCode = [int]$u.ResultCode } catch { $resultCode = 4 }
            $succeeded = ($resultCode -eq 2 -or $resultCode -eq 3)

            # ResultCode=0 means NotStarted — treat as Skipped, not Failed.
            $status = if ($succeeded) { 'Succeeded' } elseif ($resultCode -eq 0) { 'Skipped' } else { 'Failed' }

            $kb = ''
            try {
                if ($u.KBArticleIDs -and $u.KBArticleIDs.Count -gt 0) {
                    $kb = 'KB' + $u.KBArticleIDs[0]
                }
            } catch {}

            $needsReboot = $false
            try { $needsReboot = [bool]$u.RebootRequired } catch {}

            $byKey[$u.Title] = [PSCustomObject]@{
                Identifier     = $kb
                Title          = [string]$u.Title
                Status         = $status
                ErrorMessage   = if ($succeeded -or $resultCode -eq 0) { '' } else { 'ResultCode=' + $resultCode }
                RebootRequired = $needsReboot
                AttemptedAt    = (Get-Date -Format 'o')
            }
        }

        $results = @($byKey.Values)

        if ($results.Count -eq 0) {
            Write-Output '[]'
        } else {
            $results | ConvertTo-Json -Compress
        }
2026-07-11 06:02:22.192 -05:00 [INF] (Thread 69) WindowsUpdateWorker: no updates installed — system reboot is already pending.
2026-07-11 06:02:22.192 -05:00 [INF] (Thread 69) WindowsUpdateWorker: pass complete. Total=4 Succeeded=1 Failed=0 Skipped=3
2026-07-11 06:02:22.192 -05:00 [INF] (Thread 69) WingetWorker: skipping — last run was 2026-07-07T17:42:46.7274782Z (less than 7 days ago).
2026-07-11 06:02:22.192 -05:00 [INF] (Thread 69) UpdateOrchestrator: cycle complete. Total=4 Succeeded=1 Failed=0 RebootRequired=true
2026-07-11 06:02:22.192 -05:00 [INF] (Thread 69) UpdateOrchestrator: reboot required but last reboot was 20.9 hours ago — skipping notification until 2-day minimum has elapsed.
2026-07-11 06:02:22.192 -05:00 [INF] (Thread 69) UpdateBackgroundService: next cycle in "01:00:00".
2026-07-11 07:02:22.210 -05:00 [INF] (Thread 72) SelfUpdater: checking for updates. Current version: 0.26.230.591
2026-07-11 07:02:22.295 -05:00 [INF] (Thread 72) SelfUpdater: remote version = 0.26.230.591.
2026-07-11 07:02:22.295 -05:00 [INF] (Thread 72) SelfUpdater: already up to date.
2026-07-11 07:02:22.295 -05:00 [INF] (Thread 72) UpdateOrchestrator: === Update cycle starting ===
2026-07-11 07:02:22.295 -05:00 [INF] (Thread 72) WindowsUpdateWorker: starting update pass.
2026-07-11 07:02:22.295 -05:00 [INF] (Thread 72) WindowsUpdateWorker: verifying PSWindowsUpdate module.
2026-07-11 07:02:22.297 -05:00 [DBG] (Thread 72) WindowsUpdateWorker: running PS script: $ProgressPreference = 'SilentlyContinue'
            $ErrorActionPreference = 'Stop'
            try {
                if (-not (Get-PackageProvider -Name NuGet -ListAvailable -ErrorAction SilentlyContinue)) {
                    Install-PackageProvider -Name NuGet -MinimumVersion 2.8.5.201 -Force -Scope AllUsers | Out-Null
                }
                Set-PSRepository -Name PSGallery -InstallationPolicy Trusted -ErrorAction SilentlyContinue
                if (-not (Get-Module -ListAvailable -Name PSWindowsUpdate -ErrorAction SilentlyContinue)) {
                    Install-Module PSWindowsUpdate -Force -SkipPublisherCheck -Scope AllUsers | Out-Null
                }
                Import-Module PSWindowsUpdate -Force -ErrorAction Stop
                try {
                    Add-WUServiceManager -MicrosoftUpdate -Confirm:$false -ErrorAction SilentlyContinue | Out-Null
                } catch {}
                Write-Output 'OK'
            } catch {
                Write-Output ('ERROR: ' + $_.Exception.Message)
            }
2026-07-11 07:02:35.819 -05:00 [INF] (Thread 77) WindowsUpdateWorker: PSWindowsUpdate module OK.
2026-07-11 07:02:35.819 -05:00 [DBG] (Thread 77) WindowsUpdateWorker: running PS script: Import-Module PSWindowsUpdate -ErrorAction Stop
        $ProgressPreference = 'SilentlyContinue'

        # Force the Windows Update Agent to scan before installing.
        # Fixes 0x80248007 (WU_E_DS_NODATA) on fresh builds or machines
        # whose update data store has not been initialised yet.
        try {
            Start-Process -FilePath 'UsoClient.exe' `
                -ArgumentList 'StartScan' `
                -Wait -NoNewWindow -ErrorAction SilentlyContinue
            Start-Sleep -Seconds 30
        } catch {}

        # 2>&1 merges stderr into the pipeline mixing strings with update
        # objects -- we filter them out in the foreach loop below.
        $rawOutput = Install-WindowsUpdate `
            -MicrosoftUpdate `
            -AcceptAll `
            -IgnoreReboot `
            -Install `
            -ErrorAction Continue 2>&1

        # Use a hashtable keyed on Title to keep only the LAST result per update.
        # PSWindowsUpdate emits objects at multiple pipeline stages (search, download,
        # install); overwriting ensures we capture the final post-install ResultCode
        # rather than an early ResultCode=0 (NotStarted).
        $byKey = @{}

        foreach ($u in $rawOutput) {
            if ($null -eq $u -or $u -isnot [PSObject]) { continue }
            if (-not ($u.PSObject.Properties.Name -contains 'Title')) { continue }
            if ([string]::IsNullOrWhiteSpace($u.Title)) { continue }

            $resultCode = 0
            try { $resultCode = [int]$u.ResultCode } catch { $resultCode = 4 }
            $succeeded = ($resultCode -eq 2 -or $resultCode -eq 3)

            # ResultCode=0 means NotStarted — treat as Skipped, not Failed.
            $status = if ($succeeded) { 'Succeeded' } elseif ($resultCode -eq 0) { 'Skipped' } else { 'Failed' }

            $kb = ''
            try {
                if ($u.KBArticleIDs -and $u.KBArticleIDs.Count -gt 0) {
                    $kb = 'KB' + $u.KBArticleIDs[0]
                }
            } catch {}

            $needsReboot = $false
            try { $needsReboot = [bool]$u.RebootRequired } catch {}

            $byKey[$u.Title] = [PSCustomObject]@{
                Identifier     = $kb
                Title          = [string]$u.Title
                Status         = $status
                ErrorMessage   = if ($succeeded -or $resultCode -eq 0) { '' } else { 'ResultCode=' + $resultCode }
                RebootRequired = $needsReboot
                AttemptedAt    = (Get-Date -Format 'o')
            }
        }

        $results = @($byKey.Values)

        if ($results.Count -eq 0) {
            Write-Output '[]'
        } else {
            $results | ConvertTo-Json -Compress
        }
2026-07-11 07:03:31.593 -05:00 [INF] (Thread 72) WindowsUpdateWorker: no updates installed — system reboot is already pending.
2026-07-11 07:03:31.593 -05:00 [INF] (Thread 72) WindowsUpdateWorker: pass complete. Total=4 Succeeded=1 Failed=0 Skipped=3
2026-07-11 07:03:31.593 -05:00 [INF] (Thread 72) WingetWorker: skipping — last run was 2026-07-07T17:42:46.7274782Z (less than 7 days ago).
2026-07-11 07:03:31.593 -05:00 [INF] (Thread 72) UpdateOrchestrator: cycle complete. Total=4 Succeeded=1 Failed=0 RebootRequired=true
2026-07-11 07:03:31.593 -05:00 [INF] (Thread 72) UpdateOrchestrator: reboot required but last reboot was 21.9 hours ago — skipping notification until 2-day minimum has elapsed.
2026-07-11 07:03:31.593 -05:00 [INF] (Thread 72) UpdateBackgroundService: next cycle in "01:00:00".
2026-07-11 08:03:31.613 -05:00 [INF] (Thread 72) SelfUpdater: checking for updates. Current version: 0.26.230.591
2026-07-11 08:03:31.696 -05:00 [INF] (Thread 72) SelfUpdater: remote version = 0.26.230.591.
2026-07-11 08:03:31.697 -05:00 [INF] (Thread 72) SelfUpdater: already up to date.
2026-07-11 08:03:31.697 -05:00 [INF] (Thread 72) UpdateOrchestrator: === Update cycle starting ===
2026-07-11 08:03:31.697 -05:00 [INF] (Thread 72) WindowsUpdateWorker: starting update pass.
2026-07-11 08:03:31.697 -05:00 [INF] (Thread 72) WindowsUpdateWorker: verifying PSWindowsUpdate module.
2026-07-11 08:03:31.698 -05:00 [DBG] (Thread 72) WindowsUpdateWorker: running PS script: $ProgressPreference = 'SilentlyContinue'
            $ErrorActionPreference = 'Stop'
            try {
                if (-not (Get-PackageProvider -Name NuGet -ListAvailable -ErrorAction SilentlyContinue)) {
                    Install-PackageProvider -Name NuGet -MinimumVersion 2.8.5.201 -Force -Scope AllUsers | Out-Null
                }
                Set-PSRepository -Name PSGallery -InstallationPolicy Trusted -ErrorAction SilentlyContinue
                if (-not (Get-Module -ListAvailable -Name PSWindowsUpdate -ErrorAction SilentlyContinue)) {
                    Install-Module PSWindowsUpdate -Force -SkipPublisherCheck -Scope AllUsers | Out-Null
                }
                Import-Module PSWindowsUpdate -Force -ErrorAction Stop
                try {
                    Add-WUServiceManager -MicrosoftUpdate -Confirm:$false -ErrorAction SilentlyContinue | Out-Null
                } catch {}
                Write-Output 'OK'
            } catch {
                Write-Output ('ERROR: ' + $_.Exception.Message)
            }
2026-07-11 08:03:44.110 -05:00 [INF] (Thread 72) WindowsUpdateWorker: PSWindowsUpdate module OK.
2026-07-11 08:03:44.110 -05:00 [DBG] (Thread 72) WindowsUpdateWorker: running PS script: Import-Module PSWindowsUpdate -ErrorAction Stop
        $ProgressPreference = 'SilentlyContinue'

        # Force the Windows Update Agent to scan before installing.
        # Fixes 0x80248007 (WU_E_DS_NODATA) on fresh builds or machines
        # whose update data store has not been initialised yet.
        try {
            Start-Process -FilePath 'UsoClient.exe' `
                -ArgumentList 'StartScan' `
                -Wait -NoNewWindow -ErrorAction SilentlyContinue
            Start-Sleep -Seconds 30
        } catch {}

        # 2>&1 merges stderr into the pipeline mixing strings with update
        # objects -- we filter them out in the foreach loop below.
        $rawOutput = Install-WindowsUpdate `
            -MicrosoftUpdate `
            -AcceptAll `
            -IgnoreReboot `
            -Install `
            -ErrorAction Continue 2>&1

        # Use a hashtable keyed on Title to keep only the LAST result per update.
        # PSWindowsUpdate emits objects at multiple pipeline stages (search, download,
        # install); overwriting ensures we capture the final post-install ResultCode
        # rather than an early ResultCode=0 (NotStarted).
        $byKey = @{}

        foreach ($u in $rawOutput) {
            if ($null -eq $u -or $u -isnot [PSObject]) { continue }
            if (-not ($u.PSObject.Properties.Name -contains 'Title')) { continue }
            if ([string]::IsNullOrWhiteSpace($u.Title)) { continue }

            $resultCode = 0
            try { $resultCode = [int]$u.ResultCode } catch { $resultCode = 4 }
            $succeeded = ($resultCode -eq 2 -or $resultCode -eq 3)

            # ResultCode=0 means NotStarted — treat as Skipped, not Failed.
            $status = if ($succeeded) { 'Succeeded' } elseif ($resultCode -eq 0) { 'Skipped' } else { 'Failed' }

            $kb = ''
            try {
                if ($u.KBArticleIDs -and $u.KBArticleIDs.Count -gt 0) {
                    $kb = 'KB' + $u.KBArticleIDs[0]
                }
            } catch {}

            $needsReboot = $false
            try { $needsReboot = [bool]$u.RebootRequired } catch {}

            $byKey[$u.Title] = [PSCustomObject]@{
                Identifier     = $kb
                Title          = [string]$u.Title
                Status         = $status
                ErrorMessage   = if ($succeeded -or $resultCode -eq 0) { '' } else { 'ResultCode=' + $resultCode }
                RebootRequired = $needsReboot
                AttemptedAt    = (Get-Date -Format 'o')
            }
        }

        $results = @($byKey.Values)

        if ($results.Count -eq 0) {
            Write-Output '[]'
        } else {
            $results | ConvertTo-Json -Compress
        }
2026-07-11 08:04:39.841 -05:00 [INF] (Thread 72) WindowsUpdateWorker: no updates installed — system reboot is already pending.
2026-07-11 08:04:39.841 -05:00 [INF] (Thread 72) WindowsUpdateWorker: pass complete. Total=4 Succeeded=1 Failed=0 Skipped=3
2026-07-11 08:04:39.841 -05:00 [INF] (Thread 72) WingetWorker: skipping — last run was 2026-07-07T17:42:46.7274782Z (less than 7 days ago).
2026-07-11 08:04:39.841 -05:00 [INF] (Thread 72) UpdateOrchestrator: cycle complete. Total=4 Succeeded=1 Failed=0 RebootRequired=true
2026-07-11 08:04:39.841 -05:00 [INF] (Thread 72) UpdateOrchestrator: reboot required but last reboot was 23.0 hours ago — skipping notification until 2-day minimum has elapsed.
2026-07-11 08:04:39.841 -05:00 [INF] (Thread 72) UpdateBackgroundService: next cycle in "01:00:00".
2026-07-11 09:04:39.859 -05:00 [INF] (Thread 79) SelfUpdater: checking for updates. Current version: 0.26.230.591
2026-07-11 09:04:40.006 -05:00 [INF] (Thread 79) SelfUpdater: remote version = 0.26.230.591.
2026-07-11 09:04:40.006 -05:00 [INF] (Thread 79) SelfUpdater: already up to date.
2026-07-11 09:04:40.006 -05:00 [INF] (Thread 79) UpdateOrchestrator: === Update cycle starting ===
2026-07-11 09:04:40.006 -05:00 [INF] (Thread 79) WindowsUpdateWorker: starting update pass.
2026-07-11 09:04:40.006 -05:00 [INF] (Thread 79) WindowsUpdateWorker: verifying PSWindowsUpdate module.
2026-07-11 09:04:40.008 -05:00 [DBG] (Thread 79) WindowsUpdateWorker: running PS script: $ProgressPreference = 'SilentlyContinue'
            $ErrorActionPreference = 'Stop'
            try {
                if (-not (Get-PackageProvider -Name NuGet -ListAvailable -ErrorAction SilentlyContinue)) {
                    Install-PackageProvider -Name NuGet -MinimumVersion 2.8.5.201 -Force -Scope AllUsers | Out-Null
                }
                Set-PSRepository -Name PSGallery -InstallationPolicy Trusted -ErrorAction SilentlyContinue
                if (-not (Get-Module -ListAvailable -Name PSWindowsUpdate -ErrorAction SilentlyContinue)) {
                    Install-Module PSWindowsUpdate -Force -SkipPublisherCheck -Scope AllUsers | Out-Null
                }
                Import-Module PSWindowsUpdate -Force -ErrorAction Stop
                try {
                    Add-WUServiceManager -MicrosoftUpdate -Confirm:$false -ErrorAction SilentlyContinue | Out-Null
                } catch {}
                Write-Output 'OK'
            } catch {
                Write-Output ('ERROR: ' + $_.Exception.Message)
            }
2026-07-11 09:04:53.039 -05:00 [INF] (Thread 79) WindowsUpdateWorker: PSWindowsUpdate module OK.
2026-07-11 09:04:53.042 -05:00 [DBG] (Thread 79) WindowsUpdateWorker: running PS script: Import-Module PSWindowsUpdate -ErrorAction Stop
        $ProgressPreference = 'SilentlyContinue'

        # Force the Windows Update Agent to scan before installing.
        # Fixes 0x80248007 (WU_E_DS_NODATA) on fresh builds or machines
        # whose update data store has not been initialised yet.
        try {
            Start-Process -FilePath 'UsoClient.exe' `
                -ArgumentList 'StartScan' `
                -Wait -NoNewWindow -ErrorAction SilentlyContinue
            Start-Sleep -Seconds 30
        } catch {}

        # 2>&1 merges stderr into the pipeline mixing strings with update
        # objects -- we filter them out in the foreach loop below.
        $rawOutput = Install-WindowsUpdate `
            -MicrosoftUpdate `
            -AcceptAll `
            -IgnoreReboot `
            -Install `
            -ErrorAction Continue 2>&1

        # Use a hashtable keyed on Title to keep only the LAST result per update.
        # PSWindowsUpdate emits objects at multiple pipeline stages (search, download,
        # install); overwriting ensures we capture the final post-install ResultCode
        # rather than an early ResultCode=0 (NotStarted).
        $byKey = @{}

        foreach ($u in $rawOutput) {
            if ($null -eq $u -or $u -isnot [PSObject]) { continue }
            if (-not ($u.PSObject.Properties.Name -contains 'Title')) { continue }
            if ([string]::IsNullOrWhiteSpace($u.Title)) { continue }

            $resultCode = 0
            try { $resultCode = [int]$u.ResultCode } catch { $resultCode = 4 }
            $succeeded = ($resultCode -eq 2 -or $resultCode -eq 3)

            # ResultCode=0 means NotStarted — treat as Skipped, not Failed.
            $status = if ($succeeded) { 'Succeeded' } elseif ($resultCode -eq 0) { 'Skipped' } else { 'Failed' }

            $kb = ''
            try {
                if ($u.KBArticleIDs -and $u.KBArticleIDs.Count -gt 0) {
                    $kb = 'KB' + $u.KBArticleIDs[0]
                }
            } catch {}

            $needsReboot = $false
            try { $needsReboot = [bool]$u.RebootRequired } catch {}

            $byKey[$u.Title] = [PSCustomObject]@{
                Identifier     = $kb
                Title          = [string]$u.Title
                Status         = $status
                ErrorMessage   = if ($succeeded -or $resultCode -eq 0) { '' } else { 'ResultCode=' + $resultCode }
                RebootRequired = $needsReboot
                AttemptedAt    = (Get-Date -Format 'o')
            }
        }

        $results = @($byKey.Values)

        if ($results.Count -eq 0) {
            Write-Output '[]'
        } else {
            $results | ConvertTo-Json -Compress
        }
2026-07-11 09:06:03.078 -05:00 [INF] (Thread 79) WindowsUpdateWorker: no updates installed — system reboot is already pending.
2026-07-11 09:06:03.078 -05:00 [INF] (Thread 79) WindowsUpdateWorker: pass complete. Total=4 Succeeded=1 Failed=0 Skipped=3
2026-07-11 09:06:03.078 -05:00 [INF] (Thread 79) WingetWorker: skipping — last run was 2026-07-07T17:42:46.7274782Z (less than 7 days ago).
2026-07-11 09:06:03.078 -05:00 [INF] (Thread 79) UpdateOrchestrator: cycle complete. Total=4 Succeeded=1 Failed=0 RebootRequired=true
2026-07-11 09:06:03.078 -05:00 [INF] (Thread 79) UpdateOrchestrator: reboot required but last reboot was 24.0 hours ago — skipping notification until 2-day minimum has elapsed.
2026-07-11 09:06:03.078 -05:00 [INF] (Thread 79) UpdateBackgroundService: next cycle in "01:00:00".
2026-07-11 10:06:03.096 -05:00 [INF] (Thread 83) SelfUpdater: checking for updates. Current version: 0.26.230.591
2026-07-11 10:06:03.184 -05:00 [INF] (Thread 86) SelfUpdater: remote version = 0.26.230.591.
2026-07-11 10:06:03.184 -05:00 [INF] (Thread 86) SelfUpdater: already up to date.
2026-07-11 10:06:03.184 -05:00 [INF] (Thread 86) UpdateOrchestrator: === Update cycle starting ===
2026-07-11 10:06:03.184 -05:00 [INF] (Thread 86) WindowsUpdateWorker: starting update pass.
2026-07-11 10:06:03.185 -05:00 [INF] (Thread 86) WindowsUpdateWorker: verifying PSWindowsUpdate module.
2026-07-11 10:06:03.186 -05:00 [DBG] (Thread 86) WindowsUpdateWorker: running PS script: $ProgressPreference = 'SilentlyContinue'
            $ErrorActionPreference = 'Stop'
            try {
                if (-not (Get-PackageProvider -Name NuGet -ListAvailable -ErrorAction SilentlyContinue)) {
                    Install-PackageProvider -Name NuGet -MinimumVersion 2.8.5.201 -Force -Scope AllUsers | Out-Null
                }
                Set-PSRepository -Name PSGallery -InstallationPolicy Trusted -ErrorAction SilentlyContinue
                if (-not (Get-Module -ListAvailable -Name PSWindowsUpdate -ErrorAction SilentlyContinue)) {
                    Install-Module PSWindowsUpdate -Force -SkipPublisherCheck -Scope AllUsers | Out-Null
                }
                Import-Module PSWindowsUpdate -Force -ErrorAction Stop
                try {
                    Add-WUServiceManager -MicrosoftUpdate -Confirm:$false -ErrorAction SilentlyContinue | Out-Null
                } catch {}
                Write-Output 'OK'
            } catch {
                Write-Output ('ERROR: ' + $_.Exception.Message)
            }
2026-07-11 10:06:15.844 -05:00 [INF] (Thread 86) WindowsUpdateWorker: PSWindowsUpdate module OK.
2026-07-11 10:06:15.845 -05:00 [DBG] (Thread 79) WindowsUpdateWorker: running PS script: Import-Module PSWindowsUpdate -ErrorAction Stop
        $ProgressPreference = 'SilentlyContinue'

        # Force the Windows Update Agent to scan before installing.
        # Fixes 0x80248007 (WU_E_DS_NODATA) on fresh builds or machines
        # whose update data store has not been initialised yet.
        try {
            Start-Process -FilePath 'UsoClient.exe' `
                -ArgumentList 'StartScan' `
                -Wait -NoNewWindow -ErrorAction SilentlyContinue
            Start-Sleep -Seconds 30
        } catch {}

        # 2>&1 merges stderr into the pipeline mixing strings with update
        # objects -- we filter them out in the foreach loop below.
        $rawOutput = Install-WindowsUpdate `
            -MicrosoftUpdate `
            -AcceptAll `
            -IgnoreReboot `
            -Install `
            -ErrorAction Continue 2>&1

        # Use a hashtable keyed on Title to keep only the LAST result per update.
        # PSWindowsUpdate emits objects at multiple pipeline stages (search, download,
        # install); overwriting ensures we capture the final post-install ResultCode
        # rather than an early ResultCode=0 (NotStarted).
        $byKey = @{}

        foreach ($u in $rawOutput) {
            if ($null -eq $u -or $u -isnot [PSObject]) { continue }
            if (-not ($u.PSObject.Properties.Name -contains 'Title')) { continue }
            if ([string]::IsNullOrWhiteSpace($u.Title)) { continue }

            $resultCode = 0
            try { $resultCode = [int]$u.ResultCode } catch { $resultCode = 4 }
            $succeeded = ($resultCode -eq 2 -or $resultCode -eq 3)

            # ResultCode=0 means NotStarted — treat as Skipped, not Failed.
            $status = if ($succeeded) { 'Succeeded' } elseif ($resultCode -eq 0) { 'Skipped' } else { 'Failed' }

            $kb = ''
            try {
                if ($u.KBArticleIDs -and $u.KBArticleIDs.Count -gt 0) {
                    $kb = 'KB' + $u.KBArticleIDs[0]
                }
            } catch {}

            $needsReboot = $false
            try { $needsReboot = [bool]$u.RebootRequired } catch {}

            $byKey[$u.Title] = [PSCustomObject]@{
                Identifier     = $kb
                Title          = [string]$u.Title
                Status         = $status
                ErrorMessage   = if ($succeeded -or $resultCode -eq 0) { '' } else { 'ResultCode=' + $resultCode }
                RebootRequired = $needsReboot
                AttemptedAt    = (Get-Date -Format 'o')
            }
        }

        $results = @($byKey.Values)

        if ($results.Count -eq 0) {
            Write-Output '[]'
        } else {
            $results | ConvertTo-Json -Compress
        }
2026-07-11 10:07:11.198 -05:00 [INF] (Thread 79) WindowsUpdateWorker: no updates installed — system reboot is already pending.
2026-07-11 10:07:11.198 -05:00 [INF] (Thread 79) WindowsUpdateWorker: pass complete. Total=4 Succeeded=1 Failed=0 Skipped=3
2026-07-11 10:07:11.198 -05:00 [INF] (Thread 79) WingetWorker: skipping — last run was 2026-07-07T17:42:46.7274782Z (less than 7 days ago).
2026-07-11 10:07:11.198 -05:00 [INF] (Thread 79) UpdateOrchestrator: cycle complete. Total=4 Succeeded=1 Failed=0 RebootRequired=true
2026-07-11 10:07:11.198 -05:00 [INF] (Thread 79) UpdateOrchestrator: reboot required but last reboot was 25.0 hours ago — skipping notification until 2-day minimum has elapsed.
2026-07-11 10:07:11.198 -05:00 [INF] (Thread 79) UpdateBackgroundService: next cycle in "01:00:00".
2026-07-11 11:07:11.220 -05:00 [INF] (Thread 79) SelfUpdater: checking for updates. Current version: 0.26.230.591
2026-07-11 11:07:11.294 -05:00 [INF] (Thread 79) SelfUpdater: remote version = 0.26.230.591.
2026-07-11 11:07:11.294 -05:00 [INF] (Thread 79) SelfUpdater: already up to date.
2026-07-11 11:07:11.294 -05:00 [INF] (Thread 79) UpdateOrchestrator: === Update cycle starting ===
2026-07-11 11:07:11.294 -05:00 [INF] (Thread 79) WindowsUpdateWorker: starting update pass.
2026-07-11 11:07:11.294 -05:00 [INF] (Thread 79) WindowsUpdateWorker: verifying PSWindowsUpdate module.
2026-07-11 11:07:11.296 -05:00 [DBG] (Thread 79) WindowsUpdateWorker: running PS script: $ProgressPreference = 'SilentlyContinue'
            $ErrorActionPreference = 'Stop'
            try {
                if (-not (Get-PackageProvider -Name NuGet -ListAvailable -ErrorAction SilentlyContinue)) {
                    Install-PackageProvider -Name NuGet -MinimumVersion 2.8.5.201 -Force -Scope AllUsers | Out-Null
                }
                Set-PSRepository -Name PSGallery -InstallationPolicy Trusted -ErrorAction SilentlyContinue
                if (-not (Get-Module -ListAvailable -Name PSWindowsUpdate -ErrorAction SilentlyContinue)) {
                    Install-Module PSWindowsUpdate -Force -SkipPublisherCheck -Scope AllUsers | Out-Null
                }
                Import-Module PSWindowsUpdate -Force -ErrorAction Stop
                try {
                    Add-WUServiceManager -MicrosoftUpdate -Confirm:$false -ErrorAction SilentlyContinue | Out-Null
                } catch {}
                Write-Output 'OK'
            } catch {
                Write-Output ('ERROR: ' + $_.Exception.Message)
            }
2026-07-11 11:07:23.702 -05:00 [INF] (Thread 83) WindowsUpdateWorker: PSWindowsUpdate module OK.
2026-07-11 11:07:23.702 -05:00 [DBG] (Thread 83) WindowsUpdateWorker: running PS script: Import-Module PSWindowsUpdate -ErrorAction Stop
        $ProgressPreference = 'SilentlyContinue'

        # Force the Windows Update Agent to scan before installing.
        # Fixes 0x80248007 (WU_E_DS_NODATA) on fresh builds or machines
        # whose update data store has not been initialised yet.
        try {
            Start-Process -FilePath 'UsoClient.exe' `
                -ArgumentList 'StartScan' `
                -Wait -NoNewWindow -ErrorAction SilentlyContinue
            Start-Sleep -Seconds 30
        } catch {}

        # 2>&1 merges stderr into the pipeline mixing strings with update
        # objects -- we filter them out in the foreach loop below.
        $rawOutput = Install-WindowsUpdate `
            -MicrosoftUpdate `
            -AcceptAll `
            -IgnoreReboot `
            -Install `
            -ErrorAction Continue 2>&1

        # Use a hashtable keyed on Title to keep only the LAST result per update.
        # PSWindowsUpdate emits objects at multiple pipeline stages (search, download,
        # install); overwriting ensures we capture the final post-install ResultCode
        # rather than an early ResultCode=0 (NotStarted).
        $byKey = @{}

        foreach ($u in $rawOutput) {
            if ($null -eq $u -or $u -isnot [PSObject]) { continue }
            if (-not ($u.PSObject.Properties.Name -contains 'Title')) { continue }
            if ([string]::IsNullOrWhiteSpace($u.Title)) { continue }

            $resultCode = 0
            try { $resultCode = [int]$u.ResultCode } catch { $resultCode = 4 }
            $succeeded = ($resultCode -eq 2 -or $resultCode -eq 3)

            # ResultCode=0 means NotStarted — treat as Skipped, not Failed.
            $status = if ($succeeded) { 'Succeeded' } elseif ($resultCode -eq 0) { 'Skipped' } else { 'Failed' }

            $kb = ''
            try {
                if ($u.KBArticleIDs -and $u.KBArticleIDs.Count -gt 0) {
                    $kb = 'KB' + $u.KBArticleIDs[0]
                }
            } catch {}

            $needsReboot = $false
            try { $needsReboot = [bool]$u.RebootRequired } catch {}

            $byKey[$u.Title] = [PSCustomObject]@{
                Identifier     = $kb
                Title          = [string]$u.Title
                Status         = $status
                ErrorMessage   = if ($succeeded -or $resultCode -eq 0) { '' } else { 'ResultCode=' + $resultCode }
                RebootRequired = $needsReboot
                AttemptedAt    = (Get-Date -Format 'o')
            }
        }

        $results = @($byKey.Values)

        if ($results.Count -eq 0) {
            Write-Output '[]'
        } else {
            $results | ConvertTo-Json -Compress
        }
2026-07-11 11:08:19.081 -05:00 [INF] (Thread 83) WindowsUpdateWorker: no updates installed — system reboot is already pending.
2026-07-11 11:08:19.081 -05:00 [INF] (Thread 83) WindowsUpdateWorker: pass complete. Total=4 Succeeded=1 Failed=0 Skipped=3
2026-07-11 11:08:19.081 -05:00 [INF] (Thread 83) WingetWorker: skipping — last run was 2026-07-07T17:42:46.7274782Z (less than 7 days ago).
2026-07-11 11:08:19.081 -05:00 [INF] (Thread 83) UpdateOrchestrator: cycle complete. Total=4 Succeeded=1 Failed=0 RebootRequired=true
2026-07-11 11:08:19.081 -05:00 [INF] (Thread 83) UpdateOrchestrator: reboot required but last reboot was 26.0 hours ago — skipping notification until 2-day minimum has elapsed.
2026-07-11 11:08:19.081 -05:00 [INF] (Thread 83) UpdateBackgroundService: next cycle in "01:00:00".
2026-07-11 12:08:19.094 -05:00 [INF] (Thread 87) SelfUpdater: checking for updates. Current version: 0.26.230.591
2026-07-11 12:08:19.176 -05:00 [INF] (Thread 83) SelfUpdater: remote version = 0.26.230.591.
2026-07-11 12:08:19.176 -05:00 [INF] (Thread 83) SelfUpdater: already up to date.
2026-07-11 12:08:19.176 -05:00 [INF] (Thread 83) UpdateOrchestrator: === Update cycle starting ===
2026-07-11 12:08:19.176 -05:00 [INF] (Thread 83) WindowsUpdateWorker: starting update pass.
2026-07-11 12:08:19.176 -05:00 [INF] (Thread 83) WindowsUpdateWorker: verifying PSWindowsUpdate module.
2026-07-11 12:08:19.178 -05:00 [DBG] (Thread 83) WindowsUpdateWorker: running PS script: $ProgressPreference = 'SilentlyContinue'
            $ErrorActionPreference = 'Stop'
            try {
                if (-not (Get-PackageProvider -Name NuGet -ListAvailable -ErrorAction SilentlyContinue)) {
                    Install-PackageProvider -Name NuGet -MinimumVersion 2.8.5.201 -Force -Scope AllUsers | Out-Null
                }
                Set-PSRepository -Name PSGallery -InstallationPolicy Trusted -ErrorAction SilentlyContinue
                if (-not (Get-Module -ListAvailable -Name PSWindowsUpdate -ErrorAction SilentlyContinue)) {
                    Install-Module PSWindowsUpdate -Force -SkipPublisherCheck -Scope AllUsers | Out-Null
                }
                Import-Module PSWindowsUpdate -Force -ErrorAction Stop
                try {
                    Add-WUServiceManager -MicrosoftUpdate -Confirm:$false -ErrorAction SilentlyContinue | Out-Null
                } catch {}
                Write-Output 'OK'
            } catch {
                Write-Output ('ERROR: ' + $_.Exception.Message)
            }
2026-07-11 12:08:31.866 -05:00 [INF] (Thread 81) WindowsUpdateWorker: PSWindowsUpdate module OK.
2026-07-11 12:08:31.866 -05:00 [DBG] (Thread 81) WindowsUpdateWorker: running PS script: Import-Module PSWindowsUpdate -ErrorAction Stop
        $ProgressPreference = 'SilentlyContinue'

        # Force the Windows Update Agent to scan before installing.
        # Fixes 0x80248007 (WU_E_DS_NODATA) on fresh builds or machines
        # whose update data store has not been initialised yet.
        try {
            Start-Process -FilePath 'UsoClient.exe' `
                -ArgumentList 'StartScan' `
                -Wait -NoNewWindow -ErrorAction SilentlyContinue
            Start-Sleep -Seconds 30
        } catch {}

        # 2>&1 merges stderr into the pipeline mixing strings with update
        # objects -- we filter them out in the foreach loop below.
        $rawOutput = Install-WindowsUpdate `
            -MicrosoftUpdate `
            -AcceptAll `
            -IgnoreReboot `
            -Install `
            -ErrorAction Continue 2>&1

        # Use a hashtable keyed on Title to keep only the LAST result per update.
        # PSWindowsUpdate emits objects at multiple pipeline stages (search, download,
        # install); overwriting ensures we capture the final post-install ResultCode
        # rather than an early ResultCode=0 (NotStarted).
        $byKey = @{}

        foreach ($u in $rawOutput) {
            if ($null -eq $u -or $u -isnot [PSObject]) { continue }
            if (-not ($u.PSObject.Properties.Name -contains 'Title')) { continue }
            if ([string]::IsNullOrWhiteSpace($u.Title)) { continue }

            $resultCode = 0
            try { $resultCode = [int]$u.ResultCode } catch { $resultCode = 4 }
            $succeeded = ($resultCode -eq 2 -or $resultCode -eq 3)

            # ResultCode=0 means NotStarted — treat as Skipped, not Failed.
            $status = if ($succeeded) { 'Succeeded' } elseif ($resultCode -eq 0) { 'Skipped' } else { 'Failed' }

            $kb = ''
            try {
                if ($u.KBArticleIDs -and $u.KBArticleIDs.Count -gt 0) {
                    $kb = 'KB' + $u.KBArticleIDs[0]
                }
            } catch {}

            $needsReboot = $false
            try { $needsReboot = [bool]$u.RebootRequired } catch {}

            $byKey[$u.Title] = [PSCustomObject]@{
                Identifier     = $kb
                Title          = [string]$u.Title
                Status         = $status
                ErrorMessage   = if ($succeeded -or $resultCode -eq 0) { '' } else { 'ResultCode=' + $resultCode }
                RebootRequired = $needsReboot
                AttemptedAt    = (Get-Date -Format 'o')
            }
        }

        $results = @($byKey.Values)

        if ($results.Count -eq 0) {
            Write-Output '[]'
        } else {
            $results | ConvertTo-Json -Compress
        }
2026-07-11 12:09:27.336 -05:00 [INF] (Thread 81) WindowsUpdateWorker: no updates installed — system reboot is already pending.
2026-07-11 12:09:27.336 -05:00 [INF] (Thread 81) WindowsUpdateWorker: pass complete. Total=4 Succeeded=1 Failed=0 Skipped=3
2026-07-11 12:09:27.336 -05:00 [INF] (Thread 81) WingetWorker: skipping — last run was 2026-07-07T17:42:46.7274782Z (less than 7 days ago).
2026-07-11 12:09:27.336 -05:00 [INF] (Thread 81) UpdateOrchestrator: cycle complete. Total=4 Succeeded=1 Failed=0 RebootRequired=true
2026-07-11 12:09:27.336 -05:00 [INF] (Thread 81) UpdateOrchestrator: reboot required but last reboot was 27.0 hours ago — skipping notification until 2-day minimum has elapsed.
2026-07-11 12:09:27.336 -05:00 [INF] (Thread 81) UpdateBackgroundService: next cycle in "01:00:00".
2026-07-11 13:09:27.347 -05:00 [INF] (Thread 84) SelfUpdater: checking for updates. Current version: 0.26.230.591
2026-07-11 13:09:27.433 -05:00 [INF] (Thread 74) SelfUpdater: remote version = 0.26.230.591.
2026-07-11 13:09:27.433 -05:00 [INF] (Thread 74) SelfUpdater: already up to date.
2026-07-11 13:09:27.433 -05:00 [INF] (Thread 74) UpdateOrchestrator: === Update cycle starting ===
2026-07-11 13:09:27.433 -05:00 [INF] (Thread 74) WindowsUpdateWorker: starting update pass.
2026-07-11 13:09:27.433 -05:00 [INF] (Thread 74) WindowsUpdateWorker: verifying PSWindowsUpdate module.
2026-07-11 13:09:27.435 -05:00 [DBG] (Thread 74) WindowsUpdateWorker: running PS script: $ProgressPreference = 'SilentlyContinue'
            $ErrorActionPreference = 'Stop'
            try {
                if (-not (Get-PackageProvider -Name NuGet -ListAvailable -ErrorAction SilentlyContinue)) {
                    Install-PackageProvider -Name NuGet -MinimumVersion 2.8.5.201 -Force -Scope AllUsers | Out-Null
                }
                Set-PSRepository -Name PSGallery -InstallationPolicy Trusted -ErrorAction SilentlyContinue
                if (-not (Get-Module -ListAvailable -Name PSWindowsUpdate -ErrorAction SilentlyContinue)) {
                    Install-Module PSWindowsUpdate -Force -SkipPublisherCheck -Scope AllUsers | Out-Null
                }
                Import-Module PSWindowsUpdate -Force -ErrorAction Stop
                try {
                    Add-WUServiceManager -MicrosoftUpdate -Confirm:$false -ErrorAction SilentlyContinue | Out-Null
                } catch {}
                Write-Output 'OK'
            } catch {
                Write-Output ('ERROR: ' + $_.Exception.Message)
            }
2026-07-11 13:09:39.523 -05:00 [INF] (Thread 74) WindowsUpdateWorker: PSWindowsUpdate module OK.
2026-07-11 13:09:39.524 -05:00 [DBG] (Thread 74) WindowsUpdateWorker: running PS script: Import-Module PSWindowsUpdate -ErrorAction Stop
        $ProgressPreference = 'SilentlyContinue'

        # Force the Windows Update Agent to scan before installing.
        # Fixes 0x80248007 (WU_E_DS_NODATA) on fresh builds or machines
        # whose update data store has not been initialised yet.
        try {
            Start-Process -FilePath 'UsoClient.exe' `
                -ArgumentList 'StartScan' `
                -Wait -NoNewWindow -ErrorAction SilentlyContinue
            Start-Sleep -Seconds 30
        } catch {}

        # 2>&1 merges stderr into the pipeline mixing strings with update
        # objects -- we filter them out in the foreach loop below.
        $rawOutput = Install-WindowsUpdate `
            -MicrosoftUpdate `
            -AcceptAll `
            -IgnoreReboot `
            -Install `
            -ErrorAction Continue 2>&1

        # Use a hashtable keyed on Title to keep only the LAST result per update.
        # PSWindowsUpdate emits objects at multiple pipeline stages (search, download,
        # install); overwriting ensures we capture the final post-install ResultCode
        # rather than an early ResultCode=0 (NotStarted).
        $byKey = @{}

        foreach ($u in $rawOutput) {
            if ($null -eq $u -or $u -isnot [PSObject]) { continue }
            if (-not ($u.PSObject.Properties.Name -contains 'Title')) { continue }
            if ([string]::IsNullOrWhiteSpace($u.Title)) { continue }

            $resultCode = 0
            try { $resultCode = [int]$u.ResultCode } catch { $resultCode = 4 }
            $succeeded = ($resultCode -eq 2 -or $resultCode -eq 3)

            # ResultCode=0 means NotStarted — treat as Skipped, not Failed.
            $status = if ($succeeded) { 'Succeeded' } elseif ($resultCode -eq 0) { 'Skipped' } else { 'Failed' }

            $kb = ''
            try {
                if ($u.KBArticleIDs -and $u.KBArticleIDs.Count -gt 0) {
                    $kb = 'KB' + $u.KBArticleIDs[0]
                }
            } catch {}

            $needsReboot = $false
            try { $needsReboot = [bool]$u.RebootRequired } catch {}

            $byKey[$u.Title] = [PSCustomObject]@{
                Identifier     = $kb
                Title          = [string]$u.Title
                Status         = $status
                ErrorMessage   = if ($succeeded -or $resultCode -eq 0) { '' } else { 'ResultCode=' + $resultCode }
                RebootRequired = $needsReboot
                AttemptedAt    = (Get-Date -Format 'o')
            }
        }

        $results = @($byKey.Values)

        if ($results.Count -eq 0) {
            Write-Output '[]'
        } else {
            $results | ConvertTo-Json -Compress
        }
2026-07-11 13:10:34.904 -05:00 [INF] (Thread 84) WindowsUpdateWorker: no updates installed — system reboot is already pending.
2026-07-11 13:10:34.904 -05:00 [INF] (Thread 84) WindowsUpdateWorker: pass complete. Total=4 Succeeded=1 Failed=0 Skipped=3
2026-07-11 13:10:34.905 -05:00 [INF] (Thread 84) WingetWorker: skipping — last run was 2026-07-07T17:42:46.7274782Z (less than 7 days ago).
2026-07-11 13:10:34.905 -05:00 [INF] (Thread 84) UpdateOrchestrator: cycle complete. Total=4 Succeeded=1 Failed=0 RebootRequired=true
2026-07-11 13:10:34.905 -05:00 [INF] (Thread 84) UpdateOrchestrator: reboot required but last reboot was 28.1 hours ago — skipping notification until 2-day minimum has elapsed.
2026-07-11 13:10:34.905 -05:00 [INF] (Thread 84) UpdateBackgroundService: next cycle in "01:00:00".
2026-07-11 14:10:34.921 -05:00 [INF] (Thread 72) SelfUpdater: checking for updates. Current version: 0.26.230.591
2026-07-11 14:10:34.998 -05:00 [INF] (Thread 72) SelfUpdater: remote version = 0.26.230.591.
2026-07-11 14:10:34.998 -05:00 [INF] (Thread 72) SelfUpdater: already up to date.
2026-07-11 14:10:34.998 -05:00 [INF] (Thread 72) UpdateOrchestrator: === Update cycle starting ===
2026-07-11 14:10:34.998 -05:00 [INF] (Thread 72) WindowsUpdateWorker: starting update pass.
2026-07-11 14:10:34.998 -05:00 [INF] (Thread 72) WindowsUpdateWorker: verifying PSWindowsUpdate module.
2026-07-11 14:10:35.000 -05:00 [DBG] (Thread 72) WindowsUpdateWorker: running PS script: $ProgressPreference = 'SilentlyContinue'
            $ErrorActionPreference = 'Stop'
            try {
                if (-not (Get-PackageProvider -Name NuGet -ListAvailable -ErrorAction SilentlyContinue)) {
                    Install-PackageProvider -Name NuGet -MinimumVersion 2.8.5.201 -Force -Scope AllUsers | Out-Null
                }
                Set-PSRepository -Name PSGallery -InstallationPolicy Trusted -ErrorAction SilentlyContinue
                if (-not (Get-Module -ListAvailable -Name PSWindowsUpdate -ErrorAction SilentlyContinue)) {
                    Install-Module PSWindowsUpdate -Force -SkipPublisherCheck -Scope AllUsers | Out-Null
                }
                Import-Module PSWindowsUpdate -Force -ErrorAction Stop
                try {
                    Add-WUServiceManager -MicrosoftUpdate -Confirm:$false -ErrorAction SilentlyContinue | Out-Null
                } catch {}
                Write-Output 'OK'
            } catch {
                Write-Output ('ERROR: ' + $_.Exception.Message)
            }
2026-07-11 14:10:48.561 -05:00 [INF] (Thread 72) WindowsUpdateWorker: PSWindowsUpdate module OK.
2026-07-11 14:10:48.561 -05:00 [DBG] (Thread 72) WindowsUpdateWorker: running PS script: Import-Module PSWindowsUpdate -ErrorAction Stop
        $ProgressPreference = 'SilentlyContinue'

        # Force the Windows Update Agent to scan before installing.
        # Fixes 0x80248007 (WU_E_DS_NODATA) on fresh builds or machines
        # whose update data store has not been initialised yet.
        try {
            Start-Process -FilePath 'UsoClient.exe' `
                -ArgumentList 'StartScan' `
                -Wait -NoNewWindow -ErrorAction SilentlyContinue
            Start-Sleep -Seconds 30
        } catch {}

        # 2>&1 merges stderr into the pipeline mixing strings with update
        # objects -- we filter them out in the foreach loop below.
        $rawOutput = Install-WindowsUpdate `
            -MicrosoftUpdate `
            -AcceptAll `
            -IgnoreReboot `
            -Install `
            -ErrorAction Continue 2>&1

        # Use a hashtable keyed on Title to keep only the LAST result per update.
        # PSWindowsUpdate emits objects at multiple pipeline stages (search, download,
        # install); overwriting ensures we capture the final post-install ResultCode
        # rather than an early ResultCode=0 (NotStarted).
        $byKey = @{}

        foreach ($u in $rawOutput) {
            if ($null -eq $u -or $u -isnot [PSObject]) { continue }
            if (-not ($u.PSObject.Properties.Name -contains 'Title')) { continue }
            if ([string]::IsNullOrWhiteSpace($u.Title)) { continue }

            $resultCode = 0
            try { $resultCode = [int]$u.ResultCode } catch { $resultCode = 4 }
            $succeeded = ($resultCode -eq 2 -or $resultCode -eq 3)

            # ResultCode=0 means NotStarted — treat as Skipped, not Failed.
            $status = if ($succeeded) { 'Succeeded' } elseif ($resultCode -eq 0) { 'Skipped' } else { 'Failed' }

            $kb = ''
            try {
                if ($u.KBArticleIDs -and $u.KBArticleIDs.Count -gt 0) {
                    $kb = 'KB' + $u.KBArticleIDs[0]
                }
            } catch {}

            $needsReboot = $false
            try { $needsReboot = [bool]$u.RebootRequired } catch {}

            $byKey[$u.Title] = [PSCustomObject]@{
                Identifier     = $kb
                Title          = [string]$u.Title
                Status         = $status
                ErrorMessage   = if ($succeeded -or $resultCode -eq 0) { '' } else { 'ResultCode=' + $resultCode }
                RebootRequired = $needsReboot
                AttemptedAt    = (Get-Date -Format 'o')
            }
        }

        $results = @($byKey.Values)

        if ($results.Count -eq 0) {
            Write-Output '[]'
        } else {
            $results | ConvertTo-Json -Compress
        }
2026-07-11 14:11:44.422 -05:00 [INF] (Thread 70) WindowsUpdateWorker: no updates installed — system reboot is already pending.
2026-07-11 14:11:44.422 -05:00 [INF] (Thread 70) WindowsUpdateWorker: pass complete. Total=4 Succeeded=1 Failed=0 Skipped=3
2026-07-11 14:11:44.422 -05:00 [INF] (Thread 70) WingetWorker: skipping — last run was 2026-07-07T17:42:46.7274782Z (less than 7 days ago).
2026-07-11 14:11:44.422 -05:00 [INF] (Thread 70) UpdateOrchestrator: cycle complete. Total=4 Succeeded=1 Failed=0 RebootRequired=true
2026-07-11 14:11:44.422 -05:00 [INF] (Thread 70) UpdateOrchestrator: reboot required but last reboot was 29.1 hours ago — skipping notification until 2-day minimum has elapsed.
2026-07-11 14:11:44.422 -05:00 [INF] (Thread 70) UpdateBackgroundService: next cycle in "01:00:00".
2026-07-11 15:11:44.433 -05:00 [INF] (Thread 72) SelfUpdater: checking for updates. Current version: 0.26.230.591
2026-07-11 15:11:44.553 -05:00 [INF] (Thread 72) SelfUpdater: remote version = 0.26.230.591.
2026-07-11 15:11:44.553 -05:00 [INF] (Thread 72) SelfUpdater: already up to date.
2026-07-11 15:11:44.553 -05:00 [INF] (Thread 72) UpdateOrchestrator: === Update cycle starting ===
2026-07-11 15:11:44.553 -05:00 [INF] (Thread 72) WindowsUpdateWorker: starting update pass.
2026-07-11 15:11:44.553 -05:00 [INF] (Thread 72) WindowsUpdateWorker: verifying PSWindowsUpdate module.
2026-07-11 15:11:44.554 -05:00 [DBG] (Thread 72) WindowsUpdateWorker: running PS script: $ProgressPreference = 'SilentlyContinue'
            $ErrorActionPreference = 'Stop'
            try {
                if (-not (Get-PackageProvider -Name NuGet -ListAvailable -ErrorAction SilentlyContinue)) {
                    Install-PackageProvider -Name NuGet -MinimumVersion 2.8.5.201 -Force -Scope AllUsers | Out-Null
                }
                Set-PSRepository -Name PSGallery -InstallationPolicy Trusted -ErrorAction SilentlyContinue
                if (-not (Get-Module -ListAvailable -Name PSWindowsUpdate -ErrorAction SilentlyContinue)) {
                    Install-Module PSWindowsUpdate -Force -SkipPublisherCheck -Scope AllUsers | Out-Null
                }
                Import-Module PSWindowsUpdate -Force -ErrorAction Stop
                try {
                    Add-WUServiceManager -MicrosoftUpdate -Confirm:$false -ErrorAction SilentlyContinue | Out-Null
                } catch {}
                Write-Output 'OK'
            } catch {
                Write-Output ('ERROR: ' + $_.Exception.Message)
            }
2026-07-11 15:11:56.072 -05:00 [INF] (Thread 72) WindowsUpdateWorker: PSWindowsUpdate module OK.
2026-07-11 15:11:56.073 -05:00 [DBG] (Thread 72) WindowsUpdateWorker: running PS script: Import-Module PSWindowsUpdate -ErrorAction Stop
        $ProgressPreference = 'SilentlyContinue'

        # Force the Windows Update Agent to scan before installing.
        # Fixes 0x80248007 (WU_E_DS_NODATA) on fresh builds or machines
        # whose update data store has not been initialised yet.
        try {
            Start-Process -FilePath 'UsoClient.exe' `
                -ArgumentList 'StartScan' `
                -Wait -NoNewWindow -ErrorAction SilentlyContinue
            Start-Sleep -Seconds 30
        } catch {}

        # 2>&1 merges stderr into the pipeline mixing strings with update
        # objects -- we filter them out in the foreach loop below.
        $rawOutput = Install-WindowsUpdate `
            -MicrosoftUpdate `
            -AcceptAll `
            -IgnoreReboot `
            -Install `
            -ErrorAction Continue 2>&1

        # Use a hashtable keyed on Title to keep only the LAST result per update.
        # PSWindowsUpdate emits objects at multiple pipeline stages (search, download,
        # install); overwriting ensures we capture the final post-install ResultCode
        # rather than an early ResultCode=0 (NotStarted).
        $byKey = @{}

        foreach ($u in $rawOutput) {
            if ($null -eq $u -or $u -isnot [PSObject]) { continue }
            if (-not ($u.PSObject.Properties.Name -contains 'Title')) { continue }
            if ([string]::IsNullOrWhiteSpace($u.Title)) { continue }

            $resultCode = 0
            try { $resultCode = [int]$u.ResultCode } catch { $resultCode = 4 }
            $succeeded = ($resultCode -eq 2 -or $resultCode -eq 3)

            # ResultCode=0 means NotStarted — treat as Skipped, not Failed.
            $status = if ($succeeded) { 'Succeeded' } elseif ($resultCode -eq 0) { 'Skipped' } else { 'Failed' }

            $kb = ''
            try {
                if ($u.KBArticleIDs -and $u.KBArticleIDs.Count -gt 0) {
                    $kb = 'KB' + $u.KBArticleIDs[0]
                }
            } catch {}

            $needsReboot = $false
            try { $needsReboot = [bool]$u.RebootRequired } catch {}

            $byKey[$u.Title] = [PSCustomObject]@{
                Identifier     = $kb
                Title          = [string]$u.Title
                Status         = $status
                ErrorMessage   = if ($succeeded -or $resultCode -eq 0) { '' } else { 'ResultCode=' + $resultCode }
                RebootRequired = $needsReboot
                AttemptedAt    = (Get-Date -Format 'o')
            }
        }

        $results = @($byKey.Values)

        if ($results.Count -eq 0) {
            Write-Output '[]'
        } else {
            $results | ConvertTo-Json -Compress
        }
2026-07-11 15:12:50.176 -05:00 [INF] (Thread 64) WindowsUpdateWorker: no updates installed — system reboot is already pending.
2026-07-11 15:12:50.176 -05:00 [INF] (Thread 64) WindowsUpdateWorker: pass complete. Total=4 Succeeded=1 Failed=0 Skipped=3
2026-07-11 15:12:50.176 -05:00 [INF] (Thread 64) WingetWorker: skipping — last run was 2026-07-07T17:42:46.7274782Z (less than 7 days ago).
2026-07-11 15:12:50.176 -05:00 [INF] (Thread 64) UpdateOrchestrator: cycle complete. Total=4 Succeeded=1 Failed=0 RebootRequired=true
2026-07-11 15:12:50.177 -05:00 [INF] (Thread 64) UpdateOrchestrator: reboot required but last reboot was 30.1 hours ago — skipping notification until 2-day minimum has elapsed.
2026-07-11 15:12:50.177 -05:00 [INF] (Thread 64) UpdateBackgroundService: next cycle in "01:00:00".
2026-07-11 16:12:50.205 -05:00 [INF] (Thread 68) SelfUpdater: checking for updates. Current version: 0.26.230.591
2026-07-11 16:12:50.289 -05:00 [INF] (Thread 58) SelfUpdater: remote version = 0.26.230.591.
2026-07-11 16:12:50.289 -05:00 [INF] (Thread 58) SelfUpdater: already up to date.
2026-07-11 16:12:50.289 -05:00 [INF] (Thread 58) UpdateOrchestrator: === Update cycle starting ===
2026-07-11 16:12:50.289 -05:00 [INF] (Thread 58) WindowsUpdateWorker: starting update pass.
2026-07-11 16:12:50.289 -05:00 [INF] (Thread 58) WindowsUpdateWorker: verifying PSWindowsUpdate module.
2026-07-11 16:12:50.290 -05:00 [DBG] (Thread 58) WindowsUpdateWorker: running PS script: $ProgressPreference = 'SilentlyContinue'
            $ErrorActionPreference = 'Stop'
            try {
                if (-not (Get-PackageProvider -Name NuGet -ListAvailable -ErrorAction SilentlyContinue)) {
                    Install-PackageProvider -Name NuGet -MinimumVersion 2.8.5.201 -Force -Scope AllUsers | Out-Null
                }
                Set-PSRepository -Name PSGallery -InstallationPolicy Trusted -ErrorAction SilentlyContinue
                if (-not (Get-Module -ListAvailable -Name PSWindowsUpdate -ErrorAction SilentlyContinue)) {
                    Install-Module PSWindowsUpdate -Force -SkipPublisherCheck -Scope AllUsers | Out-Null
                }
                Import-Module PSWindowsUpdate -Force -ErrorAction Stop
                try {
                    Add-WUServiceManager -MicrosoftUpdate -Confirm:$false -ErrorAction SilentlyContinue | Out-Null
                } catch {}
                Write-Output 'OK'
            } catch {
                Write-Output ('ERROR: ' + $_.Exception.Message)
            }
2026-07-11 16:13:03.105 -05:00 [INF] (Thread 58) WindowsUpdateWorker: PSWindowsUpdate module OK.
2026-07-11 16:13:03.106 -05:00 [DBG] (Thread 58) WindowsUpdateWorker: running PS script: Import-Module PSWindowsUpdate -ErrorAction Stop
        $ProgressPreference = 'SilentlyContinue'

        # Force the Windows Update Agent to scan before installing.
        # Fixes 0x80248007 (WU_E_DS_NODATA) on fresh builds or machines
        # whose update data store has not been initialised yet.
        try {
            Start-Process -FilePath 'UsoClient.exe' `
                -ArgumentList 'StartScan' `
                -Wait -NoNewWindow -ErrorAction SilentlyContinue
            Start-Sleep -Seconds 30
        } catch {}

        # 2>&1 merges stderr into the pipeline mixing strings with update
        # objects -- we filter them out in the foreach loop below.
        $rawOutput = Install-WindowsUpdate `
            -MicrosoftUpdate `
            -AcceptAll `
            -IgnoreReboot `
            -Install `
            -ErrorAction Continue 2>&1

        # Use a hashtable keyed on Title to keep only the LAST result per update.
        # PSWindowsUpdate emits objects at multiple pipeline stages (search, download,
        # install); overwriting ensures we capture the final post-install ResultCode
        # rather than an early ResultCode=0 (NotStarted).
        $byKey = @{}

        foreach ($u in $rawOutput) {
            if ($null -eq $u -or $u -isnot [PSObject]) { continue }
            if (-not ($u.PSObject.Properties.Name -contains 'Title')) { continue }
            if ([string]::IsNullOrWhiteSpace($u.Title)) { continue }

            $resultCode = 0
            try { $resultCode = [int]$u.ResultCode } catch { $resultCode = 4 }
            $succeeded = ($resultCode -eq 2 -or $resultCode -eq 3)

            # ResultCode=0 means NotStarted — treat as Skipped, not Failed.
            $status = if ($succeeded) { 'Succeeded' } elseif ($resultCode -eq 0) { 'Skipped' } else { 'Failed' }

            $kb = ''
            try {
                if ($u.KBArticleIDs -and $u.KBArticleIDs.Count -gt 0) {
                    $kb = 'KB' + $u.KBArticleIDs[0]
                }
            } catch {}

            $needsReboot = $false
            try { $needsReboot = [bool]$u.RebootRequired } catch {}

            $byKey[$u.Title] = [PSCustomObject]@{
                Identifier     = $kb
                Title          = [string]$u.Title
                Status         = $status
                ErrorMessage   = if ($succeeded -or $resultCode -eq 0) { '' } else { 'ResultCode=' + $resultCode }
                RebootRequired = $needsReboot
                AttemptedAt    = (Get-Date -Format 'o')
            }
        }

        $results = @($byKey.Values)

        if ($results.Count -eq 0) {
            Write-Output '[]'
        } else {
            $results | ConvertTo-Json -Compress
        }
2026-07-11 16:13:58.768 -05:00 [INF] (Thread 65) WindowsUpdateWorker: no updates installed — system reboot is already pending.
2026-07-11 16:13:58.768 -05:00 [INF] (Thread 65) WindowsUpdateWorker: pass complete. Total=4 Succeeded=1 Failed=0 Skipped=3
2026-07-11 16:13:58.768 -05:00 [INF] (Thread 65) WingetWorker: skipping — last run was 2026-07-07T17:42:46.7274782Z (less than 7 days ago).
2026-07-11 16:13:58.768 -05:00 [INF] (Thread 65) UpdateOrchestrator: cycle complete. Total=4 Succeeded=1 Failed=0 RebootRequired=true
2026-07-11 16:13:58.768 -05:00 [INF] (Thread 65) UpdateOrchestrator: reboot required but last reboot was 31.1 hours ago — skipping notification until 2-day minimum has elapsed.
2026-07-11 16:13:58.768 -05:00 [INF] (Thread 65) UpdateBackgroundService: next cycle in "01:00:00".
2026-07-11 17:13:58.781 -05:00 [INF] (Thread 60) SelfUpdater: checking for updates. Current version: 0.26.230.591
2026-07-11 17:13:58.866 -05:00 [INF] (Thread 65) SelfUpdater: remote version = 0.26.230.591.
2026-07-11 17:13:58.866 -05:00 [INF] (Thread 65) SelfUpdater: already up to date.
2026-07-11 17:13:58.866 -05:00 [INF] (Thread 65) UpdateOrchestrator: === Update cycle starting ===
2026-07-11 17:13:58.866 -05:00 [INF] (Thread 65) WindowsUpdateWorker: starting update pass.
2026-07-11 17:13:58.866 -05:00 [INF] (Thread 65) WindowsUpdateWorker: verifying PSWindowsUpdate module.
2026-07-11 17:13:58.867 -05:00 [DBG] (Thread 65) WindowsUpdateWorker: running PS script: $ProgressPreference = 'SilentlyContinue'
            $ErrorActionPreference = 'Stop'
            try {
                if (-not (Get-PackageProvider -Name NuGet -ListAvailable -ErrorAction SilentlyContinue)) {
                    Install-PackageProvider -Name NuGet -MinimumVersion 2.8.5.201 -Force -Scope AllUsers | Out-Null
                }
                Set-PSRepository -Name PSGallery -InstallationPolicy Trusted -ErrorAction SilentlyContinue
                if (-not (Get-Module -ListAvailable -Name PSWindowsUpdate -ErrorAction SilentlyContinue)) {
                    Install-Module PSWindowsUpdate -Force -SkipPublisherCheck -Scope AllUsers | Out-Null
                }
                Import-Module PSWindowsUpdate -Force -ErrorAction Stop
                try {
                    Add-WUServiceManager -MicrosoftUpdate -Confirm:$false -ErrorAction SilentlyContinue | Out-Null
                } catch {}
                Write-Output 'OK'
            } catch {
                Write-Output ('ERROR: ' + $_.Exception.Message)
            }
2026-07-11 17:14:11.020 -05:00 [INF] (Thread 66) WindowsUpdateWorker: PSWindowsUpdate module OK.
2026-07-11 17:14:11.020 -05:00 [DBG] (Thread 66) WindowsUpdateWorker: running PS script: Import-Module PSWindowsUpdate -ErrorAction Stop
        $ProgressPreference = 'SilentlyContinue'

        # Force the Windows Update Agent to scan before installing.
        # Fixes 0x80248007 (WU_E_DS_NODATA) on fresh builds or machines
        # whose update data store has not been initialised yet.
        try {
            Start-Process -FilePath 'UsoClient.exe' `
                -ArgumentList 'StartScan' `
                -Wait -NoNewWindow -ErrorAction SilentlyContinue
            Start-Sleep -Seconds 30
        } catch {}

        # 2>&1 merges stderr into the pipeline mixing strings with update
        # objects -- we filter them out in the foreach loop below.
        $rawOutput = Install-WindowsUpdate `
            -MicrosoftUpdate `
            -AcceptAll `
            -IgnoreReboot `
            -Install `
            -ErrorAction Continue 2>&1

        # Use a hashtable keyed on Title to keep only the LAST result per update.
        # PSWindowsUpdate emits objects at multiple pipeline stages (search, download,
        # install); overwriting ensures we capture the final post-install ResultCode
        # rather than an early ResultCode=0 (NotStarted).
        $byKey = @{}

        foreach ($u in $rawOutput) {
            if ($null -eq $u -or $u -isnot [PSObject]) { continue }
            if (-not ($u.PSObject.Properties.Name -contains 'Title')) { continue }
            if ([string]::IsNullOrWhiteSpace($u.Title)) { continue }

            $resultCode = 0
            try { $resultCode = [int]$u.ResultCode } catch { $resultCode = 4 }
            $succeeded = ($resultCode -eq 2 -or $resultCode -eq 3)

            # ResultCode=0 means NotStarted — treat as Skipped, not Failed.
            $status = if ($succeeded) { 'Succeeded' } elseif ($resultCode -eq 0) { 'Skipped' } else { 'Failed' }

            $kb = ''
            try {
                if ($u.KBArticleIDs -and $u.KBArticleIDs.Count -gt 0) {
                    $kb = 'KB' + $u.KBArticleIDs[0]
                }
            } catch {}

            $needsReboot = $false
            try { $needsReboot = [bool]$u.RebootRequired } catch {}

            $byKey[$u.Title] = [PSCustomObject]@{
                Identifier     = $kb
                Title          = [string]$u.Title
                Status         = $status
                ErrorMessage   = if ($succeeded -or $resultCode -eq 0) { '' } else { 'ResultCode=' + $resultCode }
                RebootRequired = $needsReboot
                AttemptedAt    = (Get-Date -Format 'o')
            }
        }

        $results = @($byKey.Values)

        if ($results.Count -eq 0) {
            Write-Output '[]'
        } else {
            $results | ConvertTo-Json -Compress
        }
2026-07-11 17:15:07.125 -05:00 [INF] (Thread 60) WindowsUpdateWorker: no updates installed — system reboot is already pending.
2026-07-11 17:15:07.125 -05:00 [INF] (Thread 60) WindowsUpdateWorker: pass complete. Total=4 Succeeded=1 Failed=0 Skipped=3
2026-07-11 17:15:07.125 -05:00 [INF] (Thread 60) WingetWorker: skipping — last run was 2026-07-07T17:42:46.7274782Z (less than 7 days ago).
2026-07-11 17:15:07.125 -05:00 [INF] (Thread 60) UpdateOrchestrator: cycle complete. Total=4 Succeeded=1 Failed=0 RebootRequired=true
2026-07-11 17:15:07.125 -05:00 [INF] (Thread 60) UpdateOrchestrator: reboot required but last reboot was 32.1 hours ago — skipping notification until 2-day minimum has elapsed.
2026-07-11 17:15:07.125 -05:00 [INF] (Thread 60) UpdateBackgroundService: next cycle in "01:00:00".
2026-07-11 18:15:07.133 -05:00 [INF] (Thread 61) SelfUpdater: checking for updates. Current version: 0.26.230.591
2026-07-11 18:15:07.215 -05:00 [INF] (Thread 61) SelfUpdater: remote version = 0.26.230.591.
2026-07-11 18:15:07.216 -05:00 [INF] (Thread 61) SelfUpdater: already up to date.
2026-07-11 18:15:07.216 -05:00 [INF] (Thread 61) UpdateOrchestrator: === Update cycle starting ===
2026-07-11 18:15:07.216 -05:00 [INF] (Thread 61) WindowsUpdateWorker: starting update pass.
2026-07-11 18:15:07.216 -05:00 [INF] (Thread 61) WindowsUpdateWorker: verifying PSWindowsUpdate module.
2026-07-11 18:15:07.218 -05:00 [DBG] (Thread 61) WindowsUpdateWorker: running PS script: $ProgressPreference = 'SilentlyContinue'
            $ErrorActionPreference = 'Stop'
            try {
                if (-not (Get-PackageProvider -Name NuGet -ListAvailable -ErrorAction SilentlyContinue)) {
                    Install-PackageProvider -Name NuGet -MinimumVersion 2.8.5.201 -Force -Scope AllUsers | Out-Null
                }
                Set-PSRepository -Name PSGallery -InstallationPolicy Trusted -ErrorAction SilentlyContinue
                if (-not (Get-Module -ListAvailable -Name PSWindowsUpdate -ErrorAction SilentlyContinue)) {
                    Install-Module PSWindowsUpdate -Force -SkipPublisherCheck -Scope AllUsers | Out-Null
                }
                Import-Module PSWindowsUpdate -Force -ErrorAction Stop
                try {
                    Add-WUServiceManager -MicrosoftUpdate -Confirm:$false -ErrorAction SilentlyContinue | Out-Null
                } catch {}
                Write-Output 'OK'
            } catch {
                Write-Output ('ERROR: ' + $_.Exception.Message)
            }
2026-07-11 18:15:18.917 -05:00 [INF] (Thread 61) WindowsUpdateWorker: PSWindowsUpdate module OK.
2026-07-11 18:15:18.918 -05:00 [DBG] (Thread 61) WindowsUpdateWorker: running PS script: Import-Module PSWindowsUpdate -ErrorAction Stop
        $ProgressPreference = 'SilentlyContinue'

        # Force the Windows Update Agent to scan before installing.
        # Fixes 0x80248007 (WU_E_DS_NODATA) on fresh builds or machines
        # whose update data store has not been initialised yet.
        try {
            Start-Process -FilePath 'UsoClient.exe' `
                -ArgumentList 'StartScan' `
                -Wait -NoNewWindow -ErrorAction SilentlyContinue
            Start-Sleep -Seconds 30
        } catch {}

        # 2>&1 merges stderr into the pipeline mixing strings with update
        # objects -- we filter them out in the foreach loop below.
        $rawOutput = Install-WindowsUpdate `
            -MicrosoftUpdate `
            -AcceptAll `
            -IgnoreReboot `
            -Install `
            -ErrorAction Continue 2>&1

        # Use a hashtable keyed on Title to keep only the LAST result per update.
        # PSWindowsUpdate emits objects at multiple pipeline stages (search, download,
        # install); overwriting ensures we capture the final post-install ResultCode
        # rather than an early ResultCode=0 (NotStarted).
        $byKey = @{}

        foreach ($u in $rawOutput) {
            if ($null -eq $u -or $u -isnot [PSObject]) { continue }
            if (-not ($u.PSObject.Properties.Name -contains 'Title')) { continue }
            if ([string]::IsNullOrWhiteSpace($u.Title)) { continue }

            $resultCode = 0
            try { $resultCode = [int]$u.ResultCode } catch { $resultCode = 4 }
            $succeeded = ($resultCode -eq 2 -or $resultCode -eq 3)

            # ResultCode=0 means NotStarted — treat as Skipped, not Failed.
            $status = if ($succeeded) { 'Succeeded' } elseif ($resultCode -eq 0) { 'Skipped' } else { 'Failed' }

            $kb = ''
            try {
                if ($u.KBArticleIDs -and $u.KBArticleIDs.Count -gt 0) {
                    $kb = 'KB' + $u.KBArticleIDs[0]
                }
            } catch {}

            $needsReboot = $false
            try { $needsReboot = [bool]$u.RebootRequired } catch {}

            $byKey[$u.Title] = [PSCustomObject]@{
                Identifier     = $kb
                Title          = [string]$u.Title
                Status         = $status
                ErrorMessage   = if ($succeeded -or $resultCode -eq 0) { '' } else { 'ResultCode=' + $resultCode }
                RebootRequired = $needsReboot
                AttemptedAt    = (Get-Date -Format 'o')
            }
        }

        $results = @($byKey.Values)

        if ($results.Count -eq 0) {
            Write-Output '[]'
        } else {
            $results | ConvertTo-Json -Compress
        }
2026-07-11 18:16:22.295 -05:00 [INF] (Thread 45) WindowsUpdateWorker: no updates installed — system reboot is already pending.
2026-07-11 18:16:22.295 -05:00 [INF] (Thread 45) WindowsUpdateWorker: pass complete. Total=4 Succeeded=1 Failed=0 Skipped=3
2026-07-11 18:16:22.295 -05:00 [INF] (Thread 45) WingetWorker: skipping — last run was 2026-07-07T17:42:46.7274782Z (less than 7 days ago).
2026-07-11 18:16:22.295 -05:00 [INF] (Thread 45) UpdateOrchestrator: cycle complete. Total=4 Succeeded=1 Failed=0 RebootRequired=true
2026-07-11 18:16:22.295 -05:00 [INF] (Thread 45) UpdateOrchestrator: reboot required but last reboot was 33.2 hours ago — skipping notification until 2-day minimum has elapsed.
2026-07-11 18:16:22.295 -05:00 [INF] (Thread 45) UpdateBackgroundService: next cycle in "01:00:00".
2026-07-11 19:16:22.299 -05:00 [INF] (Thread 59) SelfUpdater: checking for updates. Current version: 0.26.230.591
2026-07-11 19:16:22.418 -05:00 [INF] (Thread 59) SelfUpdater: remote version = 0.26.230.591.
2026-07-11 19:16:22.418 -05:00 [INF] (Thread 59) SelfUpdater: already up to date.
2026-07-11 19:16:22.418 -05:00 [INF] (Thread 59) UpdateOrchestrator: === Update cycle starting ===
2026-07-11 19:16:22.418 -05:00 [INF] (Thread 59) WindowsUpdateWorker: starting update pass.
2026-07-11 19:16:22.418 -05:00 [INF] (Thread 59) WindowsUpdateWorker: verifying PSWindowsUpdate module.
2026-07-11 19:16:22.420 -05:00 [DBG] (Thread 59) WindowsUpdateWorker: running PS script: $ProgressPreference = 'SilentlyContinue'
            $ErrorActionPreference = 'Stop'
            try {
                if (-not (Get-PackageProvider -Name NuGet -ListAvailable -ErrorAction SilentlyContinue)) {
                    Install-PackageProvider -Name NuGet -MinimumVersion 2.8.5.201 -Force -Scope AllUsers | Out-Null
                }
                Set-PSRepository -Name PSGallery -InstallationPolicy Trusted -ErrorAction SilentlyContinue
                if (-not (Get-Module -ListAvailable -Name PSWindowsUpdate -ErrorAction SilentlyContinue)) {
                    Install-Module PSWindowsUpdate -Force -SkipPublisherCheck -Scope AllUsers | Out-Null
                }
                Import-Module PSWindowsUpdate -Force -ErrorAction Stop
                try {
                    Add-WUServiceManager -MicrosoftUpdate -Confirm:$false -ErrorAction SilentlyContinue | Out-Null
                } catch {}
                Write-Output 'OK'
            } catch {
                Write-Output ('ERROR: ' + $_.Exception.Message)
            }
2026-07-11 19:16:34.526 -05:00 [INF] (Thread 61) WindowsUpdateWorker: PSWindowsUpdate module OK.
2026-07-11 19:16:34.526 -05:00 [DBG] (Thread 61) WindowsUpdateWorker: running PS script: Import-Module PSWindowsUpdate -ErrorAction Stop
        $ProgressPreference = 'SilentlyContinue'

        # Force the Windows Update Agent to scan before installing.
        # Fixes 0x80248007 (WU_E_DS_NODATA) on fresh builds or machines
        # whose update data store has not been initialised yet.
        try {
            Start-Process -FilePath 'UsoClient.exe' `
                -ArgumentList 'StartScan' `
                -Wait -NoNewWindow -ErrorAction SilentlyContinue
            Start-Sleep -Seconds 30
        } catch {}

        # 2>&1 merges stderr into the pipeline mixing strings with update
        # objects -- we filter them out in the foreach loop below.
        $rawOutput = Install-WindowsUpdate `
            -MicrosoftUpdate `
            -AcceptAll `
            -IgnoreReboot `
            -Install `
            -ErrorAction Continue 2>&1

        # Use a hashtable keyed on Title to keep only the LAST result per update.
        # PSWindowsUpdate emits objects at multiple pipeline stages (search, download,
        # install); overwriting ensures we capture the final post-install ResultCode
        # rather than an early ResultCode=0 (NotStarted).
        $byKey = @{}

        foreach ($u in $rawOutput) {
            if ($null -eq $u -or $u -isnot [PSObject]) { continue }
            if (-not ($u.PSObject.Properties.Name -contains 'Title')) { continue }
            if ([string]::IsNullOrWhiteSpace($u.Title)) { continue }

            $resultCode = 0
            try { $resultCode = [int]$u.ResultCode } catch { $resultCode = 4 }
            $succeeded = ($resultCode -eq 2 -or $resultCode -eq 3)

            # ResultCode=0 means NotStarted — treat as Skipped, not Failed.
            $status = if ($succeeded) { 'Succeeded' } elseif ($resultCode -eq 0) { 'Skipped' } else { 'Failed' }

            $kb = ''
            try {
                if ($u.KBArticleIDs -and $u.KBArticleIDs.Count -gt 0) {
                    $kb = 'KB' + $u.KBArticleIDs[0]
                }
            } catch {}

            $needsReboot = $false
            try { $needsReboot = [bool]$u.RebootRequired } catch {}

            $byKey[$u.Title] = [PSCustomObject]@{
                Identifier     = $kb
                Title          = [string]$u.Title
                Status         = $status
                ErrorMessage   = if ($succeeded -or $resultCode -eq 0) { '' } else { 'ResultCode=' + $resultCode }
                RebootRequired = $needsReboot
                AttemptedAt    = (Get-Date -Format 'o')
            }
        }

        $results = @($byKey.Values)

        if ($results.Count -eq 0) {
            Write-Output '[]'
        } else {
            $results | ConvertTo-Json -Compress
        }
2026-07-11 19:17:29.198 -05:00 [INF] (Thread 55) WindowsUpdateWorker: no updates installed — system reboot is already pending.
2026-07-11 19:17:29.198 -05:00 [INF] (Thread 55) WindowsUpdateWorker: pass complete. Total=4 Succeeded=1 Failed=0 Skipped=3
2026-07-11 19:17:29.198 -05:00 [INF] (Thread 55) WingetWorker: skipping — last run was 2026-07-07T17:42:46.7274782Z (less than 7 days ago).
2026-07-11 19:17:29.198 -05:00 [INF] (Thread 55) UpdateOrchestrator: cycle complete. Total=4 Succeeded=1 Failed=0 RebootRequired=true
2026-07-11 19:17:29.198 -05:00 [INF] (Thread 55) UpdateOrchestrator: reboot required but last reboot was 34.2 hours ago — skipping notification until 2-day minimum has elapsed.
2026-07-11 19:17:29.198 -05:00 [INF] (Thread 55) UpdateBackgroundService: next cycle in "01:00:00".
2026-07-11 20:17:29.220 -05:00 [INF] (Thread 55) SelfUpdater: checking for updates. Current version: 0.26.230.591
2026-07-11 20:17:29.302 -05:00 [INF] (Thread 55) SelfUpdater: remote version = 0.26.230.591.
2026-07-11 20:17:29.302 -05:00 [INF] (Thread 55) SelfUpdater: already up to date.
2026-07-11 20:17:29.303 -05:00 [INF] (Thread 55) UpdateOrchestrator: === Update cycle starting ===
2026-07-11 20:17:29.303 -05:00 [INF] (Thread 55) WindowsUpdateWorker: starting update pass.
2026-07-11 20:17:29.303 -05:00 [INF] (Thread 55) WindowsUpdateWorker: verifying PSWindowsUpdate module.
2026-07-11 20:17:29.305 -05:00 [DBG] (Thread 55) WindowsUpdateWorker: running PS script: $ProgressPreference = 'SilentlyContinue'
            $ErrorActionPreference = 'Stop'
            try {
                if (-not (Get-PackageProvider -Name NuGet -ListAvailable -ErrorAction SilentlyContinue)) {
                    Install-PackageProvider -Name NuGet -MinimumVersion 2.8.5.201 -Force -Scope AllUsers | Out-Null
                }
                Set-PSRepository -Name PSGallery -InstallationPolicy Trusted -ErrorAction SilentlyContinue
                if (-not (Get-Module -ListAvailable -Name PSWindowsUpdate -ErrorAction SilentlyContinue)) {
                    Install-Module PSWindowsUpdate -Force -SkipPublisherCheck -Scope AllUsers | Out-Null
                }
                Import-Module PSWindowsUpdate -Force -ErrorAction Stop
                try {
                    Add-WUServiceManager -MicrosoftUpdate -Confirm:$false -ErrorAction SilentlyContinue | Out-Null
                } catch {}
                Write-Output 'OK'
            } catch {
                Write-Output ('ERROR: ' + $_.Exception.Message)
            }
2026-07-11 20:17:41.739 -05:00 [INF] (Thread 51) WindowsUpdateWorker: PSWindowsUpdate module OK.
2026-07-11 20:17:41.739 -05:00 [DBG] (Thread 51) WindowsUpdateWorker: running PS script: Import-Module PSWindowsUpdate -ErrorAction Stop
        $ProgressPreference = 'SilentlyContinue'

        # Force the Windows Update Agent to scan before installing.
        # Fixes 0x80248007 (WU_E_DS_NODATA) on fresh builds or machines
        # whose update data store has not been initialised yet.
        try {
            Start-Process -FilePath 'UsoClient.exe' `
                -ArgumentList 'StartScan' `
                -Wait -NoNewWindow -ErrorAction SilentlyContinue
            Start-Sleep -Seconds 30
        } catch {}

        # 2>&1 merges stderr into the pipeline mixing strings with update
        # objects -- we filter them out in the foreach loop below.
        $rawOutput = Install-WindowsUpdate `
            -MicrosoftUpdate `
            -AcceptAll `
            -IgnoreReboot `
            -Install `
            -ErrorAction Continue 2>&1

        # Use a hashtable keyed on Title to keep only the LAST result per update.
        # PSWindowsUpdate emits objects at multiple pipeline stages (search, download,
        # install); overwriting ensures we capture the final post-install ResultCode
        # rather than an early ResultCode=0 (NotStarted).
        $byKey = @{}

        foreach ($u in $rawOutput) {
            if ($null -eq $u -or $u -isnot [PSObject]) { continue }
            if (-not ($u.PSObject.Properties.Name -contains 'Title')) { continue }
            if ([string]::IsNullOrWhiteSpace($u.Title)) { continue }

            $resultCode = 0
            try { $resultCode = [int]$u.ResultCode } catch { $resultCode = 4 }
            $succeeded = ($resultCode -eq 2 -or $resultCode -eq 3)

            # ResultCode=0 means NotStarted — treat as Skipped, not Failed.
            $status = if ($succeeded) { 'Succeeded' } elseif ($resultCode -eq 0) { 'Skipped' } else { 'Failed' }

            $kb = ''
            try {
                if ($u.KBArticleIDs -and $u.KBArticleIDs.Count -gt 0) {
                    $kb = 'KB' + $u.KBArticleIDs[0]
                }
            } catch {}

            $needsReboot = $false
            try { $needsReboot = [bool]$u.RebootRequired } catch {}

            $byKey[$u.Title] = [PSCustomObject]@{
                Identifier     = $kb
                Title          = [string]$u.Title
                Status         = $status
                ErrorMessage   = if ($succeeded -or $resultCode -eq 0) { '' } else { 'ResultCode=' + $resultCode }
                RebootRequired = $needsReboot
                AttemptedAt    = (Get-Date -Format 'o')
            }
        }

        $results = @($byKey.Values)

        if ($results.Count -eq 0) {
            Write-Output '[]'
        } else {
            $results | ConvertTo-Json -Compress
        }
2026-07-11 20:18:37.376 -05:00 [INF] (Thread 51) WindowsUpdateWorker: no updates installed — system reboot is already pending.
2026-07-11 20:18:37.376 -05:00 [INF] (Thread 51) WindowsUpdateWorker: pass complete. Total=4 Succeeded=1 Failed=0 Skipped=3
2026-07-11 20:18:37.376 -05:00 [INF] (Thread 51) WingetWorker: skipping — last run was 2026-07-07T17:42:46.7274782Z (less than 7 days ago).
2026-07-11 20:18:37.376 -05:00 [INF] (Thread 51) UpdateOrchestrator: cycle complete. Total=4 Succeeded=1 Failed=0 RebootRequired=true
2026-07-11 20:18:37.376 -05:00 [INF] (Thread 51) UpdateOrchestrator: reboot required but last reboot was 35.2 hours ago — skipping notification until 2-day minimum has elapsed.
2026-07-11 20:18:37.376 -05:00 [INF] (Thread 51) UpdateBackgroundService: next cycle in "01:00:00".
2026-07-11 21:18:37.394 -05:00 [INF] (Thread 52) SelfUpdater: checking for updates. Current version: 0.26.230.591
2026-07-11 21:18:37.533 -05:00 [INF] (Thread 50) SelfUpdater: remote version = 0.26.230.591.
2026-07-11 21:18:37.533 -05:00 [INF] (Thread 50) SelfUpdater: already up to date.
2026-07-11 21:18:37.533 -05:00 [INF] (Thread 50) UpdateOrchestrator: === Update cycle starting ===
2026-07-11 21:18:37.533 -05:00 [INF] (Thread 50) WindowsUpdateWorker: starting update pass.
2026-07-11 21:18:37.533 -05:00 [INF] (Thread 50) WindowsUpdateWorker: verifying PSWindowsUpdate module.
2026-07-11 21:18:37.535 -05:00 [DBG] (Thread 50) WindowsUpdateWorker: running PS script: $ProgressPreference = 'SilentlyContinue'
            $ErrorActionPreference = 'Stop'
            try {
                if (-not (Get-PackageProvider -Name NuGet -ListAvailable -ErrorAction SilentlyContinue)) {
                    Install-PackageProvider -Name NuGet -MinimumVersion 2.8.5.201 -Force -Scope AllUsers | Out-Null
                }
                Set-PSRepository -Name PSGallery -InstallationPolicy Trusted -ErrorAction SilentlyContinue
                if (-not (Get-Module -ListAvailable -Name PSWindowsUpdate -ErrorAction SilentlyContinue)) {
                    Install-Module PSWindowsUpdate -Force -SkipPublisherCheck -Scope AllUsers | Out-Null
                }
                Import-Module PSWindowsUpdate -Force -ErrorAction Stop
                try {
                    Add-WUServiceManager -MicrosoftUpdate -Confirm:$false -ErrorAction SilentlyContinue | Out-Null
                } catch {}
                Write-Output 'OK'
            } catch {
                Write-Output ('ERROR: ' + $_.Exception.Message)
            }
2026-07-11 21:18:51.717 -05:00 [INF] (Thread 53) WindowsUpdateWorker: PSWindowsUpdate module OK.
2026-07-11 21:18:51.717 -05:00 [DBG] (Thread 53) WindowsUpdateWorker: running PS script: Import-Module PSWindowsUpdate -ErrorAction Stop
        $ProgressPreference = 'SilentlyContinue'

        # Force the Windows Update Agent to scan before installing.
        # Fixes 0x80248007 (WU_E_DS_NODATA) on fresh builds or machines
        # whose update data store has not been initialised yet.
        try {
            Start-Process -FilePath 'UsoClient.exe' `
                -ArgumentList 'StartScan' `
                -Wait -NoNewWindow -ErrorAction SilentlyContinue
            Start-Sleep -Seconds 30
        } catch {}

        # 2>&1 merges stderr into the pipeline mixing strings with update
        # objects -- we filter them out in the foreach loop below.
        $rawOutput = Install-WindowsUpdate `
            -MicrosoftUpdate `
            -AcceptAll `
            -IgnoreReboot `
            -Install `
            -ErrorAction Continue 2>&1

        # Use a hashtable keyed on Title to keep only the LAST result per update.
        # PSWindowsUpdate emits objects at multiple pipeline stages (search, download,
        # install); overwriting ensures we capture the final post-install ResultCode
        # rather than an early ResultCode=0 (NotStarted).
        $byKey = @{}

        foreach ($u in $rawOutput) {
            if ($null -eq $u -or $u -isnot [PSObject]) { continue }
            if (-not ($u.PSObject.Properties.Name -contains 'Title')) { continue }
            if ([string]::IsNullOrWhiteSpace($u.Title)) { continue }

            $resultCode = 0
            try { $resultCode = [int]$u.ResultCode } catch { $resultCode = 4 }
            $succeeded = ($resultCode -eq 2 -or $resultCode -eq 3)

            # ResultCode=0 means NotStarted — treat as Skipped, not Failed.
            $status = if ($succeeded) { 'Succeeded' } elseif ($resultCode -eq 0) { 'Skipped' } else { 'Failed' }

            $kb = ''
            try {
                if ($u.KBArticleIDs -and $u.KBArticleIDs.Count -gt 0) {
                    $kb = 'KB' + $u.KBArticleIDs[0]
                }
            } catch {}

            $needsReboot = $false
            try { $needsReboot = [bool]$u.RebootRequired } catch {}

            $byKey[$u.Title] = [PSCustomObject]@{
                Identifier     = $kb
                Title          = [string]$u.Title
                Status         = $status
                ErrorMessage   = if ($succeeded -or $resultCode -eq 0) { '' } else { 'ResultCode=' + $resultCode }
                RebootRequired = $needsReboot
                AttemptedAt    = (Get-Date -Format 'o')
            }
        }

        $results = @($byKey.Values)

        if ($results.Count -eq 0) {
            Write-Output '[]'
        } else {
            $results | ConvertTo-Json -Compress
        }
2026-07-11 21:19:48.597 -05:00 [INF] (Thread 53) WindowsUpdateWorker: no updates installed — system reboot is already pending.
2026-07-11 21:19:48.597 -05:00 [INF] (Thread 53) WindowsUpdateWorker: pass complete. Total=4 Succeeded=1 Failed=0 Skipped=3
2026-07-11 21:19:48.597 -05:00 [INF] (Thread 53) WingetWorker: skipping — last run was 2026-07-07T17:42:46.7274782Z (less than 7 days ago).
2026-07-11 21:19:48.597 -05:00 [INF] (Thread 53) UpdateOrchestrator: cycle complete. Total=4 Succeeded=1 Failed=0 RebootRequired=true
2026-07-11 21:19:48.597 -05:00 [INF] (Thread 53) UpdateOrchestrator: reboot required but last reboot was 36.2 hours ago — skipping notification until 2-day minimum has elapsed.
2026-07-11 21:19:48.597 -05:00 [INF] (Thread 53) UpdateBackgroundService: next cycle in "01:00:00".
2026-07-11 22:19:48.617 -05:00 [INF] (Thread 46) SelfUpdater: checking for updates. Current version: 0.26.230.591
2026-07-11 22:19:48.706 -05:00 [INF] (Thread 46) SelfUpdater: remote version = 0.26.230.591.
2026-07-11 22:19:48.706 -05:00 [INF] (Thread 46) SelfUpdater: already up to date.
2026-07-11 22:19:48.706 -05:00 [INF] (Thread 46) UpdateOrchestrator: === Update cycle starting ===
2026-07-11 22:19:48.706 -05:00 [INF] (Thread 46) WindowsUpdateWorker: starting update pass.
2026-07-11 22:19:48.706 -05:00 [INF] (Thread 46) WindowsUpdateWorker: verifying PSWindowsUpdate module.
2026-07-11 22:19:48.708 -05:00 [DBG] (Thread 46) WindowsUpdateWorker: running PS script: $ProgressPreference = 'SilentlyContinue'
            $ErrorActionPreference = 'Stop'
            try {
                if (-not (Get-PackageProvider -Name NuGet -ListAvailable -ErrorAction SilentlyContinue)) {
                    Install-PackageProvider -Name NuGet -MinimumVersion 2.8.5.201 -Force -Scope AllUsers | Out-Null
                }
                Set-PSRepository -Name PSGallery -InstallationPolicy Trusted -ErrorAction SilentlyContinue
                if (-not (Get-Module -ListAvailable -Name PSWindowsUpdate -ErrorAction SilentlyContinue)) {
                    Install-Module PSWindowsUpdate -Force -SkipPublisherCheck -Scope AllUsers | Out-Null
                }
                Import-Module PSWindowsUpdate -Force -ErrorAction Stop
                try {
                    Add-WUServiceManager -MicrosoftUpdate -Confirm:$false -ErrorAction SilentlyContinue | Out-Null
                } catch {}
                Write-Output 'OK'
            } catch {
                Write-Output ('ERROR: ' + $_.Exception.Message)
            }
2026-07-11 22:20:02.731 -05:00 [INF] (Thread 53) WindowsUpdateWorker: PSWindowsUpdate module OK.
2026-07-11 22:20:02.732 -05:00 [DBG] (Thread 53) WindowsUpdateWorker: running PS script: Import-Module PSWindowsUpdate -ErrorAction Stop
        $ProgressPreference = 'SilentlyContinue'

        # Force the Windows Update Agent to scan before installing.
        # Fixes 0x80248007 (WU_E_DS_NODATA) on fresh builds or machines
        # whose update data store has not been initialised yet.
        try {
            Start-Process -FilePath 'UsoClient.exe' `
                -ArgumentList 'StartScan' `
                -Wait -NoNewWindow -ErrorAction SilentlyContinue
            Start-Sleep -Seconds 30
        } catch {}

        # 2>&1 merges stderr into the pipeline mixing strings with update
        # objects -- we filter them out in the foreach loop below.
        $rawOutput = Install-WindowsUpdate `
            -MicrosoftUpdate `
            -AcceptAll `
            -IgnoreReboot `
            -Install `
            -ErrorAction Continue 2>&1

        # Use a hashtable keyed on Title to keep only the LAST result per update.
        # PSWindowsUpdate emits objects at multiple pipeline stages (search, download,
        # install); overwriting ensures we capture the final post-install ResultCode
        # rather than an early ResultCode=0 (NotStarted).
        $byKey = @{}

        foreach ($u in $rawOutput) {
            if ($null -eq $u -or $u -isnot [PSObject]) { continue }
            if (-not ($u.PSObject.Properties.Name -contains 'Title')) { continue }
            if ([string]::IsNullOrWhiteSpace($u.Title)) { continue }

            $resultCode = 0
            try { $resultCode = [int]$u.ResultCode } catch { $resultCode = 4 }
            $succeeded = ($resultCode -eq 2 -or $resultCode -eq 3)

            # ResultCode=0 means NotStarted — treat as Skipped, not Failed.
            $status = if ($succeeded) { 'Succeeded' } elseif ($resultCode -eq 0) { 'Skipped' } else { 'Failed' }

            $kb = ''
            try {
                if ($u.KBArticleIDs -and $u.KBArticleIDs.Count -gt 0) {
                    $kb = 'KB' + $u.KBArticleIDs[0]
                }
            } catch {}

            $needsReboot = $false
            try { $needsReboot = [bool]$u.RebootRequired } catch {}

            $byKey[$u.Title] = [PSCustomObject]@{
                Identifier     = $kb
                Title          = [string]$u.Title
                Status         = $status
                ErrorMessage   = if ($succeeded -or $resultCode -eq 0) { '' } else { 'ResultCode=' + $resultCode }
                RebootRequired = $needsReboot
                AttemptedAt    = (Get-Date -Format 'o')
            }
        }

        $results = @($byKey.Values)

        if ($results.Count -eq 0) {
            Write-Output '[]'
        } else {
            $results | ConvertTo-Json -Compress
        }
2026-07-11 22:20:58.000 -05:00 [INF] (Thread 42) WindowsUpdateWorker: no updates installed — system reboot is already pending.
2026-07-11 22:20:58.000 -05:00 [INF] (Thread 42) WindowsUpdateWorker: pass complete. Total=4 Succeeded=1 Failed=0 Skipped=3
2026-07-11 22:20:58.000 -05:00 [INF] (Thread 42) WingetWorker: skipping — last run was 2026-07-07T17:42:46.7274782Z (less than 7 days ago).
2026-07-11 22:20:58.000 -05:00 [INF] (Thread 42) UpdateOrchestrator: cycle complete. Total=4 Succeeded=1 Failed=0 RebootRequired=true
2026-07-11 22:20:58.000 -05:00 [INF] (Thread 42) UpdateOrchestrator: reboot required but last reboot was 37.2 hours ago — skipping notification until 2-day minimum has elapsed.
2026-07-11 22:20:58.000 -05:00 [INF] (Thread 42) UpdateBackgroundService: next cycle in "01:00:00".
2026-07-11 23:20:58.020 -05:00 [INF] (Thread 47) SelfUpdater: checking for updates. Current version: 0.26.230.591
2026-07-11 23:20:58.111 -05:00 [INF] (Thread 47) SelfUpdater: remote version = 0.26.230.591.
2026-07-11 23:20:58.111 -05:00 [INF] (Thread 47) SelfUpdater: already up to date.
2026-07-11 23:20:58.111 -05:00 [INF] (Thread 47) UpdateOrchestrator: === Update cycle starting ===
2026-07-11 23:20:58.111 -05:00 [INF] (Thread 47) WindowsUpdateWorker: starting update pass.
2026-07-11 23:20:58.111 -05:00 [INF] (Thread 47) WindowsUpdateWorker: verifying PSWindowsUpdate module.
2026-07-11 23:20:58.113 -05:00 [DBG] (Thread 47) WindowsUpdateWorker: running PS script: $ProgressPreference = 'SilentlyContinue'
            $ErrorActionPreference = 'Stop'
            try {
                if (-not (Get-PackageProvider -Name NuGet -ListAvailable -ErrorAction SilentlyContinue)) {
                    Install-PackageProvider -Name NuGet -MinimumVersion 2.8.5.201 -Force -Scope AllUsers | Out-Null
                }
                Set-PSRepository -Name PSGallery -InstallationPolicy Trusted -ErrorAction SilentlyContinue
                if (-not (Get-Module -ListAvailable -Name PSWindowsUpdate -ErrorAction SilentlyContinue)) {
                    Install-Module PSWindowsUpdate -Force -SkipPublisherCheck -Scope AllUsers | Out-Null
                }
                Import-Module PSWindowsUpdate -Force -ErrorAction Stop
                try {
                    Add-WUServiceManager -MicrosoftUpdate -Confirm:$false -ErrorAction SilentlyContinue | Out-Null
                } catch {}
                Write-Output 'OK'
            } catch {
                Write-Output ('ERROR: ' + $_.Exception.Message)
            }
2026-07-11 23:21:13.015 -05:00 [INF] (Thread 47) WindowsUpdateWorker: PSWindowsUpdate module OK.
2026-07-11 23:21:13.016 -05:00 [DBG] (Thread 47) WindowsUpdateWorker: running PS script: Import-Module PSWindowsUpdate -ErrorAction Stop
        $ProgressPreference = 'SilentlyContinue'

        # Force the Windows Update Agent to scan before installing.
        # Fixes 0x80248007 (WU_E_DS_NODATA) on fresh builds or machines
        # whose update data store has not been initialised yet.
        try {
            Start-Process -FilePath 'UsoClient.exe' `
                -ArgumentList 'StartScan' `
                -Wait -NoNewWindow -ErrorAction SilentlyContinue
            Start-Sleep -Seconds 30
        } catch {}

        # 2>&1 merges stderr into the pipeline mixing strings with update
        # objects -- we filter them out in the foreach loop below.
        $rawOutput = Install-WindowsUpdate `
            -MicrosoftUpdate `
            -AcceptAll `
            -IgnoreReboot `
            -Install `
            -ErrorAction Continue 2>&1

        # Use a hashtable keyed on Title to keep only the LAST result per update.
        # PSWindowsUpdate emits objects at multiple pipeline stages (search, download,
        # install); overwriting ensures we capture the final post-install ResultCode
        # rather than an early ResultCode=0 (NotStarted).
        $byKey = @{}

        foreach ($u in $rawOutput) {
            if ($null -eq $u -or $u -isnot [PSObject]) { continue }
            if (-not ($u.PSObject.Properties.Name -contains 'Title')) { continue }
            if ([string]::IsNullOrWhiteSpace($u.Title)) { continue }

            $resultCode = 0
            try { $resultCode = [int]$u.ResultCode } catch { $resultCode = 4 }
            $succeeded = ($resultCode -eq 2 -or $resultCode -eq 3)

            # ResultCode=0 means NotStarted — treat as Skipped, not Failed.
            $status = if ($succeeded) { 'Succeeded' } elseif ($resultCode -eq 0) { 'Skipped' } else { 'Failed' }

            $kb = ''
            try {
                if ($u.KBArticleIDs -and $u.KBArticleIDs.Count -gt 0) {
                    $kb = 'KB' + $u.KBArticleIDs[0]
                }
            } catch {}

            $needsReboot = $false
            try { $needsReboot = [bool]$u.RebootRequired } catch {}

            $byKey[$u.Title] = [PSCustomObject]@{
                Identifier     = $kb
                Title          = [string]$u.Title
                Status         = $status
                ErrorMessage   = if ($succeeded -or $resultCode -eq 0) { '' } else { 'ResultCode=' + $resultCode }
                RebootRequired = $needsReboot
                AttemptedAt    = (Get-Date -Format 'o')
            }
        }

        $results = @($byKey.Values)

        if ($results.Count -eq 0) {
            Write-Output '[]'
        } else {
            $results | ConvertTo-Json -Compress
        }
2026-07-11 23:22:08.056 -05:00 [INF] (Thread 43) WindowsUpdateWorker: no updates installed — system reboot is already pending.
2026-07-11 23:22:08.056 -05:00 [INF] (Thread 43) WindowsUpdateWorker: pass complete. Total=4 Succeeded=1 Failed=0 Skipped=3
2026-07-11 23:22:08.056 -05:00 [INF] (Thread 43) WingetWorker: skipping — last run was 2026-07-07T17:42:46.7274782Z (less than 7 days ago).
2026-07-11 23:22:08.056 -05:00 [INF] (Thread 43) UpdateOrchestrator: cycle complete. Total=4 Succeeded=1 Failed=0 RebootRequired=true
2026-07-11 23:22:08.056 -05:00 [INF] (Thread 43) UpdateOrchestrator: reboot required but last reboot was 38.3 hours ago — skipping notification until 2-day minimum has elapsed.
2026-07-11 23:22:08.056 -05:00 [INF] (Thread 43) UpdateBackgroundService: next cycle in "01:00:00".
