2026-07-05 00:26:16.816 -05:00 [INF] (Thread 69) SelfUpdater: checking for updates. Current version: 0.26.230.591
2026-07-05 00:26:16.965 -05:00 [INF] (Thread 66) SelfUpdater: remote version = 0.26.230.591.
2026-07-05 00:26:16.965 -05:00 [INF] (Thread 66) SelfUpdater: already up to date.
2026-07-05 00:26:16.965 -05:00 [INF] (Thread 66) UpdateOrchestrator: === Update cycle starting ===
2026-07-05 00:26:16.965 -05:00 [INF] (Thread 66) WindowsUpdateWorker: starting update pass.
2026-07-05 00:26:16.965 -05:00 [INF] (Thread 66) WindowsUpdateWorker: verifying PSWindowsUpdate module.
2026-07-05 00:26:16.967 -05:00 [DBG] (Thread 66) WindowsUpdateWorker: running PS script: $ProgressPreference = 'SilentlyContinue'
            $ErrorActionPreference = 'Stop'
            try {
                if (-not (Get-PackageProvider -Name NuGet -ListAvailable -ErrorAction SilentlyContinue)) {
                    Install-PackageProvider -Name NuGet -MinimumVersion 2.8.5.201 -Force -Scope AllUsers | Out-Null
                }
                Set-PSRepository -Name PSGallery -InstallationPolicy Trusted -ErrorAction SilentlyContinue
                if (-not (Get-Module -ListAvailable -Name PSWindowsUpdate -ErrorAction SilentlyContinue)) {
                    Install-Module PSWindowsUpdate -Force -SkipPublisherCheck -Scope AllUsers | Out-Null
                }
                Import-Module PSWindowsUpdate -Force -ErrorAction Stop
                try {
                    Add-WUServiceManager -MicrosoftUpdate -Confirm:$false -ErrorAction SilentlyContinue | Out-Null
                } catch {}
                Write-Output 'OK'
            } catch {
                Write-Output ('ERROR: ' + $_.Exception.Message)
            }
2026-07-05 00:26:28.492 -05:00 [INF] (Thread 69) WindowsUpdateWorker: PSWindowsUpdate module OK.
2026-07-05 00:26:28.493 -05:00 [DBG] (Thread 69) WindowsUpdateWorker: running PS script: Import-Module PSWindowsUpdate -ErrorAction Stop
        $ProgressPreference = 'SilentlyContinue'

        # Force the Windows Update Agent to scan before installing.
        # Fixes 0x80248007 (WU_E_DS_NODATA) on fresh builds or machines
        # whose update data store has not been initialised yet.
        try {
            Start-Process -FilePath 'UsoClient.exe' `
                -ArgumentList 'StartScan' `
                -Wait -NoNewWindow -ErrorAction SilentlyContinue
            Start-Sleep -Seconds 30
        } catch {}

        # 2>&1 merges stderr into the pipeline mixing strings with update
        # objects -- we filter them out in the foreach loop below.
        $rawOutput = Install-WindowsUpdate `
            -MicrosoftUpdate `
            -AcceptAll `
            -IgnoreReboot `
            -Install `
            -ErrorAction Continue 2>&1

        # Use a hashtable keyed on Title to keep only the LAST result per update.
        # PSWindowsUpdate emits objects at multiple pipeline stages (search, download,
        # install); overwriting ensures we capture the final post-install ResultCode
        # rather than an early ResultCode=0 (NotStarted).
        $byKey = @{}

        foreach ($u in $rawOutput) {
            if ($null -eq $u -or $u -isnot [PSObject]) { continue }
            if (-not ($u.PSObject.Properties.Name -contains 'Title')) { continue }
            if ([string]::IsNullOrWhiteSpace($u.Title)) { continue }

            $resultCode = 0
            try { $resultCode = [int]$u.ResultCode } catch { $resultCode = 4 }
            $succeeded = ($resultCode -eq 2 -or $resultCode -eq 3)

            # ResultCode=0 means NotStarted — treat as Skipped, not Failed.
            $status = if ($succeeded) { 'Succeeded' } elseif ($resultCode -eq 0) { 'Skipped' } else { 'Failed' }

            $kb = ''
            try {
                if ($u.KBArticleIDs -and $u.KBArticleIDs.Count -gt 0) {
                    $kb = 'KB' + $u.KBArticleIDs[0]
                }
            } catch {}

            $needsReboot = $false
            try { $needsReboot = [bool]$u.RebootRequired } catch {}

            $byKey[$u.Title] = [PSCustomObject]@{
                Identifier     = $kb
                Title          = [string]$u.Title
                Status         = $status
                ErrorMessage   = if ($succeeded -or $resultCode -eq 0) { '' } else { 'ResultCode=' + $resultCode }
                RebootRequired = $needsReboot
                AttemptedAt    = (Get-Date -Format 'o')
            }
        }

        $results = @($byKey.Values)

        if ($results.Count -eq 0) {
            Write-Output '[]'
        } else {
            $results | ConvertTo-Json -Compress
        }
2026-07-05 00:27:25.868 -05:00 [INF] (Thread 69) WindowsUpdateWorker: no updates installed — system reboot is already pending.
2026-07-05 00:27:25.868 -05:00 [INF] (Thread 69) WindowsUpdateWorker: pass complete. Total=4 Succeeded=1 Failed=0 Skipped=3
2026-07-05 00:27:25.871 -05:00 [INF] (Thread 69) WingetWorker: skipping — last run was 2026-06-30T17:09:51.4718596Z (less than 7 days ago).
2026-07-05 00:27:25.871 -05:00 [INF] (Thread 69) UpdateOrchestrator: cycle complete. Total=4 Succeeded=1 Failed=0 RebootRequired=true
2026-07-05 00:27:25.871 -05:00 [INF] (Thread 69) UpdateOrchestrator: reboot required but last reboot was 22.5 hours ago — skipping notification until 2-day minimum has elapsed.
2026-07-05 00:27:25.871 -05:00 [INF] (Thread 69) UpdateBackgroundService: next cycle in "01:00:00".
2026-07-05 01:27:25.878 -05:00 [INF] (Thread 73) SelfUpdater: checking for updates. Current version: 0.26.230.591
2026-07-05 01:27:26.023 -05:00 [INF] (Thread 70) SelfUpdater: remote version = 0.26.230.591.
2026-07-05 01:27:26.023 -05:00 [INF] (Thread 70) SelfUpdater: already up to date.
2026-07-05 01:27:26.023 -05:00 [INF] (Thread 70) UpdateOrchestrator: === Update cycle starting ===
2026-07-05 01:27:26.023 -05:00 [INF] (Thread 70) WindowsUpdateWorker: starting update pass.
2026-07-05 01:27:26.023 -05:00 [INF] (Thread 70) WindowsUpdateWorker: verifying PSWindowsUpdate module.
2026-07-05 01:27:26.024 -05:00 [DBG] (Thread 70) WindowsUpdateWorker: running PS script: $ProgressPreference = 'SilentlyContinue'
            $ErrorActionPreference = 'Stop'
            try {
                if (-not (Get-PackageProvider -Name NuGet -ListAvailable -ErrorAction SilentlyContinue)) {
                    Install-PackageProvider -Name NuGet -MinimumVersion 2.8.5.201 -Force -Scope AllUsers | Out-Null
                }
                Set-PSRepository -Name PSGallery -InstallationPolicy Trusted -ErrorAction SilentlyContinue
                if (-not (Get-Module -ListAvailable -Name PSWindowsUpdate -ErrorAction SilentlyContinue)) {
                    Install-Module PSWindowsUpdate -Force -SkipPublisherCheck -Scope AllUsers | Out-Null
                }
                Import-Module PSWindowsUpdate -Force -ErrorAction Stop
                try {
                    Add-WUServiceManager -MicrosoftUpdate -Confirm:$false -ErrorAction SilentlyContinue | Out-Null
                } catch {}
                Write-Output 'OK'
            } catch {
                Write-Output ('ERROR: ' + $_.Exception.Message)
            }
2026-07-05 01:27:37.936 -05:00 [INF] (Thread 73) WindowsUpdateWorker: PSWindowsUpdate module OK.
2026-07-05 01:27:37.937 -05:00 [DBG] (Thread 73) WindowsUpdateWorker: running PS script: Import-Module PSWindowsUpdate -ErrorAction Stop
        $ProgressPreference = 'SilentlyContinue'

        # Force the Windows Update Agent to scan before installing.
        # Fixes 0x80248007 (WU_E_DS_NODATA) on fresh builds or machines
        # whose update data store has not been initialised yet.
        try {
            Start-Process -FilePath 'UsoClient.exe' `
                -ArgumentList 'StartScan' `
                -Wait -NoNewWindow -ErrorAction SilentlyContinue
            Start-Sleep -Seconds 30
        } catch {}

        # 2>&1 merges stderr into the pipeline mixing strings with update
        # objects -- we filter them out in the foreach loop below.
        $rawOutput = Install-WindowsUpdate `
            -MicrosoftUpdate `
            -AcceptAll `
            -IgnoreReboot `
            -Install `
            -ErrorAction Continue 2>&1

        # Use a hashtable keyed on Title to keep only the LAST result per update.
        # PSWindowsUpdate emits objects at multiple pipeline stages (search, download,
        # install); overwriting ensures we capture the final post-install ResultCode
        # rather than an early ResultCode=0 (NotStarted).
        $byKey = @{}

        foreach ($u in $rawOutput) {
            if ($null -eq $u -or $u -isnot [PSObject]) { continue }
            if (-not ($u.PSObject.Properties.Name -contains 'Title')) { continue }
            if ([string]::IsNullOrWhiteSpace($u.Title)) { continue }

            $resultCode = 0
            try { $resultCode = [int]$u.ResultCode } catch { $resultCode = 4 }
            $succeeded = ($resultCode -eq 2 -or $resultCode -eq 3)

            # ResultCode=0 means NotStarted — treat as Skipped, not Failed.
            $status = if ($succeeded) { 'Succeeded' } elseif ($resultCode -eq 0) { 'Skipped' } else { 'Failed' }

            $kb = ''
            try {
                if ($u.KBArticleIDs -and $u.KBArticleIDs.Count -gt 0) {
                    $kb = 'KB' + $u.KBArticleIDs[0]
                }
            } catch {}

            $needsReboot = $false
            try { $needsReboot = [bool]$u.RebootRequired } catch {}

            $byKey[$u.Title] = [PSCustomObject]@{
                Identifier     = $kb
                Title          = [string]$u.Title
                Status         = $status
                ErrorMessage   = if ($succeeded -or $resultCode -eq 0) { '' } else { 'ResultCode=' + $resultCode }
                RebootRequired = $needsReboot
                AttemptedAt    = (Get-Date -Format 'o')
            }
        }

        $results = @($byKey.Values)

        if ($results.Count -eq 0) {
            Write-Output '[]'
        } else {
            $results | ConvertTo-Json -Compress
        }
2026-07-05 01:28:35.388 -05:00 [INF] (Thread 75) WindowsUpdateWorker: no updates installed — system reboot is already pending.
2026-07-05 01:28:35.388 -05:00 [INF] (Thread 75) WindowsUpdateWorker: pass complete. Total=4 Succeeded=1 Failed=0 Skipped=3
2026-07-05 01:28:35.388 -05:00 [INF] (Thread 75) WingetWorker: skipping — last run was 2026-06-30T17:09:51.4718596Z (less than 7 days ago).
2026-07-05 01:28:35.388 -05:00 [INF] (Thread 75) UpdateOrchestrator: cycle complete. Total=4 Succeeded=1 Failed=0 RebootRequired=true
2026-07-05 01:28:35.388 -05:00 [INF] (Thread 75) UpdateOrchestrator: reboot required but last reboot was 23.5 hours ago — skipping notification until 2-day minimum has elapsed.
2026-07-05 01:28:35.388 -05:00 [INF] (Thread 75) UpdateBackgroundService: next cycle in "01:00:00".
2026-07-05 01:55:41.675 -05:00 [INF] (Thread 69) UpdateBackgroundService: StopAsync called by SCM.
2026-07-05 01:55:41.684 -05:00 [INF] (Thread 72) UpdateBackgroundService: stopping.
2026-07-05 01:57:02.428 -05:00 [INF] (Thread 2) Logging initialized. Directory: C:\ProgramData\CapTG\Logs
2026-07-05 01:57:02.464 -05:00 [INF] (Thread 2) CapTG UpdateService starting. Args: []
2026-07-05 01:57:02.467 -05:00 [INF] (Thread 2) Notifier path: C:\Program Files\CapTG Updater\UpdateNotifier.exe
2026-07-05 01:57:02.562 -05:00 [INF] (Thread 2) Host built — handing control to the SCM.
2026-07-05 01:57:02.605 -05:00 [INF] (Thread 10) UpdateBackgroundService: update interval = "01:00:00"
2026-07-05 01:57:02.610 -05:00 [INF] (Thread 10) UpdateBackgroundService: StartAsync called by SCM.
2026-07-05 01:57:02.612 -05:00 [INF] (Thread 8) UpdateBackgroundService: service started. Initial delay = "00:02:00".
2026-07-05 01:59:02.604 -05:00 [INF] (Thread 13) SelfUpdater: checking for updates. Current version: 0.26.230.591
2026-07-05 01:59:02.885 -05:00 [INF] (Thread 14) SelfUpdater: remote version = 0.26.230.591.
2026-07-05 01:59:02.885 -05:00 [INF] (Thread 14) SelfUpdater: already up to date.
2026-07-05 01:59:02.886 -05:00 [INF] (Thread 14) UpdateOrchestrator: === Update cycle starting ===
2026-07-05 01:59:02.888 -05:00 [INF] (Thread 14) WindowsUpdateWorker: starting update pass.
2026-07-05 01:59:02.889 -05:00 [INF] (Thread 14) WindowsUpdateWorker: verifying PSWindowsUpdate module.
2026-07-05 01:59:02.900 -05:00 [DBG] (Thread 13) WindowsUpdateWorker: running PS script: $ProgressPreference = 'SilentlyContinue'
            $ErrorActionPreference = 'Stop'
            try {
                if (-not (Get-PackageProvider -Name NuGet -ListAvailable -ErrorAction SilentlyContinue)) {
                    Install-PackageProvider -Name NuGet -MinimumVersion 2.8.5.201 -Force -Scope AllUsers | Out-Null
                }
                Set-PSRepository -Name PSGallery -InstallationPolicy Trusted -ErrorAction SilentlyContinue
                if (-not (Get-Module -ListAvailable -Name PSWindowsUpdate -ErrorAction SilentlyContinue)) {
                    Install-Module PSWindowsUpdate -Force -SkipPublisherCheck -Scope AllUsers | Out-Null
                }
                Import-Module PSWindowsUpdate -Force -ErrorAction Stop
                try {
                    Add-WUServiceManager -MicrosoftUpdate -Confirm:$false -ErrorAction SilentlyContinue | Out-Null
                } catch {}
                Write-Output 'OK'
            } catch {
                Write-Output ('ERROR: ' + $_.Exception.Message)
            }
2026-07-05 01:59:17.271 -05:00 [INF] (Thread 15) WindowsUpdateWorker: PSWindowsUpdate module OK.
2026-07-05 01:59:17.273 -05:00 [DBG] (Thread 13) WindowsUpdateWorker: running PS script: Import-Module PSWindowsUpdate -ErrorAction Stop
        $ProgressPreference = 'SilentlyContinue'

        # Force the Windows Update Agent to scan before installing.
        # Fixes 0x80248007 (WU_E_DS_NODATA) on fresh builds or machines
        # whose update data store has not been initialised yet.
        try {
            Start-Process -FilePath 'UsoClient.exe' `
                -ArgumentList 'StartScan' `
                -Wait -NoNewWindow -ErrorAction SilentlyContinue
            Start-Sleep -Seconds 30
        } catch {}

        # 2>&1 merges stderr into the pipeline mixing strings with update
        # objects -- we filter them out in the foreach loop below.
        $rawOutput = Install-WindowsUpdate `
            -MicrosoftUpdate `
            -AcceptAll `
            -IgnoreReboot `
            -Install `
            -ErrorAction Continue 2>&1

        # Use a hashtable keyed on Title to keep only the LAST result per update.
        # PSWindowsUpdate emits objects at multiple pipeline stages (search, download,
        # install); overwriting ensures we capture the final post-install ResultCode
        # rather than an early ResultCode=0 (NotStarted).
        $byKey = @{}

        foreach ($u in $rawOutput) {
            if ($null -eq $u -or $u -isnot [PSObject]) { continue }
            if (-not ($u.PSObject.Properties.Name -contains 'Title')) { continue }
            if ([string]::IsNullOrWhiteSpace($u.Title)) { continue }

            $resultCode = 0
            try { $resultCode = [int]$u.ResultCode } catch { $resultCode = 4 }
            $succeeded = ($resultCode -eq 2 -or $resultCode -eq 3)

            # ResultCode=0 means NotStarted — treat as Skipped, not Failed.
            $status = if ($succeeded) { 'Succeeded' } elseif ($resultCode -eq 0) { 'Skipped' } else { 'Failed' }

            $kb = ''
            try {
                if ($u.KBArticleIDs -and $u.KBArticleIDs.Count -gt 0) {
                    $kb = 'KB' + $u.KBArticleIDs[0]
                }
            } catch {}

            $needsReboot = $false
            try { $needsReboot = [bool]$u.RebootRequired } catch {}

            $byKey[$u.Title] = [PSCustomObject]@{
                Identifier     = $kb
                Title          = [string]$u.Title
                Status         = $status
                ErrorMessage   = if ($succeeded -or $resultCode -eq 0) { '' } else { 'ResultCode=' + $resultCode }
                RebootRequired = $needsReboot
                AttemptedAt    = (Get-Date -Format 'o')
            }
        }

        $results = @($byKey.Values)

        if ($results.Count -eq 0) {
            Write-Output '[]'
        } else {
            $results | ConvertTo-Json -Compress
        }
2026-07-05 02:00:16.193 -05:00 [INF] (Thread 15) WindowsUpdateWorker: no updates installed — system reboot is already pending.
2026-07-05 02:00:16.193 -05:00 [INF] (Thread 15) WindowsUpdateWorker: pass complete. Total=4 Succeeded=1 Failed=0 Skipped=3
2026-07-05 02:00:16.201 -05:00 [INF] (Thread 15) WingetWorker: skipping — last run was 2026-06-30T17:09:51.4718596Z (less than 7 days ago).
2026-07-05 02:00:16.201 -05:00 [INF] (Thread 15) UpdateOrchestrator: cycle complete. Total=4 Succeeded=1 Failed=0 RebootRequired=true
2026-07-05 02:00:16.202 -05:00 [INF] (Thread 15) UpdateOrchestrator: reboot required but last reboot was 0.1 hours ago — skipping notification until 2-day minimum has elapsed.
2026-07-05 02:00:16.202 -05:00 [INF] (Thread 15) UpdateBackgroundService: next cycle in "01:00:00".
2026-07-05 03:00:16.098 -05:00 [INF] (Thread 14) SelfUpdater: checking for updates. Current version: 0.26.230.591
2026-07-05 03:00:16.185 -05:00 [INF] (Thread 3) SelfUpdater: remote version = 0.26.230.591.
2026-07-05 03:00:16.185 -05:00 [INF] (Thread 3) SelfUpdater: already up to date.
2026-07-05 03:00:16.185 -05:00 [INF] (Thread 3) UpdateOrchestrator: === Update cycle starting ===
2026-07-05 03:00:16.186 -05:00 [INF] (Thread 3) WindowsUpdateWorker: starting update pass.
2026-07-05 03:00:16.186 -05:00 [INF] (Thread 3) WindowsUpdateWorker: verifying PSWindowsUpdate module.
2026-07-05 03:00:16.187 -05:00 [DBG] (Thread 3) WindowsUpdateWorker: running PS script: $ProgressPreference = 'SilentlyContinue'
            $ErrorActionPreference = 'Stop'
            try {
                if (-not (Get-PackageProvider -Name NuGet -ListAvailable -ErrorAction SilentlyContinue)) {
                    Install-PackageProvider -Name NuGet -MinimumVersion 2.8.5.201 -Force -Scope AllUsers | Out-Null
                }
                Set-PSRepository -Name PSGallery -InstallationPolicy Trusted -ErrorAction SilentlyContinue
                if (-not (Get-Module -ListAvailable -Name PSWindowsUpdate -ErrorAction SilentlyContinue)) {
                    Install-Module PSWindowsUpdate -Force -SkipPublisherCheck -Scope AllUsers | Out-Null
                }
                Import-Module PSWindowsUpdate -Force -ErrorAction Stop
                try {
                    Add-WUServiceManager -MicrosoftUpdate -Confirm:$false -ErrorAction SilentlyContinue | Out-Null
                } catch {}
                Write-Output 'OK'
            } catch {
                Write-Output ('ERROR: ' + $_.Exception.Message)
            }
2026-07-05 03:00:27.686 -05:00 [INF] (Thread 14) WindowsUpdateWorker: PSWindowsUpdate module OK.
2026-07-05 03:00:27.687 -05:00 [DBG] (Thread 14) WindowsUpdateWorker: running PS script: Import-Module PSWindowsUpdate -ErrorAction Stop
        $ProgressPreference = 'SilentlyContinue'

        # Force the Windows Update Agent to scan before installing.
        # Fixes 0x80248007 (WU_E_DS_NODATA) on fresh builds or machines
        # whose update data store has not been initialised yet.
        try {
            Start-Process -FilePath 'UsoClient.exe' `
                -ArgumentList 'StartScan' `
                -Wait -NoNewWindow -ErrorAction SilentlyContinue
            Start-Sleep -Seconds 30
        } catch {}

        # 2>&1 merges stderr into the pipeline mixing strings with update
        # objects -- we filter them out in the foreach loop below.
        $rawOutput = Install-WindowsUpdate `
            -MicrosoftUpdate `
            -AcceptAll `
            -IgnoreReboot `
            -Install `
            -ErrorAction Continue 2>&1

        # Use a hashtable keyed on Title to keep only the LAST result per update.
        # PSWindowsUpdate emits objects at multiple pipeline stages (search, download,
        # install); overwriting ensures we capture the final post-install ResultCode
        # rather than an early ResultCode=0 (NotStarted).
        $byKey = @{}

        foreach ($u in $rawOutput) {
            if ($null -eq $u -or $u -isnot [PSObject]) { continue }
            if (-not ($u.PSObject.Properties.Name -contains 'Title')) { continue }
            if ([string]::IsNullOrWhiteSpace($u.Title)) { continue }

            $resultCode = 0
            try { $resultCode = [int]$u.ResultCode } catch { $resultCode = 4 }
            $succeeded = ($resultCode -eq 2 -or $resultCode -eq 3)

            # ResultCode=0 means NotStarted — treat as Skipped, not Failed.
            $status = if ($succeeded) { 'Succeeded' } elseif ($resultCode -eq 0) { 'Skipped' } else { 'Failed' }

            $kb = ''
            try {
                if ($u.KBArticleIDs -and $u.KBArticleIDs.Count -gt 0) {
                    $kb = 'KB' + $u.KBArticleIDs[0]
                }
            } catch {}

            $needsReboot = $false
            try { $needsReboot = [bool]$u.RebootRequired } catch {}

            $byKey[$u.Title] = [PSCustomObject]@{
                Identifier     = $kb
                Title          = [string]$u.Title
                Status         = $status
                ErrorMessage   = if ($succeeded -or $resultCode -eq 0) { '' } else { 'ResultCode=' + $resultCode }
                RebootRequired = $needsReboot
                AttemptedAt    = (Get-Date -Format 'o')
            }
        }

        $results = @($byKey.Values)

        if ($results.Count -eq 0) {
            Write-Output '[]'
        } else {
            $results | ConvertTo-Json -Compress
        }
2026-07-05 03:01:24.168 -05:00 [INF] (Thread 15) WindowsUpdateWorker: no updates installed — system reboot is already pending.
2026-07-05 03:01:24.168 -05:00 [INF] (Thread 15) WindowsUpdateWorker: pass complete. Total=4 Succeeded=1 Failed=0 Skipped=3
2026-07-05 03:01:24.169 -05:00 [INF] (Thread 15) WingetWorker: skipping — last run was 2026-06-30T17:09:51.4718596Z (less than 7 days ago).
2026-07-05 03:01:24.169 -05:00 [INF] (Thread 15) UpdateOrchestrator: cycle complete. Total=4 Succeeded=1 Failed=0 RebootRequired=true
2026-07-05 03:01:24.169 -05:00 [INF] (Thread 15) UpdateOrchestrator: reboot required but last reboot was 1.1 hours ago — skipping notification until 2-day minimum has elapsed.
2026-07-05 03:01:24.169 -05:00 [INF] (Thread 15) UpdateBackgroundService: next cycle in "01:00:00".
2026-07-05 04:01:24.183 -05:00 [INF] (Thread 15) SelfUpdater: checking for updates. Current version: 0.26.230.591
2026-07-05 04:01:24.269 -05:00 [INF] (Thread 19) SelfUpdater: remote version = 0.26.230.591.
2026-07-05 04:01:24.269 -05:00 [INF] (Thread 19) SelfUpdater: already up to date.
2026-07-05 04:01:24.269 -05:00 [INF] (Thread 19) UpdateOrchestrator: === Update cycle starting ===
2026-07-05 04:01:24.269 -05:00 [INF] (Thread 19) WindowsUpdateWorker: starting update pass.
2026-07-05 04:01:24.269 -05:00 [INF] (Thread 19) WindowsUpdateWorker: verifying PSWindowsUpdate module.
2026-07-05 04:01:24.270 -05:00 [DBG] (Thread 19) WindowsUpdateWorker: running PS script: $ProgressPreference = 'SilentlyContinue'
            $ErrorActionPreference = 'Stop'
            try {
                if (-not (Get-PackageProvider -Name NuGet -ListAvailable -ErrorAction SilentlyContinue)) {
                    Install-PackageProvider -Name NuGet -MinimumVersion 2.8.5.201 -Force -Scope AllUsers | Out-Null
                }
                Set-PSRepository -Name PSGallery -InstallationPolicy Trusted -ErrorAction SilentlyContinue
                if (-not (Get-Module -ListAvailable -Name PSWindowsUpdate -ErrorAction SilentlyContinue)) {
                    Install-Module PSWindowsUpdate -Force -SkipPublisherCheck -Scope AllUsers | Out-Null
                }
                Import-Module PSWindowsUpdate -Force -ErrorAction Stop
                try {
                    Add-WUServiceManager -MicrosoftUpdate -Confirm:$false -ErrorAction SilentlyContinue | Out-Null
                } catch {}
                Write-Output 'OK'
            } catch {
                Write-Output ('ERROR: ' + $_.Exception.Message)
            }
2026-07-05 04:01:37.862 -05:00 [INF] (Thread 15) WindowsUpdateWorker: PSWindowsUpdate module OK.
2026-07-05 04:01:37.864 -05:00 [DBG] (Thread 19) WindowsUpdateWorker: running PS script: Import-Module PSWindowsUpdate -ErrorAction Stop
        $ProgressPreference = 'SilentlyContinue'

        # Force the Windows Update Agent to scan before installing.
        # Fixes 0x80248007 (WU_E_DS_NODATA) on fresh builds or machines
        # whose update data store has not been initialised yet.
        try {
            Start-Process -FilePath 'UsoClient.exe' `
                -ArgumentList 'StartScan' `
                -Wait -NoNewWindow -ErrorAction SilentlyContinue
            Start-Sleep -Seconds 30
        } catch {}

        # 2>&1 merges stderr into the pipeline mixing strings with update
        # objects -- we filter them out in the foreach loop below.
        $rawOutput = Install-WindowsUpdate `
            -MicrosoftUpdate `
            -AcceptAll `
            -IgnoreReboot `
            -Install `
            -ErrorAction Continue 2>&1

        # Use a hashtable keyed on Title to keep only the LAST result per update.
        # PSWindowsUpdate emits objects at multiple pipeline stages (search, download,
        # install); overwriting ensures we capture the final post-install ResultCode
        # rather than an early ResultCode=0 (NotStarted).
        $byKey = @{}

        foreach ($u in $rawOutput) {
            if ($null -eq $u -or $u -isnot [PSObject]) { continue }
            if (-not ($u.PSObject.Properties.Name -contains 'Title')) { continue }
            if ([string]::IsNullOrWhiteSpace($u.Title)) { continue }

            $resultCode = 0
            try { $resultCode = [int]$u.ResultCode } catch { $resultCode = 4 }
            $succeeded = ($resultCode -eq 2 -or $resultCode -eq 3)

            # ResultCode=0 means NotStarted — treat as Skipped, not Failed.
            $status = if ($succeeded) { 'Succeeded' } elseif ($resultCode -eq 0) { 'Skipped' } else { 'Failed' }

            $kb = ''
            try {
                if ($u.KBArticleIDs -and $u.KBArticleIDs.Count -gt 0) {
                    $kb = 'KB' + $u.KBArticleIDs[0]
                }
            } catch {}

            $needsReboot = $false
            try { $needsReboot = [bool]$u.RebootRequired } catch {}

            $byKey[$u.Title] = [PSCustomObject]@{
                Identifier     = $kb
                Title          = [string]$u.Title
                Status         = $status
                ErrorMessage   = if ($succeeded -or $resultCode -eq 0) { '' } else { 'ResultCode=' + $resultCode }
                RebootRequired = $needsReboot
                AttemptedAt    = (Get-Date -Format 'o')
            }
        }

        $results = @($byKey.Values)

        if ($results.Count -eq 0) {
            Write-Output '[]'
        } else {
            $results | ConvertTo-Json -Compress
        }
2026-07-05 04:02:34.486 -05:00 [INF] (Thread 15) WindowsUpdateWorker: no updates installed — system reboot is already pending.
2026-07-05 04:02:34.486 -05:00 [INF] (Thread 15) WindowsUpdateWorker: pass complete. Total=4 Succeeded=1 Failed=0 Skipped=3
2026-07-05 04:02:34.487 -05:00 [INF] (Thread 15) WingetWorker: skipping — last run was 2026-06-30T17:09:51.4718596Z (less than 7 days ago).
2026-07-05 04:02:34.487 -05:00 [INF] (Thread 15) UpdateOrchestrator: cycle complete. Total=4 Succeeded=1 Failed=0 RebootRequired=true
2026-07-05 04:02:34.487 -05:00 [INF] (Thread 15) UpdateOrchestrator: reboot required but last reboot was 2.1 hours ago — skipping notification until 2-day minimum has elapsed.
2026-07-05 04:02:34.487 -05:00 [INF] (Thread 15) UpdateBackgroundService: next cycle in "01:00:00".
2026-07-05 05:02:34.499 -05:00 [INF] (Thread 19) SelfUpdater: checking for updates. Current version: 0.26.230.591
2026-07-05 05:02:34.585 -05:00 [INF] (Thread 19) SelfUpdater: remote version = 0.26.230.591.
2026-07-05 05:02:34.585 -05:00 [INF] (Thread 19) SelfUpdater: already up to date.
2026-07-05 05:02:34.585 -05:00 [INF] (Thread 19) UpdateOrchestrator: === Update cycle starting ===
2026-07-05 05:02:34.585 -05:00 [INF] (Thread 19) WindowsUpdateWorker: starting update pass.
2026-07-05 05:02:34.585 -05:00 [INF] (Thread 19) WindowsUpdateWorker: verifying PSWindowsUpdate module.
2026-07-05 05:02:34.586 -05:00 [DBG] (Thread 19) WindowsUpdateWorker: running PS script: $ProgressPreference = 'SilentlyContinue'
            $ErrorActionPreference = 'Stop'
            try {
                if (-not (Get-PackageProvider -Name NuGet -ListAvailable -ErrorAction SilentlyContinue)) {
                    Install-PackageProvider -Name NuGet -MinimumVersion 2.8.5.201 -Force -Scope AllUsers | Out-Null
                }
                Set-PSRepository -Name PSGallery -InstallationPolicy Trusted -ErrorAction SilentlyContinue
                if (-not (Get-Module -ListAvailable -Name PSWindowsUpdate -ErrorAction SilentlyContinue)) {
                    Install-Module PSWindowsUpdate -Force -SkipPublisherCheck -Scope AllUsers | Out-Null
                }
                Import-Module PSWindowsUpdate -Force -ErrorAction Stop
                try {
                    Add-WUServiceManager -MicrosoftUpdate -Confirm:$false -ErrorAction SilentlyContinue | Out-Null
                } catch {}
                Write-Output 'OK'
            } catch {
                Write-Output ('ERROR: ' + $_.Exception.Message)
            }
2026-07-05 05:02:45.917 -05:00 [INF] (Thread 19) WindowsUpdateWorker: PSWindowsUpdate module OK.
2026-07-05 05:02:45.918 -05:00 [DBG] (Thread 19) WindowsUpdateWorker: running PS script: Import-Module PSWindowsUpdate -ErrorAction Stop
        $ProgressPreference = 'SilentlyContinue'

        # Force the Windows Update Agent to scan before installing.
        # Fixes 0x80248007 (WU_E_DS_NODATA) on fresh builds or machines
        # whose update data store has not been initialised yet.
        try {
            Start-Process -FilePath 'UsoClient.exe' `
                -ArgumentList 'StartScan' `
                -Wait -NoNewWindow -ErrorAction SilentlyContinue
            Start-Sleep -Seconds 30
        } catch {}

        # 2>&1 merges stderr into the pipeline mixing strings with update
        # objects -- we filter them out in the foreach loop below.
        $rawOutput = Install-WindowsUpdate `
            -MicrosoftUpdate `
            -AcceptAll `
            -IgnoreReboot `
            -Install `
            -ErrorAction Continue 2>&1

        # Use a hashtable keyed on Title to keep only the LAST result per update.
        # PSWindowsUpdate emits objects at multiple pipeline stages (search, download,
        # install); overwriting ensures we capture the final post-install ResultCode
        # rather than an early ResultCode=0 (NotStarted).
        $byKey = @{}

        foreach ($u in $rawOutput) {
            if ($null -eq $u -or $u -isnot [PSObject]) { continue }
            if (-not ($u.PSObject.Properties.Name -contains 'Title')) { continue }
            if ([string]::IsNullOrWhiteSpace($u.Title)) { continue }

            $resultCode = 0
            try { $resultCode = [int]$u.ResultCode } catch { $resultCode = 4 }
            $succeeded = ($resultCode -eq 2 -or $resultCode -eq 3)

            # ResultCode=0 means NotStarted — treat as Skipped, not Failed.
            $status = if ($succeeded) { 'Succeeded' } elseif ($resultCode -eq 0) { 'Skipped' } else { 'Failed' }

            $kb = ''
            try {
                if ($u.KBArticleIDs -and $u.KBArticleIDs.Count -gt 0) {
                    $kb = 'KB' + $u.KBArticleIDs[0]
                }
            } catch {}

            $needsReboot = $false
            try { $needsReboot = [bool]$u.RebootRequired } catch {}

            $byKey[$u.Title] = [PSCustomObject]@{
                Identifier     = $kb
                Title          = [string]$u.Title
                Status         = $status
                ErrorMessage   = if ($succeeded -or $resultCode -eq 0) { '' } else { 'ResultCode=' + $resultCode }
                RebootRequired = $needsReboot
                AttemptedAt    = (Get-Date -Format 'o')
            }
        }

        $results = @($byKey.Values)

        if ($results.Count -eq 0) {
            Write-Output '[]'
        } else {
            $results | ConvertTo-Json -Compress
        }
2026-07-05 05:03:43.162 -05:00 [INF] (Thread 15) WindowsUpdateWorker: no updates installed — system reboot is already pending.
2026-07-05 05:03:43.162 -05:00 [INF] (Thread 15) WindowsUpdateWorker: pass complete. Total=4 Succeeded=1 Failed=0 Skipped=3
2026-07-05 05:03:43.162 -05:00 [INF] (Thread 15) WingetWorker: skipping — last run was 2026-06-30T17:09:51.4718596Z (less than 7 days ago).
2026-07-05 05:03:43.162 -05:00 [INF] (Thread 15) UpdateOrchestrator: cycle complete. Total=4 Succeeded=1 Failed=0 RebootRequired=true
2026-07-05 05:03:43.162 -05:00 [INF] (Thread 15) UpdateOrchestrator: reboot required but last reboot was 3.1 hours ago — skipping notification until 2-day minimum has elapsed.
2026-07-05 05:03:43.162 -05:00 [INF] (Thread 15) UpdateBackgroundService: next cycle in "01:00:00".
2026-07-05 06:03:43.185 -05:00 [INF] (Thread 15) SelfUpdater: checking for updates. Current version: 0.26.230.591
2026-07-05 06:03:43.267 -05:00 [INF] (Thread 15) SelfUpdater: remote version = 0.26.230.591.
2026-07-05 06:03:43.267 -05:00 [INF] (Thread 15) SelfUpdater: already up to date.
2026-07-05 06:03:43.267 -05:00 [INF] (Thread 15) UpdateOrchestrator: === Update cycle starting ===
2026-07-05 06:03:43.267 -05:00 [INF] (Thread 15) WindowsUpdateWorker: starting update pass.
2026-07-05 06:03:43.267 -05:00 [INF] (Thread 15) WindowsUpdateWorker: verifying PSWindowsUpdate module.
2026-07-05 06:03:43.268 -05:00 [DBG] (Thread 15) WindowsUpdateWorker: running PS script: $ProgressPreference = 'SilentlyContinue'
            $ErrorActionPreference = 'Stop'
            try {
                if (-not (Get-PackageProvider -Name NuGet -ListAvailable -ErrorAction SilentlyContinue)) {
                    Install-PackageProvider -Name NuGet -MinimumVersion 2.8.5.201 -Force -Scope AllUsers | Out-Null
                }
                Set-PSRepository -Name PSGallery -InstallationPolicy Trusted -ErrorAction SilentlyContinue
                if (-not (Get-Module -ListAvailable -Name PSWindowsUpdate -ErrorAction SilentlyContinue)) {
                    Install-Module PSWindowsUpdate -Force -SkipPublisherCheck -Scope AllUsers | Out-Null
                }
                Import-Module PSWindowsUpdate -Force -ErrorAction Stop
                try {
                    Add-WUServiceManager -MicrosoftUpdate -Confirm:$false -ErrorAction SilentlyContinue | Out-Null
                } catch {}
                Write-Output 'OK'
            } catch {
                Write-Output ('ERROR: ' + $_.Exception.Message)
            }
2026-07-05 06:03:54.848 -05:00 [INF] (Thread 17) WindowsUpdateWorker: PSWindowsUpdate module OK.
2026-07-05 06:03:54.849 -05:00 [DBG] (Thread 17) WindowsUpdateWorker: running PS script: Import-Module PSWindowsUpdate -ErrorAction Stop
        $ProgressPreference = 'SilentlyContinue'

        # Force the Windows Update Agent to scan before installing.
        # Fixes 0x80248007 (WU_E_DS_NODATA) on fresh builds or machines
        # whose update data store has not been initialised yet.
        try {
            Start-Process -FilePath 'UsoClient.exe' `
                -ArgumentList 'StartScan' `
                -Wait -NoNewWindow -ErrorAction SilentlyContinue
            Start-Sleep -Seconds 30
        } catch {}

        # 2>&1 merges stderr into the pipeline mixing strings with update
        # objects -- we filter them out in the foreach loop below.
        $rawOutput = Install-WindowsUpdate `
            -MicrosoftUpdate `
            -AcceptAll `
            -IgnoreReboot `
            -Install `
            -ErrorAction Continue 2>&1

        # Use a hashtable keyed on Title to keep only the LAST result per update.
        # PSWindowsUpdate emits objects at multiple pipeline stages (search, download,
        # install); overwriting ensures we capture the final post-install ResultCode
        # rather than an early ResultCode=0 (NotStarted).
        $byKey = @{}

        foreach ($u in $rawOutput) {
            if ($null -eq $u -or $u -isnot [PSObject]) { continue }
            if (-not ($u.PSObject.Properties.Name -contains 'Title')) { continue }
            if ([string]::IsNullOrWhiteSpace($u.Title)) { continue }

            $resultCode = 0
            try { $resultCode = [int]$u.ResultCode } catch { $resultCode = 4 }
            $succeeded = ($resultCode -eq 2 -or $resultCode -eq 3)

            # ResultCode=0 means NotStarted — treat as Skipped, not Failed.
            $status = if ($succeeded) { 'Succeeded' } elseif ($resultCode -eq 0) { 'Skipped' } else { 'Failed' }

            $kb = ''
            try {
                if ($u.KBArticleIDs -and $u.KBArticleIDs.Count -gt 0) {
                    $kb = 'KB' + $u.KBArticleIDs[0]
                }
            } catch {}

            $needsReboot = $false
            try { $needsReboot = [bool]$u.RebootRequired } catch {}

            $byKey[$u.Title] = [PSCustomObject]@{
                Identifier     = $kb
                Title          = [string]$u.Title
                Status         = $status
                ErrorMessage   = if ($succeeded -or $resultCode -eq 0) { '' } else { 'ResultCode=' + $resultCode }
                RebootRequired = $needsReboot
                AttemptedAt    = (Get-Date -Format 'o')
            }
        }

        $results = @($byKey.Values)

        if ($results.Count -eq 0) {
            Write-Output '[]'
        } else {
            $results | ConvertTo-Json -Compress
        }
2026-07-05 06:05:05.863 -05:00 [INF] (Thread 26) WindowsUpdateWorker: no updates installed — system reboot is already pending.
2026-07-05 06:05:05.863 -05:00 [INF] (Thread 26) WindowsUpdateWorker: pass complete. Total=4 Succeeded=1 Failed=0 Skipped=3
2026-07-05 06:05:05.864 -05:00 [INF] (Thread 26) WingetWorker: skipping — last run was 2026-06-30T17:09:51.4718596Z (less than 7 days ago).
2026-07-05 06:05:05.864 -05:00 [INF] (Thread 26) UpdateOrchestrator: cycle complete. Total=4 Succeeded=1 Failed=0 RebootRequired=true
2026-07-05 06:05:05.864 -05:00 [INF] (Thread 26) UpdateOrchestrator: reboot required but last reboot was 4.2 hours ago — skipping notification until 2-day minimum has elapsed.
2026-07-05 06:05:05.864 -05:00 [INF] (Thread 26) UpdateBackgroundService: next cycle in "01:00:00".
2026-07-05 07:05:05.873 -05:00 [INF] (Thread 26) SelfUpdater: checking for updates. Current version: 0.26.230.591
2026-07-05 07:05:05.957 -05:00 [INF] (Thread 24) SelfUpdater: remote version = 0.26.230.591.
2026-07-05 07:05:05.957 -05:00 [INF] (Thread 24) SelfUpdater: already up to date.
2026-07-05 07:05:05.957 -05:00 [INF] (Thread 24) UpdateOrchestrator: === Update cycle starting ===
2026-07-05 07:05:05.957 -05:00 [INF] (Thread 24) WindowsUpdateWorker: starting update pass.
2026-07-05 07:05:05.957 -05:00 [INF] (Thread 24) WindowsUpdateWorker: verifying PSWindowsUpdate module.
2026-07-05 07:05:05.958 -05:00 [DBG] (Thread 24) WindowsUpdateWorker: running PS script: $ProgressPreference = 'SilentlyContinue'
            $ErrorActionPreference = 'Stop'
            try {
                if (-not (Get-PackageProvider -Name NuGet -ListAvailable -ErrorAction SilentlyContinue)) {
                    Install-PackageProvider -Name NuGet -MinimumVersion 2.8.5.201 -Force -Scope AllUsers | Out-Null
                }
                Set-PSRepository -Name PSGallery -InstallationPolicy Trusted -ErrorAction SilentlyContinue
                if (-not (Get-Module -ListAvailable -Name PSWindowsUpdate -ErrorAction SilentlyContinue)) {
                    Install-Module PSWindowsUpdate -Force -SkipPublisherCheck -Scope AllUsers | Out-Null
                }
                Import-Module PSWindowsUpdate -Force -ErrorAction Stop
                try {
                    Add-WUServiceManager -MicrosoftUpdate -Confirm:$false -ErrorAction SilentlyContinue | Out-Null
                } catch {}
                Write-Output 'OK'
            } catch {
                Write-Output ('ERROR: ' + $_.Exception.Message)
            }
2026-07-05 07:05:17.271 -05:00 [INF] (Thread 26) WindowsUpdateWorker: PSWindowsUpdate module OK.
2026-07-05 07:05:17.271 -05:00 [DBG] (Thread 26) WindowsUpdateWorker: running PS script: Import-Module PSWindowsUpdate -ErrorAction Stop
        $ProgressPreference = 'SilentlyContinue'

        # Force the Windows Update Agent to scan before installing.
        # Fixes 0x80248007 (WU_E_DS_NODATA) on fresh builds or machines
        # whose update data store has not been initialised yet.
        try {
            Start-Process -FilePath 'UsoClient.exe' `
                -ArgumentList 'StartScan' `
                -Wait -NoNewWindow -ErrorAction SilentlyContinue
            Start-Sleep -Seconds 30
        } catch {}

        # 2>&1 merges stderr into the pipeline mixing strings with update
        # objects -- we filter them out in the foreach loop below.
        $rawOutput = Install-WindowsUpdate `
            -MicrosoftUpdate `
            -AcceptAll `
            -IgnoreReboot `
            -Install `
            -ErrorAction Continue 2>&1

        # Use a hashtable keyed on Title to keep only the LAST result per update.
        # PSWindowsUpdate emits objects at multiple pipeline stages (search, download,
        # install); overwriting ensures we capture the final post-install ResultCode
        # rather than an early ResultCode=0 (NotStarted).
        $byKey = @{}

        foreach ($u in $rawOutput) {
            if ($null -eq $u -or $u -isnot [PSObject]) { continue }
            if (-not ($u.PSObject.Properties.Name -contains 'Title')) { continue }
            if ([string]::IsNullOrWhiteSpace($u.Title)) { continue }

            $resultCode = 0
            try { $resultCode = [int]$u.ResultCode } catch { $resultCode = 4 }
            $succeeded = ($resultCode -eq 2 -or $resultCode -eq 3)

            # ResultCode=0 means NotStarted — treat as Skipped, not Failed.
            $status = if ($succeeded) { 'Succeeded' } elseif ($resultCode -eq 0) { 'Skipped' } else { 'Failed' }

            $kb = ''
            try {
                if ($u.KBArticleIDs -and $u.KBArticleIDs.Count -gt 0) {
                    $kb = 'KB' + $u.KBArticleIDs[0]
                }
            } catch {}

            $needsReboot = $false
            try { $needsReboot = [bool]$u.RebootRequired } catch {}

            $byKey[$u.Title] = [PSCustomObject]@{
                Identifier     = $kb
                Title          = [string]$u.Title
                Status         = $status
                ErrorMessage   = if ($succeeded -or $resultCode -eq 0) { '' } else { 'ResultCode=' + $resultCode }
                RebootRequired = $needsReboot
                AttemptedAt    = (Get-Date -Format 'o')
            }
        }

        $results = @($byKey.Values)

        if ($results.Count -eq 0) {
            Write-Output '[]'
        } else {
            $results | ConvertTo-Json -Compress
        }
2026-07-05 07:06:17.482 -05:00 [INF] (Thread 26) WindowsUpdateWorker: no updates installed — system reboot is already pending.
2026-07-05 07:06:17.482 -05:00 [INF] (Thread 26) WindowsUpdateWorker: pass complete. Total=4 Succeeded=1 Failed=0 Skipped=3
2026-07-05 07:06:17.482 -05:00 [INF] (Thread 26) WingetWorker: skipping — last run was 2026-06-30T17:09:51.4718596Z (less than 7 days ago).
2026-07-05 07:06:17.482 -05:00 [INF] (Thread 26) UpdateOrchestrator: cycle complete. Total=4 Succeeded=1 Failed=0 RebootRequired=true
2026-07-05 07:06:17.482 -05:00 [INF] (Thread 26) UpdateOrchestrator: reboot required but last reboot was 5.2 hours ago — skipping notification until 2-day minimum has elapsed.
2026-07-05 07:06:17.482 -05:00 [INF] (Thread 26) UpdateBackgroundService: next cycle in "01:00:00".
2026-07-05 08:06:17.489 -05:00 [INF] (Thread 26) SelfUpdater: checking for updates. Current version: 0.26.230.591
2026-07-05 08:06:17.570 -05:00 [INF] (Thread 26) SelfUpdater: remote version = 0.26.230.591.
2026-07-05 08:06:17.570 -05:00 [INF] (Thread 26) SelfUpdater: already up to date.
2026-07-05 08:06:17.570 -05:00 [INF] (Thread 26) UpdateOrchestrator: === Update cycle starting ===
2026-07-05 08:06:17.570 -05:00 [INF] (Thread 26) WindowsUpdateWorker: starting update pass.
2026-07-05 08:06:17.570 -05:00 [INF] (Thread 26) WindowsUpdateWorker: verifying PSWindowsUpdate module.
2026-07-05 08:06:17.571 -05:00 [DBG] (Thread 26) WindowsUpdateWorker: running PS script: $ProgressPreference = 'SilentlyContinue'
            $ErrorActionPreference = 'Stop'
            try {
                if (-not (Get-PackageProvider -Name NuGet -ListAvailable -ErrorAction SilentlyContinue)) {
                    Install-PackageProvider -Name NuGet -MinimumVersion 2.8.5.201 -Force -Scope AllUsers | Out-Null
                }
                Set-PSRepository -Name PSGallery -InstallationPolicy Trusted -ErrorAction SilentlyContinue
                if (-not (Get-Module -ListAvailable -Name PSWindowsUpdate -ErrorAction SilentlyContinue)) {
                    Install-Module PSWindowsUpdate -Force -SkipPublisherCheck -Scope AllUsers | Out-Null
                }
                Import-Module PSWindowsUpdate -Force -ErrorAction Stop
                try {
                    Add-WUServiceManager -MicrosoftUpdate -Confirm:$false -ErrorAction SilentlyContinue | Out-Null
                } catch {}
                Write-Output 'OK'
            } catch {
                Write-Output ('ERROR: ' + $_.Exception.Message)
            }
2026-07-05 08:06:28.945 -05:00 [INF] (Thread 31) WindowsUpdateWorker: PSWindowsUpdate module OK.
2026-07-05 08:06:28.946 -05:00 [DBG] (Thread 31) WindowsUpdateWorker: running PS script: Import-Module PSWindowsUpdate -ErrorAction Stop
        $ProgressPreference = 'SilentlyContinue'

        # Force the Windows Update Agent to scan before installing.
        # Fixes 0x80248007 (WU_E_DS_NODATA) on fresh builds or machines
        # whose update data store has not been initialised yet.
        try {
            Start-Process -FilePath 'UsoClient.exe' `
                -ArgumentList 'StartScan' `
                -Wait -NoNewWindow -ErrorAction SilentlyContinue
            Start-Sleep -Seconds 30
        } catch {}

        # 2>&1 merges stderr into the pipeline mixing strings with update
        # objects -- we filter them out in the foreach loop below.
        $rawOutput = Install-WindowsUpdate `
            -MicrosoftUpdate `
            -AcceptAll `
            -IgnoreReboot `
            -Install `
            -ErrorAction Continue 2>&1

        # Use a hashtable keyed on Title to keep only the LAST result per update.
        # PSWindowsUpdate emits objects at multiple pipeline stages (search, download,
        # install); overwriting ensures we capture the final post-install ResultCode
        # rather than an early ResultCode=0 (NotStarted).
        $byKey = @{}

        foreach ($u in $rawOutput) {
            if ($null -eq $u -or $u -isnot [PSObject]) { continue }
            if (-not ($u.PSObject.Properties.Name -contains 'Title')) { continue }
            if ([string]::IsNullOrWhiteSpace($u.Title)) { continue }

            $resultCode = 0
            try { $resultCode = [int]$u.ResultCode } catch { $resultCode = 4 }
            $succeeded = ($resultCode -eq 2 -or $resultCode -eq 3)

            # ResultCode=0 means NotStarted — treat as Skipped, not Failed.
            $status = if ($succeeded) { 'Succeeded' } elseif ($resultCode -eq 0) { 'Skipped' } else { 'Failed' }

            $kb = ''
            try {
                if ($u.KBArticleIDs -and $u.KBArticleIDs.Count -gt 0) {
                    $kb = 'KB' + $u.KBArticleIDs[0]
                }
            } catch {}

            $needsReboot = $false
            try { $needsReboot = [bool]$u.RebootRequired } catch {}

            $byKey[$u.Title] = [PSCustomObject]@{
                Identifier     = $kb
                Title          = [string]$u.Title
                Status         = $status
                ErrorMessage   = if ($succeeded -or $resultCode -eq 0) { '' } else { 'ResultCode=' + $resultCode }
                RebootRequired = $needsReboot
                AttemptedAt    = (Get-Date -Format 'o')
            }
        }

        $results = @($byKey.Values)

        if ($results.Count -eq 0) {
            Write-Output '[]'
        } else {
            $results | ConvertTo-Json -Compress
        }
2026-07-05 08:07:25.998 -05:00 [INF] (Thread 31) WindowsUpdateWorker: no updates installed — system reboot is already pending.
2026-07-05 08:07:25.998 -05:00 [INF] (Thread 31) WindowsUpdateWorker: pass complete. Total=4 Succeeded=1 Failed=0 Skipped=3
2026-07-05 08:07:25.999 -05:00 [INF] (Thread 31) WingetWorker: skipping — last run was 2026-06-30T17:09:51.4718596Z (less than 7 days ago).
2026-07-05 08:07:25.999 -05:00 [INF] (Thread 31) UpdateOrchestrator: cycle complete. Total=4 Succeeded=1 Failed=0 RebootRequired=true
2026-07-05 08:07:25.999 -05:00 [INF] (Thread 31) UpdateOrchestrator: reboot required but last reboot was 6.2 hours ago — skipping notification until 2-day minimum has elapsed.
2026-07-05 08:07:25.999 -05:00 [INF] (Thread 31) UpdateBackgroundService: next cycle in "01:00:00".
2026-07-05 09:07:26.020 -05:00 [INF] (Thread 31) SelfUpdater: checking for updates. Current version: 0.26.230.591
2026-07-05 09:07:26.144 -05:00 [INF] (Thread 32) SelfUpdater: remote version = 0.26.230.591.
2026-07-05 09:07:26.144 -05:00 [INF] (Thread 32) SelfUpdater: already up to date.
2026-07-05 09:07:26.144 -05:00 [INF] (Thread 32) UpdateOrchestrator: === Update cycle starting ===
2026-07-05 09:07:26.144 -05:00 [INF] (Thread 32) WindowsUpdateWorker: starting update pass.
2026-07-05 09:07:26.144 -05:00 [INF] (Thread 32) WindowsUpdateWorker: verifying PSWindowsUpdate module.
2026-07-05 09:07:26.145 -05:00 [DBG] (Thread 32) WindowsUpdateWorker: running PS script: $ProgressPreference = 'SilentlyContinue'
            $ErrorActionPreference = 'Stop'
            try {
                if (-not (Get-PackageProvider -Name NuGet -ListAvailable -ErrorAction SilentlyContinue)) {
                    Install-PackageProvider -Name NuGet -MinimumVersion 2.8.5.201 -Force -Scope AllUsers | Out-Null
                }
                Set-PSRepository -Name PSGallery -InstallationPolicy Trusted -ErrorAction SilentlyContinue
                if (-not (Get-Module -ListAvailable -Name PSWindowsUpdate -ErrorAction SilentlyContinue)) {
                    Install-Module PSWindowsUpdate -Force -SkipPublisherCheck -Scope AllUsers | Out-Null
                }
                Import-Module PSWindowsUpdate -Force -ErrorAction Stop
                try {
                    Add-WUServiceManager -MicrosoftUpdate -Confirm:$false -ErrorAction SilentlyContinue | Out-Null
                } catch {}
                Write-Output 'OK'
            } catch {
                Write-Output ('ERROR: ' + $_.Exception.Message)
            }
2026-07-05 09:07:39.815 -05:00 [INF] (Thread 32) WindowsUpdateWorker: PSWindowsUpdate module OK.
2026-07-05 09:07:39.816 -05:00 [DBG] (Thread 32) WindowsUpdateWorker: running PS script: Import-Module PSWindowsUpdate -ErrorAction Stop
        $ProgressPreference = 'SilentlyContinue'

        # Force the Windows Update Agent to scan before installing.
        # Fixes 0x80248007 (WU_E_DS_NODATA) on fresh builds or machines
        # whose update data store has not been initialised yet.
        try {
            Start-Process -FilePath 'UsoClient.exe' `
                -ArgumentList 'StartScan' `
                -Wait -NoNewWindow -ErrorAction SilentlyContinue
            Start-Sleep -Seconds 30
        } catch {}

        # 2>&1 merges stderr into the pipeline mixing strings with update
        # objects -- we filter them out in the foreach loop below.
        $rawOutput = Install-WindowsUpdate `
            -MicrosoftUpdate `
            -AcceptAll `
            -IgnoreReboot `
            -Install `
            -ErrorAction Continue 2>&1

        # Use a hashtable keyed on Title to keep only the LAST result per update.
        # PSWindowsUpdate emits objects at multiple pipeline stages (search, download,
        # install); overwriting ensures we capture the final post-install ResultCode
        # rather than an early ResultCode=0 (NotStarted).
        $byKey = @{}

        foreach ($u in $rawOutput) {
            if ($null -eq $u -or $u -isnot [PSObject]) { continue }
            if (-not ($u.PSObject.Properties.Name -contains 'Title')) { continue }
            if ([string]::IsNullOrWhiteSpace($u.Title)) { continue }

            $resultCode = 0
            try { $resultCode = [int]$u.ResultCode } catch { $resultCode = 4 }
            $succeeded = ($resultCode -eq 2 -or $resultCode -eq 3)

            # ResultCode=0 means NotStarted — treat as Skipped, not Failed.
            $status = if ($succeeded) { 'Succeeded' } elseif ($resultCode -eq 0) { 'Skipped' } else { 'Failed' }

            $kb = ''
            try {
                if ($u.KBArticleIDs -and $u.KBArticleIDs.Count -gt 0) {
                    $kb = 'KB' + $u.KBArticleIDs[0]
                }
            } catch {}

            $needsReboot = $false
            try { $needsReboot = [bool]$u.RebootRequired } catch {}

            $byKey[$u.Title] = [PSCustomObject]@{
                Identifier     = $kb
                Title          = [string]$u.Title
                Status         = $status
                ErrorMessage   = if ($succeeded -or $resultCode -eq 0) { '' } else { 'ResultCode=' + $resultCode }
                RebootRequired = $needsReboot
                AttemptedAt    = (Get-Date -Format 'o')
            }
        }

        $results = @($byKey.Values)

        if ($results.Count -eq 0) {
            Write-Output '[]'
        } else {
            $results | ConvertTo-Json -Compress
        }
2026-07-05 09:08:36.274 -05:00 [INF] (Thread 31) WindowsUpdateWorker: no updates installed — system reboot is already pending.
2026-07-05 09:08:36.275 -05:00 [INF] (Thread 31) WindowsUpdateWorker: pass complete. Total=4 Succeeded=1 Failed=0 Skipped=3
2026-07-05 09:08:36.275 -05:00 [INF] (Thread 31) WingetWorker: skipping — last run was 2026-06-30T17:09:51.4718596Z (less than 7 days ago).
2026-07-05 09:08:36.275 -05:00 [INF] (Thread 31) UpdateOrchestrator: cycle complete. Total=4 Succeeded=1 Failed=0 RebootRequired=true
2026-07-05 09:08:36.275 -05:00 [INF] (Thread 31) UpdateOrchestrator: reboot required but last reboot was 7.2 hours ago — skipping notification until 2-day minimum has elapsed.
2026-07-05 09:08:36.275 -05:00 [INF] (Thread 31) UpdateBackgroundService: next cycle in "01:00:00".
2026-07-05 10:08:36.293 -05:00 [INF] (Thread 32) SelfUpdater: checking for updates. Current version: 0.26.230.591
2026-07-05 10:08:36.379 -05:00 [INF] (Thread 31) SelfUpdater: remote version = 0.26.230.591.
2026-07-05 10:08:36.379 -05:00 [INF] (Thread 31) SelfUpdater: already up to date.
2026-07-05 10:08:36.379 -05:00 [INF] (Thread 31) UpdateOrchestrator: === Update cycle starting ===
2026-07-05 10:08:36.379 -05:00 [INF] (Thread 31) WindowsUpdateWorker: starting update pass.
2026-07-05 10:08:36.379 -05:00 [INF] (Thread 31) WindowsUpdateWorker: verifying PSWindowsUpdate module.
2026-07-05 10:08:36.380 -05:00 [DBG] (Thread 31) WindowsUpdateWorker: running PS script: $ProgressPreference = 'SilentlyContinue'
            $ErrorActionPreference = 'Stop'
            try {
                if (-not (Get-PackageProvider -Name NuGet -ListAvailable -ErrorAction SilentlyContinue)) {
                    Install-PackageProvider -Name NuGet -MinimumVersion 2.8.5.201 -Force -Scope AllUsers | Out-Null
                }
                Set-PSRepository -Name PSGallery -InstallationPolicy Trusted -ErrorAction SilentlyContinue
                if (-not (Get-Module -ListAvailable -Name PSWindowsUpdate -ErrorAction SilentlyContinue)) {
                    Install-Module PSWindowsUpdate -Force -SkipPublisherCheck -Scope AllUsers | Out-Null
                }
                Import-Module PSWindowsUpdate -Force -ErrorAction Stop
                try {
                    Add-WUServiceManager -MicrosoftUpdate -Confirm:$false -ErrorAction SilentlyContinue | Out-Null
                } catch {}
                Write-Output 'OK'
            } catch {
                Write-Output ('ERROR: ' + $_.Exception.Message)
            }
2026-07-05 10:08:48.331 -05:00 [INF] (Thread 35) WindowsUpdateWorker: PSWindowsUpdate module OK.
2026-07-05 10:08:48.332 -05:00 [DBG] (Thread 35) WindowsUpdateWorker: running PS script: Import-Module PSWindowsUpdate -ErrorAction Stop
        $ProgressPreference = 'SilentlyContinue'

        # Force the Windows Update Agent to scan before installing.
        # Fixes 0x80248007 (WU_E_DS_NODATA) on fresh builds or machines
        # whose update data store has not been initialised yet.
        try {
            Start-Process -FilePath 'UsoClient.exe' `
                -ArgumentList 'StartScan' `
                -Wait -NoNewWindow -ErrorAction SilentlyContinue
            Start-Sleep -Seconds 30
        } catch {}

        # 2>&1 merges stderr into the pipeline mixing strings with update
        # objects -- we filter them out in the foreach loop below.
        $rawOutput = Install-WindowsUpdate `
            -MicrosoftUpdate `
            -AcceptAll `
            -IgnoreReboot `
            -Install `
            -ErrorAction Continue 2>&1

        # Use a hashtable keyed on Title to keep only the LAST result per update.
        # PSWindowsUpdate emits objects at multiple pipeline stages (search, download,
        # install); overwriting ensures we capture the final post-install ResultCode
        # rather than an early ResultCode=0 (NotStarted).
        $byKey = @{}

        foreach ($u in $rawOutput) {
            if ($null -eq $u -or $u -isnot [PSObject]) { continue }
            if (-not ($u.PSObject.Properties.Name -contains 'Title')) { continue }
            if ([string]::IsNullOrWhiteSpace($u.Title)) { continue }

            $resultCode = 0
            try { $resultCode = [int]$u.ResultCode } catch { $resultCode = 4 }
            $succeeded = ($resultCode -eq 2 -or $resultCode -eq 3)

            # ResultCode=0 means NotStarted — treat as Skipped, not Failed.
            $status = if ($succeeded) { 'Succeeded' } elseif ($resultCode -eq 0) { 'Skipped' } else { 'Failed' }

            $kb = ''
            try {
                if ($u.KBArticleIDs -and $u.KBArticleIDs.Count -gt 0) {
                    $kb = 'KB' + $u.KBArticleIDs[0]
                }
            } catch {}

            $needsReboot = $false
            try { $needsReboot = [bool]$u.RebootRequired } catch {}

            $byKey[$u.Title] = [PSCustomObject]@{
                Identifier     = $kb
                Title          = [string]$u.Title
                Status         = $status
                ErrorMessage   = if ($succeeded -or $resultCode -eq 0) { '' } else { 'ResultCode=' + $resultCode }
                RebootRequired = $needsReboot
                AttemptedAt    = (Get-Date -Format 'o')
            }
        }

        $results = @($byKey.Values)

        if ($results.Count -eq 0) {
            Write-Output '[]'
        } else {
            $results | ConvertTo-Json -Compress
        }
2026-07-05 10:09:45.336 -05:00 [INF] (Thread 35) WindowsUpdateWorker: no updates installed — system reboot is already pending.
2026-07-05 10:09:45.336 -05:00 [INF] (Thread 35) WindowsUpdateWorker: pass complete. Total=4 Succeeded=1 Failed=0 Skipped=3
2026-07-05 10:09:45.336 -05:00 [INF] (Thread 35) WingetWorker: skipping — last run was 2026-06-30T17:09:51.4718596Z (less than 7 days ago).
2026-07-05 10:09:45.336 -05:00 [INF] (Thread 35) UpdateOrchestrator: cycle complete. Total=4 Succeeded=1 Failed=0 RebootRequired=true
2026-07-05 10:09:45.336 -05:00 [INF] (Thread 35) UpdateOrchestrator: reboot required but last reboot was 8.2 hours ago — skipping notification until 2-day minimum has elapsed.
2026-07-05 10:09:45.336 -05:00 [INF] (Thread 35) UpdateBackgroundService: next cycle in "01:00:00".
2026-07-05 11:09:45.358 -05:00 [INF] (Thread 31) SelfUpdater: checking for updates. Current version: 0.26.230.591
2026-07-05 11:09:45.441 -05:00 [INF] (Thread 36) SelfUpdater: remote version = 0.26.230.591.
2026-07-05 11:09:45.441 -05:00 [INF] (Thread 36) SelfUpdater: already up to date.
2026-07-05 11:09:45.441 -05:00 [INF] (Thread 36) UpdateOrchestrator: === Update cycle starting ===
2026-07-05 11:09:45.441 -05:00 [INF] (Thread 36) WindowsUpdateWorker: starting update pass.
2026-07-05 11:09:45.441 -05:00 [INF] (Thread 36) WindowsUpdateWorker: verifying PSWindowsUpdate module.
2026-07-05 11:09:45.442 -05:00 [DBG] (Thread 36) WindowsUpdateWorker: running PS script: $ProgressPreference = 'SilentlyContinue'
            $ErrorActionPreference = 'Stop'
            try {
                if (-not (Get-PackageProvider -Name NuGet -ListAvailable -ErrorAction SilentlyContinue)) {
                    Install-PackageProvider -Name NuGet -MinimumVersion 2.8.5.201 -Force -Scope AllUsers | Out-Null
                }
                Set-PSRepository -Name PSGallery -InstallationPolicy Trusted -ErrorAction SilentlyContinue
                if (-not (Get-Module -ListAvailable -Name PSWindowsUpdate -ErrorAction SilentlyContinue)) {
                    Install-Module PSWindowsUpdate -Force -SkipPublisherCheck -Scope AllUsers | Out-Null
                }
                Import-Module PSWindowsUpdate -Force -ErrorAction Stop
                try {
                    Add-WUServiceManager -MicrosoftUpdate -Confirm:$false -ErrorAction SilentlyContinue | Out-Null
                } catch {}
                Write-Output 'OK'
            } catch {
                Write-Output ('ERROR: ' + $_.Exception.Message)
            }
2026-07-05 11:09:57.339 -05:00 [INF] (Thread 36) WindowsUpdateWorker: PSWindowsUpdate module OK.
2026-07-05 11:09:57.340 -05:00 [DBG] (Thread 36) WindowsUpdateWorker: running PS script: Import-Module PSWindowsUpdate -ErrorAction Stop
        $ProgressPreference = 'SilentlyContinue'

        # Force the Windows Update Agent to scan before installing.
        # Fixes 0x80248007 (WU_E_DS_NODATA) on fresh builds or machines
        # whose update data store has not been initialised yet.
        try {
            Start-Process -FilePath 'UsoClient.exe' `
                -ArgumentList 'StartScan' `
                -Wait -NoNewWindow -ErrorAction SilentlyContinue
            Start-Sleep -Seconds 30
        } catch {}

        # 2>&1 merges stderr into the pipeline mixing strings with update
        # objects -- we filter them out in the foreach loop below.
        $rawOutput = Install-WindowsUpdate `
            -MicrosoftUpdate `
            -AcceptAll `
            -IgnoreReboot `
            -Install `
            -ErrorAction Continue 2>&1

        # Use a hashtable keyed on Title to keep only the LAST result per update.
        # PSWindowsUpdate emits objects at multiple pipeline stages (search, download,
        # install); overwriting ensures we capture the final post-install ResultCode
        # rather than an early ResultCode=0 (NotStarted).
        $byKey = @{}

        foreach ($u in $rawOutput) {
            if ($null -eq $u -or $u -isnot [PSObject]) { continue }
            if (-not ($u.PSObject.Properties.Name -contains 'Title')) { continue }
            if ([string]::IsNullOrWhiteSpace($u.Title)) { continue }

            $resultCode = 0
            try { $resultCode = [int]$u.ResultCode } catch { $resultCode = 4 }
            $succeeded = ($resultCode -eq 2 -or $resultCode -eq 3)

            # ResultCode=0 means NotStarted — treat as Skipped, not Failed.
            $status = if ($succeeded) { 'Succeeded' } elseif ($resultCode -eq 0) { 'Skipped' } else { 'Failed' }

            $kb = ''
            try {
                if ($u.KBArticleIDs -and $u.KBArticleIDs.Count -gt 0) {
                    $kb = 'KB' + $u.KBArticleIDs[0]
                }
            } catch {}

            $needsReboot = $false
            try { $needsReboot = [bool]$u.RebootRequired } catch {}

            $byKey[$u.Title] = [PSCustomObject]@{
                Identifier     = $kb
                Title          = [string]$u.Title
                Status         = $status
                ErrorMessage   = if ($succeeded -or $resultCode -eq 0) { '' } else { 'ResultCode=' + $resultCode }
                RebootRequired = $needsReboot
                AttemptedAt    = (Get-Date -Format 'o')
            }
        }

        $results = @($byKey.Values)

        if ($results.Count -eq 0) {
            Write-Output '[]'
        } else {
            $results | ConvertTo-Json -Compress
        }
2026-07-05 11:10:54.687 -05:00 [INF] (Thread 37) WindowsUpdateWorker: no updates installed — system reboot is already pending.
2026-07-05 11:10:54.687 -05:00 [INF] (Thread 37) WindowsUpdateWorker: pass complete. Total=4 Succeeded=1 Failed=0 Skipped=3
2026-07-05 11:10:54.687 -05:00 [INF] (Thread 37) WingetWorker: skipping — last run was 2026-06-30T17:09:51.4718596Z (less than 7 days ago).
2026-07-05 11:10:54.687 -05:00 [INF] (Thread 37) UpdateOrchestrator: cycle complete. Total=4 Succeeded=1 Failed=0 RebootRequired=true
2026-07-05 11:10:54.687 -05:00 [INF] (Thread 37) UpdateOrchestrator: reboot required but last reboot was 9.2 hours ago — skipping notification until 2-day minimum has elapsed.
2026-07-05 11:10:54.687 -05:00 [INF] (Thread 37) UpdateBackgroundService: next cycle in "01:00:00".
2026-07-05 12:10:54.701 -05:00 [INF] (Thread 40) SelfUpdater: checking for updates. Current version: 0.26.230.591
2026-07-05 12:10:54.799 -05:00 [INF] (Thread 38) SelfUpdater: remote version = 0.26.230.591.
2026-07-05 12:10:54.799 -05:00 [INF] (Thread 38) SelfUpdater: already up to date.
2026-07-05 12:10:54.799 -05:00 [INF] (Thread 38) UpdateOrchestrator: === Update cycle starting ===
2026-07-05 12:10:54.799 -05:00 [INF] (Thread 38) WindowsUpdateWorker: starting update pass.
2026-07-05 12:10:54.799 -05:00 [INF] (Thread 38) WindowsUpdateWorker: verifying PSWindowsUpdate module.
2026-07-05 12:10:54.800 -05:00 [DBG] (Thread 38) WindowsUpdateWorker: running PS script: $ProgressPreference = 'SilentlyContinue'
            $ErrorActionPreference = 'Stop'
            try {
                if (-not (Get-PackageProvider -Name NuGet -ListAvailable -ErrorAction SilentlyContinue)) {
                    Install-PackageProvider -Name NuGet -MinimumVersion 2.8.5.201 -Force -Scope AllUsers | Out-Null
                }
                Set-PSRepository -Name PSGallery -InstallationPolicy Trusted -ErrorAction SilentlyContinue
                if (-not (Get-Module -ListAvailable -Name PSWindowsUpdate -ErrorAction SilentlyContinue)) {
                    Install-Module PSWindowsUpdate -Force -SkipPublisherCheck -Scope AllUsers | Out-Null
                }
                Import-Module PSWindowsUpdate -Force -ErrorAction Stop
                try {
                    Add-WUServiceManager -MicrosoftUpdate -Confirm:$false -ErrorAction SilentlyContinue | Out-Null
                } catch {}
                Write-Output 'OK'
            } catch {
                Write-Output ('ERROR: ' + $_.Exception.Message)
            }
2026-07-05 12:11:06.969 -05:00 [INF] (Thread 40) WindowsUpdateWorker: PSWindowsUpdate module OK.
2026-07-05 12:11:06.970 -05:00 [DBG] (Thread 40) WindowsUpdateWorker: running PS script: Import-Module PSWindowsUpdate -ErrorAction Stop
        $ProgressPreference = 'SilentlyContinue'

        # Force the Windows Update Agent to scan before installing.
        # Fixes 0x80248007 (WU_E_DS_NODATA) on fresh builds or machines
        # whose update data store has not been initialised yet.
        try {
            Start-Process -FilePath 'UsoClient.exe' `
                -ArgumentList 'StartScan' `
                -Wait -NoNewWindow -ErrorAction SilentlyContinue
            Start-Sleep -Seconds 30
        } catch {}

        # 2>&1 merges stderr into the pipeline mixing strings with update
        # objects -- we filter them out in the foreach loop below.
        $rawOutput = Install-WindowsUpdate `
            -MicrosoftUpdate `
            -AcceptAll `
            -IgnoreReboot `
            -Install `
            -ErrorAction Continue 2>&1

        # Use a hashtable keyed on Title to keep only the LAST result per update.
        # PSWindowsUpdate emits objects at multiple pipeline stages (search, download,
        # install); overwriting ensures we capture the final post-install ResultCode
        # rather than an early ResultCode=0 (NotStarted).
        $byKey = @{}

        foreach ($u in $rawOutput) {
            if ($null -eq $u -or $u -isnot [PSObject]) { continue }
            if (-not ($u.PSObject.Properties.Name -contains 'Title')) { continue }
            if ([string]::IsNullOrWhiteSpace($u.Title)) { continue }

            $resultCode = 0
            try { $resultCode = [int]$u.ResultCode } catch { $resultCode = 4 }
            $succeeded = ($resultCode -eq 2 -or $resultCode -eq 3)

            # ResultCode=0 means NotStarted — treat as Skipped, not Failed.
            $status = if ($succeeded) { 'Succeeded' } elseif ($resultCode -eq 0) { 'Skipped' } else { 'Failed' }

            $kb = ''
            try {
                if ($u.KBArticleIDs -and $u.KBArticleIDs.Count -gt 0) {
                    $kb = 'KB' + $u.KBArticleIDs[0]
                }
            } catch {}

            $needsReboot = $false
            try { $needsReboot = [bool]$u.RebootRequired } catch {}

            $byKey[$u.Title] = [PSCustomObject]@{
                Identifier     = $kb
                Title          = [string]$u.Title
                Status         = $status
                ErrorMessage   = if ($succeeded -or $resultCode -eq 0) { '' } else { 'ResultCode=' + $resultCode }
                RebootRequired = $needsReboot
                AttemptedAt    = (Get-Date -Format 'o')
            }
        }

        $results = @($byKey.Values)

        if ($results.Count -eq 0) {
            Write-Output '[]'
        } else {
            $results | ConvertTo-Json -Compress
        }
2026-07-05 12:12:03.567 -05:00 [INF] (Thread 38) WindowsUpdateWorker: no updates installed — system reboot is already pending.
2026-07-05 12:12:03.567 -05:00 [INF] (Thread 38) WindowsUpdateWorker: pass complete. Total=4 Succeeded=1 Failed=0 Skipped=3
2026-07-05 12:12:03.567 -05:00 [INF] (Thread 38) WingetWorker: skipping — last run was 2026-06-30T17:09:51.4718596Z (less than 7 days ago).
2026-07-05 12:12:03.567 -05:00 [INF] (Thread 38) UpdateOrchestrator: cycle complete. Total=4 Succeeded=1 Failed=0 RebootRequired=true
2026-07-05 12:12:03.567 -05:00 [INF] (Thread 38) UpdateOrchestrator: reboot required but last reboot was 10.3 hours ago — skipping notification until 2-day minimum has elapsed.
2026-07-05 12:12:03.567 -05:00 [INF] (Thread 38) UpdateBackgroundService: next cycle in "01:00:00".
2026-07-05 13:12:03.580 -05:00 [INF] (Thread 40) SelfUpdater: checking for updates. Current version: 0.26.230.591
2026-07-05 13:12:03.669 -05:00 [INF] (Thread 42) SelfUpdater: remote version = 0.26.230.591.
2026-07-05 13:12:03.669 -05:00 [INF] (Thread 42) SelfUpdater: already up to date.
2026-07-05 13:12:03.669 -05:00 [INF] (Thread 42) UpdateOrchestrator: === Update cycle starting ===
2026-07-05 13:12:03.669 -05:00 [INF] (Thread 42) WindowsUpdateWorker: starting update pass.
2026-07-05 13:12:03.669 -05:00 [INF] (Thread 42) WindowsUpdateWorker: verifying PSWindowsUpdate module.
2026-07-05 13:12:03.670 -05:00 [DBG] (Thread 42) WindowsUpdateWorker: running PS script: $ProgressPreference = 'SilentlyContinue'
            $ErrorActionPreference = 'Stop'
            try {
                if (-not (Get-PackageProvider -Name NuGet -ListAvailable -ErrorAction SilentlyContinue)) {
                    Install-PackageProvider -Name NuGet -MinimumVersion 2.8.5.201 -Force -Scope AllUsers | Out-Null
                }
                Set-PSRepository -Name PSGallery -InstallationPolicy Trusted -ErrorAction SilentlyContinue
                if (-not (Get-Module -ListAvailable -Name PSWindowsUpdate -ErrorAction SilentlyContinue)) {
                    Install-Module PSWindowsUpdate -Force -SkipPublisherCheck -Scope AllUsers | Out-Null
                }
                Import-Module PSWindowsUpdate -Force -ErrorAction Stop
                try {
                    Add-WUServiceManager -MicrosoftUpdate -Confirm:$false -ErrorAction SilentlyContinue | Out-Null
                } catch {}
                Write-Output 'OK'
            } catch {
                Write-Output ('ERROR: ' + $_.Exception.Message)
            }
2026-07-05 13:12:15.693 -05:00 [INF] (Thread 40) WindowsUpdateWorker: PSWindowsUpdate module OK.
2026-07-05 13:12:15.693 -05:00 [DBG] (Thread 40) WindowsUpdateWorker: running PS script: Import-Module PSWindowsUpdate -ErrorAction Stop
        $ProgressPreference = 'SilentlyContinue'

        # Force the Windows Update Agent to scan before installing.
        # Fixes 0x80248007 (WU_E_DS_NODATA) on fresh builds or machines
        # whose update data store has not been initialised yet.
        try {
            Start-Process -FilePath 'UsoClient.exe' `
                -ArgumentList 'StartScan' `
                -Wait -NoNewWindow -ErrorAction SilentlyContinue
            Start-Sleep -Seconds 30
        } catch {}

        # 2>&1 merges stderr into the pipeline mixing strings with update
        # objects -- we filter them out in the foreach loop below.
        $rawOutput = Install-WindowsUpdate `
            -MicrosoftUpdate `
            -AcceptAll `
            -IgnoreReboot `
            -Install `
            -ErrorAction Continue 2>&1

        # Use a hashtable keyed on Title to keep only the LAST result per update.
        # PSWindowsUpdate emits objects at multiple pipeline stages (search, download,
        # install); overwriting ensures we capture the final post-install ResultCode
        # rather than an early ResultCode=0 (NotStarted).
        $byKey = @{}

        foreach ($u in $rawOutput) {
            if ($null -eq $u -or $u -isnot [PSObject]) { continue }
            if (-not ($u.PSObject.Properties.Name -contains 'Title')) { continue }
            if ([string]::IsNullOrWhiteSpace($u.Title)) { continue }

            $resultCode = 0
            try { $resultCode = [int]$u.ResultCode } catch { $resultCode = 4 }
            $succeeded = ($resultCode -eq 2 -or $resultCode -eq 3)

            # ResultCode=0 means NotStarted — treat as Skipped, not Failed.
            $status = if ($succeeded) { 'Succeeded' } elseif ($resultCode -eq 0) { 'Skipped' } else { 'Failed' }

            $kb = ''
            try {
                if ($u.KBArticleIDs -and $u.KBArticleIDs.Count -gt 0) {
                    $kb = 'KB' + $u.KBArticleIDs[0]
                }
            } catch {}

            $needsReboot = $false
            try { $needsReboot = [bool]$u.RebootRequired } catch {}

            $byKey[$u.Title] = [PSCustomObject]@{
                Identifier     = $kb
                Title          = [string]$u.Title
                Status         = $status
                ErrorMessage   = if ($succeeded -or $resultCode -eq 0) { '' } else { 'ResultCode=' + $resultCode }
                RebootRequired = $needsReboot
                AttemptedAt    = (Get-Date -Format 'o')
            }
        }

        $results = @($byKey.Values)

        if ($results.Count -eq 0) {
            Write-Output '[]'
        } else {
            $results | ConvertTo-Json -Compress
        }
2026-07-05 13:13:13.028 -05:00 [INF] (Thread 42) WindowsUpdateWorker: no updates installed — system reboot is already pending.
2026-07-05 13:13:13.028 -05:00 [INF] (Thread 42) WindowsUpdateWorker: pass complete. Total=4 Succeeded=1 Failed=0 Skipped=3
2026-07-05 13:13:13.028 -05:00 [INF] (Thread 42) WingetWorker: skipping — last run was 2026-06-30T17:09:51.4718596Z (less than 7 days ago).
2026-07-05 13:13:13.029 -05:00 [INF] (Thread 42) UpdateOrchestrator: cycle complete. Total=4 Succeeded=1 Failed=0 RebootRequired=true
2026-07-05 13:13:13.029 -05:00 [INF] (Thread 42) UpdateOrchestrator: reboot required but last reboot was 11.3 hours ago — skipping notification until 2-day minimum has elapsed.
2026-07-05 13:13:13.029 -05:00 [INF] (Thread 42) UpdateBackgroundService: next cycle in "01:00:00".
2026-07-05 14:13:13.049 -05:00 [INF] (Thread 41) SelfUpdater: checking for updates. Current version: 0.26.230.591
2026-07-05 14:13:13.132 -05:00 [INF] (Thread 41) SelfUpdater: remote version = 0.26.230.591.
2026-07-05 14:13:13.133 -05:00 [INF] (Thread 41) SelfUpdater: already up to date.
2026-07-05 14:13:13.133 -05:00 [INF] (Thread 41) UpdateOrchestrator: === Update cycle starting ===
2026-07-05 14:13:13.133 -05:00 [INF] (Thread 41) WindowsUpdateWorker: starting update pass.
2026-07-05 14:13:13.133 -05:00 [INF] (Thread 41) WindowsUpdateWorker: verifying PSWindowsUpdate module.
2026-07-05 14:13:13.134 -05:00 [DBG] (Thread 41) WindowsUpdateWorker: running PS script: $ProgressPreference = 'SilentlyContinue'
            $ErrorActionPreference = 'Stop'
            try {
                if (-not (Get-PackageProvider -Name NuGet -ListAvailable -ErrorAction SilentlyContinue)) {
                    Install-PackageProvider -Name NuGet -MinimumVersion 2.8.5.201 -Force -Scope AllUsers | Out-Null
                }
                Set-PSRepository -Name PSGallery -InstallationPolicy Trusted -ErrorAction SilentlyContinue
                if (-not (Get-Module -ListAvailable -Name PSWindowsUpdate -ErrorAction SilentlyContinue)) {
                    Install-Module PSWindowsUpdate -Force -SkipPublisherCheck -Scope AllUsers | Out-Null
                }
                Import-Module PSWindowsUpdate -Force -ErrorAction Stop
                try {
                    Add-WUServiceManager -MicrosoftUpdate -Confirm:$false -ErrorAction SilentlyContinue | Out-Null
                } catch {}
                Write-Output 'OK'
            } catch {
                Write-Output ('ERROR: ' + $_.Exception.Message)
            }
2026-07-05 14:13:25.196 -05:00 [INF] (Thread 44) WindowsUpdateWorker: PSWindowsUpdate module OK.
2026-07-05 14:13:25.197 -05:00 [DBG] (Thread 44) WindowsUpdateWorker: running PS script: Import-Module PSWindowsUpdate -ErrorAction Stop
        $ProgressPreference = 'SilentlyContinue'

        # Force the Windows Update Agent to scan before installing.
        # Fixes 0x80248007 (WU_E_DS_NODATA) on fresh builds or machines
        # whose update data store has not been initialised yet.
        try {
            Start-Process -FilePath 'UsoClient.exe' `
                -ArgumentList 'StartScan' `
                -Wait -NoNewWindow -ErrorAction SilentlyContinue
            Start-Sleep -Seconds 30
        } catch {}

        # 2>&1 merges stderr into the pipeline mixing strings with update
        # objects -- we filter them out in the foreach loop below.
        $rawOutput = Install-WindowsUpdate `
            -MicrosoftUpdate `
            -AcceptAll `
            -IgnoreReboot `
            -Install `
            -ErrorAction Continue 2>&1

        # Use a hashtable keyed on Title to keep only the LAST result per update.
        # PSWindowsUpdate emits objects at multiple pipeline stages (search, download,
        # install); overwriting ensures we capture the final post-install ResultCode
        # rather than an early ResultCode=0 (NotStarted).
        $byKey = @{}

        foreach ($u in $rawOutput) {
            if ($null -eq $u -or $u -isnot [PSObject]) { continue }
            if (-not ($u.PSObject.Properties.Name -contains 'Title')) { continue }
            if ([string]::IsNullOrWhiteSpace($u.Title)) { continue }

            $resultCode = 0
            try { $resultCode = [int]$u.ResultCode } catch { $resultCode = 4 }
            $succeeded = ($resultCode -eq 2 -or $resultCode -eq 3)

            # ResultCode=0 means NotStarted — treat as Skipped, not Failed.
            $status = if ($succeeded) { 'Succeeded' } elseif ($resultCode -eq 0) { 'Skipped' } else { 'Failed' }

            $kb = ''
            try {
                if ($u.KBArticleIDs -and $u.KBArticleIDs.Count -gt 0) {
                    $kb = 'KB' + $u.KBArticleIDs[0]
                }
            } catch {}

            $needsReboot = $false
            try { $needsReboot = [bool]$u.RebootRequired } catch {}

            $byKey[$u.Title] = [PSCustomObject]@{
                Identifier     = $kb
                Title          = [string]$u.Title
                Status         = $status
                ErrorMessage   = if ($succeeded -or $resultCode -eq 0) { '' } else { 'ResultCode=' + $resultCode }
                RebootRequired = $needsReboot
                AttemptedAt    = (Get-Date -Format 'o')
            }
        }

        $results = @($byKey.Values)

        if ($results.Count -eq 0) {
            Write-Output '[]'
        } else {
            $results | ConvertTo-Json -Compress
        }
2026-07-05 14:14:21.972 -05:00 [INF] (Thread 41) WindowsUpdateWorker: no updates installed — system reboot is already pending.
2026-07-05 14:14:21.972 -05:00 [INF] (Thread 41) WindowsUpdateWorker: pass complete. Total=4 Succeeded=1 Failed=0 Skipped=3
2026-07-05 14:14:21.972 -05:00 [INF] (Thread 41) WingetWorker: skipping — last run was 2026-06-30T17:09:51.4718596Z (less than 7 days ago).
2026-07-05 14:14:21.972 -05:00 [INF] (Thread 41) UpdateOrchestrator: cycle complete. Total=4 Succeeded=1 Failed=0 RebootRequired=true
2026-07-05 14:14:21.972 -05:00 [INF] (Thread 41) UpdateOrchestrator: reboot required but last reboot was 12.3 hours ago — skipping notification until 2-day minimum has elapsed.
2026-07-05 14:14:21.972 -05:00 [INF] (Thread 41) UpdateBackgroundService: next cycle in "01:00:00".
2026-07-05 15:14:21.982 -05:00 [INF] (Thread 47) SelfUpdater: checking for updates. Current version: 0.26.230.591
2026-07-05 15:14:22.063 -05:00 [INF] (Thread 46) SelfUpdater: remote version = 0.26.230.591.
2026-07-05 15:14:22.063 -05:00 [INF] (Thread 46) SelfUpdater: already up to date.
2026-07-05 15:14:22.063 -05:00 [INF] (Thread 46) UpdateOrchestrator: === Update cycle starting ===
2026-07-05 15:14:22.063 -05:00 [INF] (Thread 46) WindowsUpdateWorker: starting update pass.
2026-07-05 15:14:22.063 -05:00 [INF] (Thread 46) WindowsUpdateWorker: verifying PSWindowsUpdate module.
2026-07-05 15:14:22.064 -05:00 [DBG] (Thread 46) WindowsUpdateWorker: running PS script: $ProgressPreference = 'SilentlyContinue'
            $ErrorActionPreference = 'Stop'
            try {
                if (-not (Get-PackageProvider -Name NuGet -ListAvailable -ErrorAction SilentlyContinue)) {
                    Install-PackageProvider -Name NuGet -MinimumVersion 2.8.5.201 -Force -Scope AllUsers | Out-Null
                }
                Set-PSRepository -Name PSGallery -InstallationPolicy Trusted -ErrorAction SilentlyContinue
                if (-not (Get-Module -ListAvailable -Name PSWindowsUpdate -ErrorAction SilentlyContinue)) {
                    Install-Module PSWindowsUpdate -Force -SkipPublisherCheck -Scope AllUsers | Out-Null
                }
                Import-Module PSWindowsUpdate -Force -ErrorAction Stop
                try {
                    Add-WUServiceManager -MicrosoftUpdate -Confirm:$false -ErrorAction SilentlyContinue | Out-Null
                } catch {}
                Write-Output 'OK'
            } catch {
                Write-Output ('ERROR: ' + $_.Exception.Message)
            }
2026-07-05 15:14:33.851 -05:00 [INF] (Thread 46) WindowsUpdateWorker: PSWindowsUpdate module OK.
2026-07-05 15:14:33.852 -05:00 [DBG] (Thread 44) WindowsUpdateWorker: running PS script: Import-Module PSWindowsUpdate -ErrorAction Stop
        $ProgressPreference = 'SilentlyContinue'

        # Force the Windows Update Agent to scan before installing.
        # Fixes 0x80248007 (WU_E_DS_NODATA) on fresh builds or machines
        # whose update data store has not been initialised yet.
        try {
            Start-Process -FilePath 'UsoClient.exe' `
                -ArgumentList 'StartScan' `
                -Wait -NoNewWindow -ErrorAction SilentlyContinue
            Start-Sleep -Seconds 30
        } catch {}

        # 2>&1 merges stderr into the pipeline mixing strings with update
        # objects -- we filter them out in the foreach loop below.
        $rawOutput = Install-WindowsUpdate `
            -MicrosoftUpdate `
            -AcceptAll `
            -IgnoreReboot `
            -Install `
            -ErrorAction Continue 2>&1

        # Use a hashtable keyed on Title to keep only the LAST result per update.
        # PSWindowsUpdate emits objects at multiple pipeline stages (search, download,
        # install); overwriting ensures we capture the final post-install ResultCode
        # rather than an early ResultCode=0 (NotStarted).
        $byKey = @{}

        foreach ($u in $rawOutput) {
            if ($null -eq $u -or $u -isnot [PSObject]) { continue }
            if (-not ($u.PSObject.Properties.Name -contains 'Title')) { continue }
            if ([string]::IsNullOrWhiteSpace($u.Title)) { continue }

            $resultCode = 0
            try { $resultCode = [int]$u.ResultCode } catch { $resultCode = 4 }
            $succeeded = ($resultCode -eq 2 -or $resultCode -eq 3)

            # ResultCode=0 means NotStarted — treat as Skipped, not Failed.
            $status = if ($succeeded) { 'Succeeded' } elseif ($resultCode -eq 0) { 'Skipped' } else { 'Failed' }

            $kb = ''
            try {
                if ($u.KBArticleIDs -and $u.KBArticleIDs.Count -gt 0) {
                    $kb = 'KB' + $u.KBArticleIDs[0]
                }
            } catch {}

            $needsReboot = $false
            try { $needsReboot = [bool]$u.RebootRequired } catch {}

            $byKey[$u.Title] = [PSCustomObject]@{
                Identifier     = $kb
                Title          = [string]$u.Title
                Status         = $status
                ErrorMessage   = if ($succeeded -or $resultCode -eq 0) { '' } else { 'ResultCode=' + $resultCode }
                RebootRequired = $needsReboot
                AttemptedAt    = (Get-Date -Format 'o')
            }
        }

        $results = @($byKey.Values)

        if ($results.Count -eq 0) {
            Write-Output '[]'
        } else {
            $results | ConvertTo-Json -Compress
        }
2026-07-05 15:15:31.665 -05:00 [INF] (Thread 47) WindowsUpdateWorker: no updates installed — system reboot is already pending.
2026-07-05 15:15:31.665 -05:00 [INF] (Thread 47) WindowsUpdateWorker: pass complete. Total=4 Succeeded=1 Failed=0 Skipped=3
2026-07-05 15:15:31.665 -05:00 [INF] (Thread 47) WingetWorker: skipping — last run was 2026-06-30T17:09:51.4718596Z (less than 7 days ago).
2026-07-05 15:15:31.665 -05:00 [INF] (Thread 47) UpdateOrchestrator: cycle complete. Total=4 Succeeded=1 Failed=0 RebootRequired=true
2026-07-05 15:15:31.665 -05:00 [INF] (Thread 47) UpdateOrchestrator: reboot required but last reboot was 13.3 hours ago — skipping notification until 2-day minimum has elapsed.
2026-07-05 15:15:31.665 -05:00 [INF] (Thread 47) UpdateBackgroundService: next cycle in "01:00:00".
2026-07-05 16:15:31.681 -05:00 [INF] (Thread 47) SelfUpdater: checking for updates. Current version: 0.26.230.591
2026-07-05 16:15:31.812 -05:00 [INF] (Thread 46) SelfUpdater: remote version = 0.26.230.591.
2026-07-05 16:15:31.812 -05:00 [INF] (Thread 46) SelfUpdater: already up to date.
2026-07-05 16:15:31.812 -05:00 [INF] (Thread 46) UpdateOrchestrator: === Update cycle starting ===
2026-07-05 16:15:31.812 -05:00 [INF] (Thread 46) WindowsUpdateWorker: starting update pass.
2026-07-05 16:15:31.812 -05:00 [INF] (Thread 46) WindowsUpdateWorker: verifying PSWindowsUpdate module.
2026-07-05 16:15:31.813 -05:00 [DBG] (Thread 46) WindowsUpdateWorker: running PS script: $ProgressPreference = 'SilentlyContinue'
            $ErrorActionPreference = 'Stop'
            try {
                if (-not (Get-PackageProvider -Name NuGet -ListAvailable -ErrorAction SilentlyContinue)) {
                    Install-PackageProvider -Name NuGet -MinimumVersion 2.8.5.201 -Force -Scope AllUsers | Out-Null
                }
                Set-PSRepository -Name PSGallery -InstallationPolicy Trusted -ErrorAction SilentlyContinue
                if (-not (Get-Module -ListAvailable -Name PSWindowsUpdate -ErrorAction SilentlyContinue)) {
                    Install-Module PSWindowsUpdate -Force -SkipPublisherCheck -Scope AllUsers | Out-Null
                }
                Import-Module PSWindowsUpdate -Force -ErrorAction Stop
                try {
                    Add-WUServiceManager -MicrosoftUpdate -Confirm:$false -ErrorAction SilentlyContinue | Out-Null
                } catch {}
                Write-Output 'OK'
            } catch {
                Write-Output ('ERROR: ' + $_.Exception.Message)
            }
2026-07-05 16:15:43.855 -05:00 [INF] (Thread 50) WindowsUpdateWorker: PSWindowsUpdate module OK.
2026-07-05 16:15:43.856 -05:00 [DBG] (Thread 50) WindowsUpdateWorker: running PS script: Import-Module PSWindowsUpdate -ErrorAction Stop
        $ProgressPreference = 'SilentlyContinue'

        # Force the Windows Update Agent to scan before installing.
        # Fixes 0x80248007 (WU_E_DS_NODATA) on fresh builds or machines
        # whose update data store has not been initialised yet.
        try {
            Start-Process -FilePath 'UsoClient.exe' `
                -ArgumentList 'StartScan' `
                -Wait -NoNewWindow -ErrorAction SilentlyContinue
            Start-Sleep -Seconds 30
        } catch {}

        # 2>&1 merges stderr into the pipeline mixing strings with update
        # objects -- we filter them out in the foreach loop below.
        $rawOutput = Install-WindowsUpdate `
            -MicrosoftUpdate `
            -AcceptAll `
            -IgnoreReboot `
            -Install `
            -ErrorAction Continue 2>&1

        # Use a hashtable keyed on Title to keep only the LAST result per update.
        # PSWindowsUpdate emits objects at multiple pipeline stages (search, download,
        # install); overwriting ensures we capture the final post-install ResultCode
        # rather than an early ResultCode=0 (NotStarted).
        $byKey = @{}

        foreach ($u in $rawOutput) {
            if ($null -eq $u -or $u -isnot [PSObject]) { continue }
            if (-not ($u.PSObject.Properties.Name -contains 'Title')) { continue }
            if ([string]::IsNullOrWhiteSpace($u.Title)) { continue }

            $resultCode = 0
            try { $resultCode = [int]$u.ResultCode } catch { $resultCode = 4 }
            $succeeded = ($resultCode -eq 2 -or $resultCode -eq 3)

            # ResultCode=0 means NotStarted — treat as Skipped, not Failed.
            $status = if ($succeeded) { 'Succeeded' } elseif ($resultCode -eq 0) { 'Skipped' } else { 'Failed' }

            $kb = ''
            try {
                if ($u.KBArticleIDs -and $u.KBArticleIDs.Count -gt 0) {
                    $kb = 'KB' + $u.KBArticleIDs[0]
                }
            } catch {}

            $needsReboot = $false
            try { $needsReboot = [bool]$u.RebootRequired } catch {}

            $byKey[$u.Title] = [PSCustomObject]@{
                Identifier     = $kb
                Title          = [string]$u.Title
                Status         = $status
                ErrorMessage   = if ($succeeded -or $resultCode -eq 0) { '' } else { 'ResultCode=' + $resultCode }
                RebootRequired = $needsReboot
                AttemptedAt    = (Get-Date -Format 'o')
            }
        }

        $results = @($byKey.Values)

        if ($results.Count -eq 0) {
            Write-Output '[]'
        } else {
            $results | ConvertTo-Json -Compress
        }
2026-07-05 16:16:40.551 -05:00 [INF] (Thread 50) WindowsUpdateWorker: no updates installed — system reboot is already pending.
2026-07-05 16:16:40.551 -05:00 [INF] (Thread 50) WindowsUpdateWorker: pass complete. Total=4 Succeeded=1 Failed=0 Skipped=3
2026-07-05 16:16:40.551 -05:00 [INF] (Thread 50) WingetWorker: skipping — last run was 2026-06-30T17:09:51.4718596Z (less than 7 days ago).
2026-07-05 16:16:40.551 -05:00 [INF] (Thread 50) UpdateOrchestrator: cycle complete. Total=4 Succeeded=1 Failed=0 RebootRequired=true
2026-07-05 16:16:40.551 -05:00 [INF] (Thread 50) UpdateOrchestrator: reboot required but last reboot was 14.3 hours ago — skipping notification until 2-day minimum has elapsed.
2026-07-05 16:16:40.551 -05:00 [INF] (Thread 50) UpdateBackgroundService: next cycle in "01:00:00".
2026-07-05 17:16:40.575 -05:00 [INF] (Thread 50) SelfUpdater: checking for updates. Current version: 0.26.230.591
2026-07-05 17:16:40.658 -05:00 [INF] (Thread 50) SelfUpdater: remote version = 0.26.230.591.
2026-07-05 17:16:40.658 -05:00 [INF] (Thread 50) SelfUpdater: already up to date.
2026-07-05 17:16:40.658 -05:00 [INF] (Thread 50) UpdateOrchestrator: === Update cycle starting ===
2026-07-05 17:16:40.658 -05:00 [INF] (Thread 50) WindowsUpdateWorker: starting update pass.
2026-07-05 17:16:40.658 -05:00 [INF] (Thread 50) WindowsUpdateWorker: verifying PSWindowsUpdate module.
2026-07-05 17:16:40.659 -05:00 [DBG] (Thread 50) WindowsUpdateWorker: running PS script: $ProgressPreference = 'SilentlyContinue'
            $ErrorActionPreference = 'Stop'
            try {
                if (-not (Get-PackageProvider -Name NuGet -ListAvailable -ErrorAction SilentlyContinue)) {
                    Install-PackageProvider -Name NuGet -MinimumVersion 2.8.5.201 -Force -Scope AllUsers | Out-Null
                }
                Set-PSRepository -Name PSGallery -InstallationPolicy Trusted -ErrorAction SilentlyContinue
                if (-not (Get-Module -ListAvailable -Name PSWindowsUpdate -ErrorAction SilentlyContinue)) {
                    Install-Module PSWindowsUpdate -Force -SkipPublisherCheck -Scope AllUsers | Out-Null
                }
                Import-Module PSWindowsUpdate -Force -ErrorAction Stop
                try {
                    Add-WUServiceManager -MicrosoftUpdate -Confirm:$false -ErrorAction SilentlyContinue | Out-Null
                } catch {}
                Write-Output 'OK'
            } catch {
                Write-Output ('ERROR: ' + $_.Exception.Message)
            }
2026-07-05 17:16:52.933 -05:00 [INF] (Thread 54) WindowsUpdateWorker: PSWindowsUpdate module OK.
2026-07-05 17:16:52.935 -05:00 [DBG] (Thread 54) WindowsUpdateWorker: running PS script: Import-Module PSWindowsUpdate -ErrorAction Stop
        $ProgressPreference = 'SilentlyContinue'

        # Force the Windows Update Agent to scan before installing.
        # Fixes 0x80248007 (WU_E_DS_NODATA) on fresh builds or machines
        # whose update data store has not been initialised yet.
        try {
            Start-Process -FilePath 'UsoClient.exe' `
                -ArgumentList 'StartScan' `
                -Wait -NoNewWindow -ErrorAction SilentlyContinue
            Start-Sleep -Seconds 30
        } catch {}

        # 2>&1 merges stderr into the pipeline mixing strings with update
        # objects -- we filter them out in the foreach loop below.
        $rawOutput = Install-WindowsUpdate `
            -MicrosoftUpdate `
            -AcceptAll `
            -IgnoreReboot `
            -Install `
            -ErrorAction Continue 2>&1

        # Use a hashtable keyed on Title to keep only the LAST result per update.
        # PSWindowsUpdate emits objects at multiple pipeline stages (search, download,
        # install); overwriting ensures we capture the final post-install ResultCode
        # rather than an early ResultCode=0 (NotStarted).
        $byKey = @{}

        foreach ($u in $rawOutput) {
            if ($null -eq $u -or $u -isnot [PSObject]) { continue }
            if (-not ($u.PSObject.Properties.Name -contains 'Title')) { continue }
            if ([string]::IsNullOrWhiteSpace($u.Title)) { continue }

            $resultCode = 0
            try { $resultCode = [int]$u.ResultCode } catch { $resultCode = 4 }
            $succeeded = ($resultCode -eq 2 -or $resultCode -eq 3)

            # ResultCode=0 means NotStarted — treat as Skipped, not Failed.
            $status = if ($succeeded) { 'Succeeded' } elseif ($resultCode -eq 0) { 'Skipped' } else { 'Failed' }

            $kb = ''
            try {
                if ($u.KBArticleIDs -and $u.KBArticleIDs.Count -gt 0) {
                    $kb = 'KB' + $u.KBArticleIDs[0]
                }
            } catch {}

            $needsReboot = $false
            try { $needsReboot = [bool]$u.RebootRequired } catch {}

            $byKey[$u.Title] = [PSCustomObject]@{
                Identifier     = $kb
                Title          = [string]$u.Title
                Status         = $status
                ErrorMessage   = if ($succeeded -or $resultCode -eq 0) { '' } else { 'ResultCode=' + $resultCode }
                RebootRequired = $needsReboot
                AttemptedAt    = (Get-Date -Format 'o')
            }
        }

        $results = @($byKey.Values)

        if ($results.Count -eq 0) {
            Write-Output '[]'
        } else {
            $results | ConvertTo-Json -Compress
        }
2026-07-05 17:17:50.036 -05:00 [INF] (Thread 56) WindowsUpdateWorker: no updates installed — system reboot is already pending.
2026-07-05 17:17:50.036 -05:00 [INF] (Thread 56) WindowsUpdateWorker: pass complete. Total=4 Succeeded=1 Failed=0 Skipped=3
2026-07-05 17:17:50.036 -05:00 [INF] (Thread 56) WingetWorker: skipping — last run was 2026-06-30T17:09:51.4718596Z (less than 7 days ago).
2026-07-05 17:17:50.036 -05:00 [INF] (Thread 56) UpdateOrchestrator: cycle complete. Total=4 Succeeded=1 Failed=0 RebootRequired=true
2026-07-05 17:17:50.036 -05:00 [INF] (Thread 56) UpdateOrchestrator: reboot required but last reboot was 15.4 hours ago — skipping notification until 2-day minimum has elapsed.
2026-07-05 17:17:50.036 -05:00 [INF] (Thread 56) UpdateBackgroundService: next cycle in "01:00:00".
2026-07-05 18:17:50.048 -05:00 [INF] (Thread 54) SelfUpdater: checking for updates. Current version: 0.26.230.591
2026-07-05 18:17:50.137 -05:00 [INF] (Thread 54) SelfUpdater: remote version = 0.26.230.591.
2026-07-05 18:17:50.137 -05:00 [INF] (Thread 54) SelfUpdater: already up to date.
2026-07-05 18:17:50.137 -05:00 [INF] (Thread 54) UpdateOrchestrator: === Update cycle starting ===
2026-07-05 18:17:50.137 -05:00 [INF] (Thread 54) WindowsUpdateWorker: starting update pass.
2026-07-05 18:17:50.137 -05:00 [INF] (Thread 54) WindowsUpdateWorker: verifying PSWindowsUpdate module.
2026-07-05 18:17:50.138 -05:00 [DBG] (Thread 54) WindowsUpdateWorker: running PS script: $ProgressPreference = 'SilentlyContinue'
            $ErrorActionPreference = 'Stop'
            try {
                if (-not (Get-PackageProvider -Name NuGet -ListAvailable -ErrorAction SilentlyContinue)) {
                    Install-PackageProvider -Name NuGet -MinimumVersion 2.8.5.201 -Force -Scope AllUsers | Out-Null
                }
                Set-PSRepository -Name PSGallery -InstallationPolicy Trusted -ErrorAction SilentlyContinue
                if (-not (Get-Module -ListAvailable -Name PSWindowsUpdate -ErrorAction SilentlyContinue)) {
                    Install-Module PSWindowsUpdate -Force -SkipPublisherCheck -Scope AllUsers | Out-Null
                }
                Import-Module PSWindowsUpdate -Force -ErrorAction Stop
                try {
                    Add-WUServiceManager -MicrosoftUpdate -Confirm:$false -ErrorAction SilentlyContinue | Out-Null
                } catch {}
                Write-Output 'OK'
            } catch {
                Write-Output ('ERROR: ' + $_.Exception.Message)
            }
2026-07-05 18:18:01.880 -05:00 [INF] (Thread 54) WindowsUpdateWorker: PSWindowsUpdate module OK.
2026-07-05 18:18:01.881 -05:00 [DBG] (Thread 54) WindowsUpdateWorker: running PS script: Import-Module PSWindowsUpdate -ErrorAction Stop
        $ProgressPreference = 'SilentlyContinue'

        # Force the Windows Update Agent to scan before installing.
        # Fixes 0x80248007 (WU_E_DS_NODATA) on fresh builds or machines
        # whose update data store has not been initialised yet.
        try {
            Start-Process -FilePath 'UsoClient.exe' `
                -ArgumentList 'StartScan' `
                -Wait -NoNewWindow -ErrorAction SilentlyContinue
            Start-Sleep -Seconds 30
        } catch {}

        # 2>&1 merges stderr into the pipeline mixing strings with update
        # objects -- we filter them out in the foreach loop below.
        $rawOutput = Install-WindowsUpdate `
            -MicrosoftUpdate `
            -AcceptAll `
            -IgnoreReboot `
            -Install `
            -ErrorAction Continue 2>&1

        # Use a hashtable keyed on Title to keep only the LAST result per update.
        # PSWindowsUpdate emits objects at multiple pipeline stages (search, download,
        # install); overwriting ensures we capture the final post-install ResultCode
        # rather than an early ResultCode=0 (NotStarted).
        $byKey = @{}

        foreach ($u in $rawOutput) {
            if ($null -eq $u -or $u -isnot [PSObject]) { continue }
            if (-not ($u.PSObject.Properties.Name -contains 'Title')) { continue }
            if ([string]::IsNullOrWhiteSpace($u.Title)) { continue }

            $resultCode = 0
            try { $resultCode = [int]$u.ResultCode } catch { $resultCode = 4 }
            $succeeded = ($resultCode -eq 2 -or $resultCode -eq 3)

            # ResultCode=0 means NotStarted — treat as Skipped, not Failed.
            $status = if ($succeeded) { 'Succeeded' } elseif ($resultCode -eq 0) { 'Skipped' } else { 'Failed' }

            $kb = ''
            try {
                if ($u.KBArticleIDs -and $u.KBArticleIDs.Count -gt 0) {
                    $kb = 'KB' + $u.KBArticleIDs[0]
                }
            } catch {}

            $needsReboot = $false
            try { $needsReboot = [bool]$u.RebootRequired } catch {}

            $byKey[$u.Title] = [PSCustomObject]@{
                Identifier     = $kb
                Title          = [string]$u.Title
                Status         = $status
                ErrorMessage   = if ($succeeded -or $resultCode -eq 0) { '' } else { 'ResultCode=' + $resultCode }
                RebootRequired = $needsReboot
                AttemptedAt    = (Get-Date -Format 'o')
            }
        }

        $results = @($byKey.Values)

        if ($results.Count -eq 0) {
            Write-Output '[]'
        } else {
            $results | ConvertTo-Json -Compress
        }
2026-07-05 18:18:58.819 -05:00 [INF] (Thread 55) WindowsUpdateWorker: no updates installed — system reboot is already pending.
2026-07-05 18:18:58.819 -05:00 [INF] (Thread 55) WindowsUpdateWorker: pass complete. Total=4 Succeeded=1 Failed=0 Skipped=3
2026-07-05 18:18:58.819 -05:00 [INF] (Thread 55) WingetWorker: skipping — last run was 2026-06-30T17:09:51.4718596Z (less than 7 days ago).
2026-07-05 18:18:58.819 -05:00 [INF] (Thread 55) UpdateOrchestrator: cycle complete. Total=4 Succeeded=1 Failed=0 RebootRequired=true
2026-07-05 18:18:58.819 -05:00 [INF] (Thread 55) UpdateOrchestrator: reboot required but last reboot was 16.4 hours ago — skipping notification until 2-day minimum has elapsed.
2026-07-05 18:18:58.819 -05:00 [INF] (Thread 55) UpdateBackgroundService: next cycle in "01:00:00".
2026-07-05 19:18:58.836 -05:00 [INF] (Thread 57) SelfUpdater: checking for updates. Current version: 0.26.230.591
2026-07-05 19:18:58.925 -05:00 [INF] (Thread 53) SelfUpdater: remote version = 0.26.230.591.
2026-07-05 19:18:58.925 -05:00 [INF] (Thread 53) SelfUpdater: already up to date.
2026-07-05 19:18:58.925 -05:00 [INF] (Thread 53) UpdateOrchestrator: === Update cycle starting ===
2026-07-05 19:18:58.925 -05:00 [INF] (Thread 53) WindowsUpdateWorker: starting update pass.
2026-07-05 19:18:58.925 -05:00 [INF] (Thread 53) WindowsUpdateWorker: verifying PSWindowsUpdate module.
2026-07-05 19:18:58.926 -05:00 [DBG] (Thread 53) WindowsUpdateWorker: running PS script: $ProgressPreference = 'SilentlyContinue'
            $ErrorActionPreference = 'Stop'
            try {
                if (-not (Get-PackageProvider -Name NuGet -ListAvailable -ErrorAction SilentlyContinue)) {
                    Install-PackageProvider -Name NuGet -MinimumVersion 2.8.5.201 -Force -Scope AllUsers | Out-Null
                }
                Set-PSRepository -Name PSGallery -InstallationPolicy Trusted -ErrorAction SilentlyContinue
                if (-not (Get-Module -ListAvailable -Name PSWindowsUpdate -ErrorAction SilentlyContinue)) {
                    Install-Module PSWindowsUpdate -Force -SkipPublisherCheck -Scope AllUsers | Out-Null
                }
                Import-Module PSWindowsUpdate -Force -ErrorAction Stop
                try {
                    Add-WUServiceManager -MicrosoftUpdate -Confirm:$false -ErrorAction SilentlyContinue | Out-Null
                } catch {}
                Write-Output 'OK'
            } catch {
                Write-Output ('ERROR: ' + $_.Exception.Message)
            }
2026-07-05 19:19:11.365 -05:00 [INF] (Thread 53) WindowsUpdateWorker: PSWindowsUpdate module OK.
2026-07-05 19:19:11.366 -05:00 [DBG] (Thread 53) WindowsUpdateWorker: running PS script: Import-Module PSWindowsUpdate -ErrorAction Stop
        $ProgressPreference = 'SilentlyContinue'

        # Force the Windows Update Agent to scan before installing.
        # Fixes 0x80248007 (WU_E_DS_NODATA) on fresh builds or machines
        # whose update data store has not been initialised yet.
        try {
            Start-Process -FilePath 'UsoClient.exe' `
                -ArgumentList 'StartScan' `
                -Wait -NoNewWindow -ErrorAction SilentlyContinue
            Start-Sleep -Seconds 30
        } catch {}

        # 2>&1 merges stderr into the pipeline mixing strings with update
        # objects -- we filter them out in the foreach loop below.
        $rawOutput = Install-WindowsUpdate `
            -MicrosoftUpdate `
            -AcceptAll `
            -IgnoreReboot `
            -Install `
            -ErrorAction Continue 2>&1

        # Use a hashtable keyed on Title to keep only the LAST result per update.
        # PSWindowsUpdate emits objects at multiple pipeline stages (search, download,
        # install); overwriting ensures we capture the final post-install ResultCode
        # rather than an early ResultCode=0 (NotStarted).
        $byKey = @{}

        foreach ($u in $rawOutput) {
            if ($null -eq $u -or $u -isnot [PSObject]) { continue }
            if (-not ($u.PSObject.Properties.Name -contains 'Title')) { continue }
            if ([string]::IsNullOrWhiteSpace($u.Title)) { continue }

            $resultCode = 0
            try { $resultCode = [int]$u.ResultCode } catch { $resultCode = 4 }
            $succeeded = ($resultCode -eq 2 -or $resultCode -eq 3)

            # ResultCode=0 means NotStarted — treat as Skipped, not Failed.
            $status = if ($succeeded) { 'Succeeded' } elseif ($resultCode -eq 0) { 'Skipped' } else { 'Failed' }

            $kb = ''
            try {
                if ($u.KBArticleIDs -and $u.KBArticleIDs.Count -gt 0) {
                    $kb = 'KB' + $u.KBArticleIDs[0]
                }
            } catch {}

            $needsReboot = $false
            try { $needsReboot = [bool]$u.RebootRequired } catch {}

            $byKey[$u.Title] = [PSCustomObject]@{
                Identifier     = $kb
                Title          = [string]$u.Title
                Status         = $status
                ErrorMessage   = if ($succeeded -or $resultCode -eq 0) { '' } else { 'ResultCode=' + $resultCode }
                RebootRequired = $needsReboot
                AttemptedAt    = (Get-Date -Format 'o')
            }
        }

        $results = @($byKey.Values)

        if ($results.Count -eq 0) {
            Write-Output '[]'
        } else {
            $results | ConvertTo-Json -Compress
        }
2026-07-05 19:20:07.688 -05:00 [INF] (Thread 59) WindowsUpdateWorker: no updates installed — system reboot is already pending.
2026-07-05 19:20:07.688 -05:00 [INF] (Thread 59) WindowsUpdateWorker: pass complete. Total=4 Succeeded=1 Failed=0 Skipped=3
2026-07-05 19:20:07.688 -05:00 [INF] (Thread 59) WingetWorker: skipping — last run was 2026-06-30T17:09:51.4718596Z (less than 7 days ago).
2026-07-05 19:20:07.688 -05:00 [INF] (Thread 59) UpdateOrchestrator: cycle complete. Total=4 Succeeded=1 Failed=0 RebootRequired=true
2026-07-05 19:20:07.688 -05:00 [INF] (Thread 59) UpdateOrchestrator: reboot required but last reboot was 17.4 hours ago — skipping notification until 2-day minimum has elapsed.
2026-07-05 19:20:07.688 -05:00 [INF] (Thread 59) UpdateBackgroundService: next cycle in "01:00:00".
2026-07-05 20:20:07.695 -05:00 [INF] (Thread 57) SelfUpdater: checking for updates. Current version: 0.26.230.591
2026-07-05 20:20:07.834 -05:00 [INF] (Thread 60) SelfUpdater: remote version = 0.26.230.591.
2026-07-05 20:20:07.834 -05:00 [INF] (Thread 60) SelfUpdater: already up to date.
2026-07-05 20:20:07.834 -05:00 [INF] (Thread 60) UpdateOrchestrator: === Update cycle starting ===
2026-07-05 20:20:07.834 -05:00 [INF] (Thread 60) WindowsUpdateWorker: starting update pass.
2026-07-05 20:20:07.834 -05:00 [INF] (Thread 60) WindowsUpdateWorker: verifying PSWindowsUpdate module.
2026-07-05 20:20:07.835 -05:00 [DBG] (Thread 60) WindowsUpdateWorker: running PS script: $ProgressPreference = 'SilentlyContinue'
            $ErrorActionPreference = 'Stop'
            try {
                if (-not (Get-PackageProvider -Name NuGet -ListAvailable -ErrorAction SilentlyContinue)) {
                    Install-PackageProvider -Name NuGet -MinimumVersion 2.8.5.201 -Force -Scope AllUsers | Out-Null
                }
                Set-PSRepository -Name PSGallery -InstallationPolicy Trusted -ErrorAction SilentlyContinue
                if (-not (Get-Module -ListAvailable -Name PSWindowsUpdate -ErrorAction SilentlyContinue)) {
                    Install-Module PSWindowsUpdate -Force -SkipPublisherCheck -Scope AllUsers | Out-Null
                }
                Import-Module PSWindowsUpdate -Force -ErrorAction Stop
                try {
                    Add-WUServiceManager -MicrosoftUpdate -Confirm:$false -ErrorAction SilentlyContinue | Out-Null
                } catch {}
                Write-Output 'OK'
            } catch {
                Write-Output ('ERROR: ' + $_.Exception.Message)
            }
2026-07-05 20:20:20.207 -05:00 [INF] (Thread 64) WindowsUpdateWorker: PSWindowsUpdate module OK.
2026-07-05 20:20:20.208 -05:00 [DBG] (Thread 64) WindowsUpdateWorker: running PS script: Import-Module PSWindowsUpdate -ErrorAction Stop
        $ProgressPreference = 'SilentlyContinue'

        # Force the Windows Update Agent to scan before installing.
        # Fixes 0x80248007 (WU_E_DS_NODATA) on fresh builds or machines
        # whose update data store has not been initialised yet.
        try {
            Start-Process -FilePath 'UsoClient.exe' `
                -ArgumentList 'StartScan' `
                -Wait -NoNewWindow -ErrorAction SilentlyContinue
            Start-Sleep -Seconds 30
        } catch {}

        # 2>&1 merges stderr into the pipeline mixing strings with update
        # objects -- we filter them out in the foreach loop below.
        $rawOutput = Install-WindowsUpdate `
            -MicrosoftUpdate `
            -AcceptAll `
            -IgnoreReboot `
            -Install `
            -ErrorAction Continue 2>&1

        # Use a hashtable keyed on Title to keep only the LAST result per update.
        # PSWindowsUpdate emits objects at multiple pipeline stages (search, download,
        # install); overwriting ensures we capture the final post-install ResultCode
        # rather than an early ResultCode=0 (NotStarted).
        $byKey = @{}

        foreach ($u in $rawOutput) {
            if ($null -eq $u -or $u -isnot [PSObject]) { continue }
            if (-not ($u.PSObject.Properties.Name -contains 'Title')) { continue }
            if ([string]::IsNullOrWhiteSpace($u.Title)) { continue }

            $resultCode = 0
            try { $resultCode = [int]$u.ResultCode } catch { $resultCode = 4 }
            $succeeded = ($resultCode -eq 2 -or $resultCode -eq 3)

            # ResultCode=0 means NotStarted — treat as Skipped, not Failed.
            $status = if ($succeeded) { 'Succeeded' } elseif ($resultCode -eq 0) { 'Skipped' } else { 'Failed' }

            $kb = ''
            try {
                if ($u.KBArticleIDs -and $u.KBArticleIDs.Count -gt 0) {
                    $kb = 'KB' + $u.KBArticleIDs[0]
                }
            } catch {}

            $needsReboot = $false
            try { $needsReboot = [bool]$u.RebootRequired } catch {}

            $byKey[$u.Title] = [PSCustomObject]@{
                Identifier     = $kb
                Title          = [string]$u.Title
                Status         = $status
                ErrorMessage   = if ($succeeded -or $resultCode -eq 0) { '' } else { 'ResultCode=' + $resultCode }
                RebootRequired = $needsReboot
                AttemptedAt    = (Get-Date -Format 'o')
            }
        }

        $results = @($byKey.Values)

        if ($results.Count -eq 0) {
            Write-Output '[]'
        } else {
            $results | ConvertTo-Json -Compress
        }
2026-07-05 20:21:16.790 -05:00 [INF] (Thread 58) WindowsUpdateWorker: no updates installed — system reboot is already pending.
2026-07-05 20:21:16.790 -05:00 [INF] (Thread 58) WindowsUpdateWorker: pass complete. Total=4 Succeeded=1 Failed=0 Skipped=3
2026-07-05 20:21:16.790 -05:00 [INF] (Thread 58) WingetWorker: skipping — last run was 2026-06-30T17:09:51.4718596Z (less than 7 days ago).
2026-07-05 20:21:16.790 -05:00 [INF] (Thread 58) UpdateOrchestrator: cycle complete. Total=4 Succeeded=1 Failed=0 RebootRequired=true
2026-07-05 20:21:16.790 -05:00 [INF] (Thread 58) UpdateOrchestrator: reboot required but last reboot was 18.4 hours ago — skipping notification until 2-day minimum has elapsed.
2026-07-05 20:21:16.790 -05:00 [INF] (Thread 58) UpdateBackgroundService: next cycle in "01:00:00".
2026-07-05 21:21:16.808 -05:00 [INF] (Thread 57) SelfUpdater: checking for updates. Current version: 0.26.230.591
2026-07-05 21:21:16.894 -05:00 [INF] (Thread 57) SelfUpdater: remote version = 0.26.230.591.
2026-07-05 21:21:16.894 -05:00 [INF] (Thread 57) SelfUpdater: already up to date.
2026-07-05 21:21:16.894 -05:00 [INF] (Thread 57) UpdateOrchestrator: === Update cycle starting ===
2026-07-05 21:21:16.894 -05:00 [INF] (Thread 57) WindowsUpdateWorker: starting update pass.
2026-07-05 21:21:16.894 -05:00 [INF] (Thread 57) WindowsUpdateWorker: verifying PSWindowsUpdate module.
2026-07-05 21:21:16.895 -05:00 [DBG] (Thread 57) WindowsUpdateWorker: running PS script: $ProgressPreference = 'SilentlyContinue'
            $ErrorActionPreference = 'Stop'
            try {
                if (-not (Get-PackageProvider -Name NuGet -ListAvailable -ErrorAction SilentlyContinue)) {
                    Install-PackageProvider -Name NuGet -MinimumVersion 2.8.5.201 -Force -Scope AllUsers | Out-Null
                }
                Set-PSRepository -Name PSGallery -InstallationPolicy Trusted -ErrorAction SilentlyContinue
                if (-not (Get-Module -ListAvailable -Name PSWindowsUpdate -ErrorAction SilentlyContinue)) {
                    Install-Module PSWindowsUpdate -Force -SkipPublisherCheck -Scope AllUsers | Out-Null
                }
                Import-Module PSWindowsUpdate -Force -ErrorAction Stop
                try {
                    Add-WUServiceManager -MicrosoftUpdate -Confirm:$false -ErrorAction SilentlyContinue | Out-Null
                } catch {}
                Write-Output 'OK'
            } catch {
                Write-Output ('ERROR: ' + $_.Exception.Message)
            }
2026-07-05 21:21:32.423 -05:00 [INF] (Thread 57) WindowsUpdateWorker: PSWindowsUpdate module OK.
2026-07-05 21:21:32.424 -05:00 [DBG] (Thread 57) WindowsUpdateWorker: running PS script: Import-Module PSWindowsUpdate -ErrorAction Stop
        $ProgressPreference = 'SilentlyContinue'

        # Force the Windows Update Agent to scan before installing.
        # Fixes 0x80248007 (WU_E_DS_NODATA) on fresh builds or machines
        # whose update data store has not been initialised yet.
        try {
            Start-Process -FilePath 'UsoClient.exe' `
                -ArgumentList 'StartScan' `
                -Wait -NoNewWindow -ErrorAction SilentlyContinue
            Start-Sleep -Seconds 30
        } catch {}

        # 2>&1 merges stderr into the pipeline mixing strings with update
        # objects -- we filter them out in the foreach loop below.
        $rawOutput = Install-WindowsUpdate `
            -MicrosoftUpdate `
            -AcceptAll `
            -IgnoreReboot `
            -Install `
            -ErrorAction Continue 2>&1

        # Use a hashtable keyed on Title to keep only the LAST result per update.
        # PSWindowsUpdate emits objects at multiple pipeline stages (search, download,
        # install); overwriting ensures we capture the final post-install ResultCode
        # rather than an early ResultCode=0 (NotStarted).
        $byKey = @{}

        foreach ($u in $rawOutput) {
            if ($null -eq $u -or $u -isnot [PSObject]) { continue }
            if (-not ($u.PSObject.Properties.Name -contains 'Title')) { continue }
            if ([string]::IsNullOrWhiteSpace($u.Title)) { continue }

            $resultCode = 0
            try { $resultCode = [int]$u.ResultCode } catch { $resultCode = 4 }
            $succeeded = ($resultCode -eq 2 -or $resultCode -eq 3)

            # ResultCode=0 means NotStarted — treat as Skipped, not Failed.
            $status = if ($succeeded) { 'Succeeded' } elseif ($resultCode -eq 0) { 'Skipped' } else { 'Failed' }

            $kb = ''
            try {
                if ($u.KBArticleIDs -and $u.KBArticleIDs.Count -gt 0) {
                    $kb = 'KB' + $u.KBArticleIDs[0]
                }
            } catch {}

            $needsReboot = $false
            try { $needsReboot = [bool]$u.RebootRequired } catch {}

            $byKey[$u.Title] = [PSCustomObject]@{
                Identifier     = $kb
                Title          = [string]$u.Title
                Status         = $status
                ErrorMessage   = if ($succeeded -or $resultCode -eq 0) { '' } else { 'ResultCode=' + $resultCode }
                RebootRequired = $needsReboot
                AttemptedAt    = (Get-Date -Format 'o')
            }
        }

        $results = @($byKey.Values)

        if ($results.Count -eq 0) {
            Write-Output '[]'
        } else {
            $results | ConvertTo-Json -Compress
        }
2026-07-05 21:22:48.088 -05:00 [INF] (Thread 64) WindowsUpdateWorker: no updates installed — system reboot is already pending.
2026-07-05 21:22:48.088 -05:00 [INF] (Thread 64) WindowsUpdateWorker: pass complete. Total=4 Succeeded=1 Failed=0 Skipped=3
2026-07-05 21:22:48.089 -05:00 [INF] (Thread 64) WingetWorker: skipping — last run was 2026-06-30T17:09:51.4718596Z (less than 7 days ago).
2026-07-05 21:22:48.089 -05:00 [INF] (Thread 64) UpdateOrchestrator: cycle complete. Total=4 Succeeded=1 Failed=0 RebootRequired=true
2026-07-05 21:22:48.089 -05:00 [INF] (Thread 64) UpdateOrchestrator: reboot required but last reboot was 19.4 hours ago — skipping notification until 2-day minimum has elapsed.
2026-07-05 21:22:48.089 -05:00 [INF] (Thread 64) UpdateBackgroundService: next cycle in "01:00:00".
2026-07-05 22:22:48.095 -05:00 [INF] (Thread 68) SelfUpdater: checking for updates. Current version: 0.26.230.591
2026-07-05 22:22:48.224 -05:00 [INF] (Thread 68) SelfUpdater: remote version = 0.26.230.591.
2026-07-05 22:22:48.224 -05:00 [INF] (Thread 68) SelfUpdater: already up to date.
2026-07-05 22:22:48.224 -05:00 [INF] (Thread 68) UpdateOrchestrator: === Update cycle starting ===
2026-07-05 22:22:48.224 -05:00 [INF] (Thread 68) WindowsUpdateWorker: starting update pass.
2026-07-05 22:22:48.224 -05:00 [INF] (Thread 68) WindowsUpdateWorker: verifying PSWindowsUpdate module.
2026-07-05 22:22:48.225 -05:00 [DBG] (Thread 68) WindowsUpdateWorker: running PS script: $ProgressPreference = 'SilentlyContinue'
            $ErrorActionPreference = 'Stop'
            try {
                if (-not (Get-PackageProvider -Name NuGet -ListAvailable -ErrorAction SilentlyContinue)) {
                    Install-PackageProvider -Name NuGet -MinimumVersion 2.8.5.201 -Force -Scope AllUsers | Out-Null
                }
                Set-PSRepository -Name PSGallery -InstallationPolicy Trusted -ErrorAction SilentlyContinue
                if (-not (Get-Module -ListAvailable -Name PSWindowsUpdate -ErrorAction SilentlyContinue)) {
                    Install-Module PSWindowsUpdate -Force -SkipPublisherCheck -Scope AllUsers | Out-Null
                }
                Import-Module PSWindowsUpdate -Force -ErrorAction Stop
                try {
                    Add-WUServiceManager -MicrosoftUpdate -Confirm:$false -ErrorAction SilentlyContinue | Out-Null
                } catch {}
                Write-Output 'OK'
            } catch {
                Write-Output ('ERROR: ' + $_.Exception.Message)
            }
2026-07-05 22:23:01.918 -05:00 [INF] (Thread 62) WindowsUpdateWorker: PSWindowsUpdate module OK.
2026-07-05 22:23:01.919 -05:00 [DBG] (Thread 62) WindowsUpdateWorker: running PS script: Import-Module PSWindowsUpdate -ErrorAction Stop
        $ProgressPreference = 'SilentlyContinue'

        # Force the Windows Update Agent to scan before installing.
        # Fixes 0x80248007 (WU_E_DS_NODATA) on fresh builds or machines
        # whose update data store has not been initialised yet.
        try {
            Start-Process -FilePath 'UsoClient.exe' `
                -ArgumentList 'StartScan' `
                -Wait -NoNewWindow -ErrorAction SilentlyContinue
            Start-Sleep -Seconds 30
        } catch {}

        # 2>&1 merges stderr into the pipeline mixing strings with update
        # objects -- we filter them out in the foreach loop below.
        $rawOutput = Install-WindowsUpdate `
            -MicrosoftUpdate `
            -AcceptAll `
            -IgnoreReboot `
            -Install `
            -ErrorAction Continue 2>&1

        # Use a hashtable keyed on Title to keep only the LAST result per update.
        # PSWindowsUpdate emits objects at multiple pipeline stages (search, download,
        # install); overwriting ensures we capture the final post-install ResultCode
        # rather than an early ResultCode=0 (NotStarted).
        $byKey = @{}

        foreach ($u in $rawOutput) {
            if ($null -eq $u -or $u -isnot [PSObject]) { continue }
            if (-not ($u.PSObject.Properties.Name -contains 'Title')) { continue }
            if ([string]::IsNullOrWhiteSpace($u.Title)) { continue }

            $resultCode = 0
            try { $resultCode = [int]$u.ResultCode } catch { $resultCode = 4 }
            $succeeded = ($resultCode -eq 2 -or $resultCode -eq 3)

            # ResultCode=0 means NotStarted — treat as Skipped, not Failed.
            $status = if ($succeeded) { 'Succeeded' } elseif ($resultCode -eq 0) { 'Skipped' } else { 'Failed' }

            $kb = ''
            try {
                if ($u.KBArticleIDs -and $u.KBArticleIDs.Count -gt 0) {
                    $kb = 'KB' + $u.KBArticleIDs[0]
                }
            } catch {}

            $needsReboot = $false
            try { $needsReboot = [bool]$u.RebootRequired } catch {}

            $byKey[$u.Title] = [PSCustomObject]@{
                Identifier     = $kb
                Title          = [string]$u.Title
                Status         = $status
                ErrorMessage   = if ($succeeded -or $resultCode -eq 0) { '' } else { 'ResultCode=' + $resultCode }
                RebootRequired = $needsReboot
                AttemptedAt    = (Get-Date -Format 'o')
            }
        }

        $results = @($byKey.Values)

        if ($results.Count -eq 0) {
            Write-Output '[]'
        } else {
            $results | ConvertTo-Json -Compress
        }
2026-07-05 22:23:58.929 -05:00 [INF] (Thread 62) WindowsUpdateWorker: no updates installed — system reboot is already pending.
2026-07-05 22:23:58.929 -05:00 [INF] (Thread 62) WindowsUpdateWorker: pass complete. Total=4 Succeeded=1 Failed=0 Skipped=3
2026-07-05 22:23:58.929 -05:00 [INF] (Thread 62) WingetWorker: skipping — last run was 2026-06-30T17:09:51.4718596Z (less than 7 days ago).
2026-07-05 22:23:58.929 -05:00 [INF] (Thread 62) UpdateOrchestrator: cycle complete. Total=4 Succeeded=1 Failed=0 RebootRequired=true
2026-07-05 22:23:58.929 -05:00 [INF] (Thread 62) UpdateOrchestrator: reboot required but last reboot was 20.5 hours ago — skipping notification until 2-day minimum has elapsed.
2026-07-05 22:23:58.929 -05:00 [INF] (Thread 62) UpdateBackgroundService: next cycle in "01:00:00".
2026-07-05 23:23:58.945 -05:00 [INF] (Thread 62) SelfUpdater: checking for updates. Current version: 0.26.230.591
2026-07-05 23:23:59.032 -05:00 [INF] (Thread 62) SelfUpdater: remote version = 0.26.230.591.
2026-07-05 23:23:59.032 -05:00 [INF] (Thread 62) SelfUpdater: already up to date.
2026-07-05 23:23:59.032 -05:00 [INF] (Thread 62) UpdateOrchestrator: === Update cycle starting ===
2026-07-05 23:23:59.032 -05:00 [INF] (Thread 62) WindowsUpdateWorker: starting update pass.
2026-07-05 23:23:59.032 -05:00 [INF] (Thread 62) WindowsUpdateWorker: verifying PSWindowsUpdate module.
2026-07-05 23:23:59.033 -05:00 [DBG] (Thread 62) WindowsUpdateWorker: running PS script: $ProgressPreference = 'SilentlyContinue'
            $ErrorActionPreference = 'Stop'
            try {
                if (-not (Get-PackageProvider -Name NuGet -ListAvailable -ErrorAction SilentlyContinue)) {
                    Install-PackageProvider -Name NuGet -MinimumVersion 2.8.5.201 -Force -Scope AllUsers | Out-Null
                }
                Set-PSRepository -Name PSGallery -InstallationPolicy Trusted -ErrorAction SilentlyContinue
                if (-not (Get-Module -ListAvailable -Name PSWindowsUpdate -ErrorAction SilentlyContinue)) {
                    Install-Module PSWindowsUpdate -Force -SkipPublisherCheck -Scope AllUsers | Out-Null
                }
                Import-Module PSWindowsUpdate -Force -ErrorAction Stop
                try {
                    Add-WUServiceManager -MicrosoftUpdate -Confirm:$false -ErrorAction SilentlyContinue | Out-Null
                } catch {}
                Write-Output 'OK'
            } catch {
                Write-Output ('ERROR: ' + $_.Exception.Message)
            }
2026-07-05 23:24:11.378 -05:00 [INF] (Thread 62) WindowsUpdateWorker: PSWindowsUpdate module OK.
2026-07-05 23:24:11.379 -05:00 [DBG] (Thread 62) WindowsUpdateWorker: running PS script: Import-Module PSWindowsUpdate -ErrorAction Stop
        $ProgressPreference = 'SilentlyContinue'

        # Force the Windows Update Agent to scan before installing.
        # Fixes 0x80248007 (WU_E_DS_NODATA) on fresh builds or machines
        # whose update data store has not been initialised yet.
        try {
            Start-Process -FilePath 'UsoClient.exe' `
                -ArgumentList 'StartScan' `
                -Wait -NoNewWindow -ErrorAction SilentlyContinue
            Start-Sleep -Seconds 30
        } catch {}

        # 2>&1 merges stderr into the pipeline mixing strings with update
        # objects -- we filter them out in the foreach loop below.
        $rawOutput = Install-WindowsUpdate `
            -MicrosoftUpdate `
            -AcceptAll `
            -IgnoreReboot `
            -Install `
            -ErrorAction Continue 2>&1

        # Use a hashtable keyed on Title to keep only the LAST result per update.
        # PSWindowsUpdate emits objects at multiple pipeline stages (search, download,
        # install); overwriting ensures we capture the final post-install ResultCode
        # rather than an early ResultCode=0 (NotStarted).
        $byKey = @{}

        foreach ($u in $rawOutput) {
            if ($null -eq $u -or $u -isnot [PSObject]) { continue }
            if (-not ($u.PSObject.Properties.Name -contains 'Title')) { continue }
            if ([string]::IsNullOrWhiteSpace($u.Title)) { continue }

            $resultCode = 0
            try { $resultCode = [int]$u.ResultCode } catch { $resultCode = 4 }
            $succeeded = ($resultCode -eq 2 -or $resultCode -eq 3)

            # ResultCode=0 means NotStarted — treat as Skipped, not Failed.
            $status = if ($succeeded) { 'Succeeded' } elseif ($resultCode -eq 0) { 'Skipped' } else { 'Failed' }

            $kb = ''
            try {
                if ($u.KBArticleIDs -and $u.KBArticleIDs.Count -gt 0) {
                    $kb = 'KB' + $u.KBArticleIDs[0]
                }
            } catch {}

            $needsReboot = $false
            try { $needsReboot = [bool]$u.RebootRequired } catch {}

            $byKey[$u.Title] = [PSCustomObject]@{
                Identifier     = $kb
                Title          = [string]$u.Title
                Status         = $status
                ErrorMessage   = if ($succeeded -or $resultCode -eq 0) { '' } else { 'ResultCode=' + $resultCode }
                RebootRequired = $needsReboot
                AttemptedAt    = (Get-Date -Format 'o')
            }
        }

        $results = @($byKey.Values)

        if ($results.Count -eq 0) {
            Write-Output '[]'
        } else {
            $results | ConvertTo-Json -Compress
        }
2026-07-05 23:25:30.500 -05:00 [INF] (Thread 68) WindowsUpdateWorker: no updates installed — system reboot is already pending.
2026-07-05 23:25:30.500 -05:00 [INF] (Thread 68) WindowsUpdateWorker: pass complete. Total=4 Succeeded=1 Failed=0 Skipped=3
2026-07-05 23:25:30.500 -05:00 [INF] (Thread 68) WingetWorker: skipping — last run was 2026-06-30T17:09:51.4718596Z (less than 7 days ago).
2026-07-05 23:25:30.500 -05:00 [INF] (Thread 68) UpdateOrchestrator: cycle complete. Total=4 Succeeded=1 Failed=0 RebootRequired=true
2026-07-05 23:25:30.500 -05:00 [INF] (Thread 68) UpdateOrchestrator: reboot required but last reboot was 21.5 hours ago — skipping notification until 2-day minimum has elapsed.
2026-07-05 23:25:30.500 -05:00 [INF] (Thread 68) UpdateBackgroundService: next cycle in "01:00:00".
