2026-06-26 00:26:38.761 -05:00 [INF] (Thread 53) SelfUpdater: checking for updates. Current version: 0.26.230.591
2026-06-26 00:26:38.912 -05:00 [INF] (Thread 53) SelfUpdater: remote version = 0.26.230.591.
2026-06-26 00:26:38.912 -05:00 [INF] (Thread 53) SelfUpdater: already up to date.
2026-06-26 00:26:38.912 -05:00 [INF] (Thread 53) UpdateOrchestrator: === Update cycle starting ===
2026-06-26 00:26:38.912 -05:00 [INF] (Thread 53) WindowsUpdateWorker: starting update pass.
2026-06-26 00:26:38.912 -05:00 [INF] (Thread 53) WindowsUpdateWorker: verifying PSWindowsUpdate module.
2026-06-26 00:26:38.919 -05:00 [DBG] (Thread 53) WindowsUpdateWorker: running PS script: $ProgressPreference = 'SilentlyContinue'
            $ErrorActionPreference = 'Stop'
            try {
                if (-not (Get-PackageProvider -Name NuGet -ListAvailable -ErrorAction SilentlyContinue)) {
                    Install-PackageProvider -Name NuGet -MinimumVersion 2.8.5.201 -Force -Scope AllUsers | Out-Null
                }
                Set-PSRepository -Name PSGallery -InstallationPolicy Trusted -ErrorAction SilentlyContinue
                if (-not (Get-Module -ListAvailable -Name PSWindowsUpdate -ErrorAction SilentlyContinue)) {
                    Install-Module PSWindowsUpdate -Force -SkipPublisherCheck -Scope AllUsers | Out-Null
                }
                Import-Module PSWindowsUpdate -Force -ErrorAction Stop
                try {
                    Add-WUServiceManager -MicrosoftUpdate -Confirm:$false -ErrorAction SilentlyContinue | Out-Null
                } catch {}
                Write-Output 'OK'
            } catch {
                Write-Output ('ERROR: ' + $_.Exception.Message)
            }
2026-06-26 00:26:52.238 -05:00 [INF] (Thread 53) WindowsUpdateWorker: PSWindowsUpdate module OK.
2026-06-26 00:26:52.238 -05:00 [DBG] (Thread 53) WindowsUpdateWorker: running PS script: Import-Module PSWindowsUpdate -ErrorAction Stop
        $ProgressPreference = 'SilentlyContinue'

        # Force the Windows Update Agent to scan before installing.
        # Fixes 0x80248007 (WU_E_DS_NODATA) on fresh builds or machines
        # whose update data store has not been initialised yet.
        try {
            Start-Process -FilePath 'UsoClient.exe' `
                -ArgumentList 'StartScan' `
                -Wait -NoNewWindow -ErrorAction SilentlyContinue
            Start-Sleep -Seconds 30
        } catch {}

        # 2>&1 merges stderr into the pipeline mixing strings with update
        # objects -- we filter them out in the foreach loop below.
        $rawOutput = Install-WindowsUpdate `
            -MicrosoftUpdate `
            -AcceptAll `
            -IgnoreReboot `
            -Install `
            -ErrorAction Continue 2>&1

        # Use a hashtable keyed on Title to keep only the LAST result per update.
        # PSWindowsUpdate emits objects at multiple pipeline stages (search, download,
        # install); overwriting ensures we capture the final post-install ResultCode
        # rather than an early ResultCode=0 (NotStarted).
        $byKey = @{}

        foreach ($u in $rawOutput) {
            if ($null -eq $u -or $u -isnot [PSObject]) { continue }
            if (-not ($u.PSObject.Properties.Name -contains 'Title')) { continue }
            if ([string]::IsNullOrWhiteSpace($u.Title)) { continue }

            $resultCode = 0
            try { $resultCode = [int]$u.ResultCode } catch { $resultCode = 4 }
            $succeeded = ($resultCode -eq 2 -or $resultCode -eq 3)

            # ResultCode=0 means NotStarted — treat as Skipped, not Failed.
            $status = if ($succeeded) { 'Succeeded' } elseif ($resultCode -eq 0) { 'Skipped' } else { 'Failed' }

            $kb = ''
            try {
                if ($u.KBArticleIDs -and $u.KBArticleIDs.Count -gt 0) {
                    $kb = 'KB' + $u.KBArticleIDs[0]
                }
            } catch {}

            $needsReboot = $false
            try { $needsReboot = [bool]$u.RebootRequired } catch {}

            $byKey[$u.Title] = [PSCustomObject]@{
                Identifier     = $kb
                Title          = [string]$u.Title
                Status         = $status
                ErrorMessage   = if ($succeeded -or $resultCode -eq 0) { '' } else { 'ResultCode=' + $resultCode }
                RebootRequired = $needsReboot
                AttemptedAt    = (Get-Date -Format 'o')
            }
        }

        $results = @($byKey.Values)

        if ($results.Count -eq 0) {
            Write-Output '[]'
        } else {
            $results | ConvertTo-Json -Compress
        }
2026-06-26 00:28:02.148 -05:00 [INF] (Thread 53) WindowsUpdateWorker: no updates installed — system reboot is already pending.
2026-06-26 00:28:02.148 -05:00 [INF] (Thread 53) WindowsUpdateWorker: pass complete. Total=4 Succeeded=1 Failed=0 Skipped=3
2026-06-26 00:28:02.152 -05:00 [INF] (Thread 53) WingetWorker: skipping — last run was 2026-06-23T16:41:05.4343909Z (less than 7 days ago).
2026-06-26 00:28:02.152 -05:00 [INF] (Thread 53) UpdateOrchestrator: cycle complete. Total=4 Succeeded=1 Failed=0 RebootRequired=true
2026-06-26 00:28:02.152 -05:00 [INF] (Thread 53) UpdateOrchestrator: reboot required but last reboot was 16.5 hours ago — skipping notification until 2-day minimum has elapsed.
2026-06-26 00:28:02.152 -05:00 [INF] (Thread 53) UpdateBackgroundService: next cycle in "01:00:00".
2026-06-26 01:28:02.172 -05:00 [INF] (Thread 53) SelfUpdater: checking for updates. Current version: 0.26.230.591
2026-06-26 01:28:02.319 -05:00 [INF] (Thread 63) SelfUpdater: remote version = 0.26.230.591.
2026-06-26 01:28:02.320 -05:00 [INF] (Thread 63) SelfUpdater: already up to date.
2026-06-26 01:28:02.320 -05:00 [INF] (Thread 63) UpdateOrchestrator: === Update cycle starting ===
2026-06-26 01:28:02.320 -05:00 [INF] (Thread 63) WindowsUpdateWorker: starting update pass.
2026-06-26 01:28:02.320 -05:00 [INF] (Thread 63) WindowsUpdateWorker: verifying PSWindowsUpdate module.
2026-06-26 01:28:02.321 -05:00 [DBG] (Thread 63) WindowsUpdateWorker: running PS script: $ProgressPreference = 'SilentlyContinue'
            $ErrorActionPreference = 'Stop'
            try {
                if (-not (Get-PackageProvider -Name NuGet -ListAvailable -ErrorAction SilentlyContinue)) {
                    Install-PackageProvider -Name NuGet -MinimumVersion 2.8.5.201 -Force -Scope AllUsers | Out-Null
                }
                Set-PSRepository -Name PSGallery -InstallationPolicy Trusted -ErrorAction SilentlyContinue
                if (-not (Get-Module -ListAvailable -Name PSWindowsUpdate -ErrorAction SilentlyContinue)) {
                    Install-Module PSWindowsUpdate -Force -SkipPublisherCheck -Scope AllUsers | Out-Null
                }
                Import-Module PSWindowsUpdate -Force -ErrorAction Stop
                try {
                    Add-WUServiceManager -MicrosoftUpdate -Confirm:$false -ErrorAction SilentlyContinue | Out-Null
                } catch {}
                Write-Output 'OK'
            } catch {
                Write-Output ('ERROR: ' + $_.Exception.Message)
            }
2026-06-26 01:28:14.109 -05:00 [INF] (Thread 63) WindowsUpdateWorker: PSWindowsUpdate module OK.
2026-06-26 01:28:14.109 -05:00 [DBG] (Thread 63) WindowsUpdateWorker: running PS script: Import-Module PSWindowsUpdate -ErrorAction Stop
        $ProgressPreference = 'SilentlyContinue'

        # Force the Windows Update Agent to scan before installing.
        # Fixes 0x80248007 (WU_E_DS_NODATA) on fresh builds or machines
        # whose update data store has not been initialised yet.
        try {
            Start-Process -FilePath 'UsoClient.exe' `
                -ArgumentList 'StartScan' `
                -Wait -NoNewWindow -ErrorAction SilentlyContinue
            Start-Sleep -Seconds 30
        } catch {}

        # 2>&1 merges stderr into the pipeline mixing strings with update
        # objects -- we filter them out in the foreach loop below.
        $rawOutput = Install-WindowsUpdate `
            -MicrosoftUpdate `
            -AcceptAll `
            -IgnoreReboot `
            -Install `
            -ErrorAction Continue 2>&1

        # Use a hashtable keyed on Title to keep only the LAST result per update.
        # PSWindowsUpdate emits objects at multiple pipeline stages (search, download,
        # install); overwriting ensures we capture the final post-install ResultCode
        # rather than an early ResultCode=0 (NotStarted).
        $byKey = @{}

        foreach ($u in $rawOutput) {
            if ($null -eq $u -or $u -isnot [PSObject]) { continue }
            if (-not ($u.PSObject.Properties.Name -contains 'Title')) { continue }
            if ([string]::IsNullOrWhiteSpace($u.Title)) { continue }

            $resultCode = 0
            try { $resultCode = [int]$u.ResultCode } catch { $resultCode = 4 }
            $succeeded = ($resultCode -eq 2 -or $resultCode -eq 3)

            # ResultCode=0 means NotStarted — treat as Skipped, not Failed.
            $status = if ($succeeded) { 'Succeeded' } elseif ($resultCode -eq 0) { 'Skipped' } else { 'Failed' }

            $kb = ''
            try {
                if ($u.KBArticleIDs -and $u.KBArticleIDs.Count -gt 0) {
                    $kb = 'KB' + $u.KBArticleIDs[0]
                }
            } catch {}

            $needsReboot = $false
            try { $needsReboot = [bool]$u.RebootRequired } catch {}

            $byKey[$u.Title] = [PSCustomObject]@{
                Identifier     = $kb
                Title          = [string]$u.Title
                Status         = $status
                ErrorMessage   = if ($succeeded -or $resultCode -eq 0) { '' } else { 'ResultCode=' + $resultCode }
                RebootRequired = $needsReboot
                AttemptedAt    = (Get-Date -Format 'o')
            }
        }

        $results = @($byKey.Values)

        if ($results.Count -eq 0) {
            Write-Output '[]'
        } else {
            $results | ConvertTo-Json -Compress
        }
2026-06-26 01:29:23.665 -05:00 [INF] (Thread 56) WindowsUpdateWorker: no updates installed — system reboot is already pending.
2026-06-26 01:29:23.665 -05:00 [INF] (Thread 56) WindowsUpdateWorker: pass complete. Total=4 Succeeded=1 Failed=0 Skipped=3
2026-06-26 01:29:23.665 -05:00 [INF] (Thread 56) WingetWorker: skipping — last run was 2026-06-23T16:41:05.4343909Z (less than 7 days ago).
2026-06-26 01:29:23.665 -05:00 [INF] (Thread 56) UpdateOrchestrator: cycle complete. Total=4 Succeeded=1 Failed=0 RebootRequired=true
2026-06-26 01:29:23.665 -05:00 [INF] (Thread 56) UpdateOrchestrator: reboot required but last reboot was 17.6 hours ago — skipping notification until 2-day minimum has elapsed.
2026-06-26 01:29:23.665 -05:00 [INF] (Thread 56) UpdateBackgroundService: next cycle in "01:00:00".
2026-06-26 02:29:23.671 -05:00 [INF] (Thread 64) SelfUpdater: checking for updates. Current version: 0.26.230.591
2026-06-26 02:29:23.824 -05:00 [INF] (Thread 64) SelfUpdater: remote version = 0.26.230.591.
2026-06-26 02:29:23.824 -05:00 [INF] (Thread 64) SelfUpdater: already up to date.
2026-06-26 02:29:23.824 -05:00 [INF] (Thread 64) UpdateOrchestrator: === Update cycle starting ===
2026-06-26 02:29:23.824 -05:00 [INF] (Thread 64) WindowsUpdateWorker: starting update pass.
2026-06-26 02:29:23.824 -05:00 [INF] (Thread 64) WindowsUpdateWorker: verifying PSWindowsUpdate module.
2026-06-26 02:29:23.826 -05:00 [DBG] (Thread 64) WindowsUpdateWorker: running PS script: $ProgressPreference = 'SilentlyContinue'
            $ErrorActionPreference = 'Stop'
            try {
                if (-not (Get-PackageProvider -Name NuGet -ListAvailable -ErrorAction SilentlyContinue)) {
                    Install-PackageProvider -Name NuGet -MinimumVersion 2.8.5.201 -Force -Scope AllUsers | Out-Null
                }
                Set-PSRepository -Name PSGallery -InstallationPolicy Trusted -ErrorAction SilentlyContinue
                if (-not (Get-Module -ListAvailable -Name PSWindowsUpdate -ErrorAction SilentlyContinue)) {
                    Install-Module PSWindowsUpdate -Force -SkipPublisherCheck -Scope AllUsers | Out-Null
                }
                Import-Module PSWindowsUpdate -Force -ErrorAction Stop
                try {
                    Add-WUServiceManager -MicrosoftUpdate -Confirm:$false -ErrorAction SilentlyContinue | Out-Null
                } catch {}
                Write-Output 'OK'
            } catch {
                Write-Output ('ERROR: ' + $_.Exception.Message)
            }
2026-06-26 02:29:34.977 -05:00 [INF] (Thread 67) WindowsUpdateWorker: PSWindowsUpdate module OK.
2026-06-26 02:29:34.978 -05:00 [DBG] (Thread 67) WindowsUpdateWorker: running PS script: Import-Module PSWindowsUpdate -ErrorAction Stop
        $ProgressPreference = 'SilentlyContinue'

        # Force the Windows Update Agent to scan before installing.
        # Fixes 0x80248007 (WU_E_DS_NODATA) on fresh builds or machines
        # whose update data store has not been initialised yet.
        try {
            Start-Process -FilePath 'UsoClient.exe' `
                -ArgumentList 'StartScan' `
                -Wait -NoNewWindow -ErrorAction SilentlyContinue
            Start-Sleep -Seconds 30
        } catch {}

        # 2>&1 merges stderr into the pipeline mixing strings with update
        # objects -- we filter them out in the foreach loop below.
        $rawOutput = Install-WindowsUpdate `
            -MicrosoftUpdate `
            -AcceptAll `
            -IgnoreReboot `
            -Install `
            -ErrorAction Continue 2>&1

        # Use a hashtable keyed on Title to keep only the LAST result per update.
        # PSWindowsUpdate emits objects at multiple pipeline stages (search, download,
        # install); overwriting ensures we capture the final post-install ResultCode
        # rather than an early ResultCode=0 (NotStarted).
        $byKey = @{}

        foreach ($u in $rawOutput) {
            if ($null -eq $u -or $u -isnot [PSObject]) { continue }
            if (-not ($u.PSObject.Properties.Name -contains 'Title')) { continue }
            if ([string]::IsNullOrWhiteSpace($u.Title)) { continue }

            $resultCode = 0
            try { $resultCode = [int]$u.ResultCode } catch { $resultCode = 4 }
            $succeeded = ($resultCode -eq 2 -or $resultCode -eq 3)

            # ResultCode=0 means NotStarted — treat as Skipped, not Failed.
            $status = if ($succeeded) { 'Succeeded' } elseif ($resultCode -eq 0) { 'Skipped' } else { 'Failed' }

            $kb = ''
            try {
                if ($u.KBArticleIDs -and $u.KBArticleIDs.Count -gt 0) {
                    $kb = 'KB' + $u.KBArticleIDs[0]
                }
            } catch {}

            $needsReboot = $false
            try { $needsReboot = [bool]$u.RebootRequired } catch {}

            $byKey[$u.Title] = [PSCustomObject]@{
                Identifier     = $kb
                Title          = [string]$u.Title
                Status         = $status
                ErrorMessage   = if ($succeeded -or $resultCode -eq 0) { '' } else { 'ResultCode=' + $resultCode }
                RebootRequired = $needsReboot
                AttemptedAt    = (Get-Date -Format 'o')
            }
        }

        $results = @($byKey.Values)

        if ($results.Count -eq 0) {
            Write-Output '[]'
        } else {
            $results | ConvertTo-Json -Compress
        }
2026-06-26 02:30:43.934 -05:00 [INF] (Thread 64) WindowsUpdateWorker: no updates installed — system reboot is already pending.
2026-06-26 02:30:43.934 -05:00 [INF] (Thread 64) WindowsUpdateWorker: pass complete. Total=4 Succeeded=1 Failed=0 Skipped=3
2026-06-26 02:30:43.934 -05:00 [INF] (Thread 64) WingetWorker: skipping — last run was 2026-06-23T16:41:05.4343909Z (less than 7 days ago).
2026-06-26 02:30:43.934 -05:00 [INF] (Thread 64) UpdateOrchestrator: cycle complete. Total=4 Succeeded=1 Failed=0 RebootRequired=true
2026-06-26 02:30:43.934 -05:00 [INF] (Thread 64) UpdateOrchestrator: reboot required but last reboot was 18.6 hours ago — skipping notification until 2-day minimum has elapsed.
2026-06-26 02:30:43.934 -05:00 [INF] (Thread 64) UpdateBackgroundService: next cycle in "01:00:00".
2026-06-26 03:30:43.948 -05:00 [INF] (Thread 67) SelfUpdater: checking for updates. Current version: 0.26.230.591
2026-06-26 03:30:44.126 -05:00 [INF] (Thread 67) SelfUpdater: remote version = 0.26.230.591.
2026-06-26 03:30:44.126 -05:00 [INF] (Thread 67) SelfUpdater: already up to date.
2026-06-26 03:30:44.126 -05:00 [INF] (Thread 67) UpdateOrchestrator: === Update cycle starting ===
2026-06-26 03:30:44.126 -05:00 [INF] (Thread 67) WindowsUpdateWorker: starting update pass.
2026-06-26 03:30:44.126 -05:00 [INF] (Thread 67) WindowsUpdateWorker: verifying PSWindowsUpdate module.
2026-06-26 03:30:44.127 -05:00 [DBG] (Thread 67) WindowsUpdateWorker: running PS script: $ProgressPreference = 'SilentlyContinue'
            $ErrorActionPreference = 'Stop'
            try {
                if (-not (Get-PackageProvider -Name NuGet -ListAvailable -ErrorAction SilentlyContinue)) {
                    Install-PackageProvider -Name NuGet -MinimumVersion 2.8.5.201 -Force -Scope AllUsers | Out-Null
                }
                Set-PSRepository -Name PSGallery -InstallationPolicy Trusted -ErrorAction SilentlyContinue
                if (-not (Get-Module -ListAvailable -Name PSWindowsUpdate -ErrorAction SilentlyContinue)) {
                    Install-Module PSWindowsUpdate -Force -SkipPublisherCheck -Scope AllUsers | Out-Null
                }
                Import-Module PSWindowsUpdate -Force -ErrorAction Stop
                try {
                    Add-WUServiceManager -MicrosoftUpdate -Confirm:$false -ErrorAction SilentlyContinue | Out-Null
                } catch {}
                Write-Output 'OK'
            } catch {
                Write-Output ('ERROR: ' + $_.Exception.Message)
            }
2026-06-26 03:30:55.700 -05:00 [INF] (Thread 67) WindowsUpdateWorker: PSWindowsUpdate module OK.
2026-06-26 03:30:55.701 -05:00 [DBG] (Thread 64) WindowsUpdateWorker: running PS script: Import-Module PSWindowsUpdate -ErrorAction Stop
        $ProgressPreference = 'SilentlyContinue'

        # Force the Windows Update Agent to scan before installing.
        # Fixes 0x80248007 (WU_E_DS_NODATA) on fresh builds or machines
        # whose update data store has not been initialised yet.
        try {
            Start-Process -FilePath 'UsoClient.exe' `
                -ArgumentList 'StartScan' `
                -Wait -NoNewWindow -ErrorAction SilentlyContinue
            Start-Sleep -Seconds 30
        } catch {}

        # 2>&1 merges stderr into the pipeline mixing strings with update
        # objects -- we filter them out in the foreach loop below.
        $rawOutput = Install-WindowsUpdate `
            -MicrosoftUpdate `
            -AcceptAll `
            -IgnoreReboot `
            -Install `
            -ErrorAction Continue 2>&1

        # Use a hashtable keyed on Title to keep only the LAST result per update.
        # PSWindowsUpdate emits objects at multiple pipeline stages (search, download,
        # install); overwriting ensures we capture the final post-install ResultCode
        # rather than an early ResultCode=0 (NotStarted).
        $byKey = @{}

        foreach ($u in $rawOutput) {
            if ($null -eq $u -or $u -isnot [PSObject]) { continue }
            if (-not ($u.PSObject.Properties.Name -contains 'Title')) { continue }
            if ([string]::IsNullOrWhiteSpace($u.Title)) { continue }

            $resultCode = 0
            try { $resultCode = [int]$u.ResultCode } catch { $resultCode = 4 }
            $succeeded = ($resultCode -eq 2 -or $resultCode -eq 3)

            # ResultCode=0 means NotStarted — treat as Skipped, not Failed.
            $status = if ($succeeded) { 'Succeeded' } elseif ($resultCode -eq 0) { 'Skipped' } else { 'Failed' }

            $kb = ''
            try {
                if ($u.KBArticleIDs -and $u.KBArticleIDs.Count -gt 0) {
                    $kb = 'KB' + $u.KBArticleIDs[0]
                }
            } catch {}

            $needsReboot = $false
            try { $needsReboot = [bool]$u.RebootRequired } catch {}

            $byKey[$u.Title] = [PSCustomObject]@{
                Identifier     = $kb
                Title          = [string]$u.Title
                Status         = $status
                ErrorMessage   = if ($succeeded -or $resultCode -eq 0) { '' } else { 'ResultCode=' + $resultCode }
                RebootRequired = $needsReboot
                AttemptedAt    = (Get-Date -Format 'o')
            }
        }

        $results = @($byKey.Values)

        if ($results.Count -eq 0) {
            Write-Output '[]'
        } else {
            $results | ConvertTo-Json -Compress
        }
2026-06-26 03:32:06.567 -05:00 [INF] (Thread 67) WindowsUpdateWorker: no updates installed — system reboot is already pending.
2026-06-26 03:32:06.567 -05:00 [INF] (Thread 67) WindowsUpdateWorker: pass complete. Total=4 Succeeded=1 Failed=0 Skipped=3
2026-06-26 03:32:06.567 -05:00 [INF] (Thread 67) WingetWorker: skipping — last run was 2026-06-23T16:41:05.4343909Z (less than 7 days ago).
2026-06-26 03:32:06.567 -05:00 [INF] (Thread 67) UpdateOrchestrator: cycle complete. Total=4 Succeeded=1 Failed=0 RebootRequired=true
2026-06-26 03:32:06.567 -05:00 [INF] (Thread 67) UpdateOrchestrator: reboot required but last reboot was 19.6 hours ago — skipping notification until 2-day minimum has elapsed.
2026-06-26 03:32:06.568 -05:00 [INF] (Thread 67) UpdateBackgroundService: next cycle in "01:00:00".
2026-06-26 04:32:06.587 -05:00 [INF] (Thread 64) SelfUpdater: checking for updates. Current version: 0.26.230.591
2026-06-26 04:32:06.728 -05:00 [INF] (Thread 71) SelfUpdater: remote version = 0.26.230.591.
2026-06-26 04:32:06.728 -05:00 [INF] (Thread 71) SelfUpdater: already up to date.
2026-06-26 04:32:06.728 -05:00 [INF] (Thread 71) UpdateOrchestrator: === Update cycle starting ===
2026-06-26 04:32:06.728 -05:00 [INF] (Thread 71) WindowsUpdateWorker: starting update pass.
2026-06-26 04:32:06.728 -05:00 [INF] (Thread 71) WindowsUpdateWorker: verifying PSWindowsUpdate module.
2026-06-26 04:32:06.730 -05:00 [DBG] (Thread 67) WindowsUpdateWorker: running PS script: $ProgressPreference = 'SilentlyContinue'
            $ErrorActionPreference = 'Stop'
            try {
                if (-not (Get-PackageProvider -Name NuGet -ListAvailable -ErrorAction SilentlyContinue)) {
                    Install-PackageProvider -Name NuGet -MinimumVersion 2.8.5.201 -Force -Scope AllUsers | Out-Null
                }
                Set-PSRepository -Name PSGallery -InstallationPolicy Trusted -ErrorAction SilentlyContinue
                if (-not (Get-Module -ListAvailable -Name PSWindowsUpdate -ErrorAction SilentlyContinue)) {
                    Install-Module PSWindowsUpdate -Force -SkipPublisherCheck -Scope AllUsers | Out-Null
                }
                Import-Module PSWindowsUpdate -Force -ErrorAction Stop
                try {
                    Add-WUServiceManager -MicrosoftUpdate -Confirm:$false -ErrorAction SilentlyContinue | Out-Null
                } catch {}
                Write-Output 'OK'
            } catch {
                Write-Output ('ERROR: ' + $_.Exception.Message)
            }
2026-06-26 04:32:18.838 -05:00 [INF] (Thread 67) WindowsUpdateWorker: PSWindowsUpdate module OK.
2026-06-26 04:32:18.838 -05:00 [DBG] (Thread 67) WindowsUpdateWorker: running PS script: Import-Module PSWindowsUpdate -ErrorAction Stop
        $ProgressPreference = 'SilentlyContinue'

        # Force the Windows Update Agent to scan before installing.
        # Fixes 0x80248007 (WU_E_DS_NODATA) on fresh builds or machines
        # whose update data store has not been initialised yet.
        try {
            Start-Process -FilePath 'UsoClient.exe' `
                -ArgumentList 'StartScan' `
                -Wait -NoNewWindow -ErrorAction SilentlyContinue
            Start-Sleep -Seconds 30
        } catch {}

        # 2>&1 merges stderr into the pipeline mixing strings with update
        # objects -- we filter them out in the foreach loop below.
        $rawOutput = Install-WindowsUpdate `
            -MicrosoftUpdate `
            -AcceptAll `
            -IgnoreReboot `
            -Install `
            -ErrorAction Continue 2>&1

        # Use a hashtable keyed on Title to keep only the LAST result per update.
        # PSWindowsUpdate emits objects at multiple pipeline stages (search, download,
        # install); overwriting ensures we capture the final post-install ResultCode
        # rather than an early ResultCode=0 (NotStarted).
        $byKey = @{}

        foreach ($u in $rawOutput) {
            if ($null -eq $u -or $u -isnot [PSObject]) { continue }
            if (-not ($u.PSObject.Properties.Name -contains 'Title')) { continue }
            if ([string]::IsNullOrWhiteSpace($u.Title)) { continue }

            $resultCode = 0
            try { $resultCode = [int]$u.ResultCode } catch { $resultCode = 4 }
            $succeeded = ($resultCode -eq 2 -or $resultCode -eq 3)

            # ResultCode=0 means NotStarted — treat as Skipped, not Failed.
            $status = if ($succeeded) { 'Succeeded' } elseif ($resultCode -eq 0) { 'Skipped' } else { 'Failed' }

            $kb = ''
            try {
                if ($u.KBArticleIDs -and $u.KBArticleIDs.Count -gt 0) {
                    $kb = 'KB' + $u.KBArticleIDs[0]
                }
            } catch {}

            $needsReboot = $false
            try { $needsReboot = [bool]$u.RebootRequired } catch {}

            $byKey[$u.Title] = [PSCustomObject]@{
                Identifier     = $kb
                Title          = [string]$u.Title
                Status         = $status
                ErrorMessage   = if ($succeeded -or $resultCode -eq 0) { '' } else { 'ResultCode=' + $resultCode }
                RebootRequired = $needsReboot
                AttemptedAt    = (Get-Date -Format 'o')
            }
        }

        $results = @($byKey.Values)

        if ($results.Count -eq 0) {
            Write-Output '[]'
        } else {
            $results | ConvertTo-Json -Compress
        }
2026-06-26 04:33:30.639 -05:00 [INF] (Thread 69) WindowsUpdateWorker: no updates installed — system reboot is already pending.
2026-06-26 04:33:30.639 -05:00 [INF] (Thread 69) WindowsUpdateWorker: pass complete. Total=4 Succeeded=1 Failed=0 Skipped=3
2026-06-26 04:33:30.639 -05:00 [INF] (Thread 69) WingetWorker: skipping — last run was 2026-06-23T16:41:05.4343909Z (less than 7 days ago).
2026-06-26 04:33:30.639 -05:00 [INF] (Thread 69) UpdateOrchestrator: cycle complete. Total=4 Succeeded=1 Failed=0 RebootRequired=true
2026-06-26 04:33:30.639 -05:00 [INF] (Thread 69) UpdateOrchestrator: reboot required but last reboot was 20.6 hours ago — skipping notification until 2-day minimum has elapsed.
2026-06-26 04:33:30.639 -05:00 [INF] (Thread 69) UpdateBackgroundService: next cycle in "01:00:00".
2026-06-26 05:33:30.652 -05:00 [INF] (Thread 72) SelfUpdater: checking for updates. Current version: 0.26.230.591
2026-06-26 05:33:30.957 -05:00 [INF] (Thread 72) SelfUpdater: remote version = 0.26.230.591.
2026-06-26 05:33:30.957 -05:00 [INF] (Thread 72) SelfUpdater: already up to date.
2026-06-26 05:33:30.957 -05:00 [INF] (Thread 72) UpdateOrchestrator: === Update cycle starting ===
2026-06-26 05:33:30.957 -05:00 [INF] (Thread 72) WindowsUpdateWorker: starting update pass.
2026-06-26 05:33:30.957 -05:00 [INF] (Thread 72) WindowsUpdateWorker: verifying PSWindowsUpdate module.
2026-06-26 05:33:30.959 -05:00 [DBG] (Thread 72) WindowsUpdateWorker: running PS script: $ProgressPreference = 'SilentlyContinue'
            $ErrorActionPreference = 'Stop'
            try {
                if (-not (Get-PackageProvider -Name NuGet -ListAvailable -ErrorAction SilentlyContinue)) {
                    Install-PackageProvider -Name NuGet -MinimumVersion 2.8.5.201 -Force -Scope AllUsers | Out-Null
                }
                Set-PSRepository -Name PSGallery -InstallationPolicy Trusted -ErrorAction SilentlyContinue
                if (-not (Get-Module -ListAvailable -Name PSWindowsUpdate -ErrorAction SilentlyContinue)) {
                    Install-Module PSWindowsUpdate -Force -SkipPublisherCheck -Scope AllUsers | Out-Null
                }
                Import-Module PSWindowsUpdate -Force -ErrorAction Stop
                try {
                    Add-WUServiceManager -MicrosoftUpdate -Confirm:$false -ErrorAction SilentlyContinue | Out-Null
                } catch {}
                Write-Output 'OK'
            } catch {
                Write-Output ('ERROR: ' + $_.Exception.Message)
            }
2026-06-26 05:33:44.322 -05:00 [INF] (Thread 72) WindowsUpdateWorker: PSWindowsUpdate module OK.
2026-06-26 05:33:44.323 -05:00 [DBG] (Thread 72) WindowsUpdateWorker: running PS script: Import-Module PSWindowsUpdate -ErrorAction Stop
        $ProgressPreference = 'SilentlyContinue'

        # Force the Windows Update Agent to scan before installing.
        # Fixes 0x80248007 (WU_E_DS_NODATA) on fresh builds or machines
        # whose update data store has not been initialised yet.
        try {
            Start-Process -FilePath 'UsoClient.exe' `
                -ArgumentList 'StartScan' `
                -Wait -NoNewWindow -ErrorAction SilentlyContinue
            Start-Sleep -Seconds 30
        } catch {}

        # 2>&1 merges stderr into the pipeline mixing strings with update
        # objects -- we filter them out in the foreach loop below.
        $rawOutput = Install-WindowsUpdate `
            -MicrosoftUpdate `
            -AcceptAll `
            -IgnoreReboot `
            -Install `
            -ErrorAction Continue 2>&1

        # Use a hashtable keyed on Title to keep only the LAST result per update.
        # PSWindowsUpdate emits objects at multiple pipeline stages (search, download,
        # install); overwriting ensures we capture the final post-install ResultCode
        # rather than an early ResultCode=0 (NotStarted).
        $byKey = @{}

        foreach ($u in $rawOutput) {
            if ($null -eq $u -or $u -isnot [PSObject]) { continue }
            if (-not ($u.PSObject.Properties.Name -contains 'Title')) { continue }
            if ([string]::IsNullOrWhiteSpace($u.Title)) { continue }

            $resultCode = 0
            try { $resultCode = [int]$u.ResultCode } catch { $resultCode = 4 }
            $succeeded = ($resultCode -eq 2 -or $resultCode -eq 3)

            # ResultCode=0 means NotStarted — treat as Skipped, not Failed.
            $status = if ($succeeded) { 'Succeeded' } elseif ($resultCode -eq 0) { 'Skipped' } else { 'Failed' }

            $kb = ''
            try {
                if ($u.KBArticleIDs -and $u.KBArticleIDs.Count -gt 0) {
                    $kb = 'KB' + $u.KBArticleIDs[0]
                }
            } catch {}

            $needsReboot = $false
            try { $needsReboot = [bool]$u.RebootRequired } catch {}

            $byKey[$u.Title] = [PSCustomObject]@{
                Identifier     = $kb
                Title          = [string]$u.Title
                Status         = $status
                ErrorMessage   = if ($succeeded -or $resultCode -eq 0) { '' } else { 'ResultCode=' + $resultCode }
                RebootRequired = $needsReboot
                AttemptedAt    = (Get-Date -Format 'o')
            }
        }

        $results = @($byKey.Values)

        if ($results.Count -eq 0) {
            Write-Output '[]'
        } else {
            $results | ConvertTo-Json -Compress
        }
2026-06-26 05:34:50.014 -05:00 [INF] (Thread 72) WindowsUpdateWorker: no updates installed — system reboot is already pending.
2026-06-26 05:34:50.014 -05:00 [INF] (Thread 72) WindowsUpdateWorker: pass complete. Total=4 Succeeded=1 Failed=0 Skipped=3
2026-06-26 05:34:50.014 -05:00 [INF] (Thread 72) WingetWorker: skipping — last run was 2026-06-23T16:41:05.4343909Z (less than 7 days ago).
2026-06-26 05:34:50.014 -05:00 [INF] (Thread 72) UpdateOrchestrator: cycle complete. Total=4 Succeeded=1 Failed=0 RebootRequired=true
2026-06-26 05:34:50.014 -05:00 [INF] (Thread 72) UpdateOrchestrator: reboot required but last reboot was 21.7 hours ago — skipping notification until 2-day minimum has elapsed.
2026-06-26 05:34:50.014 -05:00 [INF] (Thread 72) UpdateBackgroundService: next cycle in "01:00:00".
2026-06-26 06:34:50.033 -05:00 [INF] (Thread 75) SelfUpdater: checking for updates. Current version: 0.26.230.591
2026-06-26 06:34:50.230 -05:00 [INF] (Thread 77) SelfUpdater: remote version = 0.26.230.591.
2026-06-26 06:34:50.230 -05:00 [INF] (Thread 77) SelfUpdater: already up to date.
2026-06-26 06:34:50.230 -05:00 [INF] (Thread 77) UpdateOrchestrator: === Update cycle starting ===
2026-06-26 06:34:50.230 -05:00 [INF] (Thread 77) WindowsUpdateWorker: starting update pass.
2026-06-26 06:34:50.230 -05:00 [INF] (Thread 77) WindowsUpdateWorker: verifying PSWindowsUpdate module.
2026-06-26 06:34:50.232 -05:00 [DBG] (Thread 77) WindowsUpdateWorker: running PS script: $ProgressPreference = 'SilentlyContinue'
            $ErrorActionPreference = 'Stop'
            try {
                if (-not (Get-PackageProvider -Name NuGet -ListAvailable -ErrorAction SilentlyContinue)) {
                    Install-PackageProvider -Name NuGet -MinimumVersion 2.8.5.201 -Force -Scope AllUsers | Out-Null
                }
                Set-PSRepository -Name PSGallery -InstallationPolicy Trusted -ErrorAction SilentlyContinue
                if (-not (Get-Module -ListAvailable -Name PSWindowsUpdate -ErrorAction SilentlyContinue)) {
                    Install-Module PSWindowsUpdate -Force -SkipPublisherCheck -Scope AllUsers | Out-Null
                }
                Import-Module PSWindowsUpdate -Force -ErrorAction Stop
                try {
                    Add-WUServiceManager -MicrosoftUpdate -Confirm:$false -ErrorAction SilentlyContinue | Out-Null
                } catch {}
                Write-Output 'OK'
            } catch {
                Write-Output ('ERROR: ' + $_.Exception.Message)
            }
2026-06-26 06:35:03.739 -05:00 [INF] (Thread 75) WindowsUpdateWorker: PSWindowsUpdate module OK.
2026-06-26 06:35:03.740 -05:00 [DBG] (Thread 75) WindowsUpdateWorker: running PS script: Import-Module PSWindowsUpdate -ErrorAction Stop
        $ProgressPreference = 'SilentlyContinue'

        # Force the Windows Update Agent to scan before installing.
        # Fixes 0x80248007 (WU_E_DS_NODATA) on fresh builds or machines
        # whose update data store has not been initialised yet.
        try {
            Start-Process -FilePath 'UsoClient.exe' `
                -ArgumentList 'StartScan' `
                -Wait -NoNewWindow -ErrorAction SilentlyContinue
            Start-Sleep -Seconds 30
        } catch {}

        # 2>&1 merges stderr into the pipeline mixing strings with update
        # objects -- we filter them out in the foreach loop below.
        $rawOutput = Install-WindowsUpdate `
            -MicrosoftUpdate `
            -AcceptAll `
            -IgnoreReboot `
            -Install `
            -ErrorAction Continue 2>&1

        # Use a hashtable keyed on Title to keep only the LAST result per update.
        # PSWindowsUpdate emits objects at multiple pipeline stages (search, download,
        # install); overwriting ensures we capture the final post-install ResultCode
        # rather than an early ResultCode=0 (NotStarted).
        $byKey = @{}

        foreach ($u in $rawOutput) {
            if ($null -eq $u -or $u -isnot [PSObject]) { continue }
            if (-not ($u.PSObject.Properties.Name -contains 'Title')) { continue }
            if ([string]::IsNullOrWhiteSpace($u.Title)) { continue }

            $resultCode = 0
            try { $resultCode = [int]$u.ResultCode } catch { $resultCode = 4 }
            $succeeded = ($resultCode -eq 2 -or $resultCode -eq 3)

            # ResultCode=0 means NotStarted — treat as Skipped, not Failed.
            $status = if ($succeeded) { 'Succeeded' } elseif ($resultCode -eq 0) { 'Skipped' } else { 'Failed' }

            $kb = ''
            try {
                if ($u.KBArticleIDs -and $u.KBArticleIDs.Count -gt 0) {
                    $kb = 'KB' + $u.KBArticleIDs[0]
                }
            } catch {}

            $needsReboot = $false
            try { $needsReboot = [bool]$u.RebootRequired } catch {}

            $byKey[$u.Title] = [PSCustomObject]@{
                Identifier     = $kb
                Title          = [string]$u.Title
                Status         = $status
                ErrorMessage   = if ($succeeded -or $resultCode -eq 0) { '' } else { 'ResultCode=' + $resultCode }
                RebootRequired = $needsReboot
                AttemptedAt    = (Get-Date -Format 'o')
            }
        }

        $results = @($byKey.Values)

        if ($results.Count -eq 0) {
            Write-Output '[]'
        } else {
            $results | ConvertTo-Json -Compress
        }
2026-06-26 06:36:10.944 -05:00 [INF] (Thread 77) WindowsUpdateWorker: no updates installed — system reboot is already pending.
2026-06-26 06:36:10.944 -05:00 [INF] (Thread 77) WindowsUpdateWorker: pass complete. Total=4 Succeeded=1 Failed=0 Skipped=3
2026-06-26 06:36:10.945 -05:00 [INF] (Thread 77) WingetWorker: skipping — last run was 2026-06-23T16:41:05.4343909Z (less than 7 days ago).
2026-06-26 06:36:10.945 -05:00 [INF] (Thread 77) UpdateOrchestrator: cycle complete. Total=4 Succeeded=1 Failed=0 RebootRequired=true
2026-06-26 06:36:10.945 -05:00 [INF] (Thread 77) UpdateOrchestrator: reboot required but last reboot was 22.7 hours ago — skipping notification until 2-day minimum has elapsed.
2026-06-26 06:36:10.945 -05:00 [INF] (Thread 77) UpdateBackgroundService: next cycle in "01:00:00".
2026-06-26 07:36:10.955 -05:00 [INF] (Thread 75) SelfUpdater: checking for updates. Current version: 0.26.230.591
2026-06-26 07:36:11.168 -05:00 [INF] (Thread 79) SelfUpdater: remote version = 0.26.230.591.
2026-06-26 07:36:11.168 -05:00 [INF] (Thread 79) SelfUpdater: already up to date.
2026-06-26 07:36:11.168 -05:00 [INF] (Thread 79) UpdateOrchestrator: === Update cycle starting ===
2026-06-26 07:36:11.168 -05:00 [INF] (Thread 79) WindowsUpdateWorker: starting update pass.
2026-06-26 07:36:11.168 -05:00 [INF] (Thread 79) WindowsUpdateWorker: verifying PSWindowsUpdate module.
2026-06-26 07:36:11.170 -05:00 [DBG] (Thread 79) WindowsUpdateWorker: running PS script: $ProgressPreference = 'SilentlyContinue'
            $ErrorActionPreference = 'Stop'
            try {
                if (-not (Get-PackageProvider -Name NuGet -ListAvailable -ErrorAction SilentlyContinue)) {
                    Install-PackageProvider -Name NuGet -MinimumVersion 2.8.5.201 -Force -Scope AllUsers | Out-Null
                }
                Set-PSRepository -Name PSGallery -InstallationPolicy Trusted -ErrorAction SilentlyContinue
                if (-not (Get-Module -ListAvailable -Name PSWindowsUpdate -ErrorAction SilentlyContinue)) {
                    Install-Module PSWindowsUpdate -Force -SkipPublisherCheck -Scope AllUsers | Out-Null
                }
                Import-Module PSWindowsUpdate -Force -ErrorAction Stop
                try {
                    Add-WUServiceManager -MicrosoftUpdate -Confirm:$false -ErrorAction SilentlyContinue | Out-Null
                } catch {}
                Write-Output 'OK'
            } catch {
                Write-Output ('ERROR: ' + $_.Exception.Message)
            }
2026-06-26 07:36:22.853 -05:00 [INF] (Thread 82) WindowsUpdateWorker: PSWindowsUpdate module OK.
2026-06-26 07:36:22.859 -05:00 [DBG] (Thread 82) WindowsUpdateWorker: running PS script: Import-Module PSWindowsUpdate -ErrorAction Stop
        $ProgressPreference = 'SilentlyContinue'

        # Force the Windows Update Agent to scan before installing.
        # Fixes 0x80248007 (WU_E_DS_NODATA) on fresh builds or machines
        # whose update data store has not been initialised yet.
        try {
            Start-Process -FilePath 'UsoClient.exe' `
                -ArgumentList 'StartScan' `
                -Wait -NoNewWindow -ErrorAction SilentlyContinue
            Start-Sleep -Seconds 30
        } catch {}

        # 2>&1 merges stderr into the pipeline mixing strings with update
        # objects -- we filter them out in the foreach loop below.
        $rawOutput = Install-WindowsUpdate `
            -MicrosoftUpdate `
            -AcceptAll `
            -IgnoreReboot `
            -Install `
            -ErrorAction Continue 2>&1

        # Use a hashtable keyed on Title to keep only the LAST result per update.
        # PSWindowsUpdate emits objects at multiple pipeline stages (search, download,
        # install); overwriting ensures we capture the final post-install ResultCode
        # rather than an early ResultCode=0 (NotStarted).
        $byKey = @{}

        foreach ($u in $rawOutput) {
            if ($null -eq $u -or $u -isnot [PSObject]) { continue }
            if (-not ($u.PSObject.Properties.Name -contains 'Title')) { continue }
            if ([string]::IsNullOrWhiteSpace($u.Title)) { continue }

            $resultCode = 0
            try { $resultCode = [int]$u.ResultCode } catch { $resultCode = 4 }
            $succeeded = ($resultCode -eq 2 -or $resultCode -eq 3)

            # ResultCode=0 means NotStarted — treat as Skipped, not Failed.
            $status = if ($succeeded) { 'Succeeded' } elseif ($resultCode -eq 0) { 'Skipped' } else { 'Failed' }

            $kb = ''
            try {
                if ($u.KBArticleIDs -and $u.KBArticleIDs.Count -gt 0) {
                    $kb = 'KB' + $u.KBArticleIDs[0]
                }
            } catch {}

            $needsReboot = $false
            try { $needsReboot = [bool]$u.RebootRequired } catch {}

            $byKey[$u.Title] = [PSCustomObject]@{
                Identifier     = $kb
                Title          = [string]$u.Title
                Status         = $status
                ErrorMessage   = if ($succeeded -or $resultCode -eq 0) { '' } else { 'ResultCode=' + $resultCode }
                RebootRequired = $needsReboot
                AttemptedAt    = (Get-Date -Format 'o')
            }
        }

        $results = @($byKey.Values)

        if ($results.Count -eq 0) {
            Write-Output '[]'
        } else {
            $results | ConvertTo-Json -Compress
        }
2026-06-26 07:37:29.889 -05:00 [INF] (Thread 79) WindowsUpdateWorker: no updates installed — system reboot is already pending.
2026-06-26 07:37:29.889 -05:00 [INF] (Thread 79) WindowsUpdateWorker: pass complete. Total=4 Succeeded=1 Failed=0 Skipped=3
2026-06-26 07:37:29.889 -05:00 [INF] (Thread 79) WingetWorker: skipping — last run was 2026-06-23T16:41:05.4343909Z (less than 7 days ago).
2026-06-26 07:37:29.889 -05:00 [INF] (Thread 79) UpdateOrchestrator: cycle complete. Total=4 Succeeded=1 Failed=0 RebootRequired=true
2026-06-26 07:37:29.889 -05:00 [INF] (Thread 79) UpdateOrchestrator: reboot required but last reboot was 23.7 hours ago — skipping notification until 2-day minimum has elapsed.
2026-06-26 07:37:29.889 -05:00 [INF] (Thread 79) UpdateBackgroundService: next cycle in "01:00:00".
2026-06-26 08:37:29.902 -05:00 [INF] (Thread 83) SelfUpdater: checking for updates. Current version: 0.26.230.591
2026-06-26 08:37:30.045 -05:00 [INF] (Thread 83) SelfUpdater: remote version = 0.26.230.591.
2026-06-26 08:37:30.045 -05:00 [INF] (Thread 83) SelfUpdater: already up to date.
2026-06-26 08:37:30.045 -05:00 [INF] (Thread 83) UpdateOrchestrator: === Update cycle starting ===
2026-06-26 08:37:30.045 -05:00 [INF] (Thread 83) WindowsUpdateWorker: starting update pass.
2026-06-26 08:37:30.045 -05:00 [INF] (Thread 83) WindowsUpdateWorker: verifying PSWindowsUpdate module.
2026-06-26 08:37:30.047 -05:00 [DBG] (Thread 83) WindowsUpdateWorker: running PS script: $ProgressPreference = 'SilentlyContinue'
            $ErrorActionPreference = 'Stop'
            try {
                if (-not (Get-PackageProvider -Name NuGet -ListAvailable -ErrorAction SilentlyContinue)) {
                    Install-PackageProvider -Name NuGet -MinimumVersion 2.8.5.201 -Force -Scope AllUsers | Out-Null
                }
                Set-PSRepository -Name PSGallery -InstallationPolicy Trusted -ErrorAction SilentlyContinue
                if (-not (Get-Module -ListAvailable -Name PSWindowsUpdate -ErrorAction SilentlyContinue)) {
                    Install-Module PSWindowsUpdate -Force -SkipPublisherCheck -Scope AllUsers | Out-Null
                }
                Import-Module PSWindowsUpdate -Force -ErrorAction Stop
                try {
                    Add-WUServiceManager -MicrosoftUpdate -Confirm:$false -ErrorAction SilentlyContinue | Out-Null
                } catch {}
                Write-Output 'OK'
            } catch {
                Write-Output ('ERROR: ' + $_.Exception.Message)
            }
2026-06-26 08:37:43.830 -05:00 [INF] (Thread 83) WindowsUpdateWorker: PSWindowsUpdate module OK.
2026-06-26 08:37:43.831 -05:00 [DBG] (Thread 79) WindowsUpdateWorker: running PS script: Import-Module PSWindowsUpdate -ErrorAction Stop
        $ProgressPreference = 'SilentlyContinue'

        # Force the Windows Update Agent to scan before installing.
        # Fixes 0x80248007 (WU_E_DS_NODATA) on fresh builds or machines
        # whose update data store has not been initialised yet.
        try {
            Start-Process -FilePath 'UsoClient.exe' `
                -ArgumentList 'StartScan' `
                -Wait -NoNewWindow -ErrorAction SilentlyContinue
            Start-Sleep -Seconds 30
        } catch {}

        # 2>&1 merges stderr into the pipeline mixing strings with update
        # objects -- we filter them out in the foreach loop below.
        $rawOutput = Install-WindowsUpdate `
            -MicrosoftUpdate `
            -AcceptAll `
            -IgnoreReboot `
            -Install `
            -ErrorAction Continue 2>&1

        # Use a hashtable keyed on Title to keep only the LAST result per update.
        # PSWindowsUpdate emits objects at multiple pipeline stages (search, download,
        # install); overwriting ensures we capture the final post-install ResultCode
        # rather than an early ResultCode=0 (NotStarted).
        $byKey = @{}

        foreach ($u in $rawOutput) {
            if ($null -eq $u -or $u -isnot [PSObject]) { continue }
            if (-not ($u.PSObject.Properties.Name -contains 'Title')) { continue }
            if ([string]::IsNullOrWhiteSpace($u.Title)) { continue }

            $resultCode = 0
            try { $resultCode = [int]$u.ResultCode } catch { $resultCode = 4 }
            $succeeded = ($resultCode -eq 2 -or $resultCode -eq 3)

            # ResultCode=0 means NotStarted — treat as Skipped, not Failed.
            $status = if ($succeeded) { 'Succeeded' } elseif ($resultCode -eq 0) { 'Skipped' } else { 'Failed' }

            $kb = ''
            try {
                if ($u.KBArticleIDs -and $u.KBArticleIDs.Count -gt 0) {
                    $kb = 'KB' + $u.KBArticleIDs[0]
                }
            } catch {}

            $needsReboot = $false
            try { $needsReboot = [bool]$u.RebootRequired } catch {}

            $byKey[$u.Title] = [PSCustomObject]@{
                Identifier     = $kb
                Title          = [string]$u.Title
                Status         = $status
                ErrorMessage   = if ($succeeded -or $resultCode -eq 0) { '' } else { 'ResultCode=' + $resultCode }
                RebootRequired = $needsReboot
                AttemptedAt    = (Get-Date -Format 'o')
            }
        }

        $results = @($byKey.Values)

        if ($results.Count -eq 0) {
            Write-Output '[]'
        } else {
            $results | ConvertTo-Json -Compress
        }
2026-06-26 08:38:53.627 -05:00 [INF] (Thread 79) WindowsUpdateWorker: no updates installed — system reboot is already pending.
2026-06-26 08:38:53.627 -05:00 [INF] (Thread 79) WindowsUpdateWorker: pass complete. Total=4 Succeeded=1 Failed=0 Skipped=3
2026-06-26 08:38:53.627 -05:00 [INF] (Thread 79) WingetWorker: skipping — last run was 2026-06-23T16:41:05.4343909Z (less than 7 days ago).
2026-06-26 08:38:53.627 -05:00 [INF] (Thread 79) UpdateOrchestrator: cycle complete. Total=4 Succeeded=1 Failed=0 RebootRequired=true
2026-06-26 08:38:53.627 -05:00 [INF] (Thread 79) UpdateOrchestrator: reboot required but last reboot was 24.7 hours ago — skipping notification until 2-day minimum has elapsed.
2026-06-26 08:38:53.627 -05:00 [INF] (Thread 79) UpdateBackgroundService: next cycle in "01:00:00".
2026-06-26 09:38:53.632 -05:00 [INF] (Thread 83) SelfUpdater: checking for updates. Current version: 0.26.230.591
2026-06-26 09:38:53.769 -05:00 [INF] (Thread 79) SelfUpdater: remote version = 0.26.230.591.
2026-06-26 09:38:53.769 -05:00 [INF] (Thread 79) SelfUpdater: already up to date.
2026-06-26 09:38:53.769 -05:00 [INF] (Thread 79) UpdateOrchestrator: === Update cycle starting ===
2026-06-26 09:38:53.770 -05:00 [INF] (Thread 79) WindowsUpdateWorker: starting update pass.
2026-06-26 09:38:53.770 -05:00 [INF] (Thread 79) WindowsUpdateWorker: verifying PSWindowsUpdate module.
2026-06-26 09:38:53.772 -05:00 [DBG] (Thread 79) WindowsUpdateWorker: running PS script: $ProgressPreference = 'SilentlyContinue'
            $ErrorActionPreference = 'Stop'
            try {
                if (-not (Get-PackageProvider -Name NuGet -ListAvailable -ErrorAction SilentlyContinue)) {
                    Install-PackageProvider -Name NuGet -MinimumVersion 2.8.5.201 -Force -Scope AllUsers | Out-Null
                }
                Set-PSRepository -Name PSGallery -InstallationPolicy Trusted -ErrorAction SilentlyContinue
                if (-not (Get-Module -ListAvailable -Name PSWindowsUpdate -ErrorAction SilentlyContinue)) {
                    Install-Module PSWindowsUpdate -Force -SkipPublisherCheck -Scope AllUsers | Out-Null
                }
                Import-Module PSWindowsUpdate -Force -ErrorAction Stop
                try {
                    Add-WUServiceManager -MicrosoftUpdate -Confirm:$false -ErrorAction SilentlyContinue | Out-Null
                } catch {}
                Write-Output 'OK'
            } catch {
                Write-Output ('ERROR: ' + $_.Exception.Message)
            }
2026-06-26 09:39:06.174 -05:00 [INF] (Thread 79) WindowsUpdateWorker: PSWindowsUpdate module OK.
2026-06-26 09:39:06.175 -05:00 [DBG] (Thread 79) WindowsUpdateWorker: running PS script: Import-Module PSWindowsUpdate -ErrorAction Stop
        $ProgressPreference = 'SilentlyContinue'

        # Force the Windows Update Agent to scan before installing.
        # Fixes 0x80248007 (WU_E_DS_NODATA) on fresh builds or machines
        # whose update data store has not been initialised yet.
        try {
            Start-Process -FilePath 'UsoClient.exe' `
                -ArgumentList 'StartScan' `
                -Wait -NoNewWindow -ErrorAction SilentlyContinue
            Start-Sleep -Seconds 30
        } catch {}

        # 2>&1 merges stderr into the pipeline mixing strings with update
        # objects -- we filter them out in the foreach loop below.
        $rawOutput = Install-WindowsUpdate `
            -MicrosoftUpdate `
            -AcceptAll `
            -IgnoreReboot `
            -Install `
            -ErrorAction Continue 2>&1

        # Use a hashtable keyed on Title to keep only the LAST result per update.
        # PSWindowsUpdate emits objects at multiple pipeline stages (search, download,
        # install); overwriting ensures we capture the final post-install ResultCode
        # rather than an early ResultCode=0 (NotStarted).
        $byKey = @{}

        foreach ($u in $rawOutput) {
            if ($null -eq $u -or $u -isnot [PSObject]) { continue }
            if (-not ($u.PSObject.Properties.Name -contains 'Title')) { continue }
            if ([string]::IsNullOrWhiteSpace($u.Title)) { continue }

            $resultCode = 0
            try { $resultCode = [int]$u.ResultCode } catch { $resultCode = 4 }
            $succeeded = ($resultCode -eq 2 -or $resultCode -eq 3)

            # ResultCode=0 means NotStarted — treat as Skipped, not Failed.
            $status = if ($succeeded) { 'Succeeded' } elseif ($resultCode -eq 0) { 'Skipped' } else { 'Failed' }

            $kb = ''
            try {
                if ($u.KBArticleIDs -and $u.KBArticleIDs.Count -gt 0) {
                    $kb = 'KB' + $u.KBArticleIDs[0]
                }
            } catch {}

            $needsReboot = $false
            try { $needsReboot = [bool]$u.RebootRequired } catch {}

            $byKey[$u.Title] = [PSCustomObject]@{
                Identifier     = $kb
                Title          = [string]$u.Title
                Status         = $status
                ErrorMessage   = if ($succeeded -or $resultCode -eq 0) { '' } else { 'ResultCode=' + $resultCode }
                RebootRequired = $needsReboot
                AttemptedAt    = (Get-Date -Format 'o')
            }
        }

        $results = @($byKey.Values)

        if ($results.Count -eq 0) {
            Write-Output '[]'
        } else {
            $results | ConvertTo-Json -Compress
        }
2026-06-26 09:40:16.781 -05:00 [INF] (Thread 79) WindowsUpdateWorker: no updates installed — system reboot is already pending.
2026-06-26 09:40:16.781 -05:00 [INF] (Thread 79) WindowsUpdateWorker: pass complete. Total=4 Succeeded=1 Failed=0 Skipped=3
2026-06-26 09:40:16.781 -05:00 [INF] (Thread 79) WingetWorker: skipping — last run was 2026-06-23T16:41:05.4343909Z (less than 7 days ago).
2026-06-26 09:40:16.781 -05:00 [INF] (Thread 79) UpdateOrchestrator: cycle complete. Total=4 Succeeded=1 Failed=0 RebootRequired=true
2026-06-26 09:40:16.781 -05:00 [INF] (Thread 79) UpdateOrchestrator: reboot required but last reboot was 25.7 hours ago — skipping notification until 2-day minimum has elapsed.
2026-06-26 09:40:16.781 -05:00 [INF] (Thread 79) UpdateBackgroundService: next cycle in "01:00:00".
2026-06-26 10:40:16.804 -05:00 [INF] (Thread 84) SelfUpdater: checking for updates. Current version: 0.26.230.591
2026-06-26 10:40:16.923 -05:00 [INF] (Thread 84) SelfUpdater: remote version = 0.26.230.591.
2026-06-26 10:40:16.923 -05:00 [INF] (Thread 84) SelfUpdater: already up to date.
2026-06-26 10:40:16.923 -05:00 [INF] (Thread 84) UpdateOrchestrator: === Update cycle starting ===
2026-06-26 10:40:16.923 -05:00 [INF] (Thread 84) WindowsUpdateWorker: starting update pass.
2026-06-26 10:40:16.923 -05:00 [INF] (Thread 84) WindowsUpdateWorker: verifying PSWindowsUpdate module.
2026-06-26 10:40:16.924 -05:00 [DBG] (Thread 84) WindowsUpdateWorker: running PS script: $ProgressPreference = 'SilentlyContinue'
            $ErrorActionPreference = 'Stop'
            try {
                if (-not (Get-PackageProvider -Name NuGet -ListAvailable -ErrorAction SilentlyContinue)) {
                    Install-PackageProvider -Name NuGet -MinimumVersion 2.8.5.201 -Force -Scope AllUsers | Out-Null
                }
                Set-PSRepository -Name PSGallery -InstallationPolicy Trusted -ErrorAction SilentlyContinue
                if (-not (Get-Module -ListAvailable -Name PSWindowsUpdate -ErrorAction SilentlyContinue)) {
                    Install-Module PSWindowsUpdate -Force -SkipPublisherCheck -Scope AllUsers | Out-Null
                }
                Import-Module PSWindowsUpdate -Force -ErrorAction Stop
                try {
                    Add-WUServiceManager -MicrosoftUpdate -Confirm:$false -ErrorAction SilentlyContinue | Out-Null
                } catch {}
                Write-Output 'OK'
            } catch {
                Write-Output ('ERROR: ' + $_.Exception.Message)
            }
2026-06-26 10:40:29.627 -05:00 [INF] (Thread 79) WindowsUpdateWorker: PSWindowsUpdate module OK.
2026-06-26 10:40:29.628 -05:00 [DBG] (Thread 79) WindowsUpdateWorker: running PS script: Import-Module PSWindowsUpdate -ErrorAction Stop
        $ProgressPreference = 'SilentlyContinue'

        # Force the Windows Update Agent to scan before installing.
        # Fixes 0x80248007 (WU_E_DS_NODATA) on fresh builds or machines
        # whose update data store has not been initialised yet.
        try {
            Start-Process -FilePath 'UsoClient.exe' `
                -ArgumentList 'StartScan' `
                -Wait -NoNewWindow -ErrorAction SilentlyContinue
            Start-Sleep -Seconds 30
        } catch {}

        # 2>&1 merges stderr into the pipeline mixing strings with update
        # objects -- we filter them out in the foreach loop below.
        $rawOutput = Install-WindowsUpdate `
            -MicrosoftUpdate `
            -AcceptAll `
            -IgnoreReboot `
            -Install `
            -ErrorAction Continue 2>&1

        # Use a hashtable keyed on Title to keep only the LAST result per update.
        # PSWindowsUpdate emits objects at multiple pipeline stages (search, download,
        # install); overwriting ensures we capture the final post-install ResultCode
        # rather than an early ResultCode=0 (NotStarted).
        $byKey = @{}

        foreach ($u in $rawOutput) {
            if ($null -eq $u -or $u -isnot [PSObject]) { continue }
            if (-not ($u.PSObject.Properties.Name -contains 'Title')) { continue }
            if ([string]::IsNullOrWhiteSpace($u.Title)) { continue }

            $resultCode = 0
            try { $resultCode = [int]$u.ResultCode } catch { $resultCode = 4 }
            $succeeded = ($resultCode -eq 2 -or $resultCode -eq 3)

            # ResultCode=0 means NotStarted — treat as Skipped, not Failed.
            $status = if ($succeeded) { 'Succeeded' } elseif ($resultCode -eq 0) { 'Skipped' } else { 'Failed' }

            $kb = ''
            try {
                if ($u.KBArticleIDs -and $u.KBArticleIDs.Count -gt 0) {
                    $kb = 'KB' + $u.KBArticleIDs[0]
                }
            } catch {}

            $needsReboot = $false
            try { $needsReboot = [bool]$u.RebootRequired } catch {}

            $byKey[$u.Title] = [PSCustomObject]@{
                Identifier     = $kb
                Title          = [string]$u.Title
                Status         = $status
                ErrorMessage   = if ($succeeded -or $resultCode -eq 0) { '' } else { 'ResultCode=' + $resultCode }
                RebootRequired = $needsReboot
                AttemptedAt    = (Get-Date -Format 'o')
            }
        }

        $results = @($byKey.Values)

        if ($results.Count -eq 0) {
            Write-Output '[]'
        } else {
            $results | ConvertTo-Json -Compress
        }
2026-06-26 10:41:55.440 -05:00 [INF] (Thread 82) WindowsUpdateWorker: no updates installed — system reboot is already pending.
2026-06-26 10:41:55.440 -05:00 [INF] (Thread 82) WindowsUpdateWorker: pass complete. Total=4 Succeeded=1 Failed=0 Skipped=3
2026-06-26 10:41:55.440 -05:00 [INF] (Thread 82) WingetWorker: skipping — last run was 2026-06-23T16:41:05.4343909Z (less than 7 days ago).
2026-06-26 10:41:55.440 -05:00 [INF] (Thread 82) UpdateOrchestrator: cycle complete. Total=4 Succeeded=1 Failed=0 RebootRequired=true
2026-06-26 10:41:55.441 -05:00 [INF] (Thread 82) UpdateOrchestrator: reboot required but last reboot was 26.8 hours ago — skipping notification until 2-day minimum has elapsed.
2026-06-26 10:41:55.441 -05:00 [INF] (Thread 82) UpdateBackgroundService: next cycle in "01:00:00".
2026-06-26 11:41:55.446 -05:00 [INF] (Thread 78) SelfUpdater: checking for updates. Current version: 0.26.230.591
2026-06-26 11:41:55.546 -05:00 [INF] (Thread 74) SelfUpdater: remote version = 0.26.230.591.
2026-06-26 11:41:55.546 -05:00 [INF] (Thread 74) SelfUpdater: already up to date.
2026-06-26 11:41:55.547 -05:00 [INF] (Thread 74) UpdateOrchestrator: === Update cycle starting ===
2026-06-26 11:41:55.547 -05:00 [INF] (Thread 74) WindowsUpdateWorker: starting update pass.
2026-06-26 11:41:55.547 -05:00 [INF] (Thread 74) WindowsUpdateWorker: verifying PSWindowsUpdate module.
2026-06-26 11:41:55.548 -05:00 [DBG] (Thread 74) WindowsUpdateWorker: running PS script: $ProgressPreference = 'SilentlyContinue'
            $ErrorActionPreference = 'Stop'
            try {
                if (-not (Get-PackageProvider -Name NuGet -ListAvailable -ErrorAction SilentlyContinue)) {
                    Install-PackageProvider -Name NuGet -MinimumVersion 2.8.5.201 -Force -Scope AllUsers | Out-Null
                }
                Set-PSRepository -Name PSGallery -InstallationPolicy Trusted -ErrorAction SilentlyContinue
                if (-not (Get-Module -ListAvailable -Name PSWindowsUpdate -ErrorAction SilentlyContinue)) {
                    Install-Module PSWindowsUpdate -Force -SkipPublisherCheck -Scope AllUsers | Out-Null
                }
                Import-Module PSWindowsUpdate -Force -ErrorAction Stop
                try {
                    Add-WUServiceManager -MicrosoftUpdate -Confirm:$false -ErrorAction SilentlyContinue | Out-Null
                } catch {}
                Write-Output 'OK'
            } catch {
                Write-Output ('ERROR: ' + $_.Exception.Message)
            }
2026-06-26 11:42:09.062 -05:00 [INF] (Thread 76) WindowsUpdateWorker: PSWindowsUpdate module OK.
2026-06-26 11:42:09.063 -05:00 [DBG] (Thread 76) WindowsUpdateWorker: running PS script: Import-Module PSWindowsUpdate -ErrorAction Stop
        $ProgressPreference = 'SilentlyContinue'

        # Force the Windows Update Agent to scan before installing.
        # Fixes 0x80248007 (WU_E_DS_NODATA) on fresh builds or machines
        # whose update data store has not been initialised yet.
        try {
            Start-Process -FilePath 'UsoClient.exe' `
                -ArgumentList 'StartScan' `
                -Wait -NoNewWindow -ErrorAction SilentlyContinue
            Start-Sleep -Seconds 30
        } catch {}

        # 2>&1 merges stderr into the pipeline mixing strings with update
        # objects -- we filter them out in the foreach loop below.
        $rawOutput = Install-WindowsUpdate `
            -MicrosoftUpdate `
            -AcceptAll `
            -IgnoreReboot `
            -Install `
            -ErrorAction Continue 2>&1

        # Use a hashtable keyed on Title to keep only the LAST result per update.
        # PSWindowsUpdate emits objects at multiple pipeline stages (search, download,
        # install); overwriting ensures we capture the final post-install ResultCode
        # rather than an early ResultCode=0 (NotStarted).
        $byKey = @{}

        foreach ($u in $rawOutput) {
            if ($null -eq $u -or $u -isnot [PSObject]) { continue }
            if (-not ($u.PSObject.Properties.Name -contains 'Title')) { continue }
            if ([string]::IsNullOrWhiteSpace($u.Title)) { continue }

            $resultCode = 0
            try { $resultCode = [int]$u.ResultCode } catch { $resultCode = 4 }
            $succeeded = ($resultCode -eq 2 -or $resultCode -eq 3)

            # ResultCode=0 means NotStarted — treat as Skipped, not Failed.
            $status = if ($succeeded) { 'Succeeded' } elseif ($resultCode -eq 0) { 'Skipped' } else { 'Failed' }

            $kb = ''
            try {
                if ($u.KBArticleIDs -and $u.KBArticleIDs.Count -gt 0) {
                    $kb = 'KB' + $u.KBArticleIDs[0]
                }
            } catch {}

            $needsReboot = $false
            try { $needsReboot = [bool]$u.RebootRequired } catch {}

            $byKey[$u.Title] = [PSCustomObject]@{
                Identifier     = $kb
                Title          = [string]$u.Title
                Status         = $status
                ErrorMessage   = if ($succeeded -or $resultCode -eq 0) { '' } else { 'ResultCode=' + $resultCode }
                RebootRequired = $needsReboot
                AttemptedAt    = (Get-Date -Format 'o')
            }
        }

        $results = @($byKey.Values)

        if ($results.Count -eq 0) {
            Write-Output '[]'
        } else {
            $results | ConvertTo-Json -Compress
        }
2026-06-26 11:43:21.008 -05:00 [INF] (Thread 73) WindowsUpdateWorker: no updates installed — system reboot is already pending.
2026-06-26 11:43:21.008 -05:00 [INF] (Thread 73) WindowsUpdateWorker: pass complete. Total=4 Succeeded=1 Failed=0 Skipped=3
2026-06-26 11:43:21.008 -05:00 [INF] (Thread 73) WingetWorker: skipping — last run was 2026-06-23T16:41:05.4343909Z (less than 7 days ago).
2026-06-26 11:43:21.008 -05:00 [INF] (Thread 73) UpdateOrchestrator: cycle complete. Total=4 Succeeded=1 Failed=0 RebootRequired=true
2026-06-26 11:43:21.008 -05:00 [INF] (Thread 73) UpdateOrchestrator: reboot required but last reboot was 27.8 hours ago — skipping notification until 2-day minimum has elapsed.
2026-06-26 11:43:21.009 -05:00 [INF] (Thread 73) UpdateBackgroundService: next cycle in "01:00:00".
2026-06-26 12:43:21.022 -05:00 [INF] (Thread 76) SelfUpdater: checking for updates. Current version: 0.26.230.591
2026-06-26 12:43:21.114 -05:00 [INF] (Thread 76) SelfUpdater: remote version = 0.26.230.591.
2026-06-26 12:43:21.114 -05:00 [INF] (Thread 76) SelfUpdater: already up to date.
2026-06-26 12:43:21.114 -05:00 [INF] (Thread 76) UpdateOrchestrator: === Update cycle starting ===
2026-06-26 12:43:21.114 -05:00 [INF] (Thread 76) WindowsUpdateWorker: starting update pass.
2026-06-26 12:43:21.114 -05:00 [INF] (Thread 76) WindowsUpdateWorker: verifying PSWindowsUpdate module.
2026-06-26 12:43:21.116 -05:00 [DBG] (Thread 76) WindowsUpdateWorker: running PS script: $ProgressPreference = 'SilentlyContinue'
            $ErrorActionPreference = 'Stop'
            try {
                if (-not (Get-PackageProvider -Name NuGet -ListAvailable -ErrorAction SilentlyContinue)) {
                    Install-PackageProvider -Name NuGet -MinimumVersion 2.8.5.201 -Force -Scope AllUsers | Out-Null
                }
                Set-PSRepository -Name PSGallery -InstallationPolicy Trusted -ErrorAction SilentlyContinue
                if (-not (Get-Module -ListAvailable -Name PSWindowsUpdate -ErrorAction SilentlyContinue)) {
                    Install-Module PSWindowsUpdate -Force -SkipPublisherCheck -Scope AllUsers | Out-Null
                }
                Import-Module PSWindowsUpdate -Force -ErrorAction Stop
                try {
                    Add-WUServiceManager -MicrosoftUpdate -Confirm:$false -ErrorAction SilentlyContinue | Out-Null
                } catch {}
                Write-Output 'OK'
            } catch {
                Write-Output ('ERROR: ' + $_.Exception.Message)
            }
2026-06-26 12:43:35.780 -05:00 [INF] (Thread 76) WindowsUpdateWorker: PSWindowsUpdate module OK.
2026-06-26 12:43:35.780 -05:00 [DBG] (Thread 76) WindowsUpdateWorker: running PS script: Import-Module PSWindowsUpdate -ErrorAction Stop
        $ProgressPreference = 'SilentlyContinue'

        # Force the Windows Update Agent to scan before installing.
        # Fixes 0x80248007 (WU_E_DS_NODATA) on fresh builds or machines
        # whose update data store has not been initialised yet.
        try {
            Start-Process -FilePath 'UsoClient.exe' `
                -ArgumentList 'StartScan' `
                -Wait -NoNewWindow -ErrorAction SilentlyContinue
            Start-Sleep -Seconds 30
        } catch {}

        # 2>&1 merges stderr into the pipeline mixing strings with update
        # objects -- we filter them out in the foreach loop below.
        $rawOutput = Install-WindowsUpdate `
            -MicrosoftUpdate `
            -AcceptAll `
            -IgnoreReboot `
            -Install `
            -ErrorAction Continue 2>&1

        # Use a hashtable keyed on Title to keep only the LAST result per update.
        # PSWindowsUpdate emits objects at multiple pipeline stages (search, download,
        # install); overwriting ensures we capture the final post-install ResultCode
        # rather than an early ResultCode=0 (NotStarted).
        $byKey = @{}

        foreach ($u in $rawOutput) {
            if ($null -eq $u -or $u -isnot [PSObject]) { continue }
            if (-not ($u.PSObject.Properties.Name -contains 'Title')) { continue }
            if ([string]::IsNullOrWhiteSpace($u.Title)) { continue }

            $resultCode = 0
            try { $resultCode = [int]$u.ResultCode } catch { $resultCode = 4 }
            $succeeded = ($resultCode -eq 2 -or $resultCode -eq 3)

            # ResultCode=0 means NotStarted — treat as Skipped, not Failed.
            $status = if ($succeeded) { 'Succeeded' } elseif ($resultCode -eq 0) { 'Skipped' } else { 'Failed' }

            $kb = ''
            try {
                if ($u.KBArticleIDs -and $u.KBArticleIDs.Count -gt 0) {
                    $kb = 'KB' + $u.KBArticleIDs[0]
                }
            } catch {}

            $needsReboot = $false
            try { $needsReboot = [bool]$u.RebootRequired } catch {}

            $byKey[$u.Title] = [PSCustomObject]@{
                Identifier     = $kb
                Title          = [string]$u.Title
                Status         = $status
                ErrorMessage   = if ($succeeded -or $resultCode -eq 0) { '' } else { 'ResultCode=' + $resultCode }
                RebootRequired = $needsReboot
                AttemptedAt    = (Get-Date -Format 'o')
            }
        }

        $results = @($byKey.Values)

        if ($results.Count -eq 0) {
            Write-Output '[]'
        } else {
            $results | ConvertTo-Json -Compress
        }
2026-06-26 12:44:51.552 -05:00 [INF] (Thread 72) WindowsUpdateWorker: no updates installed — system reboot is already pending.
2026-06-26 12:44:51.552 -05:00 [INF] (Thread 72) WindowsUpdateWorker: pass complete. Total=4 Succeeded=1 Failed=0 Skipped=3
2026-06-26 12:44:51.552 -05:00 [INF] (Thread 72) WingetWorker: skipping — last run was 2026-06-23T16:41:05.4343909Z (less than 7 days ago).
2026-06-26 12:44:51.552 -05:00 [INF] (Thread 72) UpdateOrchestrator: cycle complete. Total=4 Succeeded=1 Failed=0 RebootRequired=true
2026-06-26 12:44:51.552 -05:00 [INF] (Thread 72) UpdateOrchestrator: reboot required but last reboot was 28.8 hours ago — skipping notification until 2-day minimum has elapsed.
2026-06-26 12:44:51.552 -05:00 [INF] (Thread 72) UpdateBackgroundService: next cycle in "01:00:00".
2026-06-26 13:44:51.561 -05:00 [INF] (Thread 71) SelfUpdater: checking for updates. Current version: 0.26.230.591
2026-06-26 13:45:54.887 -05:00 [ERR] (Thread 71) SelfUpdater: failed to fetch version manifest from https://raw.githubusercontent.com/Coldmiser/UpdateSolution/refs/heads/main/VersionControl.dat
System.Net.Http.HttpRequestException: The SSL connection could not be established, see inner exception.
 ---> System.IO.IOException: Unable to read data from the transport connection: An existing connection was forcibly closed by the remote host..
 ---> System.Net.Sockets.SocketException (10054): An existing connection was forcibly closed by the remote host.
   --- End of inner exception stack trace ---
   at System.Net.Sockets.Socket.AwaitableSocketAsyncEventArgs.System.Threading.Tasks.Sources.IValueTaskSource<System.Int32>.GetResult(Int16 token)
   at System.Net.Security.SslStream.EnsureFullTlsFrameAsync[TIOAdapter](CancellationToken cancellationToken, Int32 estimatedSize)
   at System.Runtime.CompilerServices.PoolingAsyncValueTaskMethodBuilder`1.StateMachineBox`1.System.Threading.Tasks.Sources.IValueTaskSource<TResult>.GetResult(Int16 token)
   at System.Net.Security.SslStream.ReceiveHandshakeFrameAsync[TIOAdapter](CancellationToken cancellationToken)
   at System.Net.Security.SslStream.ForceAuthenticationAsync[TIOAdapter](Boolean receiveFirst, Byte[] reAuthenticationData, CancellationToken cancellationToken)
   at System.Net.Http.ConnectHelper.EstablishSslConnectionAsync(SslClientAuthenticationOptions sslOptions, HttpRequestMessage request, Boolean async, Stream stream, CancellationToken cancellationToken)
   --- End of inner exception stack trace ---
   at System.Net.Http.ConnectHelper.EstablishSslConnectionAsync(SslClientAuthenticationOptions sslOptions, HttpRequestMessage request, Boolean async, Stream stream, CancellationToken cancellationToken)
   at System.Net.Http.HttpConnectionPool.ConnectAsync(HttpRequestMessage request, Boolean async, CancellationToken cancellationToken)
   at System.Net.Http.HttpConnectionPool.CreateHttp11ConnectionAsync(HttpRequestMessage request, Boolean async, CancellationToken cancellationToken)
   at System.Net.Http.HttpConnectionPool.InjectNewHttp11ConnectionAsync(QueueItem queueItem)
   at System.Threading.Tasks.TaskCompletionSourceWithCancellation`1.WaitWithCancellationAsync(CancellationToken cancellationToken)
   at System.Net.Http.HttpConnectionPool.SendWithVersionDetectionAndRetryAsync(HttpRequestMessage request, Boolean async, Boolean doRequestAuth, CancellationToken cancellationToken)
   at System.Net.Http.RedirectHandler.SendAsync(HttpRequestMessage request, Boolean async, CancellationToken cancellationToken)
   at Microsoft.Extensions.Http.Logging.LoggingHttpMessageHandler.<SendCoreAsync>g__Core|4_0(HttpRequestMessage request, Boolean useAsync, CancellationToken cancellationToken)
   at Microsoft.Extensions.Http.Logging.LoggingScopeHttpMessageHandler.<SendCoreAsync>g__Core|4_0(HttpRequestMessage request, Boolean useAsync, CancellationToken cancellationToken)
   at System.Net.Http.HttpClient.GetStringAsyncCore(HttpRequestMessage request, CancellationToken cancellationToken)
   at UpdateService.SelfUpdate.SelfUpdater.CheckAndApplyAsync(CancellationToken cancellationToken) in C:\Users\sbutski\Documents\VSCode Solutions Folder\UpdateSolution\UpdateService\SelfUpdate\SelfUpdater.cs:line 59
2026-06-26 13:45:54.897 -05:00 [INF] (Thread 71) UpdateOrchestrator: === Update cycle starting ===
2026-06-26 13:45:54.897 -05:00 [INF] (Thread 71) WindowsUpdateWorker: starting update pass.
2026-06-26 13:45:54.897 -05:00 [INF] (Thread 71) WindowsUpdateWorker: verifying PSWindowsUpdate module.
2026-06-26 13:45:54.898 -05:00 [DBG] (Thread 76) WindowsUpdateWorker: running PS script: $ProgressPreference = 'SilentlyContinue'
            $ErrorActionPreference = 'Stop'
            try {
                if (-not (Get-PackageProvider -Name NuGet -ListAvailable -ErrorAction SilentlyContinue)) {
                    Install-PackageProvider -Name NuGet -MinimumVersion 2.8.5.201 -Force -Scope AllUsers | Out-Null
                }
                Set-PSRepository -Name PSGallery -InstallationPolicy Trusted -ErrorAction SilentlyContinue
                if (-not (Get-Module -ListAvailable -Name PSWindowsUpdate -ErrorAction SilentlyContinue)) {
                    Install-Module PSWindowsUpdate -Force -SkipPublisherCheck -Scope AllUsers | Out-Null
                }
                Import-Module PSWindowsUpdate -Force -ErrorAction Stop
                try {
                    Add-WUServiceManager -MicrosoftUpdate -Confirm:$false -ErrorAction SilentlyContinue | Out-Null
                } catch {}
                Write-Output 'OK'
            } catch {
                Write-Output ('ERROR: ' + $_.Exception.Message)
            }
2026-06-26 13:48:49.104 -05:00 [INF] (Thread 61) WindowsUpdateWorker: PSWindowsUpdate module OK.
2026-06-26 13:48:49.105 -05:00 [DBG] (Thread 61) WindowsUpdateWorker: running PS script: Import-Module PSWindowsUpdate -ErrorAction Stop
        $ProgressPreference = 'SilentlyContinue'

        # Force the Windows Update Agent to scan before installing.
        # Fixes 0x80248007 (WU_E_DS_NODATA) on fresh builds or machines
        # whose update data store has not been initialised yet.
        try {
            Start-Process -FilePath 'UsoClient.exe' `
                -ArgumentList 'StartScan' `
                -Wait -NoNewWindow -ErrorAction SilentlyContinue
            Start-Sleep -Seconds 30
        } catch {}

        # 2>&1 merges stderr into the pipeline mixing strings with update
        # objects -- we filter them out in the foreach loop below.
        $rawOutput = Install-WindowsUpdate `
            -MicrosoftUpdate `
            -AcceptAll `
            -IgnoreReboot `
            -Install `
            -ErrorAction Continue 2>&1

        # Use a hashtable keyed on Title to keep only the LAST result per update.
        # PSWindowsUpdate emits objects at multiple pipeline stages (search, download,
        # install); overwriting ensures we capture the final post-install ResultCode
        # rather than an early ResultCode=0 (NotStarted).
        $byKey = @{}

        foreach ($u in $rawOutput) {
            if ($null -eq $u -or $u -isnot [PSObject]) { continue }
            if (-not ($u.PSObject.Properties.Name -contains 'Title')) { continue }
            if ([string]::IsNullOrWhiteSpace($u.Title)) { continue }

            $resultCode = 0
            try { $resultCode = [int]$u.ResultCode } catch { $resultCode = 4 }
            $succeeded = ($resultCode -eq 2 -or $resultCode -eq 3)

            # ResultCode=0 means NotStarted — treat as Skipped, not Failed.
            $status = if ($succeeded) { 'Succeeded' } elseif ($resultCode -eq 0) { 'Skipped' } else { 'Failed' }

            $kb = ''
            try {
                if ($u.KBArticleIDs -and $u.KBArticleIDs.Count -gt 0) {
                    $kb = 'KB' + $u.KBArticleIDs[0]
                }
            } catch {}

            $needsReboot = $false
            try { $needsReboot = [bool]$u.RebootRequired } catch {}

            $byKey[$u.Title] = [PSCustomObject]@{
                Identifier     = $kb
                Title          = [string]$u.Title
                Status         = $status
                ErrorMessage   = if ($succeeded -or $resultCode -eq 0) { '' } else { 'ResultCode=' + $resultCode }
                RebootRequired = $needsReboot
                AttemptedAt    = (Get-Date -Format 'o')
            }
        }

        $results = @($byKey.Values)

        if ($results.Count -eq 0) {
            Write-Output '[]'
        } else {
            $results | ConvertTo-Json -Compress
        }
2026-06-26 13:51:33.068 -05:00 [INF] (Thread 61) WindowsUpdateWorker: no updates installed — system reboot is already pending.
2026-06-26 13:51:33.068 -05:00 [INF] (Thread 61) WindowsUpdateWorker: pass complete. Total=4 Succeeded=1 Failed=0 Skipped=3
2026-06-26 13:51:33.068 -05:00 [INF] (Thread 61) WingetWorker: skipping — last run was 2026-06-23T16:41:05.4343909Z (less than 7 days ago).
2026-06-26 13:51:33.068 -05:00 [INF] (Thread 61) UpdateOrchestrator: cycle complete. Total=4 Succeeded=1 Failed=0 RebootRequired=true
2026-06-26 13:51:33.068 -05:00 [INF] (Thread 61) UpdateOrchestrator: reboot required but last reboot was 29.9 hours ago — skipping notification until 2-day minimum has elapsed.
2026-06-26 13:51:33.068 -05:00 [INF] (Thread 61) UpdateBackgroundService: next cycle in "01:00:00".
2026-06-26 14:51:33.097 -05:00 [INF] (Thread 61) SelfUpdater: checking for updates. Current version: 0.26.230.591
2026-06-26 14:51:33.187 -05:00 [INF] (Thread 61) SelfUpdater: remote version = 0.26.230.591.
2026-06-26 14:51:33.187 -05:00 [INF] (Thread 61) SelfUpdater: already up to date.
2026-06-26 14:51:33.187 -05:00 [INF] (Thread 61) UpdateOrchestrator: === Update cycle starting ===
2026-06-26 14:51:33.187 -05:00 [INF] (Thread 61) WindowsUpdateWorker: starting update pass.
2026-06-26 14:51:33.187 -05:00 [INF] (Thread 61) WindowsUpdateWorker: verifying PSWindowsUpdate module.
2026-06-26 14:51:33.187 -05:00 [DBG] (Thread 61) WindowsUpdateWorker: running PS script: $ProgressPreference = 'SilentlyContinue'
            $ErrorActionPreference = 'Stop'
            try {
                if (-not (Get-PackageProvider -Name NuGet -ListAvailable -ErrorAction SilentlyContinue)) {
                    Install-PackageProvider -Name NuGet -MinimumVersion 2.8.5.201 -Force -Scope AllUsers | Out-Null
                }
                Set-PSRepository -Name PSGallery -InstallationPolicy Trusted -ErrorAction SilentlyContinue
                if (-not (Get-Module -ListAvailable -Name PSWindowsUpdate -ErrorAction SilentlyContinue)) {
                    Install-Module PSWindowsUpdate -Force -SkipPublisherCheck -Scope AllUsers | Out-Null
                }
                Import-Module PSWindowsUpdate -Force -ErrorAction Stop
                try {
                    Add-WUServiceManager -MicrosoftUpdate -Confirm:$false -ErrorAction SilentlyContinue | Out-Null
                } catch {}
                Write-Output 'OK'
            } catch {
                Write-Output ('ERROR: ' + $_.Exception.Message)
            }
2026-06-26 14:51:46.906 -05:00 [INF] (Thread 67) WindowsUpdateWorker: PSWindowsUpdate module OK.
2026-06-26 14:51:46.907 -05:00 [DBG] (Thread 67) WindowsUpdateWorker: running PS script: Import-Module PSWindowsUpdate -ErrorAction Stop
        $ProgressPreference = 'SilentlyContinue'

        # Force the Windows Update Agent to scan before installing.
        # Fixes 0x80248007 (WU_E_DS_NODATA) on fresh builds or machines
        # whose update data store has not been initialised yet.
        try {
            Start-Process -FilePath 'UsoClient.exe' `
                -ArgumentList 'StartScan' `
                -Wait -NoNewWindow -ErrorAction SilentlyContinue
            Start-Sleep -Seconds 30
        } catch {}

        # 2>&1 merges stderr into the pipeline mixing strings with update
        # objects -- we filter them out in the foreach loop below.
        $rawOutput = Install-WindowsUpdate `
            -MicrosoftUpdate `
            -AcceptAll `
            -IgnoreReboot `
            -Install `
            -ErrorAction Continue 2>&1

        # Use a hashtable keyed on Title to keep only the LAST result per update.
        # PSWindowsUpdate emits objects at multiple pipeline stages (search, download,
        # install); overwriting ensures we capture the final post-install ResultCode
        # rather than an early ResultCode=0 (NotStarted).
        $byKey = @{}

        foreach ($u in $rawOutput) {
            if ($null -eq $u -or $u -isnot [PSObject]) { continue }
            if (-not ($u.PSObject.Properties.Name -contains 'Title')) { continue }
            if ([string]::IsNullOrWhiteSpace($u.Title)) { continue }

            $resultCode = 0
            try { $resultCode = [int]$u.ResultCode } catch { $resultCode = 4 }
            $succeeded = ($resultCode -eq 2 -or $resultCode -eq 3)

            # ResultCode=0 means NotStarted — treat as Skipped, not Failed.
            $status = if ($succeeded) { 'Succeeded' } elseif ($resultCode -eq 0) { 'Skipped' } else { 'Failed' }

            $kb = ''
            try {
                if ($u.KBArticleIDs -and $u.KBArticleIDs.Count -gt 0) {
                    $kb = 'KB' + $u.KBArticleIDs[0]
                }
            } catch {}

            $needsReboot = $false
            try { $needsReboot = [bool]$u.RebootRequired } catch {}

            $byKey[$u.Title] = [PSCustomObject]@{
                Identifier     = $kb
                Title          = [string]$u.Title
                Status         = $status
                ErrorMessage   = if ($succeeded -or $resultCode -eq 0) { '' } else { 'ResultCode=' + $resultCode }
                RebootRequired = $needsReboot
                AttemptedAt    = (Get-Date -Format 'o')
            }
        }

        $results = @($byKey.Values)

        if ($results.Count -eq 0) {
            Write-Output '[]'
        } else {
            $results | ConvertTo-Json -Compress
        }
2026-06-26 14:52:52.406 -05:00 [INF] (Thread 67) WindowsUpdateWorker: no updates installed — system reboot is already pending.
2026-06-26 14:52:52.406 -05:00 [INF] (Thread 67) WindowsUpdateWorker: pass complete. Total=4 Succeeded=1 Failed=0 Skipped=3
2026-06-26 14:52:52.407 -05:00 [INF] (Thread 67) WingetWorker: skipping — last run was 2026-06-23T16:41:05.4343909Z (less than 7 days ago).
2026-06-26 14:52:52.407 -05:00 [INF] (Thread 67) UpdateOrchestrator: cycle complete. Total=4 Succeeded=1 Failed=0 RebootRequired=true
2026-06-26 14:52:52.407 -05:00 [INF] (Thread 67) UpdateOrchestrator: reboot required but last reboot was 31.0 hours ago — skipping notification until 2-day minimum has elapsed.
2026-06-26 14:52:52.407 -05:00 [INF] (Thread 67) UpdateBackgroundService: next cycle in "01:00:00".
2026-06-26 15:52:52.421 -05:00 [INF] (Thread 70) SelfUpdater: checking for updates. Current version: 0.26.230.591
2026-06-26 15:52:52.503 -05:00 [INF] (Thread 66) SelfUpdater: remote version = 0.26.230.591.
2026-06-26 15:52:52.503 -05:00 [INF] (Thread 66) SelfUpdater: already up to date.
2026-06-26 15:52:52.503 -05:00 [INF] (Thread 66) UpdateOrchestrator: === Update cycle starting ===
2026-06-26 15:52:52.503 -05:00 [INF] (Thread 66) WindowsUpdateWorker: starting update pass.
2026-06-26 15:52:52.503 -05:00 [INF] (Thread 66) WindowsUpdateWorker: verifying PSWindowsUpdate module.
2026-06-26 15:52:52.503 -05:00 [DBG] (Thread 66) WindowsUpdateWorker: running PS script: $ProgressPreference = 'SilentlyContinue'
            $ErrorActionPreference = 'Stop'
            try {
                if (-not (Get-PackageProvider -Name NuGet -ListAvailable -ErrorAction SilentlyContinue)) {
                    Install-PackageProvider -Name NuGet -MinimumVersion 2.8.5.201 -Force -Scope AllUsers | Out-Null
                }
                Set-PSRepository -Name PSGallery -InstallationPolicy Trusted -ErrorAction SilentlyContinue
                if (-not (Get-Module -ListAvailable -Name PSWindowsUpdate -ErrorAction SilentlyContinue)) {
                    Install-Module PSWindowsUpdate -Force -SkipPublisherCheck -Scope AllUsers | Out-Null
                }
                Import-Module PSWindowsUpdate -Force -ErrorAction Stop
                try {
                    Add-WUServiceManager -MicrosoftUpdate -Confirm:$false -ErrorAction SilentlyContinue | Out-Null
                } catch {}
                Write-Output 'OK'
            } catch {
                Write-Output ('ERROR: ' + $_.Exception.Message)
            }
2026-06-26 15:53:06.070 -05:00 [INF] (Thread 63) WindowsUpdateWorker: PSWindowsUpdate module OK.
2026-06-26 15:53:06.071 -05:00 [DBG] (Thread 63) WindowsUpdateWorker: running PS script: Import-Module PSWindowsUpdate -ErrorAction Stop
        $ProgressPreference = 'SilentlyContinue'

        # Force the Windows Update Agent to scan before installing.
        # Fixes 0x80248007 (WU_E_DS_NODATA) on fresh builds or machines
        # whose update data store has not been initialised yet.
        try {
            Start-Process -FilePath 'UsoClient.exe' `
                -ArgumentList 'StartScan' `
                -Wait -NoNewWindow -ErrorAction SilentlyContinue
            Start-Sleep -Seconds 30
        } catch {}

        # 2>&1 merges stderr into the pipeline mixing strings with update
        # objects -- we filter them out in the foreach loop below.
        $rawOutput = Install-WindowsUpdate `
            -MicrosoftUpdate `
            -AcceptAll `
            -IgnoreReboot `
            -Install `
            -ErrorAction Continue 2>&1

        # Use a hashtable keyed on Title to keep only the LAST result per update.
        # PSWindowsUpdate emits objects at multiple pipeline stages (search, download,
        # install); overwriting ensures we capture the final post-install ResultCode
        # rather than an early ResultCode=0 (NotStarted).
        $byKey = @{}

        foreach ($u in $rawOutput) {
            if ($null -eq $u -or $u -isnot [PSObject]) { continue }
            if (-not ($u.PSObject.Properties.Name -contains 'Title')) { continue }
            if ([string]::IsNullOrWhiteSpace($u.Title)) { continue }

            $resultCode = 0
            try { $resultCode = [int]$u.ResultCode } catch { $resultCode = 4 }
            $succeeded = ($resultCode -eq 2 -or $resultCode -eq 3)

            # ResultCode=0 means NotStarted — treat as Skipped, not Failed.
            $status = if ($succeeded) { 'Succeeded' } elseif ($resultCode -eq 0) { 'Skipped' } else { 'Failed' }

            $kb = ''
            try {
                if ($u.KBArticleIDs -and $u.KBArticleIDs.Count -gt 0) {
                    $kb = 'KB' + $u.KBArticleIDs[0]
                }
            } catch {}

            $needsReboot = $false
            try { $needsReboot = [bool]$u.RebootRequired } catch {}

            $byKey[$u.Title] = [PSCustomObject]@{
                Identifier     = $kb
                Title          = [string]$u.Title
                Status         = $status
                ErrorMessage   = if ($succeeded -or $resultCode -eq 0) { '' } else { 'ResultCode=' + $resultCode }
                RebootRequired = $needsReboot
                AttemptedAt    = (Get-Date -Format 'o')
            }
        }

        $results = @($byKey.Values)

        if ($results.Count -eq 0) {
            Write-Output '[]'
        } else {
            $results | ConvertTo-Json -Compress
        }
2026-06-26 15:54:12.196 -05:00 [INF] (Thread 70) WindowsUpdateWorker: no updates installed — system reboot is already pending.
2026-06-26 15:54:12.196 -05:00 [INF] (Thread 70) WindowsUpdateWorker: pass complete. Total=4 Succeeded=1 Failed=0 Skipped=3
2026-06-26 15:54:12.196 -05:00 [INF] (Thread 70) WingetWorker: skipping — last run was 2026-06-23T16:41:05.4343909Z (less than 7 days ago).
2026-06-26 15:54:12.196 -05:00 [INF] (Thread 70) UpdateOrchestrator: cycle complete. Total=4 Succeeded=1 Failed=0 RebootRequired=true
2026-06-26 15:54:12.196 -05:00 [INF] (Thread 70) UpdateOrchestrator: reboot required but last reboot was 32.0 hours ago — skipping notification until 2-day minimum has elapsed.
2026-06-26 15:54:12.196 -05:00 [INF] (Thread 70) UpdateBackgroundService: next cycle in "01:00:00".
2026-06-26 16:54:12.205 -05:00 [INF] (Thread 56) SelfUpdater: checking for updates. Current version: 0.26.230.591
2026-06-26 16:54:12.309 -05:00 [INF] (Thread 56) SelfUpdater: remote version = 0.26.230.591.
2026-06-26 16:54:12.309 -05:00 [INF] (Thread 56) SelfUpdater: already up to date.
2026-06-26 16:54:12.309 -05:00 [INF] (Thread 56) UpdateOrchestrator: === Update cycle starting ===
2026-06-26 16:54:12.309 -05:00 [INF] (Thread 56) WindowsUpdateWorker: starting update pass.
2026-06-26 16:54:12.309 -05:00 [INF] (Thread 56) WindowsUpdateWorker: verifying PSWindowsUpdate module.
2026-06-26 16:54:12.310 -05:00 [DBG] (Thread 56) WindowsUpdateWorker: running PS script: $ProgressPreference = 'SilentlyContinue'
            $ErrorActionPreference = 'Stop'
            try {
                if (-not (Get-PackageProvider -Name NuGet -ListAvailable -ErrorAction SilentlyContinue)) {
                    Install-PackageProvider -Name NuGet -MinimumVersion 2.8.5.201 -Force -Scope AllUsers | Out-Null
                }
                Set-PSRepository -Name PSGallery -InstallationPolicy Trusted -ErrorAction SilentlyContinue
                if (-not (Get-Module -ListAvailable -Name PSWindowsUpdate -ErrorAction SilentlyContinue)) {
                    Install-Module PSWindowsUpdate -Force -SkipPublisherCheck -Scope AllUsers | Out-Null
                }
                Import-Module PSWindowsUpdate -Force -ErrorAction Stop
                try {
                    Add-WUServiceManager -MicrosoftUpdate -Confirm:$false -ErrorAction SilentlyContinue | Out-Null
                } catch {}
                Write-Output 'OK'
            } catch {
                Write-Output ('ERROR: ' + $_.Exception.Message)
            }
2026-06-26 16:54:25.800 -05:00 [INF] (Thread 56) WindowsUpdateWorker: PSWindowsUpdate module OK.
2026-06-26 16:54:25.801 -05:00 [DBG] (Thread 56) WindowsUpdateWorker: running PS script: Import-Module PSWindowsUpdate -ErrorAction Stop
        $ProgressPreference = 'SilentlyContinue'

        # Force the Windows Update Agent to scan before installing.
        # Fixes 0x80248007 (WU_E_DS_NODATA) on fresh builds or machines
        # whose update data store has not been initialised yet.
        try {
            Start-Process -FilePath 'UsoClient.exe' `
                -ArgumentList 'StartScan' `
                -Wait -NoNewWindow -ErrorAction SilentlyContinue
            Start-Sleep -Seconds 30
        } catch {}

        # 2>&1 merges stderr into the pipeline mixing strings with update
        # objects -- we filter them out in the foreach loop below.
        $rawOutput = Install-WindowsUpdate `
            -MicrosoftUpdate `
            -AcceptAll `
            -IgnoreReboot `
            -Install `
            -ErrorAction Continue 2>&1

        # Use a hashtable keyed on Title to keep only the LAST result per update.
        # PSWindowsUpdate emits objects at multiple pipeline stages (search, download,
        # install); overwriting ensures we capture the final post-install ResultCode
        # rather than an early ResultCode=0 (NotStarted).
        $byKey = @{}

        foreach ($u in $rawOutput) {
            if ($null -eq $u -or $u -isnot [PSObject]) { continue }
            if (-not ($u.PSObject.Properties.Name -contains 'Title')) { continue }
            if ([string]::IsNullOrWhiteSpace($u.Title)) { continue }

            $resultCode = 0
            try { $resultCode = [int]$u.ResultCode } catch { $resultCode = 4 }
            $succeeded = ($resultCode -eq 2 -or $resultCode -eq 3)

            # ResultCode=0 means NotStarted — treat as Skipped, not Failed.
            $status = if ($succeeded) { 'Succeeded' } elseif ($resultCode -eq 0) { 'Skipped' } else { 'Failed' }

            $kb = ''
            try {
                if ($u.KBArticleIDs -and $u.KBArticleIDs.Count -gt 0) {
                    $kb = 'KB' + $u.KBArticleIDs[0]
                }
            } catch {}

            $needsReboot = $false
            try { $needsReboot = [bool]$u.RebootRequired } catch {}

            $byKey[$u.Title] = [PSCustomObject]@{
                Identifier     = $kb
                Title          = [string]$u.Title
                Status         = $status
                ErrorMessage   = if ($succeeded -or $resultCode -eq 0) { '' } else { 'ResultCode=' + $resultCode }
                RebootRequired = $needsReboot
                AttemptedAt    = (Get-Date -Format 'o')
            }
        }

        $results = @($byKey.Values)

        if ($results.Count -eq 0) {
            Write-Output '[]'
        } else {
            $results | ConvertTo-Json -Compress
        }
2026-06-26 16:55:30.363 -05:00 [INF] (Thread 60) WindowsUpdateWorker: no updates installed — system reboot is already pending.
2026-06-26 16:55:30.363 -05:00 [INF] (Thread 60) WindowsUpdateWorker: pass complete. Total=4 Succeeded=1 Failed=0 Skipped=3
2026-06-26 16:55:30.364 -05:00 [INF] (Thread 60) WingetWorker: skipping — last run was 2026-06-23T16:41:05.4343909Z (less than 7 days ago).
2026-06-26 16:55:30.364 -05:00 [INF] (Thread 60) UpdateOrchestrator: cycle complete. Total=4 Succeeded=1 Failed=0 RebootRequired=true
2026-06-26 16:55:30.364 -05:00 [INF] (Thread 60) UpdateOrchestrator: reboot required but last reboot was 33.0 hours ago — skipping notification until 2-day minimum has elapsed.
2026-06-26 16:55:30.364 -05:00 [INF] (Thread 60) UpdateBackgroundService: next cycle in "01:00:00".
2026-06-26 17:55:30.369 -05:00 [INF] (Thread 56) SelfUpdater: checking for updates. Current version: 0.26.230.591
2026-06-26 17:55:30.542 -05:00 [INF] (Thread 54) SelfUpdater: remote version = 0.26.230.591.
2026-06-26 17:55:30.542 -05:00 [INF] (Thread 54) SelfUpdater: already up to date.
2026-06-26 17:55:30.542 -05:00 [INF] (Thread 54) UpdateOrchestrator: === Update cycle starting ===
2026-06-26 17:55:30.542 -05:00 [INF] (Thread 54) WindowsUpdateWorker: starting update pass.
2026-06-26 17:55:30.543 -05:00 [INF] (Thread 54) WindowsUpdateWorker: verifying PSWindowsUpdate module.
2026-06-26 17:55:30.544 -05:00 [DBG] (Thread 59) WindowsUpdateWorker: running PS script: $ProgressPreference = 'SilentlyContinue'
            $ErrorActionPreference = 'Stop'
            try {
                if (-not (Get-PackageProvider -Name NuGet -ListAvailable -ErrorAction SilentlyContinue)) {
                    Install-PackageProvider -Name NuGet -MinimumVersion 2.8.5.201 -Force -Scope AllUsers | Out-Null
                }
                Set-PSRepository -Name PSGallery -InstallationPolicy Trusted -ErrorAction SilentlyContinue
                if (-not (Get-Module -ListAvailable -Name PSWindowsUpdate -ErrorAction SilentlyContinue)) {
                    Install-Module PSWindowsUpdate -Force -SkipPublisherCheck -Scope AllUsers | Out-Null
                }
                Import-Module PSWindowsUpdate -Force -ErrorAction Stop
                try {
                    Add-WUServiceManager -MicrosoftUpdate -Confirm:$false -ErrorAction SilentlyContinue | Out-Null
                } catch {}
                Write-Output 'OK'
            } catch {
                Write-Output ('ERROR: ' + $_.Exception.Message)
            }
2026-06-26 17:55:44.066 -05:00 [INF] (Thread 56) WindowsUpdateWorker: PSWindowsUpdate module OK.
2026-06-26 17:55:44.067 -05:00 [DBG] (Thread 56) WindowsUpdateWorker: running PS script: Import-Module PSWindowsUpdate -ErrorAction Stop
        $ProgressPreference = 'SilentlyContinue'

        # Force the Windows Update Agent to scan before installing.
        # Fixes 0x80248007 (WU_E_DS_NODATA) on fresh builds or machines
        # whose update data store has not been initialised yet.
        try {
            Start-Process -FilePath 'UsoClient.exe' `
                -ArgumentList 'StartScan' `
                -Wait -NoNewWindow -ErrorAction SilentlyContinue
            Start-Sleep -Seconds 30
        } catch {}

        # 2>&1 merges stderr into the pipeline mixing strings with update
        # objects -- we filter them out in the foreach loop below.
        $rawOutput = Install-WindowsUpdate `
            -MicrosoftUpdate `
            -AcceptAll `
            -IgnoreReboot `
            -Install `
            -ErrorAction Continue 2>&1

        # Use a hashtable keyed on Title to keep only the LAST result per update.
        # PSWindowsUpdate emits objects at multiple pipeline stages (search, download,
        # install); overwriting ensures we capture the final post-install ResultCode
        # rather than an early ResultCode=0 (NotStarted).
        $byKey = @{}

        foreach ($u in $rawOutput) {
            if ($null -eq $u -or $u -isnot [PSObject]) { continue }
            if (-not ($u.PSObject.Properties.Name -contains 'Title')) { continue }
            if ([string]::IsNullOrWhiteSpace($u.Title)) { continue }

            $resultCode = 0
            try { $resultCode = [int]$u.ResultCode } catch { $resultCode = 4 }
            $succeeded = ($resultCode -eq 2 -or $resultCode -eq 3)

            # ResultCode=0 means NotStarted — treat as Skipped, not Failed.
            $status = if ($succeeded) { 'Succeeded' } elseif ($resultCode -eq 0) { 'Skipped' } else { 'Failed' }

            $kb = ''
            try {
                if ($u.KBArticleIDs -and $u.KBArticleIDs.Count -gt 0) {
                    $kb = 'KB' + $u.KBArticleIDs[0]
                }
            } catch {}

            $needsReboot = $false
            try { $needsReboot = [bool]$u.RebootRequired } catch {}

            $byKey[$u.Title] = [PSCustomObject]@{
                Identifier     = $kb
                Title          = [string]$u.Title
                Status         = $status
                ErrorMessage   = if ($succeeded -or $resultCode -eq 0) { '' } else { 'ResultCode=' + $resultCode }
                RebootRequired = $needsReboot
                AttemptedAt    = (Get-Date -Format 'o')
            }
        }

        $results = @($byKey.Values)

        if ($results.Count -eq 0) {
            Write-Output '[]'
        } else {
            $results | ConvertTo-Json -Compress
        }
2026-06-26 17:56:55.164 -05:00 [INF] (Thread 56) WindowsUpdateWorker: no updates installed — system reboot is already pending.
2026-06-26 17:56:55.164 -05:00 [INF] (Thread 56) WindowsUpdateWorker: pass complete. Total=4 Succeeded=1 Failed=0 Skipped=3
2026-06-26 17:56:55.165 -05:00 [INF] (Thread 56) WingetWorker: skipping — last run was 2026-06-23T16:41:05.4343909Z (less than 7 days ago).
2026-06-26 17:56:55.165 -05:00 [INF] (Thread 56) UpdateOrchestrator: cycle complete. Total=4 Succeeded=1 Failed=0 RebootRequired=true
2026-06-26 17:56:55.165 -05:00 [INF] (Thread 56) UpdateOrchestrator: reboot required but last reboot was 34.0 hours ago — skipping notification until 2-day minimum has elapsed.
2026-06-26 17:56:55.165 -05:00 [INF] (Thread 56) UpdateBackgroundService: next cycle in "01:00:00".
2026-06-26 18:56:55.187 -05:00 [INF] (Thread 56) SelfUpdater: checking for updates. Current version: 0.26.230.591
2026-06-26 18:56:55.315 -05:00 [INF] (Thread 58) SelfUpdater: remote version = 0.26.230.591.
2026-06-26 18:56:55.315 -05:00 [INF] (Thread 58) SelfUpdater: already up to date.
2026-06-26 18:56:55.315 -05:00 [INF] (Thread 58) UpdateOrchestrator: === Update cycle starting ===
2026-06-26 18:56:55.315 -05:00 [INF] (Thread 58) WindowsUpdateWorker: starting update pass.
2026-06-26 18:56:55.315 -05:00 [INF] (Thread 58) WindowsUpdateWorker: verifying PSWindowsUpdate module.
2026-06-26 18:56:55.315 -05:00 [DBG] (Thread 58) WindowsUpdateWorker: running PS script: $ProgressPreference = 'SilentlyContinue'
            $ErrorActionPreference = 'Stop'
            try {
                if (-not (Get-PackageProvider -Name NuGet -ListAvailable -ErrorAction SilentlyContinue)) {
                    Install-PackageProvider -Name NuGet -MinimumVersion 2.8.5.201 -Force -Scope AllUsers | Out-Null
                }
                Set-PSRepository -Name PSGallery -InstallationPolicy Trusted -ErrorAction SilentlyContinue
                if (-not (Get-Module -ListAvailable -Name PSWindowsUpdate -ErrorAction SilentlyContinue)) {
                    Install-Module PSWindowsUpdate -Force -SkipPublisherCheck -Scope AllUsers | Out-Null
                }
                Import-Module PSWindowsUpdate -Force -ErrorAction Stop
                try {
                    Add-WUServiceManager -MicrosoftUpdate -Confirm:$false -ErrorAction SilentlyContinue | Out-Null
                } catch {}
                Write-Output 'OK'
            } catch {
                Write-Output ('ERROR: ' + $_.Exception.Message)
            }
2026-06-26 18:57:08.655 -05:00 [INF] (Thread 58) WindowsUpdateWorker: PSWindowsUpdate module OK.
2026-06-26 18:57:08.656 -05:00 [DBG] (Thread 58) WindowsUpdateWorker: running PS script: Import-Module PSWindowsUpdate -ErrorAction Stop
        $ProgressPreference = 'SilentlyContinue'

        # Force the Windows Update Agent to scan before installing.
        # Fixes 0x80248007 (WU_E_DS_NODATA) on fresh builds or machines
        # whose update data store has not been initialised yet.
        try {
            Start-Process -FilePath 'UsoClient.exe' `
                -ArgumentList 'StartScan' `
                -Wait -NoNewWindow -ErrorAction SilentlyContinue
            Start-Sleep -Seconds 30
        } catch {}

        # 2>&1 merges stderr into the pipeline mixing strings with update
        # objects -- we filter them out in the foreach loop below.
        $rawOutput = Install-WindowsUpdate `
            -MicrosoftUpdate `
            -AcceptAll `
            -IgnoreReboot `
            -Install `
            -ErrorAction Continue 2>&1

        # Use a hashtable keyed on Title to keep only the LAST result per update.
        # PSWindowsUpdate emits objects at multiple pipeline stages (search, download,
        # install); overwriting ensures we capture the final post-install ResultCode
        # rather than an early ResultCode=0 (NotStarted).
        $byKey = @{}

        foreach ($u in $rawOutput) {
            if ($null -eq $u -or $u -isnot [PSObject]) { continue }
            if (-not ($u.PSObject.Properties.Name -contains 'Title')) { continue }
            if ([string]::IsNullOrWhiteSpace($u.Title)) { continue }

            $resultCode = 0
            try { $resultCode = [int]$u.ResultCode } catch { $resultCode = 4 }
            $succeeded = ($resultCode -eq 2 -or $resultCode -eq 3)

            # ResultCode=0 means NotStarted — treat as Skipped, not Failed.
            $status = if ($succeeded) { 'Succeeded' } elseif ($resultCode -eq 0) { 'Skipped' } else { 'Failed' }

            $kb = ''
            try {
                if ($u.KBArticleIDs -and $u.KBArticleIDs.Count -gt 0) {
                    $kb = 'KB' + $u.KBArticleIDs[0]
                }
            } catch {}

            $needsReboot = $false
            try { $needsReboot = [bool]$u.RebootRequired } catch {}

            $byKey[$u.Title] = [PSCustomObject]@{
                Identifier     = $kb
                Title          = [string]$u.Title
                Status         = $status
                ErrorMessage   = if ($succeeded -or $resultCode -eq 0) { '' } else { 'ResultCode=' + $resultCode }
                RebootRequired = $needsReboot
                AttemptedAt    = (Get-Date -Format 'o')
            }
        }

        $results = @($byKey.Values)

        if ($results.Count -eq 0) {
            Write-Output '[]'
        } else {
            $results | ConvertTo-Json -Compress
        }
2026-06-26 18:58:15.729 -05:00 [INF] (Thread 48) WindowsUpdateWorker: no updates installed — system reboot is already pending.
2026-06-26 18:58:15.729 -05:00 [INF] (Thread 48) WindowsUpdateWorker: pass complete. Total=4 Succeeded=1 Failed=0 Skipped=3
2026-06-26 18:58:15.729 -05:00 [INF] (Thread 48) WingetWorker: skipping — last run was 2026-06-23T16:41:05.4343909Z (less than 7 days ago).
2026-06-26 18:58:15.729 -05:00 [INF] (Thread 48) UpdateOrchestrator: cycle complete. Total=4 Succeeded=1 Failed=0 RebootRequired=true
2026-06-26 18:58:15.729 -05:00 [INF] (Thread 48) UpdateOrchestrator: reboot required but last reboot was 35.0 hours ago — skipping notification until 2-day minimum has elapsed.
2026-06-26 18:58:15.729 -05:00 [INF] (Thread 48) UpdateBackgroundService: next cycle in "01:00:00".
2026-06-26 19:58:15.759 -05:00 [INF] (Thread 57) SelfUpdater: checking for updates. Current version: 0.26.230.591
2026-06-26 19:58:15.917 -05:00 [INF] (Thread 51) SelfUpdater: remote version = 0.26.230.591.
2026-06-26 19:58:15.917 -05:00 [INF] (Thread 51) SelfUpdater: already up to date.
2026-06-26 19:58:15.917 -05:00 [INF] (Thread 51) UpdateOrchestrator: === Update cycle starting ===
2026-06-26 19:58:15.917 -05:00 [INF] (Thread 51) WindowsUpdateWorker: starting update pass.
2026-06-26 19:58:15.917 -05:00 [INF] (Thread 51) WindowsUpdateWorker: verifying PSWindowsUpdate module.
2026-06-26 19:58:15.918 -05:00 [DBG] (Thread 51) WindowsUpdateWorker: running PS script: $ProgressPreference = 'SilentlyContinue'
            $ErrorActionPreference = 'Stop'
            try {
                if (-not (Get-PackageProvider -Name NuGet -ListAvailable -ErrorAction SilentlyContinue)) {
                    Install-PackageProvider -Name NuGet -MinimumVersion 2.8.5.201 -Force -Scope AllUsers | Out-Null
                }
                Set-PSRepository -Name PSGallery -InstallationPolicy Trusted -ErrorAction SilentlyContinue
                if (-not (Get-Module -ListAvailable -Name PSWindowsUpdate -ErrorAction SilentlyContinue)) {
                    Install-Module PSWindowsUpdate -Force -SkipPublisherCheck -Scope AllUsers | Out-Null
                }
                Import-Module PSWindowsUpdate -Force -ErrorAction Stop
                try {
                    Add-WUServiceManager -MicrosoftUpdate -Confirm:$false -ErrorAction SilentlyContinue | Out-Null
                } catch {}
                Write-Output 'OK'
            } catch {
                Write-Output ('ERROR: ' + $_.Exception.Message)
            }
2026-06-26 19:58:29.675 -05:00 [INF] (Thread 48) WindowsUpdateWorker: PSWindowsUpdate module OK.
2026-06-26 19:58:29.681 -05:00 [DBG] (Thread 48) WindowsUpdateWorker: running PS script: Import-Module PSWindowsUpdate -ErrorAction Stop
        $ProgressPreference = 'SilentlyContinue'

        # Force the Windows Update Agent to scan before installing.
        # Fixes 0x80248007 (WU_E_DS_NODATA) on fresh builds or machines
        # whose update data store has not been initialised yet.
        try {
            Start-Process -FilePath 'UsoClient.exe' `
                -ArgumentList 'StartScan' `
                -Wait -NoNewWindow -ErrorAction SilentlyContinue
            Start-Sleep -Seconds 30
        } catch {}

        # 2>&1 merges stderr into the pipeline mixing strings with update
        # objects -- we filter them out in the foreach loop below.
        $rawOutput = Install-WindowsUpdate `
            -MicrosoftUpdate `
            -AcceptAll `
            -IgnoreReboot `
            -Install `
            -ErrorAction Continue 2>&1

        # Use a hashtable keyed on Title to keep only the LAST result per update.
        # PSWindowsUpdate emits objects at multiple pipeline stages (search, download,
        # install); overwriting ensures we capture the final post-install ResultCode
        # rather than an early ResultCode=0 (NotStarted).
        $byKey = @{}

        foreach ($u in $rawOutput) {
            if ($null -eq $u -or $u -isnot [PSObject]) { continue }
            if (-not ($u.PSObject.Properties.Name -contains 'Title')) { continue }
            if ([string]::IsNullOrWhiteSpace($u.Title)) { continue }

            $resultCode = 0
            try { $resultCode = [int]$u.ResultCode } catch { $resultCode = 4 }
            $succeeded = ($resultCode -eq 2 -or $resultCode -eq 3)

            # ResultCode=0 means NotStarted — treat as Skipped, not Failed.
            $status = if ($succeeded) { 'Succeeded' } elseif ($resultCode -eq 0) { 'Skipped' } else { 'Failed' }

            $kb = ''
            try {
                if ($u.KBArticleIDs -and $u.KBArticleIDs.Count -gt 0) {
                    $kb = 'KB' + $u.KBArticleIDs[0]
                }
            } catch {}

            $needsReboot = $false
            try { $needsReboot = [bool]$u.RebootRequired } catch {}

            $byKey[$u.Title] = [PSCustomObject]@{
                Identifier     = $kb
                Title          = [string]$u.Title
                Status         = $status
                ErrorMessage   = if ($succeeded -or $resultCode -eq 0) { '' } else { 'ResultCode=' + $resultCode }
                RebootRequired = $needsReboot
                AttemptedAt    = (Get-Date -Format 'o')
            }
        }

        $results = @($byKey.Values)

        if ($results.Count -eq 0) {
            Write-Output '[]'
        } else {
            $results | ConvertTo-Json -Compress
        }
2026-06-26 19:59:56.380 -05:00 [INF] (Thread 48) WindowsUpdateWorker: no updates installed — system reboot is already pending.
2026-06-26 19:59:56.380 -05:00 [INF] (Thread 48) WindowsUpdateWorker: pass complete. Total=4 Succeeded=1 Failed=0 Skipped=3
2026-06-26 19:59:56.381 -05:00 [INF] (Thread 48) WingetWorker: skipping — last run was 2026-06-23T16:41:05.4343909Z (less than 7 days ago).
2026-06-26 19:59:56.381 -05:00 [INF] (Thread 48) UpdateOrchestrator: cycle complete. Total=4 Succeeded=1 Failed=0 RebootRequired=true
2026-06-26 19:59:56.381 -05:00 [INF] (Thread 48) UpdateOrchestrator: reboot required but last reboot was 36.1 hours ago — skipping notification until 2-day minimum has elapsed.
2026-06-26 19:59:56.381 -05:00 [INF] (Thread 48) UpdateBackgroundService: next cycle in "01:00:00".
2026-06-26 20:59:56.391 -05:00 [INF] (Thread 48) SelfUpdater: checking for updates. Current version: 0.26.230.591
2026-06-26 20:59:56.580 -05:00 [INF] (Thread 48) SelfUpdater: remote version = 0.26.230.591.
2026-06-26 20:59:56.581 -05:00 [INF] (Thread 48) SelfUpdater: already up to date.
2026-06-26 20:59:56.581 -05:00 [INF] (Thread 48) UpdateOrchestrator: === Update cycle starting ===
2026-06-26 20:59:56.581 -05:00 [INF] (Thread 48) WindowsUpdateWorker: starting update pass.
2026-06-26 20:59:56.581 -05:00 [INF] (Thread 48) WindowsUpdateWorker: verifying PSWindowsUpdate module.
2026-06-26 20:59:56.581 -05:00 [DBG] (Thread 48) WindowsUpdateWorker: running PS script: $ProgressPreference = 'SilentlyContinue'
            $ErrorActionPreference = 'Stop'
            try {
                if (-not (Get-PackageProvider -Name NuGet -ListAvailable -ErrorAction SilentlyContinue)) {
                    Install-PackageProvider -Name NuGet -MinimumVersion 2.8.5.201 -Force -Scope AllUsers | Out-Null
                }
                Set-PSRepository -Name PSGallery -InstallationPolicy Trusted -ErrorAction SilentlyContinue
                if (-not (Get-Module -ListAvailable -Name PSWindowsUpdate -ErrorAction SilentlyContinue)) {
                    Install-Module PSWindowsUpdate -Force -SkipPublisherCheck -Scope AllUsers | Out-Null
                }
                Import-Module PSWindowsUpdate -Force -ErrorAction Stop
                try {
                    Add-WUServiceManager -MicrosoftUpdate -Confirm:$false -ErrorAction SilentlyContinue | Out-Null
                } catch {}
                Write-Output 'OK'
            } catch {
                Write-Output ('ERROR: ' + $_.Exception.Message)
            }
2026-06-26 21:00:10.934 -05:00 [INF] (Thread 48) WindowsUpdateWorker: PSWindowsUpdate module OK.
2026-06-26 21:00:10.935 -05:00 [DBG] (Thread 48) WindowsUpdateWorker: running PS script: Import-Module PSWindowsUpdate -ErrorAction Stop
        $ProgressPreference = 'SilentlyContinue'

        # Force the Windows Update Agent to scan before installing.
        # Fixes 0x80248007 (WU_E_DS_NODATA) on fresh builds or machines
        # whose update data store has not been initialised yet.
        try {
            Start-Process -FilePath 'UsoClient.exe' `
                -ArgumentList 'StartScan' `
                -Wait -NoNewWindow -ErrorAction SilentlyContinue
            Start-Sleep -Seconds 30
        } catch {}

        # 2>&1 merges stderr into the pipeline mixing strings with update
        # objects -- we filter them out in the foreach loop below.
        $rawOutput = Install-WindowsUpdate `
            -MicrosoftUpdate `
            -AcceptAll `
            -IgnoreReboot `
            -Install `
            -ErrorAction Continue 2>&1

        # Use a hashtable keyed on Title to keep only the LAST result per update.
        # PSWindowsUpdate emits objects at multiple pipeline stages (search, download,
        # install); overwriting ensures we capture the final post-install ResultCode
        # rather than an early ResultCode=0 (NotStarted).
        $byKey = @{}

        foreach ($u in $rawOutput) {
            if ($null -eq $u -or $u -isnot [PSObject]) { continue }
            if (-not ($u.PSObject.Properties.Name -contains 'Title')) { continue }
            if ([string]::IsNullOrWhiteSpace($u.Title)) { continue }

            $resultCode = 0
            try { $resultCode = [int]$u.ResultCode } catch { $resultCode = 4 }
            $succeeded = ($resultCode -eq 2 -or $resultCode -eq 3)

            # ResultCode=0 means NotStarted — treat as Skipped, not Failed.
            $status = if ($succeeded) { 'Succeeded' } elseif ($resultCode -eq 0) { 'Skipped' } else { 'Failed' }

            $kb = ''
            try {
                if ($u.KBArticleIDs -and $u.KBArticleIDs.Count -gt 0) {
                    $kb = 'KB' + $u.KBArticleIDs[0]
                }
            } catch {}

            $needsReboot = $false
            try { $needsReboot = [bool]$u.RebootRequired } catch {}

            $byKey[$u.Title] = [PSCustomObject]@{
                Identifier     = $kb
                Title          = [string]$u.Title
                Status         = $status
                ErrorMessage   = if ($succeeded -or $resultCode -eq 0) { '' } else { 'ResultCode=' + $resultCode }
                RebootRequired = $needsReboot
                AttemptedAt    = (Get-Date -Format 'o')
            }
        }

        $results = @($byKey.Values)

        if ($results.Count -eq 0) {
            Write-Output '[]'
        } else {
            $results | ConvertTo-Json -Compress
        }
2026-06-26 21:01:18.003 -05:00 [INF] (Thread 48) WindowsUpdateWorker: no updates installed — system reboot is already pending.
2026-06-26 21:01:18.003 -05:00 [INF] (Thread 48) WindowsUpdateWorker: pass complete. Total=4 Succeeded=1 Failed=0 Skipped=3
2026-06-26 21:01:18.003 -05:00 [INF] (Thread 48) WingetWorker: skipping — last run was 2026-06-23T16:41:05.4343909Z (less than 7 days ago).
2026-06-26 21:01:18.003 -05:00 [INF] (Thread 48) UpdateOrchestrator: cycle complete. Total=4 Succeeded=1 Failed=0 RebootRequired=true
2026-06-26 21:01:18.003 -05:00 [INF] (Thread 48) UpdateOrchestrator: reboot required but last reboot was 37.1 hours ago — skipping notification until 2-day minimum has elapsed.
2026-06-26 21:01:18.003 -05:00 [INF] (Thread 48) UpdateBackgroundService: next cycle in "01:00:00".
2026-06-26 22:01:18.020 -05:00 [INF] (Thread 48) SelfUpdater: checking for updates. Current version: 0.26.230.591
2026-06-26 22:01:18.167 -05:00 [INF] (Thread 52) SelfUpdater: remote version = 0.26.230.591.
2026-06-26 22:01:18.167 -05:00 [INF] (Thread 52) SelfUpdater: already up to date.
2026-06-26 22:01:18.167 -05:00 [INF] (Thread 52) UpdateOrchestrator: === Update cycle starting ===
2026-06-26 22:01:18.167 -05:00 [INF] (Thread 52) WindowsUpdateWorker: starting update pass.
2026-06-26 22:01:18.167 -05:00 [INF] (Thread 52) WindowsUpdateWorker: verifying PSWindowsUpdate module.
2026-06-26 22:01:18.168 -05:00 [DBG] (Thread 52) WindowsUpdateWorker: running PS script: $ProgressPreference = 'SilentlyContinue'
            $ErrorActionPreference = 'Stop'
            try {
                if (-not (Get-PackageProvider -Name NuGet -ListAvailable -ErrorAction SilentlyContinue)) {
                    Install-PackageProvider -Name NuGet -MinimumVersion 2.8.5.201 -Force -Scope AllUsers | Out-Null
                }
                Set-PSRepository -Name PSGallery -InstallationPolicy Trusted -ErrorAction SilentlyContinue
                if (-not (Get-Module -ListAvailable -Name PSWindowsUpdate -ErrorAction SilentlyContinue)) {
                    Install-Module PSWindowsUpdate -Force -SkipPublisherCheck -Scope AllUsers | Out-Null
                }
                Import-Module PSWindowsUpdate -Force -ErrorAction Stop
                try {
                    Add-WUServiceManager -MicrosoftUpdate -Confirm:$false -ErrorAction SilentlyContinue | Out-Null
                } catch {}
                Write-Output 'OK'
            } catch {
                Write-Output ('ERROR: ' + $_.Exception.Message)
            }
2026-06-26 22:01:30.242 -05:00 [INF] (Thread 52) WindowsUpdateWorker: PSWindowsUpdate module OK.
2026-06-26 22:01:30.243 -05:00 [DBG] (Thread 52) WindowsUpdateWorker: running PS script: Import-Module PSWindowsUpdate -ErrorAction Stop
        $ProgressPreference = 'SilentlyContinue'

        # Force the Windows Update Agent to scan before installing.
        # Fixes 0x80248007 (WU_E_DS_NODATA) on fresh builds or machines
        # whose update data store has not been initialised yet.
        try {
            Start-Process -FilePath 'UsoClient.exe' `
                -ArgumentList 'StartScan' `
                -Wait -NoNewWindow -ErrorAction SilentlyContinue
            Start-Sleep -Seconds 30
        } catch {}

        # 2>&1 merges stderr into the pipeline mixing strings with update
        # objects -- we filter them out in the foreach loop below.
        $rawOutput = Install-WindowsUpdate `
            -MicrosoftUpdate `
            -AcceptAll `
            -IgnoreReboot `
            -Install `
            -ErrorAction Continue 2>&1

        # Use a hashtable keyed on Title to keep only the LAST result per update.
        # PSWindowsUpdate emits objects at multiple pipeline stages (search, download,
        # install); overwriting ensures we capture the final post-install ResultCode
        # rather than an early ResultCode=0 (NotStarted).
        $byKey = @{}

        foreach ($u in $rawOutput) {
            if ($null -eq $u -or $u -isnot [PSObject]) { continue }
            if (-not ($u.PSObject.Properties.Name -contains 'Title')) { continue }
            if ([string]::IsNullOrWhiteSpace($u.Title)) { continue }

            $resultCode = 0
            try { $resultCode = [int]$u.ResultCode } catch { $resultCode = 4 }
            $succeeded = ($resultCode -eq 2 -or $resultCode -eq 3)

            # ResultCode=0 means NotStarted — treat as Skipped, not Failed.
            $status = if ($succeeded) { 'Succeeded' } elseif ($resultCode -eq 0) { 'Skipped' } else { 'Failed' }

            $kb = ''
            try {
                if ($u.KBArticleIDs -and $u.KBArticleIDs.Count -gt 0) {
                    $kb = 'KB' + $u.KBArticleIDs[0]
                }
            } catch {}

            $needsReboot = $false
            try { $needsReboot = [bool]$u.RebootRequired } catch {}

            $byKey[$u.Title] = [PSCustomObject]@{
                Identifier     = $kb
                Title          = [string]$u.Title
                Status         = $status
                ErrorMessage   = if ($succeeded -or $resultCode -eq 0) { '' } else { 'ResultCode=' + $resultCode }
                RebootRequired = $needsReboot
                AttemptedAt    = (Get-Date -Format 'o')
            }
        }

        $results = @($byKey.Values)

        if ($results.Count -eq 0) {
            Write-Output '[]'
        } else {
            $results | ConvertTo-Json -Compress
        }
2026-06-26 22:02:34.839 -05:00 [INF] (Thread 48) WindowsUpdateWorker: no updates installed — system reboot is already pending.
2026-06-26 22:02:34.839 -05:00 [INF] (Thread 48) WindowsUpdateWorker: pass complete. Total=4 Succeeded=1 Failed=0 Skipped=3
2026-06-26 22:02:34.839 -05:00 [INF] (Thread 48) WingetWorker: skipping — last run was 2026-06-23T16:41:05.4343909Z (less than 7 days ago).
2026-06-26 22:02:34.839 -05:00 [INF] (Thread 48) UpdateOrchestrator: cycle complete. Total=4 Succeeded=1 Failed=0 RebootRequired=true
2026-06-26 22:02:34.839 -05:00 [INF] (Thread 48) UpdateOrchestrator: reboot required but last reboot was 38.1 hours ago — skipping notification until 2-day minimum has elapsed.
2026-06-26 22:02:34.839 -05:00 [INF] (Thread 48) UpdateBackgroundService: next cycle in "01:00:00".
2026-06-26 23:02:34.843 -05:00 [INF] (Thread 52) SelfUpdater: checking for updates. Current version: 0.26.230.591
2026-06-26 23:02:35.000 -05:00 [INF] (Thread 52) SelfUpdater: remote version = 0.26.230.591.
2026-06-26 23:02:35.000 -05:00 [INF] (Thread 52) SelfUpdater: already up to date.
2026-06-26 23:02:35.000 -05:00 [INF] (Thread 52) UpdateOrchestrator: === Update cycle starting ===
2026-06-26 23:02:35.000 -05:00 [INF] (Thread 52) WindowsUpdateWorker: starting update pass.
2026-06-26 23:02:35.000 -05:00 [INF] (Thread 52) WindowsUpdateWorker: verifying PSWindowsUpdate module.
2026-06-26 23:02:35.002 -05:00 [DBG] (Thread 52) WindowsUpdateWorker: running PS script: $ProgressPreference = 'SilentlyContinue'
            $ErrorActionPreference = 'Stop'
            try {
                if (-not (Get-PackageProvider -Name NuGet -ListAvailable -ErrorAction SilentlyContinue)) {
                    Install-PackageProvider -Name NuGet -MinimumVersion 2.8.5.201 -Force -Scope AllUsers | Out-Null
                }
                Set-PSRepository -Name PSGallery -InstallationPolicy Trusted -ErrorAction SilentlyContinue
                if (-not (Get-Module -ListAvailable -Name PSWindowsUpdate -ErrorAction SilentlyContinue)) {
                    Install-Module PSWindowsUpdate -Force -SkipPublisherCheck -Scope AllUsers | Out-Null
                }
                Import-Module PSWindowsUpdate -Force -ErrorAction Stop
                try {
                    Add-WUServiceManager -MicrosoftUpdate -Confirm:$false -ErrorAction SilentlyContinue | Out-Null
                } catch {}
                Write-Output 'OK'
            } catch {
                Write-Output ('ERROR: ' + $_.Exception.Message)
            }
2026-06-26 23:02:48.355 -05:00 [INF] (Thread 48) WindowsUpdateWorker: PSWindowsUpdate module OK.
2026-06-26 23:02:48.356 -05:00 [DBG] (Thread 48) WindowsUpdateWorker: running PS script: Import-Module PSWindowsUpdate -ErrorAction Stop
        $ProgressPreference = 'SilentlyContinue'

        # Force the Windows Update Agent to scan before installing.
        # Fixes 0x80248007 (WU_E_DS_NODATA) on fresh builds or machines
        # whose update data store has not been initialised yet.
        try {
            Start-Process -FilePath 'UsoClient.exe' `
                -ArgumentList 'StartScan' `
                -Wait -NoNewWindow -ErrorAction SilentlyContinue
            Start-Sleep -Seconds 30
        } catch {}

        # 2>&1 merges stderr into the pipeline mixing strings with update
        # objects -- we filter them out in the foreach loop below.
        $rawOutput = Install-WindowsUpdate `
            -MicrosoftUpdate `
            -AcceptAll `
            -IgnoreReboot `
            -Install `
            -ErrorAction Continue 2>&1

        # Use a hashtable keyed on Title to keep only the LAST result per update.
        # PSWindowsUpdate emits objects at multiple pipeline stages (search, download,
        # install); overwriting ensures we capture the final post-install ResultCode
        # rather than an early ResultCode=0 (NotStarted).
        $byKey = @{}

        foreach ($u in $rawOutput) {
            if ($null -eq $u -or $u -isnot [PSObject]) { continue }
            if (-not ($u.PSObject.Properties.Name -contains 'Title')) { continue }
            if ([string]::IsNullOrWhiteSpace($u.Title)) { continue }

            $resultCode = 0
            try { $resultCode = [int]$u.ResultCode } catch { $resultCode = 4 }
            $succeeded = ($resultCode -eq 2 -or $resultCode -eq 3)

            # ResultCode=0 means NotStarted — treat as Skipped, not Failed.
            $status = if ($succeeded) { 'Succeeded' } elseif ($resultCode -eq 0) { 'Skipped' } else { 'Failed' }

            $kb = ''
            try {
                if ($u.KBArticleIDs -and $u.KBArticleIDs.Count -gt 0) {
                    $kb = 'KB' + $u.KBArticleIDs[0]
                }
            } catch {}

            $needsReboot = $false
            try { $needsReboot = [bool]$u.RebootRequired } catch {}

            $byKey[$u.Title] = [PSCustomObject]@{
                Identifier     = $kb
                Title          = [string]$u.Title
                Status         = $status
                ErrorMessage   = if ($succeeded -or $resultCode -eq 0) { '' } else { 'ResultCode=' + $resultCode }
                RebootRequired = $needsReboot
                AttemptedAt    = (Get-Date -Format 'o')
            }
        }

        $results = @($byKey.Values)

        if ($results.Count -eq 0) {
            Write-Output '[]'
        } else {
            $results | ConvertTo-Json -Compress
        }
2026-06-26 23:03:54.553 -05:00 [INF] (Thread 52) WindowsUpdateWorker: no updates installed — system reboot is already pending.
2026-06-26 23:03:54.553 -05:00 [INF] (Thread 52) WindowsUpdateWorker: pass complete. Total=4 Succeeded=1 Failed=0 Skipped=3
2026-06-26 23:03:54.553 -05:00 [INF] (Thread 52) WingetWorker: skipping — last run was 2026-06-23T16:41:05.4343909Z (less than 7 days ago).
2026-06-26 23:03:54.553 -05:00 [INF] (Thread 52) UpdateOrchestrator: cycle complete. Total=4 Succeeded=1 Failed=0 RebootRequired=true
2026-06-26 23:03:54.553 -05:00 [INF] (Thread 52) UpdateOrchestrator: reboot required but last reboot was 39.1 hours ago — skipping notification until 2-day minimum has elapsed.
2026-06-26 23:03:54.553 -05:00 [INF] (Thread 52) UpdateBackgroundService: next cycle in "01:00:00".
