2026-06-17 00:05:56.577 -05:00 [INF] (Thread 15) SelfUpdater: checking for updates. Current version: 0.26.230.591
2026-06-17 00:05:56.710 -05:00 [INF] (Thread 3) SelfUpdater: remote version = 0.26.230.591.
2026-06-17 00:05:56.710 -05:00 [INF] (Thread 3) SelfUpdater: already up to date.
2026-06-17 00:05:56.710 -05:00 [INF] (Thread 3) UpdateOrchestrator: === Update cycle starting ===
2026-06-17 00:05:56.710 -05:00 [INF] (Thread 3) WindowsUpdateWorker: starting update pass.
2026-06-17 00:05:56.710 -05:00 [INF] (Thread 3) WindowsUpdateWorker: verifying PSWindowsUpdate module.
2026-06-17 00:05:56.714 -05:00 [DBG] (Thread 3) WindowsUpdateWorker: running PS script: $ProgressPreference = 'SilentlyContinue'
            $ErrorActionPreference = 'Stop'
            try {
                if (-not (Get-PackageProvider -Name NuGet -ListAvailable -ErrorAction SilentlyContinue)) {
                    Install-PackageProvider -Name NuGet -MinimumVersion 2.8.5.201 -Force -Scope AllUsers | Out-Null
                }
                Set-PSRepository -Name PSGallery -InstallationPolicy Trusted -ErrorAction SilentlyContinue
                if (-not (Get-Module -ListAvailable -Name PSWindowsUpdate -ErrorAction SilentlyContinue)) {
                    Install-Module PSWindowsUpdate -Force -SkipPublisherCheck -Scope AllUsers | Out-Null
                }
                Import-Module PSWindowsUpdate -Force -ErrorAction Stop
                try {
                    Add-WUServiceManager -MicrosoftUpdate -Confirm:$false -ErrorAction SilentlyContinue | Out-Null
                } catch {}
                Write-Output 'OK'
            } catch {
                Write-Output ('ERROR: ' + $_.Exception.Message)
            }
2026-06-17 00:06:08.060 -05:00 [INF] (Thread 15) WindowsUpdateWorker: PSWindowsUpdate module OK.
2026-06-17 00:06:08.061 -05:00 [DBG] (Thread 15) WindowsUpdateWorker: running PS script: Import-Module PSWindowsUpdate -ErrorAction Stop
        $ProgressPreference = 'SilentlyContinue'

        # Force the Windows Update Agent to scan before installing.
        # Fixes 0x80248007 (WU_E_DS_NODATA) on fresh builds or machines
        # whose update data store has not been initialised yet.
        try {
            Start-Process -FilePath 'UsoClient.exe' `
                -ArgumentList 'StartScan' `
                -Wait -NoNewWindow -ErrorAction SilentlyContinue
            Start-Sleep -Seconds 30
        } catch {}

        # 2>&1 merges stderr into the pipeline mixing strings with update
        # objects -- we filter them out in the foreach loop below.
        $rawOutput = Install-WindowsUpdate `
            -MicrosoftUpdate `
            -AcceptAll `
            -IgnoreReboot `
            -Install `
            -ErrorAction Continue 2>&1

        # Use a hashtable keyed on Title to keep only the LAST result per update.
        # PSWindowsUpdate emits objects at multiple pipeline stages (search, download,
        # install); overwriting ensures we capture the final post-install ResultCode
        # rather than an early ResultCode=0 (NotStarted).
        $byKey = @{}

        foreach ($u in $rawOutput) {
            if ($null -eq $u -or $u -isnot [PSObject]) { continue }
            if (-not ($u.PSObject.Properties.Name -contains 'Title')) { continue }
            if ([string]::IsNullOrWhiteSpace($u.Title)) { continue }

            $resultCode = 0
            try { $resultCode = [int]$u.ResultCode } catch { $resultCode = 4 }
            $succeeded = ($resultCode -eq 2 -or $resultCode -eq 3)

            # ResultCode=0 means NotStarted — treat as Skipped, not Failed.
            $status = if ($succeeded) { 'Succeeded' } elseif ($resultCode -eq 0) { 'Skipped' } else { 'Failed' }

            $kb = ''
            try {
                if ($u.KBArticleIDs -and $u.KBArticleIDs.Count -gt 0) {
                    $kb = 'KB' + $u.KBArticleIDs[0]
                }
            } catch {}

            $needsReboot = $false
            try { $needsReboot = [bool]$u.RebootRequired } catch {}

            $byKey[$u.Title] = [PSCustomObject]@{
                Identifier     = $kb
                Title          = [string]$u.Title
                Status         = $status
                ErrorMessage   = if ($succeeded -or $resultCode -eq 0) { '' } else { 'ResultCode=' + $resultCode }
                RebootRequired = $needsReboot
                AttemptedAt    = (Get-Date -Format 'o')
            }
        }

        $results = @($byKey.Values)

        if ($results.Count -eq 0) {
            Write-Output '[]'
        } else {
            $results | ConvertTo-Json -Compress
        }
2026-06-17 00:06:52.395 -05:00 [INF] (Thread 15) WindowsUpdateWorker: pass complete. Total=2 Succeeded=0 Failed=0 Skipped=2
2026-06-17 00:06:52.397 -05:00 [INF] (Thread 15) WingetWorker: skipping — last run was 2026-06-16T16:17:53.8183052Z (less than 7 days ago).
2026-06-17 00:06:52.397 -05:00 [INF] (Thread 15) UpdateOrchestrator: cycle complete. Total=2 Succeeded=0 Failed=0 RebootRequired=false
2026-06-17 00:06:52.397 -05:00 [INF] (Thread 15) UpdateOrchestrator: no reboot required — cycle complete.
2026-06-17 00:06:52.397 -05:00 [INF] (Thread 15) UpdateBackgroundService: next cycle in "01:00:00".
2026-06-17 01:06:52.413 -05:00 [INF] (Thread 15) SelfUpdater: checking for updates. Current version: 0.26.230.591
2026-06-17 01:06:52.540 -05:00 [INF] (Thread 15) SelfUpdater: remote version = 0.26.230.591.
2026-06-17 01:06:52.540 -05:00 [INF] (Thread 15) SelfUpdater: already up to date.
2026-06-17 01:06:52.540 -05:00 [INF] (Thread 15) UpdateOrchestrator: === Update cycle starting ===
2026-06-17 01:06:52.540 -05:00 [INF] (Thread 15) WindowsUpdateWorker: starting update pass.
2026-06-17 01:06:52.541 -05:00 [INF] (Thread 15) WindowsUpdateWorker: verifying PSWindowsUpdate module.
2026-06-17 01:06:52.542 -05:00 [DBG] (Thread 15) WindowsUpdateWorker: running PS script: $ProgressPreference = 'SilentlyContinue'
            $ErrorActionPreference = 'Stop'
            try {
                if (-not (Get-PackageProvider -Name NuGet -ListAvailable -ErrorAction SilentlyContinue)) {
                    Install-PackageProvider -Name NuGet -MinimumVersion 2.8.5.201 -Force -Scope AllUsers | Out-Null
                }
                Set-PSRepository -Name PSGallery -InstallationPolicy Trusted -ErrorAction SilentlyContinue
                if (-not (Get-Module -ListAvailable -Name PSWindowsUpdate -ErrorAction SilentlyContinue)) {
                    Install-Module PSWindowsUpdate -Force -SkipPublisherCheck -Scope AllUsers | Out-Null
                }
                Import-Module PSWindowsUpdate -Force -ErrorAction Stop
                try {
                    Add-WUServiceManager -MicrosoftUpdate -Confirm:$false -ErrorAction SilentlyContinue | Out-Null
                } catch {}
                Write-Output 'OK'
            } catch {
                Write-Output ('ERROR: ' + $_.Exception.Message)
            }
2026-06-17 01:07:05.953 -05:00 [INF] (Thread 21) WindowsUpdateWorker: PSWindowsUpdate module OK.
2026-06-17 01:07:05.954 -05:00 [DBG] (Thread 21) WindowsUpdateWorker: running PS script: Import-Module PSWindowsUpdate -ErrorAction Stop
        $ProgressPreference = 'SilentlyContinue'

        # Force the Windows Update Agent to scan before installing.
        # Fixes 0x80248007 (WU_E_DS_NODATA) on fresh builds or machines
        # whose update data store has not been initialised yet.
        try {
            Start-Process -FilePath 'UsoClient.exe' `
                -ArgumentList 'StartScan' `
                -Wait -NoNewWindow -ErrorAction SilentlyContinue
            Start-Sleep -Seconds 30
        } catch {}

        # 2>&1 merges stderr into the pipeline mixing strings with update
        # objects -- we filter them out in the foreach loop below.
        $rawOutput = Install-WindowsUpdate `
            -MicrosoftUpdate `
            -AcceptAll `
            -IgnoreReboot `
            -Install `
            -ErrorAction Continue 2>&1

        # Use a hashtable keyed on Title to keep only the LAST result per update.
        # PSWindowsUpdate emits objects at multiple pipeline stages (search, download,
        # install); overwriting ensures we capture the final post-install ResultCode
        # rather than an early ResultCode=0 (NotStarted).
        $byKey = @{}

        foreach ($u in $rawOutput) {
            if ($null -eq $u -or $u -isnot [PSObject]) { continue }
            if (-not ($u.PSObject.Properties.Name -contains 'Title')) { continue }
            if ([string]::IsNullOrWhiteSpace($u.Title)) { continue }

            $resultCode = 0
            try { $resultCode = [int]$u.ResultCode } catch { $resultCode = 4 }
            $succeeded = ($resultCode -eq 2 -or $resultCode -eq 3)

            # ResultCode=0 means NotStarted — treat as Skipped, not Failed.
            $status = if ($succeeded) { 'Succeeded' } elseif ($resultCode -eq 0) { 'Skipped' } else { 'Failed' }

            $kb = ''
            try {
                if ($u.KBArticleIDs -and $u.KBArticleIDs.Count -gt 0) {
                    $kb = 'KB' + $u.KBArticleIDs[0]
                }
            } catch {}

            $needsReboot = $false
            try { $needsReboot = [bool]$u.RebootRequired } catch {}

            $byKey[$u.Title] = [PSCustomObject]@{
                Identifier     = $kb
                Title          = [string]$u.Title
                Status         = $status
                ErrorMessage   = if ($succeeded -or $resultCode -eq 0) { '' } else { 'ResultCode=' + $resultCode }
                RebootRequired = $needsReboot
                AttemptedAt    = (Get-Date -Format 'o')
            }
        }

        $results = @($byKey.Values)

        if ($results.Count -eq 0) {
            Write-Output '[]'
        } else {
            $results | ConvertTo-Json -Compress
        }
2026-06-17 01:07:50.603 -05:00 [INF] (Thread 21) WindowsUpdateWorker: pass complete. Total=2 Succeeded=0 Failed=0 Skipped=2
2026-06-17 01:07:50.606 -05:00 [INF] (Thread 21) WingetWorker: skipping — last run was 2026-06-16T16:17:53.8183052Z (less than 7 days ago).
2026-06-17 01:07:50.606 -05:00 [INF] (Thread 21) UpdateOrchestrator: cycle complete. Total=2 Succeeded=0 Failed=0 RebootRequired=false
2026-06-17 01:07:50.606 -05:00 [INF] (Thread 21) UpdateOrchestrator: no reboot required — cycle complete.
2026-06-17 01:07:50.606 -05:00 [INF] (Thread 21) UpdateBackgroundService: next cycle in "01:00:00".
2026-06-17 02:07:50.629 -05:00 [INF] (Thread 14) SelfUpdater: checking for updates. Current version: 0.26.230.591
2026-06-17 02:07:50.703 -05:00 [INF] (Thread 21) SelfUpdater: remote version = 0.26.230.591.
2026-06-17 02:07:50.704 -05:00 [INF] (Thread 21) SelfUpdater: already up to date.
2026-06-17 02:07:50.704 -05:00 [INF] (Thread 21) UpdateOrchestrator: === Update cycle starting ===
2026-06-17 02:07:50.704 -05:00 [INF] (Thread 21) WindowsUpdateWorker: starting update pass.
2026-06-17 02:07:50.704 -05:00 [INF] (Thread 21) WindowsUpdateWorker: verifying PSWindowsUpdate module.
2026-06-17 02:07:50.705 -05:00 [DBG] (Thread 21) WindowsUpdateWorker: running PS script: $ProgressPreference = 'SilentlyContinue'
            $ErrorActionPreference = 'Stop'
            try {
                if (-not (Get-PackageProvider -Name NuGet -ListAvailable -ErrorAction SilentlyContinue)) {
                    Install-PackageProvider -Name NuGet -MinimumVersion 2.8.5.201 -Force -Scope AllUsers | Out-Null
                }
                Set-PSRepository -Name PSGallery -InstallationPolicy Trusted -ErrorAction SilentlyContinue
                if (-not (Get-Module -ListAvailable -Name PSWindowsUpdate -ErrorAction SilentlyContinue)) {
                    Install-Module PSWindowsUpdate -Force -SkipPublisherCheck -Scope AllUsers | Out-Null
                }
                Import-Module PSWindowsUpdate -Force -ErrorAction Stop
                try {
                    Add-WUServiceManager -MicrosoftUpdate -Confirm:$false -ErrorAction SilentlyContinue | Out-Null
                } catch {}
                Write-Output 'OK'
            } catch {
                Write-Output ('ERROR: ' + $_.Exception.Message)
            }
2026-06-17 02:08:02.166 -05:00 [INF] (Thread 21) WindowsUpdateWorker: PSWindowsUpdate module OK.
2026-06-17 02:08:02.167 -05:00 [DBG] (Thread 21) WindowsUpdateWorker: running PS script: Import-Module PSWindowsUpdate -ErrorAction Stop
        $ProgressPreference = 'SilentlyContinue'

        # Force the Windows Update Agent to scan before installing.
        # Fixes 0x80248007 (WU_E_DS_NODATA) on fresh builds or machines
        # whose update data store has not been initialised yet.
        try {
            Start-Process -FilePath 'UsoClient.exe' `
                -ArgumentList 'StartScan' `
                -Wait -NoNewWindow -ErrorAction SilentlyContinue
            Start-Sleep -Seconds 30
        } catch {}

        # 2>&1 merges stderr into the pipeline mixing strings with update
        # objects -- we filter them out in the foreach loop below.
        $rawOutput = Install-WindowsUpdate `
            -MicrosoftUpdate `
            -AcceptAll `
            -IgnoreReboot `
            -Install `
            -ErrorAction Continue 2>&1

        # Use a hashtable keyed on Title to keep only the LAST result per update.
        # PSWindowsUpdate emits objects at multiple pipeline stages (search, download,
        # install); overwriting ensures we capture the final post-install ResultCode
        # rather than an early ResultCode=0 (NotStarted).
        $byKey = @{}

        foreach ($u in $rawOutput) {
            if ($null -eq $u -or $u -isnot [PSObject]) { continue }
            if (-not ($u.PSObject.Properties.Name -contains 'Title')) { continue }
            if ([string]::IsNullOrWhiteSpace($u.Title)) { continue }

            $resultCode = 0
            try { $resultCode = [int]$u.ResultCode } catch { $resultCode = 4 }
            $succeeded = ($resultCode -eq 2 -or $resultCode -eq 3)

            # ResultCode=0 means NotStarted — treat as Skipped, not Failed.
            $status = if ($succeeded) { 'Succeeded' } elseif ($resultCode -eq 0) { 'Skipped' } else { 'Failed' }

            $kb = ''
            try {
                if ($u.KBArticleIDs -and $u.KBArticleIDs.Count -gt 0) {
                    $kb = 'KB' + $u.KBArticleIDs[0]
                }
            } catch {}

            $needsReboot = $false
            try { $needsReboot = [bool]$u.RebootRequired } catch {}

            $byKey[$u.Title] = [PSCustomObject]@{
                Identifier     = $kb
                Title          = [string]$u.Title
                Status         = $status
                ErrorMessage   = if ($succeeded -or $resultCode -eq 0) { '' } else { 'ResultCode=' + $resultCode }
                RebootRequired = $needsReboot
                AttemptedAt    = (Get-Date -Format 'o')
            }
        }

        $results = @($byKey.Values)

        if ($results.Count -eq 0) {
            Write-Output '[]'
        } else {
            $results | ConvertTo-Json -Compress
        }
2026-06-17 02:08:46.296 -05:00 [INF] (Thread 24) WindowsUpdateWorker: pass complete. Total=2 Succeeded=0 Failed=0 Skipped=2
2026-06-17 02:08:46.296 -05:00 [INF] (Thread 24) WingetWorker: skipping — last run was 2026-06-16T16:17:53.8183052Z (less than 7 days ago).
2026-06-17 02:08:46.296 -05:00 [INF] (Thread 24) UpdateOrchestrator: cycle complete. Total=2 Succeeded=0 Failed=0 RebootRequired=false
2026-06-17 02:08:46.296 -05:00 [INF] (Thread 24) UpdateOrchestrator: no reboot required — cycle complete.
2026-06-17 02:08:46.296 -05:00 [INF] (Thread 24) UpdateBackgroundService: next cycle in "01:00:00".
2026-06-17 03:08:46.306 -05:00 [INF] (Thread 21) SelfUpdater: checking for updates. Current version: 0.26.230.591
2026-06-17 03:08:46.379 -05:00 [INF] (Thread 24) SelfUpdater: remote version = 0.26.230.591.
2026-06-17 03:08:46.379 -05:00 [INF] (Thread 24) SelfUpdater: already up to date.
2026-06-17 03:08:46.379 -05:00 [INF] (Thread 24) UpdateOrchestrator: === Update cycle starting ===
2026-06-17 03:08:46.379 -05:00 [INF] (Thread 24) WindowsUpdateWorker: starting update pass.
2026-06-17 03:08:46.379 -05:00 [INF] (Thread 24) WindowsUpdateWorker: verifying PSWindowsUpdate module.
2026-06-17 03:08:46.380 -05:00 [DBG] (Thread 17) WindowsUpdateWorker: running PS script: $ProgressPreference = 'SilentlyContinue'
            $ErrorActionPreference = 'Stop'
            try {
                if (-not (Get-PackageProvider -Name NuGet -ListAvailable -ErrorAction SilentlyContinue)) {
                    Install-PackageProvider -Name NuGet -MinimumVersion 2.8.5.201 -Force -Scope AllUsers | Out-Null
                }
                Set-PSRepository -Name PSGallery -InstallationPolicy Trusted -ErrorAction SilentlyContinue
                if (-not (Get-Module -ListAvailable -Name PSWindowsUpdate -ErrorAction SilentlyContinue)) {
                    Install-Module PSWindowsUpdate -Force -SkipPublisherCheck -Scope AllUsers | Out-Null
                }
                Import-Module PSWindowsUpdate -Force -ErrorAction Stop
                try {
                    Add-WUServiceManager -MicrosoftUpdate -Confirm:$false -ErrorAction SilentlyContinue | Out-Null
                } catch {}
                Write-Output 'OK'
            } catch {
                Write-Output ('ERROR: ' + $_.Exception.Message)
            }
2026-06-17 03:08:57.903 -05:00 [INF] (Thread 24) WindowsUpdateWorker: PSWindowsUpdate module OK.
2026-06-17 03:08:57.904 -05:00 [DBG] (Thread 24) WindowsUpdateWorker: running PS script: Import-Module PSWindowsUpdate -ErrorAction Stop
        $ProgressPreference = 'SilentlyContinue'

        # Force the Windows Update Agent to scan before installing.
        # Fixes 0x80248007 (WU_E_DS_NODATA) on fresh builds or machines
        # whose update data store has not been initialised yet.
        try {
            Start-Process -FilePath 'UsoClient.exe' `
                -ArgumentList 'StartScan' `
                -Wait -NoNewWindow -ErrorAction SilentlyContinue
            Start-Sleep -Seconds 30
        } catch {}

        # 2>&1 merges stderr into the pipeline mixing strings with update
        # objects -- we filter them out in the foreach loop below.
        $rawOutput = Install-WindowsUpdate `
            -MicrosoftUpdate `
            -AcceptAll `
            -IgnoreReboot `
            -Install `
            -ErrorAction Continue 2>&1

        # Use a hashtable keyed on Title to keep only the LAST result per update.
        # PSWindowsUpdate emits objects at multiple pipeline stages (search, download,
        # install); overwriting ensures we capture the final post-install ResultCode
        # rather than an early ResultCode=0 (NotStarted).
        $byKey = @{}

        foreach ($u in $rawOutput) {
            if ($null -eq $u -or $u -isnot [PSObject]) { continue }
            if (-not ($u.PSObject.Properties.Name -contains 'Title')) { continue }
            if ([string]::IsNullOrWhiteSpace($u.Title)) { continue }

            $resultCode = 0
            try { $resultCode = [int]$u.ResultCode } catch { $resultCode = 4 }
            $succeeded = ($resultCode -eq 2 -or $resultCode -eq 3)

            # ResultCode=0 means NotStarted — treat as Skipped, not Failed.
            $status = if ($succeeded) { 'Succeeded' } elseif ($resultCode -eq 0) { 'Skipped' } else { 'Failed' }

            $kb = ''
            try {
                if ($u.KBArticleIDs -and $u.KBArticleIDs.Count -gt 0) {
                    $kb = 'KB' + $u.KBArticleIDs[0]
                }
            } catch {}

            $needsReboot = $false
            try { $needsReboot = [bool]$u.RebootRequired } catch {}

            $byKey[$u.Title] = [PSCustomObject]@{
                Identifier     = $kb
                Title          = [string]$u.Title
                Status         = $status
                ErrorMessage   = if ($succeeded -or $resultCode -eq 0) { '' } else { 'ResultCode=' + $resultCode }
                RebootRequired = $needsReboot
                AttemptedAt    = (Get-Date -Format 'o')
            }
        }

        $results = @($byKey.Values)

        if ($results.Count -eq 0) {
            Write-Output '[]'
        } else {
            $results | ConvertTo-Json -Compress
        }
2026-06-17 03:09:43.106 -05:00 [INF] (Thread 24) WindowsUpdateWorker: pass complete. Total=2 Succeeded=0 Failed=0 Skipped=2
2026-06-17 03:09:43.106 -05:00 [INF] (Thread 24) WingetWorker: skipping — last run was 2026-06-16T16:17:53.8183052Z (less than 7 days ago).
2026-06-17 03:09:43.107 -05:00 [INF] (Thread 24) UpdateOrchestrator: cycle complete. Total=2 Succeeded=0 Failed=0 RebootRequired=false
2026-06-17 03:09:43.107 -05:00 [INF] (Thread 24) UpdateOrchestrator: no reboot required — cycle complete.
2026-06-17 03:09:43.107 -05:00 [INF] (Thread 24) UpdateBackgroundService: next cycle in "01:00:00".
2026-06-17 04:09:43.116 -05:00 [INF] (Thread 24) SelfUpdater: checking for updates. Current version: 0.26.230.591
2026-06-17 04:09:43.230 -05:00 [INF] (Thread 26) SelfUpdater: remote version = 0.26.230.591.
2026-06-17 04:09:43.230 -05:00 [INF] (Thread 26) SelfUpdater: already up to date.
2026-06-17 04:09:43.230 -05:00 [INF] (Thread 26) UpdateOrchestrator: === Update cycle starting ===
2026-06-17 04:09:43.230 -05:00 [INF] (Thread 26) WindowsUpdateWorker: starting update pass.
2026-06-17 04:09:43.230 -05:00 [INF] (Thread 26) WindowsUpdateWorker: verifying PSWindowsUpdate module.
2026-06-17 04:09:43.231 -05:00 [DBG] (Thread 26) WindowsUpdateWorker: running PS script: $ProgressPreference = 'SilentlyContinue'
            $ErrorActionPreference = 'Stop'
            try {
                if (-not (Get-PackageProvider -Name NuGet -ListAvailable -ErrorAction SilentlyContinue)) {
                    Install-PackageProvider -Name NuGet -MinimumVersion 2.8.5.201 -Force -Scope AllUsers | Out-Null
                }
                Set-PSRepository -Name PSGallery -InstallationPolicy Trusted -ErrorAction SilentlyContinue
                if (-not (Get-Module -ListAvailable -Name PSWindowsUpdate -ErrorAction SilentlyContinue)) {
                    Install-Module PSWindowsUpdate -Force -SkipPublisherCheck -Scope AllUsers | Out-Null
                }
                Import-Module PSWindowsUpdate -Force -ErrorAction Stop
                try {
                    Add-WUServiceManager -MicrosoftUpdate -Confirm:$false -ErrorAction SilentlyContinue | Out-Null
                } catch {}
                Write-Output 'OK'
            } catch {
                Write-Output ('ERROR: ' + $_.Exception.Message)
            }
2026-06-17 04:09:54.617 -05:00 [INF] (Thread 24) WindowsUpdateWorker: PSWindowsUpdate module OK.
2026-06-17 04:09:54.618 -05:00 [DBG] (Thread 24) WindowsUpdateWorker: running PS script: Import-Module PSWindowsUpdate -ErrorAction Stop
        $ProgressPreference = 'SilentlyContinue'

        # Force the Windows Update Agent to scan before installing.
        # Fixes 0x80248007 (WU_E_DS_NODATA) on fresh builds or machines
        # whose update data store has not been initialised yet.
        try {
            Start-Process -FilePath 'UsoClient.exe' `
                -ArgumentList 'StartScan' `
                -Wait -NoNewWindow -ErrorAction SilentlyContinue
            Start-Sleep -Seconds 30
        } catch {}

        # 2>&1 merges stderr into the pipeline mixing strings with update
        # objects -- we filter them out in the foreach loop below.
        $rawOutput = Install-WindowsUpdate `
            -MicrosoftUpdate `
            -AcceptAll `
            -IgnoreReboot `
            -Install `
            -ErrorAction Continue 2>&1

        # Use a hashtable keyed on Title to keep only the LAST result per update.
        # PSWindowsUpdate emits objects at multiple pipeline stages (search, download,
        # install); overwriting ensures we capture the final post-install ResultCode
        # rather than an early ResultCode=0 (NotStarted).
        $byKey = @{}

        foreach ($u in $rawOutput) {
            if ($null -eq $u -or $u -isnot [PSObject]) { continue }
            if (-not ($u.PSObject.Properties.Name -contains 'Title')) { continue }
            if ([string]::IsNullOrWhiteSpace($u.Title)) { continue }

            $resultCode = 0
            try { $resultCode = [int]$u.ResultCode } catch { $resultCode = 4 }
            $succeeded = ($resultCode -eq 2 -or $resultCode -eq 3)

            # ResultCode=0 means NotStarted — treat as Skipped, not Failed.
            $status = if ($succeeded) { 'Succeeded' } elseif ($resultCode -eq 0) { 'Skipped' } else { 'Failed' }

            $kb = ''
            try {
                if ($u.KBArticleIDs -and $u.KBArticleIDs.Count -gt 0) {
                    $kb = 'KB' + $u.KBArticleIDs[0]
                }
            } catch {}

            $needsReboot = $false
            try { $needsReboot = [bool]$u.RebootRequired } catch {}

            $byKey[$u.Title] = [PSCustomObject]@{
                Identifier     = $kb
                Title          = [string]$u.Title
                Status         = $status
                ErrorMessage   = if ($succeeded -or $resultCode -eq 0) { '' } else { 'ResultCode=' + $resultCode }
                RebootRequired = $needsReboot
                AttemptedAt    = (Get-Date -Format 'o')
            }
        }

        $results = @($byKey.Values)

        if ($results.Count -eq 0) {
            Write-Output '[]'
        } else {
            $results | ConvertTo-Json -Compress
        }
2026-06-17 04:10:39.688 -05:00 [INF] (Thread 26) WindowsUpdateWorker: pass complete. Total=2 Succeeded=0 Failed=0 Skipped=2
2026-06-17 04:10:39.688 -05:00 [INF] (Thread 26) WingetWorker: skipping — last run was 2026-06-16T16:17:53.8183052Z (less than 7 days ago).
2026-06-17 04:10:39.688 -05:00 [INF] (Thread 26) UpdateOrchestrator: cycle complete. Total=2 Succeeded=0 Failed=0 RebootRequired=false
2026-06-17 04:10:39.688 -05:00 [INF] (Thread 26) UpdateOrchestrator: no reboot required — cycle complete.
2026-06-17 04:10:39.688 -05:00 [INF] (Thread 26) UpdateBackgroundService: next cycle in "01:00:00".
2026-06-17 05:10:39.705 -05:00 [INF] (Thread 26) SelfUpdater: checking for updates. Current version: 0.26.230.591
2026-06-17 05:10:39.774 -05:00 [INF] (Thread 26) SelfUpdater: remote version = 0.26.230.591.
2026-06-17 05:10:39.774 -05:00 [INF] (Thread 26) SelfUpdater: already up to date.
2026-06-17 05:10:39.774 -05:00 [INF] (Thread 26) UpdateOrchestrator: === Update cycle starting ===
2026-06-17 05:10:39.774 -05:00 [INF] (Thread 26) WindowsUpdateWorker: starting update pass.
2026-06-17 05:10:39.774 -05:00 [INF] (Thread 26) WindowsUpdateWorker: verifying PSWindowsUpdate module.
2026-06-17 05:10:39.775 -05:00 [DBG] (Thread 26) WindowsUpdateWorker: running PS script: $ProgressPreference = 'SilentlyContinue'
            $ErrorActionPreference = 'Stop'
            try {
                if (-not (Get-PackageProvider -Name NuGet -ListAvailable -ErrorAction SilentlyContinue)) {
                    Install-PackageProvider -Name NuGet -MinimumVersion 2.8.5.201 -Force -Scope AllUsers | Out-Null
                }
                Set-PSRepository -Name PSGallery -InstallationPolicy Trusted -ErrorAction SilentlyContinue
                if (-not (Get-Module -ListAvailable -Name PSWindowsUpdate -ErrorAction SilentlyContinue)) {
                    Install-Module PSWindowsUpdate -Force -SkipPublisherCheck -Scope AllUsers | Out-Null
                }
                Import-Module PSWindowsUpdate -Force -ErrorAction Stop
                try {
                    Add-WUServiceManager -MicrosoftUpdate -Confirm:$false -ErrorAction SilentlyContinue | Out-Null
                } catch {}
                Write-Output 'OK'
            } catch {
                Write-Output ('ERROR: ' + $_.Exception.Message)
            }
2026-06-17 05:10:51.048 -05:00 [INF] (Thread 26) WindowsUpdateWorker: PSWindowsUpdate module OK.
2026-06-17 05:10:51.050 -05:00 [DBG] (Thread 26) WindowsUpdateWorker: running PS script: Import-Module PSWindowsUpdate -ErrorAction Stop
        $ProgressPreference = 'SilentlyContinue'

        # Force the Windows Update Agent to scan before installing.
        # Fixes 0x80248007 (WU_E_DS_NODATA) on fresh builds or machines
        # whose update data store has not been initialised yet.
        try {
            Start-Process -FilePath 'UsoClient.exe' `
                -ArgumentList 'StartScan' `
                -Wait -NoNewWindow -ErrorAction SilentlyContinue
            Start-Sleep -Seconds 30
        } catch {}

        # 2>&1 merges stderr into the pipeline mixing strings with update
        # objects -- we filter them out in the foreach loop below.
        $rawOutput = Install-WindowsUpdate `
            -MicrosoftUpdate `
            -AcceptAll `
            -IgnoreReboot `
            -Install `
            -ErrorAction Continue 2>&1

        # Use a hashtable keyed on Title to keep only the LAST result per update.
        # PSWindowsUpdate emits objects at multiple pipeline stages (search, download,
        # install); overwriting ensures we capture the final post-install ResultCode
        # rather than an early ResultCode=0 (NotStarted).
        $byKey = @{}

        foreach ($u in $rawOutput) {
            if ($null -eq $u -or $u -isnot [PSObject]) { continue }
            if (-not ($u.PSObject.Properties.Name -contains 'Title')) { continue }
            if ([string]::IsNullOrWhiteSpace($u.Title)) { continue }

            $resultCode = 0
            try { $resultCode = [int]$u.ResultCode } catch { $resultCode = 4 }
            $succeeded = ($resultCode -eq 2 -or $resultCode -eq 3)

            # ResultCode=0 means NotStarted — treat as Skipped, not Failed.
            $status = if ($succeeded) { 'Succeeded' } elseif ($resultCode -eq 0) { 'Skipped' } else { 'Failed' }

            $kb = ''
            try {
                if ($u.KBArticleIDs -and $u.KBArticleIDs.Count -gt 0) {
                    $kb = 'KB' + $u.KBArticleIDs[0]
                }
            } catch {}

            $needsReboot = $false
            try { $needsReboot = [bool]$u.RebootRequired } catch {}

            $byKey[$u.Title] = [PSCustomObject]@{
                Identifier     = $kb
                Title          = [string]$u.Title
                Status         = $status
                ErrorMessage   = if ($succeeded -or $resultCode -eq 0) { '' } else { 'ResultCode=' + $resultCode }
                RebootRequired = $needsReboot
                AttemptedAt    = (Get-Date -Format 'o')
            }
        }

        $results = @($byKey.Values)

        if ($results.Count -eq 0) {
            Write-Output '[]'
        } else {
            $results | ConvertTo-Json -Compress
        }
2026-06-17 05:11:36.509 -05:00 [INF] (Thread 26) WindowsUpdateWorker: pass complete. Total=2 Succeeded=0 Failed=0 Skipped=2
2026-06-17 05:11:36.510 -05:00 [INF] (Thread 26) WingetWorker: skipping — last run was 2026-06-16T16:17:53.8183052Z (less than 7 days ago).
2026-06-17 05:11:36.510 -05:00 [INF] (Thread 26) UpdateOrchestrator: cycle complete. Total=2 Succeeded=0 Failed=0 RebootRequired=false
2026-06-17 05:11:36.510 -05:00 [INF] (Thread 26) UpdateOrchestrator: no reboot required — cycle complete.
2026-06-17 05:11:36.510 -05:00 [INF] (Thread 26) UpdateBackgroundService: next cycle in "01:00:00".
2026-06-17 06:11:36.532 -05:00 [INF] (Thread 25) SelfUpdater: checking for updates. Current version: 0.26.230.591
2026-06-17 06:11:36.615 -05:00 [INF] (Thread 26) SelfUpdater: remote version = 0.26.230.591.
2026-06-17 06:11:36.615 -05:00 [INF] (Thread 26) SelfUpdater: already up to date.
2026-06-17 06:11:36.615 -05:00 [INF] (Thread 26) UpdateOrchestrator: === Update cycle starting ===
2026-06-17 06:11:36.615 -05:00 [INF] (Thread 26) WindowsUpdateWorker: starting update pass.
2026-06-17 06:11:36.615 -05:00 [INF] (Thread 26) WindowsUpdateWorker: verifying PSWindowsUpdate module.
2026-06-17 06:11:36.616 -05:00 [DBG] (Thread 26) WindowsUpdateWorker: running PS script: $ProgressPreference = 'SilentlyContinue'
            $ErrorActionPreference = 'Stop'
            try {
                if (-not (Get-PackageProvider -Name NuGet -ListAvailable -ErrorAction SilentlyContinue)) {
                    Install-PackageProvider -Name NuGet -MinimumVersion 2.8.5.201 -Force -Scope AllUsers | Out-Null
                }
                Set-PSRepository -Name PSGallery -InstallationPolicy Trusted -ErrorAction SilentlyContinue
                if (-not (Get-Module -ListAvailable -Name PSWindowsUpdate -ErrorAction SilentlyContinue)) {
                    Install-Module PSWindowsUpdate -Force -SkipPublisherCheck -Scope AllUsers | Out-Null
                }
                Import-Module PSWindowsUpdate -Force -ErrorAction Stop
                try {
                    Add-WUServiceManager -MicrosoftUpdate -Confirm:$false -ErrorAction SilentlyContinue | Out-Null
                } catch {}
                Write-Output 'OK'
            } catch {
                Write-Output ('ERROR: ' + $_.Exception.Message)
            }
2026-06-17 06:11:49.835 -05:00 [INF] (Thread 25) WindowsUpdateWorker: PSWindowsUpdate module OK.
2026-06-17 06:11:49.837 -05:00 [DBG] (Thread 25) WindowsUpdateWorker: running PS script: Import-Module PSWindowsUpdate -ErrorAction Stop
        $ProgressPreference = 'SilentlyContinue'

        # Force the Windows Update Agent to scan before installing.
        # Fixes 0x80248007 (WU_E_DS_NODATA) on fresh builds or machines
        # whose update data store has not been initialised yet.
        try {
            Start-Process -FilePath 'UsoClient.exe' `
                -ArgumentList 'StartScan' `
                -Wait -NoNewWindow -ErrorAction SilentlyContinue
            Start-Sleep -Seconds 30
        } catch {}

        # 2>&1 merges stderr into the pipeline mixing strings with update
        # objects -- we filter them out in the foreach loop below.
        $rawOutput = Install-WindowsUpdate `
            -MicrosoftUpdate `
            -AcceptAll `
            -IgnoreReboot `
            -Install `
            -ErrorAction Continue 2>&1

        # Use a hashtable keyed on Title to keep only the LAST result per update.
        # PSWindowsUpdate emits objects at multiple pipeline stages (search, download,
        # install); overwriting ensures we capture the final post-install ResultCode
        # rather than an early ResultCode=0 (NotStarted).
        $byKey = @{}

        foreach ($u in $rawOutput) {
            if ($null -eq $u -or $u -isnot [PSObject]) { continue }
            if (-not ($u.PSObject.Properties.Name -contains 'Title')) { continue }
            if ([string]::IsNullOrWhiteSpace($u.Title)) { continue }

            $resultCode = 0
            try { $resultCode = [int]$u.ResultCode } catch { $resultCode = 4 }
            $succeeded = ($resultCode -eq 2 -or $resultCode -eq 3)

            # ResultCode=0 means NotStarted — treat as Skipped, not Failed.
            $status = if ($succeeded) { 'Succeeded' } elseif ($resultCode -eq 0) { 'Skipped' } else { 'Failed' }

            $kb = ''
            try {
                if ($u.KBArticleIDs -and $u.KBArticleIDs.Count -gt 0) {
                    $kb = 'KB' + $u.KBArticleIDs[0]
                }
            } catch {}

            $needsReboot = $false
            try { $needsReboot = [bool]$u.RebootRequired } catch {}

            $byKey[$u.Title] = [PSCustomObject]@{
                Identifier     = $kb
                Title          = [string]$u.Title
                Status         = $status
                ErrorMessage   = if ($succeeded -or $resultCode -eq 0) { '' } else { 'ResultCode=' + $resultCode }
                RebootRequired = $needsReboot
                AttemptedAt    = (Get-Date -Format 'o')
            }
        }

        $results = @($byKey.Values)

        if ($results.Count -eq 0) {
            Write-Output '[]'
        } else {
            $results | ConvertTo-Json -Compress
        }
2026-06-17 06:12:34.827 -05:00 [INF] (Thread 25) WindowsUpdateWorker: pass complete. Total=2 Succeeded=0 Failed=0 Skipped=2
2026-06-17 06:12:34.827 -05:00 [INF] (Thread 25) WingetWorker: skipping — last run was 2026-06-16T16:17:53.8183052Z (less than 7 days ago).
2026-06-17 06:12:34.827 -05:00 [INF] (Thread 25) UpdateOrchestrator: cycle complete. Total=2 Succeeded=0 Failed=0 RebootRequired=false
2026-06-17 06:12:34.827 -05:00 [INF] (Thread 25) UpdateOrchestrator: no reboot required — cycle complete.
2026-06-17 06:12:34.827 -05:00 [INF] (Thread 25) UpdateBackgroundService: next cycle in "01:00:00".
2026-06-17 07:12:34.848 -05:00 [INF] (Thread 25) SelfUpdater: checking for updates. Current version: 0.26.230.591
2026-06-17 07:12:34.919 -05:00 [INF] (Thread 26) SelfUpdater: remote version = 0.26.230.591.
2026-06-17 07:12:34.919 -05:00 [INF] (Thread 26) SelfUpdater: already up to date.
2026-06-17 07:12:34.919 -05:00 [INF] (Thread 26) UpdateOrchestrator: === Update cycle starting ===
2026-06-17 07:12:34.919 -05:00 [INF] (Thread 26) WindowsUpdateWorker: starting update pass.
2026-06-17 07:12:34.919 -05:00 [INF] (Thread 26) WindowsUpdateWorker: verifying PSWindowsUpdate module.
2026-06-17 07:12:34.921 -05:00 [DBG] (Thread 26) WindowsUpdateWorker: running PS script: $ProgressPreference = 'SilentlyContinue'
            $ErrorActionPreference = 'Stop'
            try {
                if (-not (Get-PackageProvider -Name NuGet -ListAvailable -ErrorAction SilentlyContinue)) {
                    Install-PackageProvider -Name NuGet -MinimumVersion 2.8.5.201 -Force -Scope AllUsers | Out-Null
                }
                Set-PSRepository -Name PSGallery -InstallationPolicy Trusted -ErrorAction SilentlyContinue
                if (-not (Get-Module -ListAvailable -Name PSWindowsUpdate -ErrorAction SilentlyContinue)) {
                    Install-Module PSWindowsUpdate -Force -SkipPublisherCheck -Scope AllUsers | Out-Null
                }
                Import-Module PSWindowsUpdate -Force -ErrorAction Stop
                try {
                    Add-WUServiceManager -MicrosoftUpdate -Confirm:$false -ErrorAction SilentlyContinue | Out-Null
                } catch {}
                Write-Output 'OK'
            } catch {
                Write-Output ('ERROR: ' + $_.Exception.Message)
            }
2026-06-17 07:12:46.202 -05:00 [INF] (Thread 23) WindowsUpdateWorker: PSWindowsUpdate module OK.
2026-06-17 07:12:46.203 -05:00 [DBG] (Thread 23) WindowsUpdateWorker: running PS script: Import-Module PSWindowsUpdate -ErrorAction Stop
        $ProgressPreference = 'SilentlyContinue'

        # Force the Windows Update Agent to scan before installing.
        # Fixes 0x80248007 (WU_E_DS_NODATA) on fresh builds or machines
        # whose update data store has not been initialised yet.
        try {
            Start-Process -FilePath 'UsoClient.exe' `
                -ArgumentList 'StartScan' `
                -Wait -NoNewWindow -ErrorAction SilentlyContinue
            Start-Sleep -Seconds 30
        } catch {}

        # 2>&1 merges stderr into the pipeline mixing strings with update
        # objects -- we filter them out in the foreach loop below.
        $rawOutput = Install-WindowsUpdate `
            -MicrosoftUpdate `
            -AcceptAll `
            -IgnoreReboot `
            -Install `
            -ErrorAction Continue 2>&1

        # Use a hashtable keyed on Title to keep only the LAST result per update.
        # PSWindowsUpdate emits objects at multiple pipeline stages (search, download,
        # install); overwriting ensures we capture the final post-install ResultCode
        # rather than an early ResultCode=0 (NotStarted).
        $byKey = @{}

        foreach ($u in $rawOutput) {
            if ($null -eq $u -or $u -isnot [PSObject]) { continue }
            if (-not ($u.PSObject.Properties.Name -contains 'Title')) { continue }
            if ([string]::IsNullOrWhiteSpace($u.Title)) { continue }

            $resultCode = 0
            try { $resultCode = [int]$u.ResultCode } catch { $resultCode = 4 }
            $succeeded = ($resultCode -eq 2 -or $resultCode -eq 3)

            # ResultCode=0 means NotStarted — treat as Skipped, not Failed.
            $status = if ($succeeded) { 'Succeeded' } elseif ($resultCode -eq 0) { 'Skipped' } else { 'Failed' }

            $kb = ''
            try {
                if ($u.KBArticleIDs -and $u.KBArticleIDs.Count -gt 0) {
                    $kb = 'KB' + $u.KBArticleIDs[0]
                }
            } catch {}

            $needsReboot = $false
            try { $needsReboot = [bool]$u.RebootRequired } catch {}

            $byKey[$u.Title] = [PSCustomObject]@{
                Identifier     = $kb
                Title          = [string]$u.Title
                Status         = $status
                ErrorMessage   = if ($succeeded -or $resultCode -eq 0) { '' } else { 'ResultCode=' + $resultCode }
                RebootRequired = $needsReboot
                AttemptedAt    = (Get-Date -Format 'o')
            }
        }

        $results = @($byKey.Values)

        if ($results.Count -eq 0) {
            Write-Output '[]'
        } else {
            $results | ConvertTo-Json -Compress
        }
2026-06-17 07:13:43.928 -05:00 [INF] (Thread 23) WindowsUpdateWorker: pass complete. Total=2 Succeeded=0 Failed=0 Skipped=2
2026-06-17 07:13:43.928 -05:00 [INF] (Thread 23) WingetWorker: skipping — last run was 2026-06-16T16:17:53.8183052Z (less than 7 days ago).
2026-06-17 07:13:43.928 -05:00 [INF] (Thread 23) UpdateOrchestrator: cycle complete. Total=2 Succeeded=0 Failed=0 RebootRequired=false
2026-06-17 07:13:43.928 -05:00 [INF] (Thread 23) UpdateOrchestrator: no reboot required — cycle complete.
2026-06-17 07:13:43.928 -05:00 [INF] (Thread 23) UpdateBackgroundService: next cycle in "01:00:00".
2026-06-17 08:13:43.944 -05:00 [INF] (Thread 34) SelfUpdater: checking for updates. Current version: 0.26.230.591
2026-06-17 08:13:44.029 -05:00 [INF] (Thread 26) SelfUpdater: remote version = 0.26.230.591.
2026-06-17 08:13:44.029 -05:00 [INF] (Thread 26) SelfUpdater: already up to date.
2026-06-17 08:13:44.029 -05:00 [INF] (Thread 26) UpdateOrchestrator: === Update cycle starting ===
2026-06-17 08:13:44.029 -05:00 [INF] (Thread 26) WindowsUpdateWorker: starting update pass.
2026-06-17 08:13:44.029 -05:00 [INF] (Thread 26) WindowsUpdateWorker: verifying PSWindowsUpdate module.
2026-06-17 08:13:44.031 -05:00 [DBG] (Thread 26) WindowsUpdateWorker: running PS script: $ProgressPreference = 'SilentlyContinue'
            $ErrorActionPreference = 'Stop'
            try {
                if (-not (Get-PackageProvider -Name NuGet -ListAvailable -ErrorAction SilentlyContinue)) {
                    Install-PackageProvider -Name NuGet -MinimumVersion 2.8.5.201 -Force -Scope AllUsers | Out-Null
                }
                Set-PSRepository -Name PSGallery -InstallationPolicy Trusted -ErrorAction SilentlyContinue
                if (-not (Get-Module -ListAvailable -Name PSWindowsUpdate -ErrorAction SilentlyContinue)) {
                    Install-Module PSWindowsUpdate -Force -SkipPublisherCheck -Scope AllUsers | Out-Null
                }
                Import-Module PSWindowsUpdate -Force -ErrorAction Stop
                try {
                    Add-WUServiceManager -MicrosoftUpdate -Confirm:$false -ErrorAction SilentlyContinue | Out-Null
                } catch {}
                Write-Output 'OK'
            } catch {
                Write-Output ('ERROR: ' + $_.Exception.Message)
            }
2026-06-17 08:13:57.548 -05:00 [INF] (Thread 26) WindowsUpdateWorker: PSWindowsUpdate module OK.
2026-06-17 08:13:57.549 -05:00 [DBG] (Thread 26) WindowsUpdateWorker: running PS script: Import-Module PSWindowsUpdate -ErrorAction Stop
        $ProgressPreference = 'SilentlyContinue'

        # Force the Windows Update Agent to scan before installing.
        # Fixes 0x80248007 (WU_E_DS_NODATA) on fresh builds or machines
        # whose update data store has not been initialised yet.
        try {
            Start-Process -FilePath 'UsoClient.exe' `
                -ArgumentList 'StartScan' `
                -Wait -NoNewWindow -ErrorAction SilentlyContinue
            Start-Sleep -Seconds 30
        } catch {}

        # 2>&1 merges stderr into the pipeline mixing strings with update
        # objects -- we filter them out in the foreach loop below.
        $rawOutput = Install-WindowsUpdate `
            -MicrosoftUpdate `
            -AcceptAll `
            -IgnoreReboot `
            -Install `
            -ErrorAction Continue 2>&1

        # Use a hashtable keyed on Title to keep only the LAST result per update.
        # PSWindowsUpdate emits objects at multiple pipeline stages (search, download,
        # install); overwriting ensures we capture the final post-install ResultCode
        # rather than an early ResultCode=0 (NotStarted).
        $byKey = @{}

        foreach ($u in $rawOutput) {
            if ($null -eq $u -or $u -isnot [PSObject]) { continue }
            if (-not ($u.PSObject.Properties.Name -contains 'Title')) { continue }
            if ([string]::IsNullOrWhiteSpace($u.Title)) { continue }

            $resultCode = 0
            try { $resultCode = [int]$u.ResultCode } catch { $resultCode = 4 }
            $succeeded = ($resultCode -eq 2 -or $resultCode -eq 3)

            # ResultCode=0 means NotStarted — treat as Skipped, not Failed.
            $status = if ($succeeded) { 'Succeeded' } elseif ($resultCode -eq 0) { 'Skipped' } else { 'Failed' }

            $kb = ''
            try {
                if ($u.KBArticleIDs -and $u.KBArticleIDs.Count -gt 0) {
                    $kb = 'KB' + $u.KBArticleIDs[0]
                }
            } catch {}

            $needsReboot = $false
            try { $needsReboot = [bool]$u.RebootRequired } catch {}

            $byKey[$u.Title] = [PSCustomObject]@{
                Identifier     = $kb
                Title          = [string]$u.Title
                Status         = $status
                ErrorMessage   = if ($succeeded -or $resultCode -eq 0) { '' } else { 'ResultCode=' + $resultCode }
                RebootRequired = $needsReboot
                AttemptedAt    = (Get-Date -Format 'o')
            }
        }

        $results = @($byKey.Values)

        if ($results.Count -eq 0) {
            Write-Output '[]'
        } else {
            $results | ConvertTo-Json -Compress
        }
2026-06-17 08:14:42.278 -05:00 [INF] (Thread 28) WindowsUpdateWorker: pass complete. Total=2 Succeeded=0 Failed=0 Skipped=2
2026-06-17 08:14:42.278 -05:00 [INF] (Thread 28) WingetWorker: skipping — last run was 2026-06-16T16:17:53.8183052Z (less than 7 days ago).
2026-06-17 08:14:42.278 -05:00 [INF] (Thread 28) UpdateOrchestrator: cycle complete. Total=2 Succeeded=0 Failed=0 RebootRequired=false
2026-06-17 08:14:42.278 -05:00 [INF] (Thread 28) UpdateOrchestrator: no reboot required — cycle complete.
2026-06-17 08:14:42.278 -05:00 [INF] (Thread 28) UpdateBackgroundService: next cycle in "01:00:00".
2026-06-17 09:14:42.295 -05:00 [INF] (Thread 35) SelfUpdater: checking for updates. Current version: 0.26.230.591
2026-06-17 09:14:42.392 -05:00 [INF] (Thread 28) SelfUpdater: remote version = 0.26.230.591.
2026-06-17 09:14:42.392 -05:00 [INF] (Thread 28) SelfUpdater: already up to date.
2026-06-17 09:14:42.392 -05:00 [INF] (Thread 28) UpdateOrchestrator: === Update cycle starting ===
2026-06-17 09:14:42.392 -05:00 [INF] (Thread 28) WindowsUpdateWorker: starting update pass.
2026-06-17 09:14:42.392 -05:00 [INF] (Thread 28) WindowsUpdateWorker: verifying PSWindowsUpdate module.
2026-06-17 09:14:42.393 -05:00 [DBG] (Thread 28) WindowsUpdateWorker: running PS script: $ProgressPreference = 'SilentlyContinue'
            $ErrorActionPreference = 'Stop'
            try {
                if (-not (Get-PackageProvider -Name NuGet -ListAvailable -ErrorAction SilentlyContinue)) {
                    Install-PackageProvider -Name NuGet -MinimumVersion 2.8.5.201 -Force -Scope AllUsers | Out-Null
                }
                Set-PSRepository -Name PSGallery -InstallationPolicy Trusted -ErrorAction SilentlyContinue
                if (-not (Get-Module -ListAvailable -Name PSWindowsUpdate -ErrorAction SilentlyContinue)) {
                    Install-Module PSWindowsUpdate -Force -SkipPublisherCheck -Scope AllUsers | Out-Null
                }
                Import-Module PSWindowsUpdate -Force -ErrorAction Stop
                try {
                    Add-WUServiceManager -MicrosoftUpdate -Confirm:$false -ErrorAction SilentlyContinue | Out-Null
                } catch {}
                Write-Output 'OK'
            } catch {
                Write-Output ('ERROR: ' + $_.Exception.Message)
            }
2026-06-17 09:14:55.687 -05:00 [INF] (Thread 35) WindowsUpdateWorker: PSWindowsUpdate module OK.
2026-06-17 09:14:55.688 -05:00 [DBG] (Thread 35) WindowsUpdateWorker: running PS script: Import-Module PSWindowsUpdate -ErrorAction Stop
        $ProgressPreference = 'SilentlyContinue'

        # Force the Windows Update Agent to scan before installing.
        # Fixes 0x80248007 (WU_E_DS_NODATA) on fresh builds or machines
        # whose update data store has not been initialised yet.
        try {
            Start-Process -FilePath 'UsoClient.exe' `
                -ArgumentList 'StartScan' `
                -Wait -NoNewWindow -ErrorAction SilentlyContinue
            Start-Sleep -Seconds 30
        } catch {}

        # 2>&1 merges stderr into the pipeline mixing strings with update
        # objects -- we filter them out in the foreach loop below.
        $rawOutput = Install-WindowsUpdate `
            -MicrosoftUpdate `
            -AcceptAll `
            -IgnoreReboot `
            -Install `
            -ErrorAction Continue 2>&1

        # Use a hashtable keyed on Title to keep only the LAST result per update.
        # PSWindowsUpdate emits objects at multiple pipeline stages (search, download,
        # install); overwriting ensures we capture the final post-install ResultCode
        # rather than an early ResultCode=0 (NotStarted).
        $byKey = @{}

        foreach ($u in $rawOutput) {
            if ($null -eq $u -or $u -isnot [PSObject]) { continue }
            if (-not ($u.PSObject.Properties.Name -contains 'Title')) { continue }
            if ([string]::IsNullOrWhiteSpace($u.Title)) { continue }

            $resultCode = 0
            try { $resultCode = [int]$u.ResultCode } catch { $resultCode = 4 }
            $succeeded = ($resultCode -eq 2 -or $resultCode -eq 3)

            # ResultCode=0 means NotStarted — treat as Skipped, not Failed.
            $status = if ($succeeded) { 'Succeeded' } elseif ($resultCode -eq 0) { 'Skipped' } else { 'Failed' }

            $kb = ''
            try {
                if ($u.KBArticleIDs -and $u.KBArticleIDs.Count -gt 0) {
                    $kb = 'KB' + $u.KBArticleIDs[0]
                }
            } catch {}

            $needsReboot = $false
            try { $needsReboot = [bool]$u.RebootRequired } catch {}

            $byKey[$u.Title] = [PSCustomObject]@{
                Identifier     = $kb
                Title          = [string]$u.Title
                Status         = $status
                ErrorMessage   = if ($succeeded -or $resultCode -eq 0) { '' } else { 'ResultCode=' + $resultCode }
                RebootRequired = $needsReboot
                AttemptedAt    = (Get-Date -Format 'o')
            }
        }

        $results = @($byKey.Values)

        if ($results.Count -eq 0) {
            Write-Output '[]'
        } else {
            $results | ConvertTo-Json -Compress
        }
2026-06-17 09:15:39.314 -05:00 [INF] (Thread 38) WindowsUpdateWorker: pass complete. Total=2 Succeeded=0 Failed=0 Skipped=2
2026-06-17 09:15:39.315 -05:00 [INF] (Thread 38) WingetWorker: skipping — last run was 2026-06-16T16:17:53.8183052Z (less than 7 days ago).
2026-06-17 09:15:39.315 -05:00 [INF] (Thread 38) UpdateOrchestrator: cycle complete. Total=2 Succeeded=0 Failed=0 RebootRequired=false
2026-06-17 09:15:39.315 -05:00 [INF] (Thread 38) UpdateOrchestrator: no reboot required — cycle complete.
2026-06-17 09:15:39.315 -05:00 [INF] (Thread 38) UpdateBackgroundService: next cycle in "01:00:00".
2026-06-17 10:15:39.329 -05:00 [INF] (Thread 35) SelfUpdater: checking for updates. Current version: 0.26.230.591
2026-06-17 10:15:39.421 -05:00 [INF] (Thread 35) SelfUpdater: remote version = 0.26.230.591.
2026-06-17 10:15:39.421 -05:00 [INF] (Thread 35) SelfUpdater: already up to date.
2026-06-17 10:15:39.421 -05:00 [INF] (Thread 35) UpdateOrchestrator: === Update cycle starting ===
2026-06-17 10:15:39.421 -05:00 [INF] (Thread 35) WindowsUpdateWorker: starting update pass.
2026-06-17 10:15:39.421 -05:00 [INF] (Thread 35) WindowsUpdateWorker: verifying PSWindowsUpdate module.
2026-06-17 10:15:39.423 -05:00 [DBG] (Thread 35) WindowsUpdateWorker: running PS script: $ProgressPreference = 'SilentlyContinue'
            $ErrorActionPreference = 'Stop'
            try {
                if (-not (Get-PackageProvider -Name NuGet -ListAvailable -ErrorAction SilentlyContinue)) {
                    Install-PackageProvider -Name NuGet -MinimumVersion 2.8.5.201 -Force -Scope AllUsers | Out-Null
                }
                Set-PSRepository -Name PSGallery -InstallationPolicy Trusted -ErrorAction SilentlyContinue
                if (-not (Get-Module -ListAvailable -Name PSWindowsUpdate -ErrorAction SilentlyContinue)) {
                    Install-Module PSWindowsUpdate -Force -SkipPublisherCheck -Scope AllUsers | Out-Null
                }
                Import-Module PSWindowsUpdate -Force -ErrorAction Stop
                try {
                    Add-WUServiceManager -MicrosoftUpdate -Confirm:$false -ErrorAction SilentlyContinue | Out-Null
                } catch {}
                Write-Output 'OK'
            } catch {
                Write-Output ('ERROR: ' + $_.Exception.Message)
            }
2026-06-17 10:15:52.661 -05:00 [INF] (Thread 35) WindowsUpdateWorker: PSWindowsUpdate module OK.
2026-06-17 10:15:52.662 -05:00 [DBG] (Thread 28) WindowsUpdateWorker: running PS script: Import-Module PSWindowsUpdate -ErrorAction Stop
        $ProgressPreference = 'SilentlyContinue'

        # Force the Windows Update Agent to scan before installing.
        # Fixes 0x80248007 (WU_E_DS_NODATA) on fresh builds or machines
        # whose update data store has not been initialised yet.
        try {
            Start-Process -FilePath 'UsoClient.exe' `
                -ArgumentList 'StartScan' `
                -Wait -NoNewWindow -ErrorAction SilentlyContinue
            Start-Sleep -Seconds 30
        } catch {}

        # 2>&1 merges stderr into the pipeline mixing strings with update
        # objects -- we filter them out in the foreach loop below.
        $rawOutput = Install-WindowsUpdate `
            -MicrosoftUpdate `
            -AcceptAll `
            -IgnoreReboot `
            -Install `
            -ErrorAction Continue 2>&1

        # Use a hashtable keyed on Title to keep only the LAST result per update.
        # PSWindowsUpdate emits objects at multiple pipeline stages (search, download,
        # install); overwriting ensures we capture the final post-install ResultCode
        # rather than an early ResultCode=0 (NotStarted).
        $byKey = @{}

        foreach ($u in $rawOutput) {
            if ($null -eq $u -or $u -isnot [PSObject]) { continue }
            if (-not ($u.PSObject.Properties.Name -contains 'Title')) { continue }
            if ([string]::IsNullOrWhiteSpace($u.Title)) { continue }

            $resultCode = 0
            try { $resultCode = [int]$u.ResultCode } catch { $resultCode = 4 }
            $succeeded = ($resultCode -eq 2 -or $resultCode -eq 3)

            # ResultCode=0 means NotStarted — treat as Skipped, not Failed.
            $status = if ($succeeded) { 'Succeeded' } elseif ($resultCode -eq 0) { 'Skipped' } else { 'Failed' }

            $kb = ''
            try {
                if ($u.KBArticleIDs -and $u.KBArticleIDs.Count -gt 0) {
                    $kb = 'KB' + $u.KBArticleIDs[0]
                }
            } catch {}

            $needsReboot = $false
            try { $needsReboot = [bool]$u.RebootRequired } catch {}

            $byKey[$u.Title] = [PSCustomObject]@{
                Identifier     = $kb
                Title          = [string]$u.Title
                Status         = $status
                ErrorMessage   = if ($succeeded -or $resultCode -eq 0) { '' } else { 'ResultCode=' + $resultCode }
                RebootRequired = $needsReboot
                AttemptedAt    = (Get-Date -Format 'o')
            }
        }

        $results = @($byKey.Values)

        if ($results.Count -eq 0) {
            Write-Output '[]'
        } else {
            $results | ConvertTo-Json -Compress
        }
2026-06-17 10:16:37.245 -05:00 [INF] (Thread 28) WindowsUpdateWorker: no updates installed — system reboot is already pending.
2026-06-17 10:16:37.245 -05:00 [INF] (Thread 28) WindowsUpdateWorker: pass complete. Total=3 Succeeded=1 Failed=0 Skipped=2
2026-06-17 10:16:37.246 -05:00 [INF] (Thread 28) WingetWorker: skipping — last run was 2026-06-16T16:17:53.8183052Z (less than 7 days ago).
2026-06-17 10:16:37.246 -05:00 [INF] (Thread 28) UpdateOrchestrator: cycle complete. Total=3 Succeeded=1 Failed=0 RebootRequired=true
2026-06-17 10:16:37.246 -05:00 [INF] (Thread 28) UpdateOrchestrator: reboot required but last reboot was 11.3 hours ago — skipping notification until 2-day minimum has elapsed.
2026-06-17 10:16:37.248 -05:00 [INF] (Thread 28) UpdateBackgroundService: next cycle in "01:00:00".
2026-06-17 11:16:37.264 -05:00 [INF] (Thread 28) SelfUpdater: checking for updates. Current version: 0.26.230.591
2026-06-17 11:16:37.342 -05:00 [INF] (Thread 28) SelfUpdater: remote version = 0.26.230.591.
2026-06-17 11:16:37.342 -05:00 [INF] (Thread 28) SelfUpdater: already up to date.
2026-06-17 11:16:37.342 -05:00 [INF] (Thread 28) UpdateOrchestrator: === Update cycle starting ===
2026-06-17 11:16:37.342 -05:00 [INF] (Thread 28) WindowsUpdateWorker: starting update pass.
2026-06-17 11:16:37.342 -05:00 [INF] (Thread 28) WindowsUpdateWorker: verifying PSWindowsUpdate module.
2026-06-17 11:16:37.344 -05:00 [DBG] (Thread 28) WindowsUpdateWorker: running PS script: $ProgressPreference = 'SilentlyContinue'
            $ErrorActionPreference = 'Stop'
            try {
                if (-not (Get-PackageProvider -Name NuGet -ListAvailable -ErrorAction SilentlyContinue)) {
                    Install-PackageProvider -Name NuGet -MinimumVersion 2.8.5.201 -Force -Scope AllUsers | Out-Null
                }
                Set-PSRepository -Name PSGallery -InstallationPolicy Trusted -ErrorAction SilentlyContinue
                if (-not (Get-Module -ListAvailable -Name PSWindowsUpdate -ErrorAction SilentlyContinue)) {
                    Install-Module PSWindowsUpdate -Force -SkipPublisherCheck -Scope AllUsers | Out-Null
                }
                Import-Module PSWindowsUpdate -Force -ErrorAction Stop
                try {
                    Add-WUServiceManager -MicrosoftUpdate -Confirm:$false -ErrorAction SilentlyContinue | Out-Null
                } catch {}
                Write-Output 'OK'
            } catch {
                Write-Output ('ERROR: ' + $_.Exception.Message)
            }
2026-06-17 11:16:50.962 -05:00 [INF] (Thread 28) WindowsUpdateWorker: PSWindowsUpdate module OK.
2026-06-17 11:16:50.962 -05:00 [DBG] (Thread 28) WindowsUpdateWorker: running PS script: Import-Module PSWindowsUpdate -ErrorAction Stop
        $ProgressPreference = 'SilentlyContinue'

        # Force the Windows Update Agent to scan before installing.
        # Fixes 0x80248007 (WU_E_DS_NODATA) on fresh builds or machines
        # whose update data store has not been initialised yet.
        try {
            Start-Process -FilePath 'UsoClient.exe' `
                -ArgumentList 'StartScan' `
                -Wait -NoNewWindow -ErrorAction SilentlyContinue
            Start-Sleep -Seconds 30
        } catch {}

        # 2>&1 merges stderr into the pipeline mixing strings with update
        # objects -- we filter them out in the foreach loop below.
        $rawOutput = Install-WindowsUpdate `
            -MicrosoftUpdate `
            -AcceptAll `
            -IgnoreReboot `
            -Install `
            -ErrorAction Continue 2>&1

        # Use a hashtable keyed on Title to keep only the LAST result per update.
        # PSWindowsUpdate emits objects at multiple pipeline stages (search, download,
        # install); overwriting ensures we capture the final post-install ResultCode
        # rather than an early ResultCode=0 (NotStarted).
        $byKey = @{}

        foreach ($u in $rawOutput) {
            if ($null -eq $u -or $u -isnot [PSObject]) { continue }
            if (-not ($u.PSObject.Properties.Name -contains 'Title')) { continue }
            if ([string]::IsNullOrWhiteSpace($u.Title)) { continue }

            $resultCode = 0
            try { $resultCode = [int]$u.ResultCode } catch { $resultCode = 4 }
            $succeeded = ($resultCode -eq 2 -or $resultCode -eq 3)

            # ResultCode=0 means NotStarted — treat as Skipped, not Failed.
            $status = if ($succeeded) { 'Succeeded' } elseif ($resultCode -eq 0) { 'Skipped' } else { 'Failed' }

            $kb = ''
            try {
                if ($u.KBArticleIDs -and $u.KBArticleIDs.Count -gt 0) {
                    $kb = 'KB' + $u.KBArticleIDs[0]
                }
            } catch {}

            $needsReboot = $false
            try { $needsReboot = [bool]$u.RebootRequired } catch {}

            $byKey[$u.Title] = [PSCustomObject]@{
                Identifier     = $kb
                Title          = [string]$u.Title
                Status         = $status
                ErrorMessage   = if ($succeeded -or $resultCode -eq 0) { '' } else { 'ResultCode=' + $resultCode }
                RebootRequired = $needsReboot
                AttemptedAt    = (Get-Date -Format 'o')
            }
        }

        $results = @($byKey.Values)

        if ($results.Count -eq 0) {
            Write-Output '[]'
        } else {
            $results | ConvertTo-Json -Compress
        }
2026-06-17 11:17:34.422 -05:00 [INF] (Thread 28) WindowsUpdateWorker: no updates installed — system reboot is already pending.
2026-06-17 11:17:34.422 -05:00 [INF] (Thread 28) WindowsUpdateWorker: pass complete. Total=3 Succeeded=1 Failed=0 Skipped=2
2026-06-17 11:17:34.422 -05:00 [INF] (Thread 28) WingetWorker: skipping — last run was 2026-06-16T16:17:53.8183052Z (less than 7 days ago).
2026-06-17 11:17:34.422 -05:00 [INF] (Thread 28) UpdateOrchestrator: cycle complete. Total=3 Succeeded=1 Failed=0 RebootRequired=true
2026-06-17 11:17:34.423 -05:00 [INF] (Thread 28) UpdateOrchestrator: reboot required but last reboot was 12.3 hours ago — skipping notification until 2-day minimum has elapsed.
2026-06-17 11:17:34.423 -05:00 [INF] (Thread 28) UpdateBackgroundService: next cycle in "01:00:00".
2026-06-17 12:17:34.437 -05:00 [INF] (Thread 28) SelfUpdater: checking for updates. Current version: 0.26.230.591
2026-06-17 12:17:35.586 -05:00 [INF] (Thread 42) SelfUpdater: remote version = 0.26.230.591.
2026-06-17 12:17:35.586 -05:00 [INF] (Thread 42) SelfUpdater: already up to date.
2026-06-17 12:17:35.586 -05:00 [INF] (Thread 42) UpdateOrchestrator: === Update cycle starting ===
2026-06-17 12:17:35.586 -05:00 [INF] (Thread 42) WindowsUpdateWorker: starting update pass.
2026-06-17 12:17:35.586 -05:00 [INF] (Thread 42) WindowsUpdateWorker: verifying PSWindowsUpdate module.
2026-06-17 12:17:35.587 -05:00 [DBG] (Thread 45) WindowsUpdateWorker: running PS script: $ProgressPreference = 'SilentlyContinue'
            $ErrorActionPreference = 'Stop'
            try {
                if (-not (Get-PackageProvider -Name NuGet -ListAvailable -ErrorAction SilentlyContinue)) {
                    Install-PackageProvider -Name NuGet -MinimumVersion 2.8.5.201 -Force -Scope AllUsers | Out-Null
                }
                Set-PSRepository -Name PSGallery -InstallationPolicy Trusted -ErrorAction SilentlyContinue
                if (-not (Get-Module -ListAvailable -Name PSWindowsUpdate -ErrorAction SilentlyContinue)) {
                    Install-Module PSWindowsUpdate -Force -SkipPublisherCheck -Scope AllUsers | Out-Null
                }
                Import-Module PSWindowsUpdate -Force -ErrorAction Stop
                try {
                    Add-WUServiceManager -MicrosoftUpdate -Confirm:$false -ErrorAction SilentlyContinue | Out-Null
                } catch {}
                Write-Output 'OK'
            } catch {
                Write-Output ('ERROR: ' + $_.Exception.Message)
            }
2026-06-17 12:17:49.591 -05:00 [INF] (Thread 42) WindowsUpdateWorker: PSWindowsUpdate module OK.
2026-06-17 12:17:49.592 -05:00 [DBG] (Thread 42) WindowsUpdateWorker: running PS script: Import-Module PSWindowsUpdate -ErrorAction Stop
        $ProgressPreference = 'SilentlyContinue'

        # Force the Windows Update Agent to scan before installing.
        # Fixes 0x80248007 (WU_E_DS_NODATA) on fresh builds or machines
        # whose update data store has not been initialised yet.
        try {
            Start-Process -FilePath 'UsoClient.exe' `
                -ArgumentList 'StartScan' `
                -Wait -NoNewWindow -ErrorAction SilentlyContinue
            Start-Sleep -Seconds 30
        } catch {}

        # 2>&1 merges stderr into the pipeline mixing strings with update
        # objects -- we filter them out in the foreach loop below.
        $rawOutput = Install-WindowsUpdate `
            -MicrosoftUpdate `
            -AcceptAll `
            -IgnoreReboot `
            -Install `
            -ErrorAction Continue 2>&1

        # Use a hashtable keyed on Title to keep only the LAST result per update.
        # PSWindowsUpdate emits objects at multiple pipeline stages (search, download,
        # install); overwriting ensures we capture the final post-install ResultCode
        # rather than an early ResultCode=0 (NotStarted).
        $byKey = @{}

        foreach ($u in $rawOutput) {
            if ($null -eq $u -or $u -isnot [PSObject]) { continue }
            if (-not ($u.PSObject.Properties.Name -contains 'Title')) { continue }
            if ([string]::IsNullOrWhiteSpace($u.Title)) { continue }

            $resultCode = 0
            try { $resultCode = [int]$u.ResultCode } catch { $resultCode = 4 }
            $succeeded = ($resultCode -eq 2 -or $resultCode -eq 3)

            # ResultCode=0 means NotStarted — treat as Skipped, not Failed.
            $status = if ($succeeded) { 'Succeeded' } elseif ($resultCode -eq 0) { 'Skipped' } else { 'Failed' }

            $kb = ''
            try {
                if ($u.KBArticleIDs -and $u.KBArticleIDs.Count -gt 0) {
                    $kb = 'KB' + $u.KBArticleIDs[0]
                }
            } catch {}

            $needsReboot = $false
            try { $needsReboot = [bool]$u.RebootRequired } catch {}

            $byKey[$u.Title] = [PSCustomObject]@{
                Identifier     = $kb
                Title          = [string]$u.Title
                Status         = $status
                ErrorMessage   = if ($succeeded -or $resultCode -eq 0) { '' } else { 'ResultCode=' + $resultCode }
                RebootRequired = $needsReboot
                AttemptedAt    = (Get-Date -Format 'o')
            }
        }

        $results = @($byKey.Values)

        if ($results.Count -eq 0) {
            Write-Output '[]'
        } else {
            $results | ConvertTo-Json -Compress
        }
2026-06-17 12:18:35.746 -05:00 [INF] (Thread 47) WindowsUpdateWorker: no updates installed — system reboot is already pending.
2026-06-17 12:18:35.746 -05:00 [INF] (Thread 47) WindowsUpdateWorker: pass complete. Total=3 Succeeded=1 Failed=0 Skipped=2
2026-06-17 12:18:35.746 -05:00 [INF] (Thread 47) WingetWorker: skipping — last run was 2026-06-16T16:17:53.8183052Z (less than 7 days ago).
2026-06-17 12:18:35.746 -05:00 [INF] (Thread 47) UpdateOrchestrator: cycle complete. Total=3 Succeeded=1 Failed=0 RebootRequired=true
2026-06-17 12:18:35.746 -05:00 [INF] (Thread 47) UpdateOrchestrator: reboot required but last reboot was 13.3 hours ago — skipping notification until 2-day minimum has elapsed.
2026-06-17 12:18:35.746 -05:00 [INF] (Thread 47) UpdateBackgroundService: next cycle in "01:00:00".
2026-06-17 13:18:35.750 -05:00 [INF] (Thread 28) SelfUpdater: checking for updates. Current version: 0.26.230.591
2026-06-17 13:18:35.880 -05:00 [INF] (Thread 47) SelfUpdater: remote version = 0.26.230.591.
2026-06-17 13:18:35.880 -05:00 [INF] (Thread 47) SelfUpdater: already up to date.
2026-06-17 13:18:35.880 -05:00 [INF] (Thread 47) UpdateOrchestrator: === Update cycle starting ===
2026-06-17 13:18:35.880 -05:00 [INF] (Thread 47) WindowsUpdateWorker: starting update pass.
2026-06-17 13:18:35.880 -05:00 [INF] (Thread 47) WindowsUpdateWorker: verifying PSWindowsUpdate module.
2026-06-17 13:18:35.883 -05:00 [DBG] (Thread 47) WindowsUpdateWorker: running PS script: $ProgressPreference = 'SilentlyContinue'
            $ErrorActionPreference = 'Stop'
            try {
                if (-not (Get-PackageProvider -Name NuGet -ListAvailable -ErrorAction SilentlyContinue)) {
                    Install-PackageProvider -Name NuGet -MinimumVersion 2.8.5.201 -Force -Scope AllUsers | Out-Null
                }
                Set-PSRepository -Name PSGallery -InstallationPolicy Trusted -ErrorAction SilentlyContinue
                if (-not (Get-Module -ListAvailable -Name PSWindowsUpdate -ErrorAction SilentlyContinue)) {
                    Install-Module PSWindowsUpdate -Force -SkipPublisherCheck -Scope AllUsers | Out-Null
                }
                Import-Module PSWindowsUpdate -Force -ErrorAction Stop
                try {
                    Add-WUServiceManager -MicrosoftUpdate -Confirm:$false -ErrorAction SilentlyContinue | Out-Null
                } catch {}
                Write-Output 'OK'
            } catch {
                Write-Output ('ERROR: ' + $_.Exception.Message)
            }
2026-06-17 13:18:50.322 -05:00 [INF] (Thread 28) WindowsUpdateWorker: PSWindowsUpdate module OK.
2026-06-17 13:18:50.323 -05:00 [DBG] (Thread 28) WindowsUpdateWorker: running PS script: Import-Module PSWindowsUpdate -ErrorAction Stop
        $ProgressPreference = 'SilentlyContinue'

        # Force the Windows Update Agent to scan before installing.
        # Fixes 0x80248007 (WU_E_DS_NODATA) on fresh builds or machines
        # whose update data store has not been initialised yet.
        try {
            Start-Process -FilePath 'UsoClient.exe' `
                -ArgumentList 'StartScan' `
                -Wait -NoNewWindow -ErrorAction SilentlyContinue
            Start-Sleep -Seconds 30
        } catch {}

        # 2>&1 merges stderr into the pipeline mixing strings with update
        # objects -- we filter them out in the foreach loop below.
        $rawOutput = Install-WindowsUpdate `
            -MicrosoftUpdate `
            -AcceptAll `
            -IgnoreReboot `
            -Install `
            -ErrorAction Continue 2>&1

        # Use a hashtable keyed on Title to keep only the LAST result per update.
        # PSWindowsUpdate emits objects at multiple pipeline stages (search, download,
        # install); overwriting ensures we capture the final post-install ResultCode
        # rather than an early ResultCode=0 (NotStarted).
        $byKey = @{}

        foreach ($u in $rawOutput) {
            if ($null -eq $u -or $u -isnot [PSObject]) { continue }
            if (-not ($u.PSObject.Properties.Name -contains 'Title')) { continue }
            if ([string]::IsNullOrWhiteSpace($u.Title)) { continue }

            $resultCode = 0
            try { $resultCode = [int]$u.ResultCode } catch { $resultCode = 4 }
            $succeeded = ($resultCode -eq 2 -or $resultCode -eq 3)

            # ResultCode=0 means NotStarted — treat as Skipped, not Failed.
            $status = if ($succeeded) { 'Succeeded' } elseif ($resultCode -eq 0) { 'Skipped' } else { 'Failed' }

            $kb = ''
            try {
                if ($u.KBArticleIDs -and $u.KBArticleIDs.Count -gt 0) {
                    $kb = 'KB' + $u.KBArticleIDs[0]
                }
            } catch {}

            $needsReboot = $false
            try { $needsReboot = [bool]$u.RebootRequired } catch {}

            $byKey[$u.Title] = [PSCustomObject]@{
                Identifier     = $kb
                Title          = [string]$u.Title
                Status         = $status
                ErrorMessage   = if ($succeeded -or $resultCode -eq 0) { '' } else { 'ResultCode=' + $resultCode }
                RebootRequired = $needsReboot
                AttemptedAt    = (Get-Date -Format 'o')
            }
        }

        $results = @($byKey.Values)

        if ($results.Count -eq 0) {
            Write-Output '[]'
        } else {
            $results | ConvertTo-Json -Compress
        }
2026-06-17 13:19:35.575 -05:00 [INF] (Thread 28) WindowsUpdateWorker: no updates installed — system reboot is already pending.
2026-06-17 13:19:35.575 -05:00 [INF] (Thread 28) WindowsUpdateWorker: pass complete. Total=3 Succeeded=1 Failed=0 Skipped=2
2026-06-17 13:19:35.575 -05:00 [INF] (Thread 28) WingetWorker: skipping — last run was 2026-06-16T16:17:53.8183052Z (less than 7 days ago).
2026-06-17 13:19:35.575 -05:00 [INF] (Thread 28) UpdateOrchestrator: cycle complete. Total=3 Succeeded=1 Failed=0 RebootRequired=true
2026-06-17 13:19:35.575 -05:00 [INF] (Thread 28) UpdateOrchestrator: reboot required but last reboot was 14.3 hours ago — skipping notification until 2-day minimum has elapsed.
2026-06-17 13:19:35.576 -05:00 [INF] (Thread 28) UpdateBackgroundService: next cycle in "01:00:00".
2026-06-17 14:19:35.603 -05:00 [INF] (Thread 37) SelfUpdater: checking for updates. Current version: 0.26.230.591
2026-06-17 14:19:35.735 -05:00 [INF] (Thread 51) SelfUpdater: remote version = 0.26.230.591.
2026-06-17 14:19:35.735 -05:00 [INF] (Thread 51) SelfUpdater: already up to date.
2026-06-17 14:19:35.735 -05:00 [INF] (Thread 51) UpdateOrchestrator: === Update cycle starting ===
2026-06-17 14:19:35.735 -05:00 [INF] (Thread 51) WindowsUpdateWorker: starting update pass.
2026-06-17 14:19:35.736 -05:00 [INF] (Thread 51) WindowsUpdateWorker: verifying PSWindowsUpdate module.
2026-06-17 14:19:35.737 -05:00 [DBG] (Thread 51) WindowsUpdateWorker: running PS script: $ProgressPreference = 'SilentlyContinue'
            $ErrorActionPreference = 'Stop'
            try {
                if (-not (Get-PackageProvider -Name NuGet -ListAvailable -ErrorAction SilentlyContinue)) {
                    Install-PackageProvider -Name NuGet -MinimumVersion 2.8.5.201 -Force -Scope AllUsers | Out-Null
                }
                Set-PSRepository -Name PSGallery -InstallationPolicy Trusted -ErrorAction SilentlyContinue
                if (-not (Get-Module -ListAvailable -Name PSWindowsUpdate -ErrorAction SilentlyContinue)) {
                    Install-Module PSWindowsUpdate -Force -SkipPublisherCheck -Scope AllUsers | Out-Null
                }
                Import-Module PSWindowsUpdate -Force -ErrorAction Stop
                try {
                    Add-WUServiceManager -MicrosoftUpdate -Confirm:$false -ErrorAction SilentlyContinue | Out-Null
                } catch {}
                Write-Output 'OK'
            } catch {
                Write-Output ('ERROR: ' + $_.Exception.Message)
            }
2026-06-17 14:19:47.847 -05:00 [INF] (Thread 51) WindowsUpdateWorker: PSWindowsUpdate module OK.
2026-06-17 14:19:47.848 -05:00 [DBG] (Thread 51) WindowsUpdateWorker: running PS script: Import-Module PSWindowsUpdate -ErrorAction Stop
        $ProgressPreference = 'SilentlyContinue'

        # Force the Windows Update Agent to scan before installing.
        # Fixes 0x80248007 (WU_E_DS_NODATA) on fresh builds or machines
        # whose update data store has not been initialised yet.
        try {
            Start-Process -FilePath 'UsoClient.exe' `
                -ArgumentList 'StartScan' `
                -Wait -NoNewWindow -ErrorAction SilentlyContinue
            Start-Sleep -Seconds 30
        } catch {}

        # 2>&1 merges stderr into the pipeline mixing strings with update
        # objects -- we filter them out in the foreach loop below.
        $rawOutput = Install-WindowsUpdate `
            -MicrosoftUpdate `
            -AcceptAll `
            -IgnoreReboot `
            -Install `
            -ErrorAction Continue 2>&1

        # Use a hashtable keyed on Title to keep only the LAST result per update.
        # PSWindowsUpdate emits objects at multiple pipeline stages (search, download,
        # install); overwriting ensures we capture the final post-install ResultCode
        # rather than an early ResultCode=0 (NotStarted).
        $byKey = @{}

        foreach ($u in $rawOutput) {
            if ($null -eq $u -or $u -isnot [PSObject]) { continue }
            if (-not ($u.PSObject.Properties.Name -contains 'Title')) { continue }
            if ([string]::IsNullOrWhiteSpace($u.Title)) { continue }

            $resultCode = 0
            try { $resultCode = [int]$u.ResultCode } catch { $resultCode = 4 }
            $succeeded = ($resultCode -eq 2 -or $resultCode -eq 3)

            # ResultCode=0 means NotStarted — treat as Skipped, not Failed.
            $status = if ($succeeded) { 'Succeeded' } elseif ($resultCode -eq 0) { 'Skipped' } else { 'Failed' }

            $kb = ''
            try {
                if ($u.KBArticleIDs -and $u.KBArticleIDs.Count -gt 0) {
                    $kb = 'KB' + $u.KBArticleIDs[0]
                }
            } catch {}

            $needsReboot = $false
            try { $needsReboot = [bool]$u.RebootRequired } catch {}

            $byKey[$u.Title] = [PSCustomObject]@{
                Identifier     = $kb
                Title          = [string]$u.Title
                Status         = $status
                ErrorMessage   = if ($succeeded -or $resultCode -eq 0) { '' } else { 'ResultCode=' + $resultCode }
                RebootRequired = $needsReboot
                AttemptedAt    = (Get-Date -Format 'o')
            }
        }

        $results = @($byKey.Values)

        if ($results.Count -eq 0) {
            Write-Output '[]'
        } else {
            $results | ConvertTo-Json -Compress
        }
2026-06-17 14:20:32.794 -05:00 [INF] (Thread 37) WindowsUpdateWorker: no updates installed — system reboot is already pending.
2026-06-17 14:20:32.795 -05:00 [INF] (Thread 37) WindowsUpdateWorker: pass complete. Total=3 Succeeded=1 Failed=0 Skipped=2
2026-06-17 14:20:32.795 -05:00 [INF] (Thread 37) WingetWorker: skipping — last run was 2026-06-16T16:17:53.8183052Z (less than 7 days ago).
2026-06-17 14:20:32.795 -05:00 [INF] (Thread 37) UpdateOrchestrator: cycle complete. Total=3 Succeeded=1 Failed=0 RebootRequired=true
2026-06-17 14:20:32.795 -05:00 [INF] (Thread 37) UpdateOrchestrator: reboot required but last reboot was 15.3 hours ago — skipping notification until 2-day minimum has elapsed.
2026-06-17 14:20:32.795 -05:00 [INF] (Thread 37) UpdateBackgroundService: next cycle in "01:00:00".
2026-06-17 15:20:32.804 -05:00 [INF] (Thread 54) SelfUpdater: checking for updates. Current version: 0.26.230.591
2026-06-17 15:20:32.907 -05:00 [INF] (Thread 52) SelfUpdater: remote version = 0.26.230.591.
2026-06-17 15:20:32.907 -05:00 [INF] (Thread 52) SelfUpdater: already up to date.
2026-06-17 15:20:32.907 -05:00 [INF] (Thread 52) UpdateOrchestrator: === Update cycle starting ===
2026-06-17 15:20:32.907 -05:00 [INF] (Thread 52) WindowsUpdateWorker: starting update pass.
2026-06-17 15:20:32.907 -05:00 [INF] (Thread 52) WindowsUpdateWorker: verifying PSWindowsUpdate module.
2026-06-17 15:20:32.907 -05:00 [DBG] (Thread 57) WindowsUpdateWorker: running PS script: $ProgressPreference = 'SilentlyContinue'
            $ErrorActionPreference = 'Stop'
            try {
                if (-not (Get-PackageProvider -Name NuGet -ListAvailable -ErrorAction SilentlyContinue)) {
                    Install-PackageProvider -Name NuGet -MinimumVersion 2.8.5.201 -Force -Scope AllUsers | Out-Null
                }
                Set-PSRepository -Name PSGallery -InstallationPolicy Trusted -ErrorAction SilentlyContinue
                if (-not (Get-Module -ListAvailable -Name PSWindowsUpdate -ErrorAction SilentlyContinue)) {
                    Install-Module PSWindowsUpdate -Force -SkipPublisherCheck -Scope AllUsers | Out-Null
                }
                Import-Module PSWindowsUpdate -Force -ErrorAction Stop
                try {
                    Add-WUServiceManager -MicrosoftUpdate -Confirm:$false -ErrorAction SilentlyContinue | Out-Null
                } catch {}
                Write-Output 'OK'
            } catch {
                Write-Output ('ERROR: ' + $_.Exception.Message)
            }
2026-06-17 15:20:44.788 -05:00 [INF] (Thread 52) WindowsUpdateWorker: PSWindowsUpdate module OK.
2026-06-17 15:20:44.789 -05:00 [DBG] (Thread 52) WindowsUpdateWorker: running PS script: Import-Module PSWindowsUpdate -ErrorAction Stop
        $ProgressPreference = 'SilentlyContinue'

        # Force the Windows Update Agent to scan before installing.
        # Fixes 0x80248007 (WU_E_DS_NODATA) on fresh builds or machines
        # whose update data store has not been initialised yet.
        try {
            Start-Process -FilePath 'UsoClient.exe' `
                -ArgumentList 'StartScan' `
                -Wait -NoNewWindow -ErrorAction SilentlyContinue
            Start-Sleep -Seconds 30
        } catch {}

        # 2>&1 merges stderr into the pipeline mixing strings with update
        # objects -- we filter them out in the foreach loop below.
        $rawOutput = Install-WindowsUpdate `
            -MicrosoftUpdate `
            -AcceptAll `
            -IgnoreReboot `
            -Install `
            -ErrorAction Continue 2>&1

        # Use a hashtable keyed on Title to keep only the LAST result per update.
        # PSWindowsUpdate emits objects at multiple pipeline stages (search, download,
        # install); overwriting ensures we capture the final post-install ResultCode
        # rather than an early ResultCode=0 (NotStarted).
        $byKey = @{}

        foreach ($u in $rawOutput) {
            if ($null -eq $u -or $u -isnot [PSObject]) { continue }
            if (-not ($u.PSObject.Properties.Name -contains 'Title')) { continue }
            if ([string]::IsNullOrWhiteSpace($u.Title)) { continue }

            $resultCode = 0
            try { $resultCode = [int]$u.ResultCode } catch { $resultCode = 4 }
            $succeeded = ($resultCode -eq 2 -or $resultCode -eq 3)

            # ResultCode=0 means NotStarted — treat as Skipped, not Failed.
            $status = if ($succeeded) { 'Succeeded' } elseif ($resultCode -eq 0) { 'Skipped' } else { 'Failed' }

            $kb = ''
            try {
                if ($u.KBArticleIDs -and $u.KBArticleIDs.Count -gt 0) {
                    $kb = 'KB' + $u.KBArticleIDs[0]
                }
            } catch {}

            $needsReboot = $false
            try { $needsReboot = [bool]$u.RebootRequired } catch {}

            $byKey[$u.Title] = [PSCustomObject]@{
                Identifier     = $kb
                Title          = [string]$u.Title
                Status         = $status
                ErrorMessage   = if ($succeeded -or $resultCode -eq 0) { '' } else { 'ResultCode=' + $resultCode }
                RebootRequired = $needsReboot
                AttemptedAt    = (Get-Date -Format 'o')
            }
        }

        $results = @($byKey.Values)

        if ($results.Count -eq 0) {
            Write-Output '[]'
        } else {
            $results | ConvertTo-Json -Compress
        }
2026-06-17 15:21:30.367 -05:00 [INF] (Thread 52) WindowsUpdateWorker: no updates installed — system reboot is already pending.
2026-06-17 15:21:30.367 -05:00 [INF] (Thread 52) WindowsUpdateWorker: pass complete. Total=3 Succeeded=1 Failed=0 Skipped=2
2026-06-17 15:21:30.367 -05:00 [INF] (Thread 52) WingetWorker: skipping — last run was 2026-06-16T16:17:53.8183052Z (less than 7 days ago).
2026-06-17 15:21:30.367 -05:00 [INF] (Thread 52) UpdateOrchestrator: cycle complete. Total=3 Succeeded=1 Failed=0 RebootRequired=true
2026-06-17 15:21:30.367 -05:00 [INF] (Thread 52) UpdateOrchestrator: reboot required but last reboot was 16.3 hours ago — skipping notification until 2-day minimum has elapsed.
2026-06-17 15:21:30.367 -05:00 [INF] (Thread 52) UpdateBackgroundService: next cycle in "01:00:00".
2026-06-17 16:21:30.382 -05:00 [INF] (Thread 57) SelfUpdater: checking for updates. Current version: 0.26.230.591
2026-06-17 16:21:30.509 -05:00 [INF] (Thread 58) SelfUpdater: remote version = 0.26.230.591.
2026-06-17 16:21:30.509 -05:00 [INF] (Thread 58) SelfUpdater: already up to date.
2026-06-17 16:21:30.509 -05:00 [INF] (Thread 58) UpdateOrchestrator: === Update cycle starting ===
2026-06-17 16:21:30.509 -05:00 [INF] (Thread 58) WindowsUpdateWorker: starting update pass.
2026-06-17 16:21:30.509 -05:00 [INF] (Thread 58) WindowsUpdateWorker: verifying PSWindowsUpdate module.
2026-06-17 16:21:30.510 -05:00 [DBG] (Thread 58) WindowsUpdateWorker: running PS script: $ProgressPreference = 'SilentlyContinue'
            $ErrorActionPreference = 'Stop'
            try {
                if (-not (Get-PackageProvider -Name NuGet -ListAvailable -ErrorAction SilentlyContinue)) {
                    Install-PackageProvider -Name NuGet -MinimumVersion 2.8.5.201 -Force -Scope AllUsers | Out-Null
                }
                Set-PSRepository -Name PSGallery -InstallationPolicy Trusted -ErrorAction SilentlyContinue
                if (-not (Get-Module -ListAvailable -Name PSWindowsUpdate -ErrorAction SilentlyContinue)) {
                    Install-Module PSWindowsUpdate -Force -SkipPublisherCheck -Scope AllUsers | Out-Null
                }
                Import-Module PSWindowsUpdate -Force -ErrorAction Stop
                try {
                    Add-WUServiceManager -MicrosoftUpdate -Confirm:$false -ErrorAction SilentlyContinue | Out-Null
                } catch {}
                Write-Output 'OK'
            } catch {
                Write-Output ('ERROR: ' + $_.Exception.Message)
            }
2026-06-17 16:21:42.161 -05:00 [INF] (Thread 59) WindowsUpdateWorker: PSWindowsUpdate module OK.
2026-06-17 16:21:42.163 -05:00 [DBG] (Thread 59) WindowsUpdateWorker: running PS script: Import-Module PSWindowsUpdate -ErrorAction Stop
        $ProgressPreference = 'SilentlyContinue'

        # Force the Windows Update Agent to scan before installing.
        # Fixes 0x80248007 (WU_E_DS_NODATA) on fresh builds or machines
        # whose update data store has not been initialised yet.
        try {
            Start-Process -FilePath 'UsoClient.exe' `
                -ArgumentList 'StartScan' `
                -Wait -NoNewWindow -ErrorAction SilentlyContinue
            Start-Sleep -Seconds 30
        } catch {}

        # 2>&1 merges stderr into the pipeline mixing strings with update
        # objects -- we filter them out in the foreach loop below.
        $rawOutput = Install-WindowsUpdate `
            -MicrosoftUpdate `
            -AcceptAll `
            -IgnoreReboot `
            -Install `
            -ErrorAction Continue 2>&1

        # Use a hashtable keyed on Title to keep only the LAST result per update.
        # PSWindowsUpdate emits objects at multiple pipeline stages (search, download,
        # install); overwriting ensures we capture the final post-install ResultCode
        # rather than an early ResultCode=0 (NotStarted).
        $byKey = @{}

        foreach ($u in $rawOutput) {
            if ($null -eq $u -or $u -isnot [PSObject]) { continue }
            if (-not ($u.PSObject.Properties.Name -contains 'Title')) { continue }
            if ([string]::IsNullOrWhiteSpace($u.Title)) { continue }

            $resultCode = 0
            try { $resultCode = [int]$u.ResultCode } catch { $resultCode = 4 }
            $succeeded = ($resultCode -eq 2 -or $resultCode -eq 3)

            # ResultCode=0 means NotStarted — treat as Skipped, not Failed.
            $status = if ($succeeded) { 'Succeeded' } elseif ($resultCode -eq 0) { 'Skipped' } else { 'Failed' }

            $kb = ''
            try {
                if ($u.KBArticleIDs -and $u.KBArticleIDs.Count -gt 0) {
                    $kb = 'KB' + $u.KBArticleIDs[0]
                }
            } catch {}

            $needsReboot = $false
            try { $needsReboot = [bool]$u.RebootRequired } catch {}

            $byKey[$u.Title] = [PSCustomObject]@{
                Identifier     = $kb
                Title          = [string]$u.Title
                Status         = $status
                ErrorMessage   = if ($succeeded -or $resultCode -eq 0) { '' } else { 'ResultCode=' + $resultCode }
                RebootRequired = $needsReboot
                AttemptedAt    = (Get-Date -Format 'o')
            }
        }

        $results = @($byKey.Values)

        if ($results.Count -eq 0) {
            Write-Output '[]'
        } else {
            $results | ConvertTo-Json -Compress
        }
2026-06-17 16:22:27.025 -05:00 [INF] (Thread 59) WindowsUpdateWorker: no updates installed — system reboot is already pending.
2026-06-17 16:22:27.025 -05:00 [INF] (Thread 59) WindowsUpdateWorker: pass complete. Total=3 Succeeded=1 Failed=0 Skipped=2
2026-06-17 16:22:27.025 -05:00 [INF] (Thread 59) WingetWorker: skipping — last run was 2026-06-16T16:17:53.8183052Z (less than 7 days ago).
2026-06-17 16:22:27.026 -05:00 [INF] (Thread 59) UpdateOrchestrator: cycle complete. Total=3 Succeeded=1 Failed=0 RebootRequired=true
2026-06-17 16:22:27.026 -05:00 [INF] (Thread 59) UpdateOrchestrator: reboot required but last reboot was 17.4 hours ago — skipping notification until 2-day minimum has elapsed.
2026-06-17 16:22:27.026 -05:00 [INF] (Thread 59) UpdateBackgroundService: next cycle in "01:00:00".
2026-06-17 17:22:27.035 -05:00 [INF] (Thread 63) SelfUpdater: checking for updates. Current version: 0.26.230.591
2026-06-17 17:22:27.160 -05:00 [INF] (Thread 65) SelfUpdater: remote version = 0.26.230.591.
2026-06-17 17:22:27.160 -05:00 [INF] (Thread 65) SelfUpdater: already up to date.
2026-06-17 17:22:27.160 -05:00 [INF] (Thread 65) UpdateOrchestrator: === Update cycle starting ===
2026-06-17 17:22:27.160 -05:00 [INF] (Thread 65) WindowsUpdateWorker: starting update pass.
2026-06-17 17:22:27.161 -05:00 [INF] (Thread 65) WindowsUpdateWorker: verifying PSWindowsUpdate module.
2026-06-17 17:22:27.163 -05:00 [DBG] (Thread 65) WindowsUpdateWorker: running PS script: $ProgressPreference = 'SilentlyContinue'
            $ErrorActionPreference = 'Stop'
            try {
                if (-not (Get-PackageProvider -Name NuGet -ListAvailable -ErrorAction SilentlyContinue)) {
                    Install-PackageProvider -Name NuGet -MinimumVersion 2.8.5.201 -Force -Scope AllUsers | Out-Null
                }
                Set-PSRepository -Name PSGallery -InstallationPolicy Trusted -ErrorAction SilentlyContinue
                if (-not (Get-Module -ListAvailable -Name PSWindowsUpdate -ErrorAction SilentlyContinue)) {
                    Install-Module PSWindowsUpdate -Force -SkipPublisherCheck -Scope AllUsers | Out-Null
                }
                Import-Module PSWindowsUpdate -Force -ErrorAction Stop
                try {
                    Add-WUServiceManager -MicrosoftUpdate -Confirm:$false -ErrorAction SilentlyContinue | Out-Null
                } catch {}
                Write-Output 'OK'
            } catch {
                Write-Output ('ERROR: ' + $_.Exception.Message)
            }
2026-06-17 17:22:41.965 -05:00 [INF] (Thread 65) WindowsUpdateWorker: PSWindowsUpdate module OK.
2026-06-17 17:22:41.966 -05:00 [DBG] (Thread 65) WindowsUpdateWorker: running PS script: Import-Module PSWindowsUpdate -ErrorAction Stop
        $ProgressPreference = 'SilentlyContinue'

        # Force the Windows Update Agent to scan before installing.
        # Fixes 0x80248007 (WU_E_DS_NODATA) on fresh builds or machines
        # whose update data store has not been initialised yet.
        try {
            Start-Process -FilePath 'UsoClient.exe' `
                -ArgumentList 'StartScan' `
                -Wait -NoNewWindow -ErrorAction SilentlyContinue
            Start-Sleep -Seconds 30
        } catch {}

        # 2>&1 merges stderr into the pipeline mixing strings with update
        # objects -- we filter them out in the foreach loop below.
        $rawOutput = Install-WindowsUpdate `
            -MicrosoftUpdate `
            -AcceptAll `
            -IgnoreReboot `
            -Install `
            -ErrorAction Continue 2>&1

        # Use a hashtable keyed on Title to keep only the LAST result per update.
        # PSWindowsUpdate emits objects at multiple pipeline stages (search, download,
        # install); overwriting ensures we capture the final post-install ResultCode
        # rather than an early ResultCode=0 (NotStarted).
        $byKey = @{}

        foreach ($u in $rawOutput) {
            if ($null -eq $u -or $u -isnot [PSObject]) { continue }
            if (-not ($u.PSObject.Properties.Name -contains 'Title')) { continue }
            if ([string]::IsNullOrWhiteSpace($u.Title)) { continue }

            $resultCode = 0
            try { $resultCode = [int]$u.ResultCode } catch { $resultCode = 4 }
            $succeeded = ($resultCode -eq 2 -or $resultCode -eq 3)

            # ResultCode=0 means NotStarted — treat as Skipped, not Failed.
            $status = if ($succeeded) { 'Succeeded' } elseif ($resultCode -eq 0) { 'Skipped' } else { 'Failed' }

            $kb = ''
            try {
                if ($u.KBArticleIDs -and $u.KBArticleIDs.Count -gt 0) {
                    $kb = 'KB' + $u.KBArticleIDs[0]
                }
            } catch {}

            $needsReboot = $false
            try { $needsReboot = [bool]$u.RebootRequired } catch {}

            $byKey[$u.Title] = [PSCustomObject]@{
                Identifier     = $kb
                Title          = [string]$u.Title
                Status         = $status
                ErrorMessage   = if ($succeeded -or $resultCode -eq 0) { '' } else { 'ResultCode=' + $resultCode }
                RebootRequired = $needsReboot
                AttemptedAt    = (Get-Date -Format 'o')
            }
        }

        $results = @($byKey.Values)

        if ($results.Count -eq 0) {
            Write-Output '[]'
        } else {
            $results | ConvertTo-Json -Compress
        }
2026-06-17 17:23:31.691 -05:00 [INF] (Thread 65) WindowsUpdateWorker: no updates installed — system reboot is already pending.
2026-06-17 17:23:31.691 -05:00 [INF] (Thread 65) WindowsUpdateWorker: pass complete. Total=3 Succeeded=1 Failed=0 Skipped=2
2026-06-17 17:23:31.691 -05:00 [INF] (Thread 65) WingetWorker: skipping — last run was 2026-06-16T16:17:53.8183052Z (less than 7 days ago).
2026-06-17 17:23:31.691 -05:00 [INF] (Thread 65) UpdateOrchestrator: cycle complete. Total=3 Succeeded=1 Failed=0 RebootRequired=true
2026-06-17 17:23:31.691 -05:00 [INF] (Thread 65) UpdateOrchestrator: reboot required but last reboot was 18.4 hours ago — skipping notification until 2-day minimum has elapsed.
2026-06-17 17:23:31.691 -05:00 [INF] (Thread 65) UpdateBackgroundService: next cycle in "01:00:00".
2026-06-17 18:23:31.714 -05:00 [INF] (Thread 66) SelfUpdater: checking for updates. Current version: 0.26.230.591
2026-06-17 18:23:31.798 -05:00 [INF] (Thread 67) SelfUpdater: remote version = 0.26.230.591.
2026-06-17 18:23:31.798 -05:00 [INF] (Thread 67) SelfUpdater: already up to date.
2026-06-17 18:23:31.798 -05:00 [INF] (Thread 67) UpdateOrchestrator: === Update cycle starting ===
2026-06-17 18:23:31.798 -05:00 [INF] (Thread 67) WindowsUpdateWorker: starting update pass.
2026-06-17 18:23:31.798 -05:00 [INF] (Thread 67) WindowsUpdateWorker: verifying PSWindowsUpdate module.
2026-06-17 18:23:31.799 -05:00 [DBG] (Thread 67) WindowsUpdateWorker: running PS script: $ProgressPreference = 'SilentlyContinue'
            $ErrorActionPreference = 'Stop'
            try {
                if (-not (Get-PackageProvider -Name NuGet -ListAvailable -ErrorAction SilentlyContinue)) {
                    Install-PackageProvider -Name NuGet -MinimumVersion 2.8.5.201 -Force -Scope AllUsers | Out-Null
                }
                Set-PSRepository -Name PSGallery -InstallationPolicy Trusted -ErrorAction SilentlyContinue
                if (-not (Get-Module -ListAvailable -Name PSWindowsUpdate -ErrorAction SilentlyContinue)) {
                    Install-Module PSWindowsUpdate -Force -SkipPublisherCheck -Scope AllUsers | Out-Null
                }
                Import-Module PSWindowsUpdate -Force -ErrorAction Stop
                try {
                    Add-WUServiceManager -MicrosoftUpdate -Confirm:$false -ErrorAction SilentlyContinue | Out-Null
                } catch {}
                Write-Output 'OK'
            } catch {
                Write-Output ('ERROR: ' + $_.Exception.Message)
            }
2026-06-17 18:24:26.888 -05:00 [INF] (Thread 67) WindowsUpdateWorker: PSWindowsUpdate module OK.
2026-06-17 18:24:26.888 -05:00 [DBG] (Thread 67) WindowsUpdateWorker: running PS script: Import-Module PSWindowsUpdate -ErrorAction Stop
        $ProgressPreference = 'SilentlyContinue'

        # Force the Windows Update Agent to scan before installing.
        # Fixes 0x80248007 (WU_E_DS_NODATA) on fresh builds or machines
        # whose update data store has not been initialised yet.
        try {
            Start-Process -FilePath 'UsoClient.exe' `
                -ArgumentList 'StartScan' `
                -Wait -NoNewWindow -ErrorAction SilentlyContinue
            Start-Sleep -Seconds 30
        } catch {}

        # 2>&1 merges stderr into the pipeline mixing strings with update
        # objects -- we filter them out in the foreach loop below.
        $rawOutput = Install-WindowsUpdate `
            -MicrosoftUpdate `
            -AcceptAll `
            -IgnoreReboot `
            -Install `
            -ErrorAction Continue 2>&1

        # Use a hashtable keyed on Title to keep only the LAST result per update.
        # PSWindowsUpdate emits objects at multiple pipeline stages (search, download,
        # install); overwriting ensures we capture the final post-install ResultCode
        # rather than an early ResultCode=0 (NotStarted).
        $byKey = @{}

        foreach ($u in $rawOutput) {
            if ($null -eq $u -or $u -isnot [PSObject]) { continue }
            if (-not ($u.PSObject.Properties.Name -contains 'Title')) { continue }
            if ([string]::IsNullOrWhiteSpace($u.Title)) { continue }

            $resultCode = 0
            try { $resultCode = [int]$u.ResultCode } catch { $resultCode = 4 }
            $succeeded = ($resultCode -eq 2 -or $resultCode -eq 3)

            # ResultCode=0 means NotStarted — treat as Skipped, not Failed.
            $status = if ($succeeded) { 'Succeeded' } elseif ($resultCode -eq 0) { 'Skipped' } else { 'Failed' }

            $kb = ''
            try {
                if ($u.KBArticleIDs -and $u.KBArticleIDs.Count -gt 0) {
                    $kb = 'KB' + $u.KBArticleIDs[0]
                }
            } catch {}

            $needsReboot = $false
            try { $needsReboot = [bool]$u.RebootRequired } catch {}

            $byKey[$u.Title] = [PSCustomObject]@{
                Identifier     = $kb
                Title          = [string]$u.Title
                Status         = $status
                ErrorMessage   = if ($succeeded -or $resultCode -eq 0) { '' } else { 'ResultCode=' + $resultCode }
                RebootRequired = $needsReboot
                AttemptedAt    = (Get-Date -Format 'o')
            }
        }

        $results = @($byKey.Values)

        if ($results.Count -eq 0) {
            Write-Output '[]'
        } else {
            $results | ConvertTo-Json -Compress
        }
2026-06-17 18:25:12.039 -05:00 [INF] (Thread 67) WindowsUpdateWorker: no updates installed — system reboot is already pending.
2026-06-17 18:25:12.039 -05:00 [INF] (Thread 67) WindowsUpdateWorker: pass complete. Total=3 Succeeded=1 Failed=0 Skipped=2
2026-06-17 18:25:12.039 -05:00 [INF] (Thread 67) WingetWorker: skipping — last run was 2026-06-16T16:17:53.8183052Z (less than 7 days ago).
2026-06-17 18:25:12.039 -05:00 [INF] (Thread 67) UpdateOrchestrator: cycle complete. Total=3 Succeeded=1 Failed=0 RebootRequired=true
2026-06-17 18:25:12.039 -05:00 [INF] (Thread 67) UpdateOrchestrator: reboot required but last reboot was 19.4 hours ago — skipping notification until 2-day minimum has elapsed.
2026-06-17 18:25:12.039 -05:00 [INF] (Thread 67) UpdateBackgroundService: next cycle in "01:00:00".
2026-06-17 19:25:12.059 -05:00 [INF] (Thread 69) SelfUpdater: checking for updates. Current version: 0.26.230.591
2026-06-17 19:25:12.140 -05:00 [INF] (Thread 69) SelfUpdater: remote version = 0.26.230.591.
2026-06-17 19:25:12.141 -05:00 [INF] (Thread 69) SelfUpdater: already up to date.
2026-06-17 19:25:12.141 -05:00 [INF] (Thread 69) UpdateOrchestrator: === Update cycle starting ===
2026-06-17 19:25:12.141 -05:00 [INF] (Thread 69) WindowsUpdateWorker: starting update pass.
2026-06-17 19:25:12.141 -05:00 [INF] (Thread 69) WindowsUpdateWorker: verifying PSWindowsUpdate module.
2026-06-17 19:25:12.142 -05:00 [DBG] (Thread 69) WindowsUpdateWorker: running PS script: $ProgressPreference = 'SilentlyContinue'
            $ErrorActionPreference = 'Stop'
            try {
                if (-not (Get-PackageProvider -Name NuGet -ListAvailable -ErrorAction SilentlyContinue)) {
                    Install-PackageProvider -Name NuGet -MinimumVersion 2.8.5.201 -Force -Scope AllUsers | Out-Null
                }
                Set-PSRepository -Name PSGallery -InstallationPolicy Trusted -ErrorAction SilentlyContinue
                if (-not (Get-Module -ListAvailable -Name PSWindowsUpdate -ErrorAction SilentlyContinue)) {
                    Install-Module PSWindowsUpdate -Force -SkipPublisherCheck -Scope AllUsers | Out-Null
                }
                Import-Module PSWindowsUpdate -Force -ErrorAction Stop
                try {
                    Add-WUServiceManager -MicrosoftUpdate -Confirm:$false -ErrorAction SilentlyContinue | Out-Null
                } catch {}
                Write-Output 'OK'
            } catch {
                Write-Output ('ERROR: ' + $_.Exception.Message)
            }
2026-06-17 19:25:24.008 -05:00 [INF] (Thread 67) WindowsUpdateWorker: PSWindowsUpdate module OK.
2026-06-17 19:25:24.009 -05:00 [DBG] (Thread 67) WindowsUpdateWorker: running PS script: Import-Module PSWindowsUpdate -ErrorAction Stop
        $ProgressPreference = 'SilentlyContinue'

        # Force the Windows Update Agent to scan before installing.
        # Fixes 0x80248007 (WU_E_DS_NODATA) on fresh builds or machines
        # whose update data store has not been initialised yet.
        try {
            Start-Process -FilePath 'UsoClient.exe' `
                -ArgumentList 'StartScan' `
                -Wait -NoNewWindow -ErrorAction SilentlyContinue
            Start-Sleep -Seconds 30
        } catch {}

        # 2>&1 merges stderr into the pipeline mixing strings with update
        # objects -- we filter them out in the foreach loop below.
        $rawOutput = Install-WindowsUpdate `
            -MicrosoftUpdate `
            -AcceptAll `
            -IgnoreReboot `
            -Install `
            -ErrorAction Continue 2>&1

        # Use a hashtable keyed on Title to keep only the LAST result per update.
        # PSWindowsUpdate emits objects at multiple pipeline stages (search, download,
        # install); overwriting ensures we capture the final post-install ResultCode
        # rather than an early ResultCode=0 (NotStarted).
        $byKey = @{}

        foreach ($u in $rawOutput) {
            if ($null -eq $u -or $u -isnot [PSObject]) { continue }
            if (-not ($u.PSObject.Properties.Name -contains 'Title')) { continue }
            if ([string]::IsNullOrWhiteSpace($u.Title)) { continue }

            $resultCode = 0
            try { $resultCode = [int]$u.ResultCode } catch { $resultCode = 4 }
            $succeeded = ($resultCode -eq 2 -or $resultCode -eq 3)

            # ResultCode=0 means NotStarted — treat as Skipped, not Failed.
            $status = if ($succeeded) { 'Succeeded' } elseif ($resultCode -eq 0) { 'Skipped' } else { 'Failed' }

            $kb = ''
            try {
                if ($u.KBArticleIDs -and $u.KBArticleIDs.Count -gt 0) {
                    $kb = 'KB' + $u.KBArticleIDs[0]
                }
            } catch {}

            $needsReboot = $false
            try { $needsReboot = [bool]$u.RebootRequired } catch {}

            $byKey[$u.Title] = [PSCustomObject]@{
                Identifier     = $kb
                Title          = [string]$u.Title
                Status         = $status
                ErrorMessage   = if ($succeeded -or $resultCode -eq 0) { '' } else { 'ResultCode=' + $resultCode }
                RebootRequired = $needsReboot
                AttemptedAt    = (Get-Date -Format 'o')
            }
        }

        $results = @($byKey.Values)

        if ($results.Count -eq 0) {
            Write-Output '[]'
        } else {
            $results | ConvertTo-Json -Compress
        }
2026-06-17 19:26:09.649 -05:00 [INF] (Thread 73) WindowsUpdateWorker: no updates installed — system reboot is already pending.
2026-06-17 19:26:09.650 -05:00 [INF] (Thread 73) WindowsUpdateWorker: pass complete. Total=3 Succeeded=1 Failed=0 Skipped=2
2026-06-17 19:26:09.650 -05:00 [INF] (Thread 73) WingetWorker: skipping — last run was 2026-06-16T16:17:53.8183052Z (less than 7 days ago).
2026-06-17 19:26:09.650 -05:00 [INF] (Thread 73) UpdateOrchestrator: cycle complete. Total=3 Succeeded=1 Failed=0 RebootRequired=true
2026-06-17 19:26:09.650 -05:00 [INF] (Thread 73) UpdateOrchestrator: reboot required but last reboot was 20.4 hours ago — skipping notification until 2-day minimum has elapsed.
2026-06-17 19:26:09.650 -05:00 [INF] (Thread 73) UpdateBackgroundService: next cycle in "01:00:00".
2026-06-17 20:26:09.659 -05:00 [INF] (Thread 67) SelfUpdater: checking for updates. Current version: 0.26.230.591
2026-06-17 20:26:09.732 -05:00 [INF] (Thread 72) SelfUpdater: remote version = 0.26.230.591.
2026-06-17 20:26:09.732 -05:00 [INF] (Thread 72) SelfUpdater: already up to date.
2026-06-17 20:26:09.732 -05:00 [INF] (Thread 72) UpdateOrchestrator: === Update cycle starting ===
2026-06-17 20:26:09.732 -05:00 [INF] (Thread 72) WindowsUpdateWorker: starting update pass.
2026-06-17 20:26:09.732 -05:00 [INF] (Thread 72) WindowsUpdateWorker: verifying PSWindowsUpdate module.
2026-06-17 20:26:09.733 -05:00 [DBG] (Thread 72) WindowsUpdateWorker: running PS script: $ProgressPreference = 'SilentlyContinue'
            $ErrorActionPreference = 'Stop'
            try {
                if (-not (Get-PackageProvider -Name NuGet -ListAvailable -ErrorAction SilentlyContinue)) {
                    Install-PackageProvider -Name NuGet -MinimumVersion 2.8.5.201 -Force -Scope AllUsers | Out-Null
                }
                Set-PSRepository -Name PSGallery -InstallationPolicy Trusted -ErrorAction SilentlyContinue
                if (-not (Get-Module -ListAvailable -Name PSWindowsUpdate -ErrorAction SilentlyContinue)) {
                    Install-Module PSWindowsUpdate -Force -SkipPublisherCheck -Scope AllUsers | Out-Null
                }
                Import-Module PSWindowsUpdate -Force -ErrorAction Stop
                try {
                    Add-WUServiceManager -MicrosoftUpdate -Confirm:$false -ErrorAction SilentlyContinue | Out-Null
                } catch {}
                Write-Output 'OK'
            } catch {
                Write-Output ('ERROR: ' + $_.Exception.Message)
            }
2026-06-17 20:26:22.268 -05:00 [INF] (Thread 67) WindowsUpdateWorker: PSWindowsUpdate module OK.
2026-06-17 20:26:22.269 -05:00 [DBG] (Thread 67) WindowsUpdateWorker: running PS script: Import-Module PSWindowsUpdate -ErrorAction Stop
        $ProgressPreference = 'SilentlyContinue'

        # Force the Windows Update Agent to scan before installing.
        # Fixes 0x80248007 (WU_E_DS_NODATA) on fresh builds or machines
        # whose update data store has not been initialised yet.
        try {
            Start-Process -FilePath 'UsoClient.exe' `
                -ArgumentList 'StartScan' `
                -Wait -NoNewWindow -ErrorAction SilentlyContinue
            Start-Sleep -Seconds 30
        } catch {}

        # 2>&1 merges stderr into the pipeline mixing strings with update
        # objects -- we filter them out in the foreach loop below.
        $rawOutput = Install-WindowsUpdate `
            -MicrosoftUpdate `
            -AcceptAll `
            -IgnoreReboot `
            -Install `
            -ErrorAction Continue 2>&1

        # Use a hashtable keyed on Title to keep only the LAST result per update.
        # PSWindowsUpdate emits objects at multiple pipeline stages (search, download,
        # install); overwriting ensures we capture the final post-install ResultCode
        # rather than an early ResultCode=0 (NotStarted).
        $byKey = @{}

        foreach ($u in $rawOutput) {
            if ($null -eq $u -or $u -isnot [PSObject]) { continue }
            if (-not ($u.PSObject.Properties.Name -contains 'Title')) { continue }
            if ([string]::IsNullOrWhiteSpace($u.Title)) { continue }

            $resultCode = 0
            try { $resultCode = [int]$u.ResultCode } catch { $resultCode = 4 }
            $succeeded = ($resultCode -eq 2 -or $resultCode -eq 3)

            # ResultCode=0 means NotStarted — treat as Skipped, not Failed.
            $status = if ($succeeded) { 'Succeeded' } elseif ($resultCode -eq 0) { 'Skipped' } else { 'Failed' }

            $kb = ''
            try {
                if ($u.KBArticleIDs -and $u.KBArticleIDs.Count -gt 0) {
                    $kb = 'KB' + $u.KBArticleIDs[0]
                }
            } catch {}

            $needsReboot = $false
            try { $needsReboot = [bool]$u.RebootRequired } catch {}

            $byKey[$u.Title] = [PSCustomObject]@{
                Identifier     = $kb
                Title          = [string]$u.Title
                Status         = $status
                ErrorMessage   = if ($succeeded -or $resultCode -eq 0) { '' } else { 'ResultCode=' + $resultCode }
                RebootRequired = $needsReboot
                AttemptedAt    = (Get-Date -Format 'o')
            }
        }

        $results = @($byKey.Values)

        if ($results.Count -eq 0) {
            Write-Output '[]'
        } else {
            $results | ConvertTo-Json -Compress
        }
2026-06-17 20:27:49.073 -05:00 [INF] (Thread 72) WindowsUpdateWorker: no updates installed — system reboot is already pending.
2026-06-17 20:27:49.073 -05:00 [INF] (Thread 72) WindowsUpdateWorker: pass complete. Total=3 Succeeded=1 Failed=0 Skipped=2
2026-06-17 20:27:49.073 -05:00 [INF] (Thread 72) WingetWorker: skipping — last run was 2026-06-16T16:17:53.8183052Z (less than 7 days ago).
2026-06-17 20:27:49.073 -05:00 [INF] (Thread 72) UpdateOrchestrator: cycle complete. Total=3 Succeeded=1 Failed=0 RebootRequired=true
2026-06-17 20:27:49.073 -05:00 [INF] (Thread 72) UpdateOrchestrator: reboot required but last reboot was 21.5 hours ago — skipping notification until 2-day minimum has elapsed.
2026-06-17 20:27:49.073 -05:00 [INF] (Thread 72) UpdateBackgroundService: next cycle in "01:00:00".
2026-06-17 21:27:49.091 -05:00 [INF] (Thread 71) SelfUpdater: checking for updates. Current version: 0.26.230.591
2026-06-17 21:27:49.188 -05:00 [INF] (Thread 71) SelfUpdater: remote version = 0.26.230.591.
2026-06-17 21:27:49.188 -05:00 [INF] (Thread 71) SelfUpdater: already up to date.
2026-06-17 21:27:49.188 -05:00 [INF] (Thread 71) UpdateOrchestrator: === Update cycle starting ===
2026-06-17 21:27:49.188 -05:00 [INF] (Thread 71) WindowsUpdateWorker: starting update pass.
2026-06-17 21:27:49.188 -05:00 [INF] (Thread 71) WindowsUpdateWorker: verifying PSWindowsUpdate module.
2026-06-17 21:27:49.190 -05:00 [DBG] (Thread 71) WindowsUpdateWorker: running PS script: $ProgressPreference = 'SilentlyContinue'
            $ErrorActionPreference = 'Stop'
            try {
                if (-not (Get-PackageProvider -Name NuGet -ListAvailable -ErrorAction SilentlyContinue)) {
                    Install-PackageProvider -Name NuGet -MinimumVersion 2.8.5.201 -Force -Scope AllUsers | Out-Null
                }
                Set-PSRepository -Name PSGallery -InstallationPolicy Trusted -ErrorAction SilentlyContinue
                if (-not (Get-Module -ListAvailable -Name PSWindowsUpdate -ErrorAction SilentlyContinue)) {
                    Install-Module PSWindowsUpdate -Force -SkipPublisherCheck -Scope AllUsers | Out-Null
                }
                Import-Module PSWindowsUpdate -Force -ErrorAction Stop
                try {
                    Add-WUServiceManager -MicrosoftUpdate -Confirm:$false -ErrorAction SilentlyContinue | Out-Null
                } catch {}
                Write-Output 'OK'
            } catch {
                Write-Output ('ERROR: ' + $_.Exception.Message)
            }
2026-06-17 21:28:07.649 -05:00 [INF] (Thread 71) WindowsUpdateWorker: PSWindowsUpdate module OK.
2026-06-17 21:28:07.650 -05:00 [DBG] (Thread 71) WindowsUpdateWorker: running PS script: Import-Module PSWindowsUpdate -ErrorAction Stop
        $ProgressPreference = 'SilentlyContinue'

        # Force the Windows Update Agent to scan before installing.
        # Fixes 0x80248007 (WU_E_DS_NODATA) on fresh builds or machines
        # whose update data store has not been initialised yet.
        try {
            Start-Process -FilePath 'UsoClient.exe' `
                -ArgumentList 'StartScan' `
                -Wait -NoNewWindow -ErrorAction SilentlyContinue
            Start-Sleep -Seconds 30
        } catch {}

        # 2>&1 merges stderr into the pipeline mixing strings with update
        # objects -- we filter them out in the foreach loop below.
        $rawOutput = Install-WindowsUpdate `
            -MicrosoftUpdate `
            -AcceptAll `
            -IgnoreReboot `
            -Install `
            -ErrorAction Continue 2>&1

        # Use a hashtable keyed on Title to keep only the LAST result per update.
        # PSWindowsUpdate emits objects at multiple pipeline stages (search, download,
        # install); overwriting ensures we capture the final post-install ResultCode
        # rather than an early ResultCode=0 (NotStarted).
        $byKey = @{}

        foreach ($u in $rawOutput) {
            if ($null -eq $u -or $u -isnot [PSObject]) { continue }
            if (-not ($u.PSObject.Properties.Name -contains 'Title')) { continue }
            if ([string]::IsNullOrWhiteSpace($u.Title)) { continue }

            $resultCode = 0
            try { $resultCode = [int]$u.ResultCode } catch { $resultCode = 4 }
            $succeeded = ($resultCode -eq 2 -or $resultCode -eq 3)

            # ResultCode=0 means NotStarted — treat as Skipped, not Failed.
            $status = if ($succeeded) { 'Succeeded' } elseif ($resultCode -eq 0) { 'Skipped' } else { 'Failed' }

            $kb = ''
            try {
                if ($u.KBArticleIDs -and $u.KBArticleIDs.Count -gt 0) {
                    $kb = 'KB' + $u.KBArticleIDs[0]
                }
            } catch {}

            $needsReboot = $false
            try { $needsReboot = [bool]$u.RebootRequired } catch {}

            $byKey[$u.Title] = [PSCustomObject]@{
                Identifier     = $kb
                Title          = [string]$u.Title
                Status         = $status
                ErrorMessage   = if ($succeeded -or $resultCode -eq 0) { '' } else { 'ResultCode=' + $resultCode }
                RebootRequired = $needsReboot
                AttemptedAt    = (Get-Date -Format 'o')
            }
        }

        $results = @($byKey.Values)

        if ($results.Count -eq 0) {
            Write-Output '[]'
        } else {
            $results | ConvertTo-Json -Compress
        }
2026-06-17 21:28:52.889 -05:00 [INF] (Thread 71) WindowsUpdateWorker: no updates installed — system reboot is already pending.
2026-06-17 21:28:52.889 -05:00 [INF] (Thread 71) WindowsUpdateWorker: pass complete. Total=3 Succeeded=1 Failed=0 Skipped=2
2026-06-17 21:28:52.890 -05:00 [INF] (Thread 71) WingetWorker: skipping — last run was 2026-06-16T16:17:53.8183052Z (less than 7 days ago).
2026-06-17 21:28:52.890 -05:00 [INF] (Thread 71) UpdateOrchestrator: cycle complete. Total=3 Succeeded=1 Failed=0 RebootRequired=true
2026-06-17 21:28:52.890 -05:00 [INF] (Thread 71) UpdateOrchestrator: reboot required but last reboot was 22.5 hours ago — skipping notification until 2-day minimum has elapsed.
2026-06-17 21:28:52.890 -05:00 [INF] (Thread 71) UpdateBackgroundService: next cycle in "01:00:00".
2026-06-17 22:28:52.902 -05:00 [INF] (Thread 71) SelfUpdater: checking for updates. Current version: 0.26.230.591
2026-06-17 22:28:52.976 -05:00 [INF] (Thread 71) SelfUpdater: remote version = 0.26.230.591.
2026-06-17 22:28:52.976 -05:00 [INF] (Thread 71) SelfUpdater: already up to date.
2026-06-17 22:28:52.976 -05:00 [INF] (Thread 71) UpdateOrchestrator: === Update cycle starting ===
2026-06-17 22:28:52.976 -05:00 [INF] (Thread 71) WindowsUpdateWorker: starting update pass.
2026-06-17 22:28:52.976 -05:00 [INF] (Thread 71) WindowsUpdateWorker: verifying PSWindowsUpdate module.
2026-06-17 22:28:52.977 -05:00 [DBG] (Thread 71) WindowsUpdateWorker: running PS script: $ProgressPreference = 'SilentlyContinue'
            $ErrorActionPreference = 'Stop'
            try {
                if (-not (Get-PackageProvider -Name NuGet -ListAvailable -ErrorAction SilentlyContinue)) {
                    Install-PackageProvider -Name NuGet -MinimumVersion 2.8.5.201 -Force -Scope AllUsers | Out-Null
                }
                Set-PSRepository -Name PSGallery -InstallationPolicy Trusted -ErrorAction SilentlyContinue
                if (-not (Get-Module -ListAvailable -Name PSWindowsUpdate -ErrorAction SilentlyContinue)) {
                    Install-Module PSWindowsUpdate -Force -SkipPublisherCheck -Scope AllUsers | Out-Null
                }
                Import-Module PSWindowsUpdate -Force -ErrorAction Stop
                try {
                    Add-WUServiceManager -MicrosoftUpdate -Confirm:$false -ErrorAction SilentlyContinue | Out-Null
                } catch {}
                Write-Output 'OK'
            } catch {
                Write-Output ('ERROR: ' + $_.Exception.Message)
            }
2026-06-17 22:29:17.193 -05:00 [INF] (Thread 77) WindowsUpdateWorker: PSWindowsUpdate module OK.
2026-06-17 22:29:17.194 -05:00 [DBG] (Thread 77) WindowsUpdateWorker: running PS script: Import-Module PSWindowsUpdate -ErrorAction Stop
        $ProgressPreference = 'SilentlyContinue'

        # Force the Windows Update Agent to scan before installing.
        # Fixes 0x80248007 (WU_E_DS_NODATA) on fresh builds or machines
        # whose update data store has not been initialised yet.
        try {
            Start-Process -FilePath 'UsoClient.exe' `
                -ArgumentList 'StartScan' `
                -Wait -NoNewWindow -ErrorAction SilentlyContinue
            Start-Sleep -Seconds 30
        } catch {}

        # 2>&1 merges stderr into the pipeline mixing strings with update
        # objects -- we filter them out in the foreach loop below.
        $rawOutput = Install-WindowsUpdate `
            -MicrosoftUpdate `
            -AcceptAll `
            -IgnoreReboot `
            -Install `
            -ErrorAction Continue 2>&1

        # Use a hashtable keyed on Title to keep only the LAST result per update.
        # PSWindowsUpdate emits objects at multiple pipeline stages (search, download,
        # install); overwriting ensures we capture the final post-install ResultCode
        # rather than an early ResultCode=0 (NotStarted).
        $byKey = @{}

        foreach ($u in $rawOutput) {
            if ($null -eq $u -or $u -isnot [PSObject]) { continue }
            if (-not ($u.PSObject.Properties.Name -contains 'Title')) { continue }
            if ([string]::IsNullOrWhiteSpace($u.Title)) { continue }

            $resultCode = 0
            try { $resultCode = [int]$u.ResultCode } catch { $resultCode = 4 }
            $succeeded = ($resultCode -eq 2 -or $resultCode -eq 3)

            # ResultCode=0 means NotStarted — treat as Skipped, not Failed.
            $status = if ($succeeded) { 'Succeeded' } elseif ($resultCode -eq 0) { 'Skipped' } else { 'Failed' }

            $kb = ''
            try {
                if ($u.KBArticleIDs -and $u.KBArticleIDs.Count -gt 0) {
                    $kb = 'KB' + $u.KBArticleIDs[0]
                }
            } catch {}

            $needsReboot = $false
            try { $needsReboot = [bool]$u.RebootRequired } catch {}

            $byKey[$u.Title] = [PSCustomObject]@{
                Identifier     = $kb
                Title          = [string]$u.Title
                Status         = $status
                ErrorMessage   = if ($succeeded -or $resultCode -eq 0) { '' } else { 'ResultCode=' + $resultCode }
                RebootRequired = $needsReboot
                AttemptedAt    = (Get-Date -Format 'o')
            }
        }

        $results = @($byKey.Values)

        if ($results.Count -eq 0) {
            Write-Output '[]'
        } else {
            $results | ConvertTo-Json -Compress
        }
2026-06-17 22:30:03.692 -05:00 [INF] (Thread 71) WindowsUpdateWorker: no updates installed — system reboot is already pending.
2026-06-17 22:30:03.692 -05:00 [INF] (Thread 71) WindowsUpdateWorker: pass complete. Total=3 Succeeded=1 Failed=0 Skipped=2
2026-06-17 22:30:03.692 -05:00 [INF] (Thread 71) WingetWorker: skipping — last run was 2026-06-16T16:17:53.8183052Z (less than 7 days ago).
2026-06-17 22:30:03.692 -05:00 [INF] (Thread 71) UpdateOrchestrator: cycle complete. Total=3 Succeeded=1 Failed=0 RebootRequired=true
2026-06-17 22:30:03.692 -05:00 [INF] (Thread 71) UpdateOrchestrator: reboot required but last reboot was 23.5 hours ago — skipping notification until 2-day minimum has elapsed.
2026-06-17 22:30:03.692 -05:00 [INF] (Thread 71) UpdateBackgroundService: next cycle in "01:00:00".
2026-06-17 23:30:03.709 -05:00 [INF] (Thread 81) SelfUpdater: checking for updates. Current version: 0.26.230.591
2026-06-17 23:30:03.791 -05:00 [INF] (Thread 71) SelfUpdater: remote version = 0.26.230.591.
2026-06-17 23:30:03.791 -05:00 [INF] (Thread 71) SelfUpdater: already up to date.
2026-06-17 23:30:03.791 -05:00 [INF] (Thread 71) UpdateOrchestrator: === Update cycle starting ===
2026-06-17 23:30:03.791 -05:00 [INF] (Thread 71) WindowsUpdateWorker: starting update pass.
2026-06-17 23:30:03.791 -05:00 [INF] (Thread 71) WindowsUpdateWorker: verifying PSWindowsUpdate module.
2026-06-17 23:30:03.792 -05:00 [DBG] (Thread 71) WindowsUpdateWorker: running PS script: $ProgressPreference = 'SilentlyContinue'
            $ErrorActionPreference = 'Stop'
            try {
                if (-not (Get-PackageProvider -Name NuGet -ListAvailable -ErrorAction SilentlyContinue)) {
                    Install-PackageProvider -Name NuGet -MinimumVersion 2.8.5.201 -Force -Scope AllUsers | Out-Null
                }
                Set-PSRepository -Name PSGallery -InstallationPolicy Trusted -ErrorAction SilentlyContinue
                if (-not (Get-Module -ListAvailable -Name PSWindowsUpdate -ErrorAction SilentlyContinue)) {
                    Install-Module PSWindowsUpdate -Force -SkipPublisherCheck -Scope AllUsers | Out-Null
                }
                Import-Module PSWindowsUpdate -Force -ErrorAction Stop
                try {
                    Add-WUServiceManager -MicrosoftUpdate -Confirm:$false -ErrorAction SilentlyContinue | Out-Null
                } catch {}
                Write-Output 'OK'
            } catch {
                Write-Output ('ERROR: ' + $_.Exception.Message)
            }
2026-06-17 23:30:15.468 -05:00 [INF] (Thread 81) WindowsUpdateWorker: PSWindowsUpdate module OK.
2026-06-17 23:30:15.469 -05:00 [DBG] (Thread 81) WindowsUpdateWorker: running PS script: Import-Module PSWindowsUpdate -ErrorAction Stop
        $ProgressPreference = 'SilentlyContinue'

        # Force the Windows Update Agent to scan before installing.
        # Fixes 0x80248007 (WU_E_DS_NODATA) on fresh builds or machines
        # whose update data store has not been initialised yet.
        try {
            Start-Process -FilePath 'UsoClient.exe' `
                -ArgumentList 'StartScan' `
                -Wait -NoNewWindow -ErrorAction SilentlyContinue
            Start-Sleep -Seconds 30
        } catch {}

        # 2>&1 merges stderr into the pipeline mixing strings with update
        # objects -- we filter them out in the foreach loop below.
        $rawOutput = Install-WindowsUpdate `
            -MicrosoftUpdate `
            -AcceptAll `
            -IgnoreReboot `
            -Install `
            -ErrorAction Continue 2>&1

        # Use a hashtable keyed on Title to keep only the LAST result per update.
        # PSWindowsUpdate emits objects at multiple pipeline stages (search, download,
        # install); overwriting ensures we capture the final post-install ResultCode
        # rather than an early ResultCode=0 (NotStarted).
        $byKey = @{}

        foreach ($u in $rawOutput) {
            if ($null -eq $u -or $u -isnot [PSObject]) { continue }
            if (-not ($u.PSObject.Properties.Name -contains 'Title')) { continue }
            if ([string]::IsNullOrWhiteSpace($u.Title)) { continue }

            $resultCode = 0
            try { $resultCode = [int]$u.ResultCode } catch { $resultCode = 4 }
            $succeeded = ($resultCode -eq 2 -or $resultCode -eq 3)

            # ResultCode=0 means NotStarted — treat as Skipped, not Failed.
            $status = if ($succeeded) { 'Succeeded' } elseif ($resultCode -eq 0) { 'Skipped' } else { 'Failed' }

            $kb = ''
            try {
                if ($u.KBArticleIDs -and $u.KBArticleIDs.Count -gt 0) {
                    $kb = 'KB' + $u.KBArticleIDs[0]
                }
            } catch {}

            $needsReboot = $false
            try { $needsReboot = [bool]$u.RebootRequired } catch {}

            $byKey[$u.Title] = [PSCustomObject]@{
                Identifier     = $kb
                Title          = [string]$u.Title
                Status         = $status
                ErrorMessage   = if ($succeeded -or $resultCode -eq 0) { '' } else { 'ResultCode=' + $resultCode }
                RebootRequired = $needsReboot
                AttemptedAt    = (Get-Date -Format 'o')
            }
        }

        $results = @($byKey.Values)

        if ($results.Count -eq 0) {
            Write-Output '[]'
        } else {
            $results | ConvertTo-Json -Compress
        }
2026-06-17 23:31:04.159 -05:00 [INF] (Thread 83) WindowsUpdateWorker: no updates installed — system reboot is already pending.
2026-06-17 23:31:04.159 -05:00 [INF] (Thread 83) WindowsUpdateWorker: pass complete. Total=3 Succeeded=1 Failed=0 Skipped=2
2026-06-17 23:31:04.159 -05:00 [INF] (Thread 83) WingetWorker: skipping — last run was 2026-06-16T16:17:53.8183052Z (less than 7 days ago).
2026-06-17 23:31:04.159 -05:00 [INF] (Thread 83) UpdateOrchestrator: cycle complete. Total=3 Succeeded=1 Failed=0 RebootRequired=true
2026-06-17 23:31:04.159 -05:00 [INF] (Thread 83) UpdateOrchestrator: reboot required but last reboot was 24.5 hours ago — skipping notification until 2-day minimum has elapsed.
2026-06-17 23:31:04.159 -05:00 [INF] (Thread 83) UpdateBackgroundService: next cycle in "01:00:00".
