2026-08-09 01:00:23.522 -05:00 [INF] (Thread 18) SelfUpdater: checking for updates. Current version: 1.26.586.697
2026-08-09 01:00:27.729 -05:00 [INF] (Thread 23) SelfUpdater: remote version = 1.26.586.697.
2026-08-09 01:00:27.730 -05:00 [INF] (Thread 23) SelfUpdater: already up to date.
2026-08-09 01:00:27.730 -05:00 [INF] (Thread 23) UpdateOrchestrator: === Update cycle starting ===
2026-08-09 01:00:27.730 -05:00 [INF] (Thread 23) WindowsUpdateWorker: starting update pass.
2026-08-09 01:00:27.730 -05:00 [INF] (Thread 23) WindowsUpdateWorker: verifying PSWindowsUpdate module.
2026-08-09 01:00:27.735 -05:00 [DBG] (Thread 23) WindowsUpdateWorker: running PS script: $ProgressPreference = 'SilentlyContinue'
            $ErrorActionPreference = 'Stop'
            try {
                if (-not (Get-PackageProvider -Name NuGet -ListAvailable -ErrorAction SilentlyContinue)) {
                    Install-PackageProvider -Name NuGet -MinimumVersion 2.8.5.201 -Force -Scope AllUsers | Out-Null
                }
                Set-PSRepository -Name PSGallery -InstallationPolicy Trusted -ErrorAction SilentlyContinue
                if (-not (Get-Module -ListAvailable -Name PSWindowsUpdate -ErrorAction SilentlyContinue)) {
                    Install-Module PSWindowsUpdate -Force -SkipPublisherCheck -Scope AllUsers | Out-Null
                }
                Import-Module PSWindowsUpdate -Force -ErrorAction Stop
                try {
                    Add-WUServiceManager -MicrosoftUpdate -Confirm:$false -ErrorAction SilentlyContinue | Out-Null
                } catch {}
                Write-Output 'OK'
            } catch {
                Write-Output ('ERROR: ' + $_.Exception.Message)
            }
2026-08-09 01:01:03.316 -05:00 [INF] (Thread 18) WindowsUpdateWorker: PSWindowsUpdate module OK.
2026-08-09 01:01:03.319 -05:00 [DBG] (Thread 18) WindowsUpdateWorker: running PS script: Import-Module PSWindowsUpdate -ErrorAction Stop
        $ProgressPreference = 'SilentlyContinue'

        # Force the Windows Update Agent to scan before installing.
        # Fixes 0x80248007 (WU_E_DS_NODATA) on fresh builds or machines
        # whose update data store has not been initialised yet.
        try {
            Start-Process -FilePath 'UsoClient.exe' `
                -ArgumentList 'StartScan' `
                -Wait -NoNewWindow -ErrorAction SilentlyContinue
            Start-Sleep -Seconds 30
        } catch {}

        # 2>&1 merges stderr into the pipeline mixing strings with update
        # objects -- we filter them out in the foreach loop below.
        $rawOutput = Install-WindowsUpdate `
            -MicrosoftUpdate `
            -AcceptAll `
            -IgnoreReboot `
            -Install `
            -ErrorAction Continue 2>&1

        # Use a hashtable keyed on Title to keep only the LAST result per update.
        # PSWindowsUpdate emits objects at multiple pipeline stages (search, download,
        # install); overwriting ensures we capture the final post-install ResultCode
        # rather than an early ResultCode=0 (NotStarted).
        $byKey = @{}

        foreach ($u in $rawOutput) {
            if ($null -eq $u -or $u -isnot [PSObject]) { continue }
            if (-not ($u.PSObject.Properties.Name -contains 'Title')) { continue }
            if ([string]::IsNullOrWhiteSpace($u.Title)) { continue }

            $resultCode = 0
            try { $resultCode = [int]$u.ResultCode } catch { $resultCode = 4 }
            $succeeded = ($resultCode -eq 2 -or $resultCode -eq 3)

            # ResultCode=0 means NotStarted — treat as Skipped, not Failed.
            $status = if ($succeeded) { 'Succeeded' } elseif ($resultCode -eq 0) { 'Skipped' } else { 'Failed' }

            $kb = ''
            try {
                if ($u.KBArticleIDs -and $u.KBArticleIDs.Count -gt 0) {
                    $kb = 'KB' + $u.KBArticleIDs[0]
                }
            } catch {}

            $needsReboot = $false
            try { $needsReboot = [bool]$u.RebootRequired } catch {}

            $byKey[$u.Title] = [PSCustomObject]@{
                Identifier     = $kb
                Title          = [string]$u.Title
                Status         = $status
                ErrorMessage   = if ($succeeded -or $resultCode -eq 0) { '' } else { 'ResultCode=' + $resultCode }
                RebootRequired = $needsReboot
                AttemptedAt    = (Get-Date -Format 'o')
            }
        }

        $results = @($byKey.Values)

        if ($results.Count -eq 0) {
            Write-Output '[]'
        } else {
            $results | ConvertTo-Json -Compress
        }
2026-08-09 01:02:55.294 -05:00 [INF] (Thread 22) WindowsUpdateWorker: no updates installed — system reboot is already pending.
2026-08-09 01:02:55.294 -05:00 [INF] (Thread 22) WindowsUpdateWorker: pass complete. Total=2 Succeeded=1 Failed=0 Skipped=1
2026-08-09 01:02:55.340 -05:00 [INF] (Thread 22) WingetWorker: skipping — last run was 2026-08-05T16:07:55.4222298Z (less than 7 days ago).
2026-08-09 01:02:55.340 -05:00 [INF] (Thread 22) UpdateOrchestrator: cycle complete. Total=2 Succeeded=1 Failed=0 RebootRequired=true
2026-08-09 01:02:55.342 -05:00 [INF] (Thread 22) UpdateOrchestrator: reboot required but today is not an allowed reboot day per RebootDoW — skipping notification until the next allowed day.
2026-08-09 01:02:55.342 -05:00 [INF] (Thread 22) UpdateBackgroundService: next cycle in "01:00:00".
2026-08-09 02:13:18.457 -05:00 [INF] (Thread 22) SelfUpdater: checking for updates. Current version: 1.26.586.697
2026-08-09 02:13:18.543 -05:00 [INF] (Thread 25) SelfUpdater: remote version = 1.26.586.697.
2026-08-09 02:13:18.543 -05:00 [INF] (Thread 25) SelfUpdater: already up to date.
2026-08-09 02:13:18.543 -05:00 [INF] (Thread 25) UpdateOrchestrator: === Update cycle starting ===
2026-08-09 02:13:18.543 -05:00 [INF] (Thread 25) WindowsUpdateWorker: starting update pass.
2026-08-09 02:13:18.543 -05:00 [INF] (Thread 25) WindowsUpdateWorker: verifying PSWindowsUpdate module.
2026-08-09 02:13:18.545 -05:00 [DBG] (Thread 25) WindowsUpdateWorker: running PS script: $ProgressPreference = 'SilentlyContinue'
            $ErrorActionPreference = 'Stop'
            try {
                if (-not (Get-PackageProvider -Name NuGet -ListAvailable -ErrorAction SilentlyContinue)) {
                    Install-PackageProvider -Name NuGet -MinimumVersion 2.8.5.201 -Force -Scope AllUsers | Out-Null
                }
                Set-PSRepository -Name PSGallery -InstallationPolicy Trusted -ErrorAction SilentlyContinue
                if (-not (Get-Module -ListAvailable -Name PSWindowsUpdate -ErrorAction SilentlyContinue)) {
                    Install-Module PSWindowsUpdate -Force -SkipPublisherCheck -Scope AllUsers | Out-Null
                }
                Import-Module PSWindowsUpdate -Force -ErrorAction Stop
                try {
                    Add-WUServiceManager -MicrosoftUpdate -Confirm:$false -ErrorAction SilentlyContinue | Out-Null
                } catch {}
                Write-Output 'OK'
            } catch {
                Write-Output ('ERROR: ' + $_.Exception.Message)
            }
2026-08-09 02:13:58.582 -05:00 [INF] (Thread 22) WindowsUpdateWorker: PSWindowsUpdate module OK.
2026-08-09 02:13:58.584 -05:00 [DBG] (Thread 22) WindowsUpdateWorker: running PS script: Import-Module PSWindowsUpdate -ErrorAction Stop
        $ProgressPreference = 'SilentlyContinue'

        # Force the Windows Update Agent to scan before installing.
        # Fixes 0x80248007 (WU_E_DS_NODATA) on fresh builds or machines
        # whose update data store has not been initialised yet.
        try {
            Start-Process -FilePath 'UsoClient.exe' `
                -ArgumentList 'StartScan' `
                -Wait -NoNewWindow -ErrorAction SilentlyContinue
            Start-Sleep -Seconds 30
        } catch {}

        # 2>&1 merges stderr into the pipeline mixing strings with update
        # objects -- we filter them out in the foreach loop below.
        $rawOutput = Install-WindowsUpdate `
            -MicrosoftUpdate `
            -AcceptAll `
            -IgnoreReboot `
            -Install `
            -ErrorAction Continue 2>&1

        # Use a hashtable keyed on Title to keep only the LAST result per update.
        # PSWindowsUpdate emits objects at multiple pipeline stages (search, download,
        # install); overwriting ensures we capture the final post-install ResultCode
        # rather than an early ResultCode=0 (NotStarted).
        $byKey = @{}

        foreach ($u in $rawOutput) {
            if ($null -eq $u -or $u -isnot [PSObject]) { continue }
            if (-not ($u.PSObject.Properties.Name -contains 'Title')) { continue }
            if ([string]::IsNullOrWhiteSpace($u.Title)) { continue }

            $resultCode = 0
            try { $resultCode = [int]$u.ResultCode } catch { $resultCode = 4 }
            $succeeded = ($resultCode -eq 2 -or $resultCode -eq 3)

            # ResultCode=0 means NotStarted — treat as Skipped, not Failed.
            $status = if ($succeeded) { 'Succeeded' } elseif ($resultCode -eq 0) { 'Skipped' } else { 'Failed' }

            $kb = ''
            try {
                if ($u.KBArticleIDs -and $u.KBArticleIDs.Count -gt 0) {
                    $kb = 'KB' + $u.KBArticleIDs[0]
                }
            } catch {}

            $needsReboot = $false
            try { $needsReboot = [bool]$u.RebootRequired } catch {}

            $byKey[$u.Title] = [PSCustomObject]@{
                Identifier     = $kb
                Title          = [string]$u.Title
                Status         = $status
                ErrorMessage   = if ($succeeded -or $resultCode -eq 0) { '' } else { 'ResultCode=' + $resultCode }
                RebootRequired = $needsReboot
                AttemptedAt    = (Get-Date -Format 'o')
            }
        }

        $results = @($byKey.Values)

        if ($results.Count -eq 0) {
            Write-Output '[]'
        } else {
            $results | ConvertTo-Json -Compress
        }
2026-08-09 02:15:39.496 -05:00 [INF] (Thread 21) WindowsUpdateWorker: no updates installed — system reboot is already pending.
2026-08-09 02:15:39.496 -05:00 [INF] (Thread 21) WindowsUpdateWorker: pass complete. Total=2 Succeeded=1 Failed=0 Skipped=1
2026-08-09 02:15:39.497 -05:00 [INF] (Thread 21) WingetWorker: skipping — last run was 2026-08-05T16:07:55.4222298Z (less than 7 days ago).
2026-08-09 02:15:39.497 -05:00 [INF] (Thread 21) UpdateOrchestrator: cycle complete. Total=2 Succeeded=1 Failed=0 RebootRequired=true
2026-08-09 02:15:39.497 -05:00 [INF] (Thread 21) UpdateOrchestrator: reboot required but today is not an allowed reboot day per RebootDoW — skipping notification until the next allowed day.
2026-08-09 02:15:39.497 -05:00 [INF] (Thread 21) UpdateBackgroundService: next cycle in "01:00:00".
2026-08-09 03:25:19.714 -05:00 [INF] (Thread 19) SelfUpdater: checking for updates. Current version: 1.26.586.697
2026-08-09 03:25:19.835 -05:00 [INF] (Thread 23) SelfUpdater: remote version = 1.26.586.697.
2026-08-09 03:25:19.835 -05:00 [INF] (Thread 23) SelfUpdater: already up to date.
2026-08-09 03:25:19.835 -05:00 [INF] (Thread 23) UpdateOrchestrator: === Update cycle starting ===
2026-08-09 03:25:19.835 -05:00 [INF] (Thread 23) WindowsUpdateWorker: starting update pass.
2026-08-09 03:25:19.835 -05:00 [INF] (Thread 23) WindowsUpdateWorker: verifying PSWindowsUpdate module.
2026-08-09 03:25:19.838 -05:00 [DBG] (Thread 18) WindowsUpdateWorker: running PS script: $ProgressPreference = 'SilentlyContinue'
            $ErrorActionPreference = 'Stop'
            try {
                if (-not (Get-PackageProvider -Name NuGet -ListAvailable -ErrorAction SilentlyContinue)) {
                    Install-PackageProvider -Name NuGet -MinimumVersion 2.8.5.201 -Force -Scope AllUsers | Out-Null
                }
                Set-PSRepository -Name PSGallery -InstallationPolicy Trusted -ErrorAction SilentlyContinue
                if (-not (Get-Module -ListAvailable -Name PSWindowsUpdate -ErrorAction SilentlyContinue)) {
                    Install-Module PSWindowsUpdate -Force -SkipPublisherCheck -Scope AllUsers | Out-Null
                }
                Import-Module PSWindowsUpdate -Force -ErrorAction Stop
                try {
                    Add-WUServiceManager -MicrosoftUpdate -Confirm:$false -ErrorAction SilentlyContinue | Out-Null
                } catch {}
                Write-Output 'OK'
            } catch {
                Write-Output ('ERROR: ' + $_.Exception.Message)
            }
2026-08-09 03:25:58.841 -05:00 [INF] (Thread 23) WindowsUpdateWorker: PSWindowsUpdate module OK.
2026-08-09 03:25:58.843 -05:00 [DBG] (Thread 23) WindowsUpdateWorker: running PS script: Import-Module PSWindowsUpdate -ErrorAction Stop
        $ProgressPreference = 'SilentlyContinue'

        # Force the Windows Update Agent to scan before installing.
        # Fixes 0x80248007 (WU_E_DS_NODATA) on fresh builds or machines
        # whose update data store has not been initialised yet.
        try {
            Start-Process -FilePath 'UsoClient.exe' `
                -ArgumentList 'StartScan' `
                -Wait -NoNewWindow -ErrorAction SilentlyContinue
            Start-Sleep -Seconds 30
        } catch {}

        # 2>&1 merges stderr into the pipeline mixing strings with update
        # objects -- we filter them out in the foreach loop below.
        $rawOutput = Install-WindowsUpdate `
            -MicrosoftUpdate `
            -AcceptAll `
            -IgnoreReboot `
            -Install `
            -ErrorAction Continue 2>&1

        # Use a hashtable keyed on Title to keep only the LAST result per update.
        # PSWindowsUpdate emits objects at multiple pipeline stages (search, download,
        # install); overwriting ensures we capture the final post-install ResultCode
        # rather than an early ResultCode=0 (NotStarted).
        $byKey = @{}

        foreach ($u in $rawOutput) {
            if ($null -eq $u -or $u -isnot [PSObject]) { continue }
            if (-not ($u.PSObject.Properties.Name -contains 'Title')) { continue }
            if ([string]::IsNullOrWhiteSpace($u.Title)) { continue }

            $resultCode = 0
            try { $resultCode = [int]$u.ResultCode } catch { $resultCode = 4 }
            $succeeded = ($resultCode -eq 2 -or $resultCode -eq 3)

            # ResultCode=0 means NotStarted — treat as Skipped, not Failed.
            $status = if ($succeeded) { 'Succeeded' } elseif ($resultCode -eq 0) { 'Skipped' } else { 'Failed' }

            $kb = ''
            try {
                if ($u.KBArticleIDs -and $u.KBArticleIDs.Count -gt 0) {
                    $kb = 'KB' + $u.KBArticleIDs[0]
                }
            } catch {}

            $needsReboot = $false
            try { $needsReboot = [bool]$u.RebootRequired } catch {}

            $byKey[$u.Title] = [PSCustomObject]@{
                Identifier     = $kb
                Title          = [string]$u.Title
                Status         = $status
                ErrorMessage   = if ($succeeded -or $resultCode -eq 0) { '' } else { 'ResultCode=' + $resultCode }
                RebootRequired = $needsReboot
                AttemptedAt    = (Get-Date -Format 'o')
            }
        }

        $results = @($byKey.Values)

        if ($results.Count -eq 0) {
            Write-Output '[]'
        } else {
            $results | ConvertTo-Json -Compress
        }
2026-08-09 03:29:35.852 -05:00 [INF] (Thread 10) WindowsUpdateWorker: no updates installed — system reboot is already pending.
2026-08-09 03:29:35.852 -05:00 [INF] (Thread 10) WindowsUpdateWorker: pass complete. Total=2 Succeeded=1 Failed=0 Skipped=1
2026-08-09 03:29:35.853 -05:00 [INF] (Thread 10) WingetWorker: skipping — last run was 2026-08-05T16:07:55.4222298Z (less than 7 days ago).
2026-08-09 03:29:35.853 -05:00 [INF] (Thread 10) UpdateOrchestrator: cycle complete. Total=2 Succeeded=1 Failed=0 RebootRequired=true
2026-08-09 03:29:35.854 -05:00 [INF] (Thread 10) UpdateOrchestrator: reboot required but today is not an allowed reboot day per RebootDoW — skipping notification until the next allowed day.
2026-08-09 03:29:35.854 -05:00 [INF] (Thread 10) UpdateBackgroundService: next cycle in "01:00:00".
2026-08-09 04:34:36.587 -05:00 [INF] (Thread 13) SelfUpdater: checking for updates. Current version: 1.26.586.697
2026-08-09 04:34:36.800 -05:00 [INF] (Thread 19) SelfUpdater: remote version = 1.26.586.697.
2026-08-09 04:34:36.800 -05:00 [INF] (Thread 19) SelfUpdater: already up to date.
2026-08-09 04:34:36.800 -05:00 [INF] (Thread 19) UpdateOrchestrator: === Update cycle starting ===
2026-08-09 04:34:36.800 -05:00 [INF] (Thread 19) WindowsUpdateWorker: starting update pass.
2026-08-09 04:34:36.800 -05:00 [INF] (Thread 19) WindowsUpdateWorker: verifying PSWindowsUpdate module.
2026-08-09 04:34:36.803 -05:00 [DBG] (Thread 13) WindowsUpdateWorker: running PS script: $ProgressPreference = 'SilentlyContinue'
            $ErrorActionPreference = 'Stop'
            try {
                if (-not (Get-PackageProvider -Name NuGet -ListAvailable -ErrorAction SilentlyContinue)) {
                    Install-PackageProvider -Name NuGet -MinimumVersion 2.8.5.201 -Force -Scope AllUsers | Out-Null
                }
                Set-PSRepository -Name PSGallery -InstallationPolicy Trusted -ErrorAction SilentlyContinue
                if (-not (Get-Module -ListAvailable -Name PSWindowsUpdate -ErrorAction SilentlyContinue)) {
                    Install-Module PSWindowsUpdate -Force -SkipPublisherCheck -Scope AllUsers | Out-Null
                }
                Import-Module PSWindowsUpdate -Force -ErrorAction Stop
                try {
                    Add-WUServiceManager -MicrosoftUpdate -Confirm:$false -ErrorAction SilentlyContinue | Out-Null
                } catch {}
                Write-Output 'OK'
            } catch {
                Write-Output ('ERROR: ' + $_.Exception.Message)
            }
2026-08-09 04:35:13.772 -05:00 [INF] (Thread 8) WindowsUpdateWorker: PSWindowsUpdate module OK.
2026-08-09 04:35:13.774 -05:00 [DBG] (Thread 8) WindowsUpdateWorker: running PS script: Import-Module PSWindowsUpdate -ErrorAction Stop
        $ProgressPreference = 'SilentlyContinue'

        # Force the Windows Update Agent to scan before installing.
        # Fixes 0x80248007 (WU_E_DS_NODATA) on fresh builds or machines
        # whose update data store has not been initialised yet.
        try {
            Start-Process -FilePath 'UsoClient.exe' `
                -ArgumentList 'StartScan' `
                -Wait -NoNewWindow -ErrorAction SilentlyContinue
            Start-Sleep -Seconds 30
        } catch {}

        # 2>&1 merges stderr into the pipeline mixing strings with update
        # objects -- we filter them out in the foreach loop below.
        $rawOutput = Install-WindowsUpdate `
            -MicrosoftUpdate `
            -AcceptAll `
            -IgnoreReboot `
            -Install `
            -ErrorAction Continue 2>&1

        # Use a hashtable keyed on Title to keep only the LAST result per update.
        # PSWindowsUpdate emits objects at multiple pipeline stages (search, download,
        # install); overwriting ensures we capture the final post-install ResultCode
        # rather than an early ResultCode=0 (NotStarted).
        $byKey = @{}

        foreach ($u in $rawOutput) {
            if ($null -eq $u -or $u -isnot [PSObject]) { continue }
            if (-not ($u.PSObject.Properties.Name -contains 'Title')) { continue }
            if ([string]::IsNullOrWhiteSpace($u.Title)) { continue }

            $resultCode = 0
            try { $resultCode = [int]$u.ResultCode } catch { $resultCode = 4 }
            $succeeded = ($resultCode -eq 2 -or $resultCode -eq 3)

            # ResultCode=0 means NotStarted — treat as Skipped, not Failed.
            $status = if ($succeeded) { 'Succeeded' } elseif ($resultCode -eq 0) { 'Skipped' } else { 'Failed' }

            $kb = ''
            try {
                if ($u.KBArticleIDs -and $u.KBArticleIDs.Count -gt 0) {
                    $kb = 'KB' + $u.KBArticleIDs[0]
                }
            } catch {}

            $needsReboot = $false
            try { $needsReboot = [bool]$u.RebootRequired } catch {}

            $byKey[$u.Title] = [PSCustomObject]@{
                Identifier     = $kb
                Title          = [string]$u.Title
                Status         = $status
                ErrorMessage   = if ($succeeded -or $resultCode -eq 0) { '' } else { 'ResultCode=' + $resultCode }
                RebootRequired = $needsReboot
                AttemptedAt    = (Get-Date -Format 'o')
            }
        }

        $results = @($byKey.Values)

        if ($results.Count -eq 0) {
            Write-Output '[]'
        } else {
            $results | ConvertTo-Json -Compress
        }
2026-08-09 04:36:51.647 -05:00 [INF] (Thread 8) WindowsUpdateWorker: no updates installed — system reboot is already pending.
2026-08-09 04:36:51.647 -05:00 [INF] (Thread 8) WindowsUpdateWorker: pass complete. Total=2 Succeeded=1 Failed=0 Skipped=1
2026-08-09 04:36:51.647 -05:00 [INF] (Thread 8) WingetWorker: skipping — last run was 2026-08-05T16:07:55.4222298Z (less than 7 days ago).
2026-08-09 04:36:51.647 -05:00 [INF] (Thread 8) UpdateOrchestrator: cycle complete. Total=2 Succeeded=1 Failed=0 RebootRequired=true
2026-08-09 04:36:51.647 -05:00 [INF] (Thread 8) UpdateOrchestrator: reboot required but today is not an allowed reboot day per RebootDoW — skipping notification until the next allowed day.
2026-08-09 04:36:51.647 -05:00 [INF] (Thread 8) UpdateBackgroundService: next cycle in "01:00:00".
2026-08-09 05:46:59.236 -05:00 [INF] (Thread 11) SelfUpdater: checking for updates. Current version: 1.26.586.697
2026-08-09 05:46:59.364 -05:00 [INF] (Thread 8) SelfUpdater: remote version = 1.26.586.697.
2026-08-09 05:46:59.364 -05:00 [INF] (Thread 8) SelfUpdater: already up to date.
2026-08-09 05:46:59.364 -05:00 [INF] (Thread 8) UpdateOrchestrator: === Update cycle starting ===
2026-08-09 05:46:59.364 -05:00 [INF] (Thread 8) WindowsUpdateWorker: starting update pass.
2026-08-09 05:46:59.364 -05:00 [INF] (Thread 8) WindowsUpdateWorker: verifying PSWindowsUpdate module.
2026-08-09 05:46:59.367 -05:00 [DBG] (Thread 8) WindowsUpdateWorker: running PS script: $ProgressPreference = 'SilentlyContinue'
            $ErrorActionPreference = 'Stop'
            try {
                if (-not (Get-PackageProvider -Name NuGet -ListAvailable -ErrorAction SilentlyContinue)) {
                    Install-PackageProvider -Name NuGet -MinimumVersion 2.8.5.201 -Force -Scope AllUsers | Out-Null
                }
                Set-PSRepository -Name PSGallery -InstallationPolicy Trusted -ErrorAction SilentlyContinue
                if (-not (Get-Module -ListAvailable -Name PSWindowsUpdate -ErrorAction SilentlyContinue)) {
                    Install-Module PSWindowsUpdate -Force -SkipPublisherCheck -Scope AllUsers | Out-Null
                }
                Import-Module PSWindowsUpdate -Force -ErrorAction Stop
                try {
                    Add-WUServiceManager -MicrosoftUpdate -Confirm:$false -ErrorAction SilentlyContinue | Out-Null
                } catch {}
                Write-Output 'OK'
            } catch {
                Write-Output ('ERROR: ' + $_.Exception.Message)
            }
2026-08-09 05:47:34.124 -05:00 [INF] (Thread 3) WindowsUpdateWorker: PSWindowsUpdate module OK.
2026-08-09 05:47:34.127 -05:00 [DBG] (Thread 3) WindowsUpdateWorker: running PS script: Import-Module PSWindowsUpdate -ErrorAction Stop
        $ProgressPreference = 'SilentlyContinue'

        # Force the Windows Update Agent to scan before installing.
        # Fixes 0x80248007 (WU_E_DS_NODATA) on fresh builds or machines
        # whose update data store has not been initialised yet.
        try {
            Start-Process -FilePath 'UsoClient.exe' `
                -ArgumentList 'StartScan' `
                -Wait -NoNewWindow -ErrorAction SilentlyContinue
            Start-Sleep -Seconds 30
        } catch {}

        # 2>&1 merges stderr into the pipeline mixing strings with update
        # objects -- we filter them out in the foreach loop below.
        $rawOutput = Install-WindowsUpdate `
            -MicrosoftUpdate `
            -AcceptAll `
            -IgnoreReboot `
            -Install `
            -ErrorAction Continue 2>&1

        # Use a hashtable keyed on Title to keep only the LAST result per update.
        # PSWindowsUpdate emits objects at multiple pipeline stages (search, download,
        # install); overwriting ensures we capture the final post-install ResultCode
        # rather than an early ResultCode=0 (NotStarted).
        $byKey = @{}

        foreach ($u in $rawOutput) {
            if ($null -eq $u -or $u -isnot [PSObject]) { continue }
            if (-not ($u.PSObject.Properties.Name -contains 'Title')) { continue }
            if ([string]::IsNullOrWhiteSpace($u.Title)) { continue }

            $resultCode = 0
            try { $resultCode = [int]$u.ResultCode } catch { $resultCode = 4 }
            $succeeded = ($resultCode -eq 2 -or $resultCode -eq 3)

            # ResultCode=0 means NotStarted — treat as Skipped, not Failed.
            $status = if ($succeeded) { 'Succeeded' } elseif ($resultCode -eq 0) { 'Skipped' } else { 'Failed' }

            $kb = ''
            try {
                if ($u.KBArticleIDs -and $u.KBArticleIDs.Count -gt 0) {
                    $kb = 'KB' + $u.KBArticleIDs[0]
                }
            } catch {}

            $needsReboot = $false
            try { $needsReboot = [bool]$u.RebootRequired } catch {}

            $byKey[$u.Title] = [PSCustomObject]@{
                Identifier     = $kb
                Title          = [string]$u.Title
                Status         = $status
                ErrorMessage   = if ($succeeded -or $resultCode -eq 0) { '' } else { 'ResultCode=' + $resultCode }
                RebootRequired = $needsReboot
                AttemptedAt    = (Get-Date -Format 'o')
            }
        }

        $results = @($byKey.Values)

        if ($results.Count -eq 0) {
            Write-Output '[]'
        } else {
            $results | ConvertTo-Json -Compress
        }
2026-08-09 05:49:11.246 -05:00 [INF] (Thread 11) WindowsUpdateWorker: no updates installed — system reboot is already pending.
2026-08-09 05:49:11.247 -05:00 [INF] (Thread 11) WindowsUpdateWorker: pass complete. Total=2 Succeeded=1 Failed=0 Skipped=1
2026-08-09 05:49:11.247 -05:00 [INF] (Thread 11) WingetWorker: skipping — last run was 2026-08-05T16:07:55.4222298Z (less than 7 days ago).
2026-08-09 05:49:11.247 -05:00 [INF] (Thread 11) UpdateOrchestrator: cycle complete. Total=2 Succeeded=1 Failed=0 RebootRequired=true
2026-08-09 05:49:11.247 -05:00 [INF] (Thread 11) UpdateOrchestrator: reboot required but today is not an allowed reboot day per RebootDoW — skipping notification until the next allowed day.
2026-08-09 05:49:11.247 -05:00 [INF] (Thread 11) UpdateBackgroundService: next cycle in "01:00:00".
2026-08-09 06:59:02.006 -05:00 [INF] (Thread 11) SelfUpdater: checking for updates. Current version: 1.26.586.697
2026-08-09 06:59:02.214 -05:00 [INF] (Thread 11) SelfUpdater: remote version = 1.26.586.697.
2026-08-09 06:59:02.214 -05:00 [INF] (Thread 11) SelfUpdater: already up to date.
2026-08-09 06:59:02.214 -05:00 [INF] (Thread 11) UpdateOrchestrator: === Update cycle starting ===
2026-08-09 06:59:02.214 -05:00 [INF] (Thread 11) WindowsUpdateWorker: starting update pass.
2026-08-09 06:59:02.214 -05:00 [INF] (Thread 11) WindowsUpdateWorker: verifying PSWindowsUpdate module.
2026-08-09 06:59:02.220 -05:00 [DBG] (Thread 11) WindowsUpdateWorker: running PS script: $ProgressPreference = 'SilentlyContinue'
            $ErrorActionPreference = 'Stop'
            try {
                if (-not (Get-PackageProvider -Name NuGet -ListAvailable -ErrorAction SilentlyContinue)) {
                    Install-PackageProvider -Name NuGet -MinimumVersion 2.8.5.201 -Force -Scope AllUsers | Out-Null
                }
                Set-PSRepository -Name PSGallery -InstallationPolicy Trusted -ErrorAction SilentlyContinue
                if (-not (Get-Module -ListAvailable -Name PSWindowsUpdate -ErrorAction SilentlyContinue)) {
                    Install-Module PSWindowsUpdate -Force -SkipPublisherCheck -Scope AllUsers | Out-Null
                }
                Import-Module PSWindowsUpdate -Force -ErrorAction Stop
                try {
                    Add-WUServiceManager -MicrosoftUpdate -Confirm:$false -ErrorAction SilentlyContinue | Out-Null
                } catch {}
                Write-Output 'OK'
            } catch {
                Write-Output ('ERROR: ' + $_.Exception.Message)
            }
2026-08-09 06:59:40.829 -05:00 [INF] (Thread 26) WindowsUpdateWorker: PSWindowsUpdate module OK.
2026-08-09 06:59:40.832 -05:00 [DBG] (Thread 26) WindowsUpdateWorker: running PS script: Import-Module PSWindowsUpdate -ErrorAction Stop
        $ProgressPreference = 'SilentlyContinue'

        # Force the Windows Update Agent to scan before installing.
        # Fixes 0x80248007 (WU_E_DS_NODATA) on fresh builds or machines
        # whose update data store has not been initialised yet.
        try {
            Start-Process -FilePath 'UsoClient.exe' `
                -ArgumentList 'StartScan' `
                -Wait -NoNewWindow -ErrorAction SilentlyContinue
            Start-Sleep -Seconds 30
        } catch {}

        # 2>&1 merges stderr into the pipeline mixing strings with update
        # objects -- we filter them out in the foreach loop below.
        $rawOutput = Install-WindowsUpdate `
            -MicrosoftUpdate `
            -AcceptAll `
            -IgnoreReboot `
            -Install `
            -ErrorAction Continue 2>&1

        # Use a hashtable keyed on Title to keep only the LAST result per update.
        # PSWindowsUpdate emits objects at multiple pipeline stages (search, download,
        # install); overwriting ensures we capture the final post-install ResultCode
        # rather than an early ResultCode=0 (NotStarted).
        $byKey = @{}

        foreach ($u in $rawOutput) {
            if ($null -eq $u -or $u -isnot [PSObject]) { continue }
            if (-not ($u.PSObject.Properties.Name -contains 'Title')) { continue }
            if ([string]::IsNullOrWhiteSpace($u.Title)) { continue }

            $resultCode = 0
            try { $resultCode = [int]$u.ResultCode } catch { $resultCode = 4 }
            $succeeded = ($resultCode -eq 2 -or $resultCode -eq 3)

            # ResultCode=0 means NotStarted — treat as Skipped, not Failed.
            $status = if ($succeeded) { 'Succeeded' } elseif ($resultCode -eq 0) { 'Skipped' } else { 'Failed' }

            $kb = ''
            try {
                if ($u.KBArticleIDs -and $u.KBArticleIDs.Count -gt 0) {
                    $kb = 'KB' + $u.KBArticleIDs[0]
                }
            } catch {}

            $needsReboot = $false
            try { $needsReboot = [bool]$u.RebootRequired } catch {}

            $byKey[$u.Title] = [PSCustomObject]@{
                Identifier     = $kb
                Title          = [string]$u.Title
                Status         = $status
                ErrorMessage   = if ($succeeded -or $resultCode -eq 0) { '' } else { 'ResultCode=' + $resultCode }
                RebootRequired = $needsReboot
                AttemptedAt    = (Get-Date -Format 'o')
            }
        }

        $results = @($byKey.Values)

        if ($results.Count -eq 0) {
            Write-Output '[]'
        } else {
            $results | ConvertTo-Json -Compress
        }
2026-08-09 07:01:25.931 -05:00 [INF] (Thread 26) WindowsUpdateWorker: no updates installed — system reboot is already pending.
2026-08-09 07:01:25.931 -05:00 [INF] (Thread 26) WindowsUpdateWorker: pass complete. Total=2 Succeeded=1 Failed=0 Skipped=1
2026-08-09 07:01:25.932 -05:00 [INF] (Thread 26) WingetWorker: skipping — last run was 2026-08-05T16:07:55.4222298Z (less than 7 days ago).
2026-08-09 07:01:25.932 -05:00 [INF] (Thread 26) UpdateOrchestrator: cycle complete. Total=2 Succeeded=1 Failed=0 RebootRequired=true
2026-08-09 07:01:25.932 -05:00 [INF] (Thread 26) UpdateOrchestrator: reboot required but today is not an allowed reboot day per RebootDoW — skipping notification until the next allowed day.
2026-08-09 07:01:25.932 -05:00 [INF] (Thread 26) UpdateBackgroundService: next cycle in "01:00:00".
2026-08-09 08:10:38.084 -05:00 [INF] (Thread 26) SelfUpdater: checking for updates. Current version: 1.26.586.697
2026-08-09 08:10:38.216 -05:00 [INF] (Thread 26) SelfUpdater: remote version = 1.26.586.697.
2026-08-09 08:10:38.217 -05:00 [INF] (Thread 26) SelfUpdater: already up to date.
2026-08-09 08:10:38.217 -05:00 [INF] (Thread 26) UpdateOrchestrator: === Update cycle starting ===
2026-08-09 08:10:38.217 -05:00 [INF] (Thread 26) WindowsUpdateWorker: starting update pass.
2026-08-09 08:10:38.217 -05:00 [INF] (Thread 26) WindowsUpdateWorker: verifying PSWindowsUpdate module.
2026-08-09 08:10:38.220 -05:00 [DBG] (Thread 26) WindowsUpdateWorker: running PS script: $ProgressPreference = 'SilentlyContinue'
            $ErrorActionPreference = 'Stop'
            try {
                if (-not (Get-PackageProvider -Name NuGet -ListAvailable -ErrorAction SilentlyContinue)) {
                    Install-PackageProvider -Name NuGet -MinimumVersion 2.8.5.201 -Force -Scope AllUsers | Out-Null
                }
                Set-PSRepository -Name PSGallery -InstallationPolicy Trusted -ErrorAction SilentlyContinue
                if (-not (Get-Module -ListAvailable -Name PSWindowsUpdate -ErrorAction SilentlyContinue)) {
                    Install-Module PSWindowsUpdate -Force -SkipPublisherCheck -Scope AllUsers | Out-Null
                }
                Import-Module PSWindowsUpdate -Force -ErrorAction Stop
                try {
                    Add-WUServiceManager -MicrosoftUpdate -Confirm:$false -ErrorAction SilentlyContinue | Out-Null
                } catch {}
                Write-Output 'OK'
            } catch {
                Write-Output ('ERROR: ' + $_.Exception.Message)
            }
2026-08-09 08:11:16.783 -05:00 [INF] (Thread 11) WindowsUpdateWorker: PSWindowsUpdate module OK.
2026-08-09 08:11:16.786 -05:00 [DBG] (Thread 11) WindowsUpdateWorker: running PS script: Import-Module PSWindowsUpdate -ErrorAction Stop
        $ProgressPreference = 'SilentlyContinue'

        # Force the Windows Update Agent to scan before installing.
        # Fixes 0x80248007 (WU_E_DS_NODATA) on fresh builds or machines
        # whose update data store has not been initialised yet.
        try {
            Start-Process -FilePath 'UsoClient.exe' `
                -ArgumentList 'StartScan' `
                -Wait -NoNewWindow -ErrorAction SilentlyContinue
            Start-Sleep -Seconds 30
        } catch {}

        # 2>&1 merges stderr into the pipeline mixing strings with update
        # objects -- we filter them out in the foreach loop below.
        $rawOutput = Install-WindowsUpdate `
            -MicrosoftUpdate `
            -AcceptAll `
            -IgnoreReboot `
            -Install `
            -ErrorAction Continue 2>&1

        # Use a hashtable keyed on Title to keep only the LAST result per update.
        # PSWindowsUpdate emits objects at multiple pipeline stages (search, download,
        # install); overwriting ensures we capture the final post-install ResultCode
        # rather than an early ResultCode=0 (NotStarted).
        $byKey = @{}

        foreach ($u in $rawOutput) {
            if ($null -eq $u -or $u -isnot [PSObject]) { continue }
            if (-not ($u.PSObject.Properties.Name -contains 'Title')) { continue }
            if ([string]::IsNullOrWhiteSpace($u.Title)) { continue }

            $resultCode = 0
            try { $resultCode = [int]$u.ResultCode } catch { $resultCode = 4 }
            $succeeded = ($resultCode -eq 2 -or $resultCode -eq 3)

            # ResultCode=0 means NotStarted — treat as Skipped, not Failed.
            $status = if ($succeeded) { 'Succeeded' } elseif ($resultCode -eq 0) { 'Skipped' } else { 'Failed' }

            $kb = ''
            try {
                if ($u.KBArticleIDs -and $u.KBArticleIDs.Count -gt 0) {
                    $kb = 'KB' + $u.KBArticleIDs[0]
                }
            } catch {}

            $needsReboot = $false
            try { $needsReboot = [bool]$u.RebootRequired } catch {}

            $byKey[$u.Title] = [PSCustomObject]@{
                Identifier     = $kb
                Title          = [string]$u.Title
                Status         = $status
                ErrorMessage   = if ($succeeded -or $resultCode -eq 0) { '' } else { 'ResultCode=' + $resultCode }
                RebootRequired = $needsReboot
                AttemptedAt    = (Get-Date -Format 'o')
            }
        }

        $results = @($byKey.Values)

        if ($results.Count -eq 0) {
            Write-Output '[]'
        } else {
            $results | ConvertTo-Json -Compress
        }
2026-08-09 08:17:07.265 -05:00 [INF] (Thread 21) WindowsUpdateWorker: no updates installed — system reboot is already pending.
2026-08-09 08:17:07.267 -05:00 [INF] (Thread 21) WindowsUpdateWorker: pass complete. Total=2 Succeeded=1 Failed=0 Skipped=1
2026-08-09 08:17:07.269 -05:00 [INF] (Thread 21) WingetWorker: skipping — last run was 2026-08-05T16:07:55.4222298Z (less than 7 days ago).
2026-08-09 08:17:07.269 -05:00 [INF] (Thread 21) UpdateOrchestrator: cycle complete. Total=2 Succeeded=1 Failed=0 RebootRequired=true
2026-08-09 08:17:07.269 -05:00 [INF] (Thread 21) UpdateOrchestrator: reboot required but today is not an allowed reboot day per RebootDoW — skipping notification until the next allowed day.
2026-08-09 08:17:07.269 -05:00 [INF] (Thread 21) UpdateBackgroundService: next cycle in "01:00:00".
2026-08-09 09:22:18.578 -05:00 [INF] (Thread 26) SelfUpdater: checking for updates. Current version: 1.26.586.697
2026-08-09 09:22:18.705 -05:00 [INF] (Thread 21) SelfUpdater: remote version = 1.26.586.697.
2026-08-09 09:22:18.705 -05:00 [INF] (Thread 21) SelfUpdater: already up to date.
2026-08-09 09:22:18.705 -05:00 [INF] (Thread 21) UpdateOrchestrator: === Update cycle starting ===
2026-08-09 09:22:18.705 -05:00 [INF] (Thread 21) WindowsUpdateWorker: starting update pass.
2026-08-09 09:22:18.705 -05:00 [INF] (Thread 21) WindowsUpdateWorker: verifying PSWindowsUpdate module.
2026-08-09 09:22:18.708 -05:00 [DBG] (Thread 8) WindowsUpdateWorker: running PS script: $ProgressPreference = 'SilentlyContinue'
            $ErrorActionPreference = 'Stop'
            try {
                if (-not (Get-PackageProvider -Name NuGet -ListAvailable -ErrorAction SilentlyContinue)) {
                    Install-PackageProvider -Name NuGet -MinimumVersion 2.8.5.201 -Force -Scope AllUsers | Out-Null
                }
                Set-PSRepository -Name PSGallery -InstallationPolicy Trusted -ErrorAction SilentlyContinue
                if (-not (Get-Module -ListAvailable -Name PSWindowsUpdate -ErrorAction SilentlyContinue)) {
                    Install-Module PSWindowsUpdate -Force -SkipPublisherCheck -Scope AllUsers | Out-Null
                }
                Import-Module PSWindowsUpdate -Force -ErrorAction Stop
                try {
                    Add-WUServiceManager -MicrosoftUpdate -Confirm:$false -ErrorAction SilentlyContinue | Out-Null
                } catch {}
                Write-Output 'OK'
            } catch {
                Write-Output ('ERROR: ' + $_.Exception.Message)
            }
2026-08-09 09:23:01.196 -05:00 [INF] (Thread 21) WindowsUpdateWorker: PSWindowsUpdate module OK.
2026-08-09 09:23:01.198 -05:00 [DBG] (Thread 11) WindowsUpdateWorker: running PS script: Import-Module PSWindowsUpdate -ErrorAction Stop
        $ProgressPreference = 'SilentlyContinue'

        # Force the Windows Update Agent to scan before installing.
        # Fixes 0x80248007 (WU_E_DS_NODATA) on fresh builds or machines
        # whose update data store has not been initialised yet.
        try {
            Start-Process -FilePath 'UsoClient.exe' `
                -ArgumentList 'StartScan' `
                -Wait -NoNewWindow -ErrorAction SilentlyContinue
            Start-Sleep -Seconds 30
        } catch {}

        # 2>&1 merges stderr into the pipeline mixing strings with update
        # objects -- we filter them out in the foreach loop below.
        $rawOutput = Install-WindowsUpdate `
            -MicrosoftUpdate `
            -AcceptAll `
            -IgnoreReboot `
            -Install `
            -ErrorAction Continue 2>&1

        # Use a hashtable keyed on Title to keep only the LAST result per update.
        # PSWindowsUpdate emits objects at multiple pipeline stages (search, download,
        # install); overwriting ensures we capture the final post-install ResultCode
        # rather than an early ResultCode=0 (NotStarted).
        $byKey = @{}

        foreach ($u in $rawOutput) {
            if ($null -eq $u -or $u -isnot [PSObject]) { continue }
            if (-not ($u.PSObject.Properties.Name -contains 'Title')) { continue }
            if ([string]::IsNullOrWhiteSpace($u.Title)) { continue }

            $resultCode = 0
            try { $resultCode = [int]$u.ResultCode } catch { $resultCode = 4 }
            $succeeded = ($resultCode -eq 2 -or $resultCode -eq 3)

            # ResultCode=0 means NotStarted — treat as Skipped, not Failed.
            $status = if ($succeeded) { 'Succeeded' } elseif ($resultCode -eq 0) { 'Skipped' } else { 'Failed' }

            $kb = ''
            try {
                if ($u.KBArticleIDs -and $u.KBArticleIDs.Count -gt 0) {
                    $kb = 'KB' + $u.KBArticleIDs[0]
                }
            } catch {}

            $needsReboot = $false
            try { $needsReboot = [bool]$u.RebootRequired } catch {}

            $byKey[$u.Title] = [PSCustomObject]@{
                Identifier     = $kb
                Title          = [string]$u.Title
                Status         = $status
                ErrorMessage   = if ($succeeded -or $resultCode -eq 0) { '' } else { 'ResultCode=' + $resultCode }
                RebootRequired = $needsReboot
                AttemptedAt    = (Get-Date -Format 'o')
            }
        }

        $results = @($byKey.Values)

        if ($results.Count -eq 0) {
            Write-Output '[]'
        } else {
            $results | ConvertTo-Json -Compress
        }
2026-08-09 09:24:38.001 -05:00 [INF] (Thread 11) WindowsUpdateWorker: no updates installed — system reboot is already pending.
2026-08-09 09:24:38.001 -05:00 [INF] (Thread 11) WindowsUpdateWorker: pass complete. Total=2 Succeeded=1 Failed=0 Skipped=1
2026-08-09 09:24:38.001 -05:00 [INF] (Thread 11) WingetWorker: skipping — last run was 2026-08-05T16:07:55.4222298Z (less than 7 days ago).
2026-08-09 09:24:38.001 -05:00 [INF] (Thread 11) UpdateOrchestrator: cycle complete. Total=2 Succeeded=1 Failed=0 RebootRequired=true
2026-08-09 09:24:38.001 -05:00 [INF] (Thread 11) UpdateOrchestrator: reboot required but today is not an allowed reboot day per RebootDoW — skipping notification until the next allowed day.
2026-08-09 09:24:38.001 -05:00 [INF] (Thread 11) UpdateBackgroundService: next cycle in "01:00:00".
2026-08-09 10:34:45.517 -05:00 [INF] (Thread 24) SelfUpdater: checking for updates. Current version: 1.26.586.697
2026-08-09 10:34:45.611 -05:00 [INF] (Thread 21) SelfUpdater: remote version = 1.26.586.697.
2026-08-09 10:34:45.611 -05:00 [INF] (Thread 21) SelfUpdater: already up to date.
2026-08-09 10:34:45.611 -05:00 [INF] (Thread 21) UpdateOrchestrator: === Update cycle starting ===
2026-08-09 10:34:45.611 -05:00 [INF] (Thread 21) WindowsUpdateWorker: starting update pass.
2026-08-09 10:34:45.611 -05:00 [INF] (Thread 21) WindowsUpdateWorker: verifying PSWindowsUpdate module.
2026-08-09 10:34:45.614 -05:00 [DBG] (Thread 21) WindowsUpdateWorker: running PS script: $ProgressPreference = 'SilentlyContinue'
            $ErrorActionPreference = 'Stop'
            try {
                if (-not (Get-PackageProvider -Name NuGet -ListAvailable -ErrorAction SilentlyContinue)) {
                    Install-PackageProvider -Name NuGet -MinimumVersion 2.8.5.201 -Force -Scope AllUsers | Out-Null
                }
                Set-PSRepository -Name PSGallery -InstallationPolicy Trusted -ErrorAction SilentlyContinue
                if (-not (Get-Module -ListAvailable -Name PSWindowsUpdate -ErrorAction SilentlyContinue)) {
                    Install-Module PSWindowsUpdate -Force -SkipPublisherCheck -Scope AllUsers | Out-Null
                }
                Import-Module PSWindowsUpdate -Force -ErrorAction Stop
                try {
                    Add-WUServiceManager -MicrosoftUpdate -Confirm:$false -ErrorAction SilentlyContinue | Out-Null
                } catch {}
                Write-Output 'OK'
            } catch {
                Write-Output ('ERROR: ' + $_.Exception.Message)
            }
2026-08-09 10:35:22.607 -05:00 [INF] (Thread 17) WindowsUpdateWorker: PSWindowsUpdate module OK.
2026-08-09 10:35:22.609 -05:00 [DBG] (Thread 17) WindowsUpdateWorker: running PS script: Import-Module PSWindowsUpdate -ErrorAction Stop
        $ProgressPreference = 'SilentlyContinue'

        # Force the Windows Update Agent to scan before installing.
        # Fixes 0x80248007 (WU_E_DS_NODATA) on fresh builds or machines
        # whose update data store has not been initialised yet.
        try {
            Start-Process -FilePath 'UsoClient.exe' `
                -ArgumentList 'StartScan' `
                -Wait -NoNewWindow -ErrorAction SilentlyContinue
            Start-Sleep -Seconds 30
        } catch {}

        # 2>&1 merges stderr into the pipeline mixing strings with update
        # objects -- we filter them out in the foreach loop below.
        $rawOutput = Install-WindowsUpdate `
            -MicrosoftUpdate `
            -AcceptAll `
            -IgnoreReboot `
            -Install `
            -ErrorAction Continue 2>&1

        # Use a hashtable keyed on Title to keep only the LAST result per update.
        # PSWindowsUpdate emits objects at multiple pipeline stages (search, download,
        # install); overwriting ensures we capture the final post-install ResultCode
        # rather than an early ResultCode=0 (NotStarted).
        $byKey = @{}

        foreach ($u in $rawOutput) {
            if ($null -eq $u -or $u -isnot [PSObject]) { continue }
            if (-not ($u.PSObject.Properties.Name -contains 'Title')) { continue }
            if ([string]::IsNullOrWhiteSpace($u.Title)) { continue }

            $resultCode = 0
            try { $resultCode = [int]$u.ResultCode } catch { $resultCode = 4 }
            $succeeded = ($resultCode -eq 2 -or $resultCode -eq 3)

            # ResultCode=0 means NotStarted — treat as Skipped, not Failed.
            $status = if ($succeeded) { 'Succeeded' } elseif ($resultCode -eq 0) { 'Skipped' } else { 'Failed' }

            $kb = ''
            try {
                if ($u.KBArticleIDs -and $u.KBArticleIDs.Count -gt 0) {
                    $kb = 'KB' + $u.KBArticleIDs[0]
                }
            } catch {}

            $needsReboot = $false
            try { $needsReboot = [bool]$u.RebootRequired } catch {}

            $byKey[$u.Title] = [PSCustomObject]@{
                Identifier     = $kb
                Title          = [string]$u.Title
                Status         = $status
                ErrorMessage   = if ($succeeded -or $resultCode -eq 0) { '' } else { 'ResultCode=' + $resultCode }
                RebootRequired = $needsReboot
                AttemptedAt    = (Get-Date -Format 'o')
            }
        }

        $results = @($byKey.Values)

        if ($results.Count -eq 0) {
            Write-Output '[]'
        } else {
            $results | ConvertTo-Json -Compress
        }
2026-08-09 10:37:05.072 -05:00 [INF] (Thread 21) WindowsUpdateWorker: no updates installed — system reboot is already pending.
2026-08-09 10:37:05.072 -05:00 [INF] (Thread 21) WindowsUpdateWorker: pass complete. Total=2 Succeeded=1 Failed=0 Skipped=1
2026-08-09 10:37:05.074 -05:00 [INF] (Thread 21) WingetWorker: skipping — last run was 2026-08-05T16:07:55.4222298Z (less than 7 days ago).
2026-08-09 10:37:05.074 -05:00 [INF] (Thread 21) UpdateOrchestrator: cycle complete. Total=2 Succeeded=1 Failed=0 RebootRequired=true
2026-08-09 10:37:05.074 -05:00 [INF] (Thread 21) UpdateOrchestrator: reboot required but today is not an allowed reboot day per RebootDoW — skipping notification until the next allowed day.
2026-08-09 10:37:05.074 -05:00 [INF] (Thread 21) UpdateBackgroundService: next cycle in "01:00:00".
2026-08-09 11:47:26.928 -05:00 [INF] (Thread 17) SelfUpdater: checking for updates. Current version: 1.26.586.697
2026-08-09 11:47:27.913 -05:00 [INF] (Thread 21) SelfUpdater: remote version = 1.26.586.697.
2026-08-09 11:47:27.914 -05:00 [INF] (Thread 21) SelfUpdater: already up to date.
2026-08-09 11:47:27.914 -05:00 [INF] (Thread 21) UpdateOrchestrator: === Update cycle starting ===
2026-08-09 11:47:27.914 -05:00 [INF] (Thread 21) WindowsUpdateWorker: starting update pass.
2026-08-09 11:47:27.914 -05:00 [INF] (Thread 21) WindowsUpdateWorker: verifying PSWindowsUpdate module.
2026-08-09 11:47:27.918 -05:00 [DBG] (Thread 21) WindowsUpdateWorker: running PS script: $ProgressPreference = 'SilentlyContinue'
            $ErrorActionPreference = 'Stop'
            try {
                if (-not (Get-PackageProvider -Name NuGet -ListAvailable -ErrorAction SilentlyContinue)) {
                    Install-PackageProvider -Name NuGet -MinimumVersion 2.8.5.201 -Force -Scope AllUsers | Out-Null
                }
                Set-PSRepository -Name PSGallery -InstallationPolicy Trusted -ErrorAction SilentlyContinue
                if (-not (Get-Module -ListAvailable -Name PSWindowsUpdate -ErrorAction SilentlyContinue)) {
                    Install-Module PSWindowsUpdate -Force -SkipPublisherCheck -Scope AllUsers | Out-Null
                }
                Import-Module PSWindowsUpdate -Force -ErrorAction Stop
                try {
                    Add-WUServiceManager -MicrosoftUpdate -Confirm:$false -ErrorAction SilentlyContinue | Out-Null
                } catch {}
                Write-Output 'OK'
            } catch {
                Write-Output ('ERROR: ' + $_.Exception.Message)
            }
2026-08-09 11:48:05.148 -05:00 [INF] (Thread 20) WindowsUpdateWorker: PSWindowsUpdate module OK.
2026-08-09 11:48:05.150 -05:00 [DBG] (Thread 20) WindowsUpdateWorker: running PS script: Import-Module PSWindowsUpdate -ErrorAction Stop
        $ProgressPreference = 'SilentlyContinue'

        # Force the Windows Update Agent to scan before installing.
        # Fixes 0x80248007 (WU_E_DS_NODATA) on fresh builds or machines
        # whose update data store has not been initialised yet.
        try {
            Start-Process -FilePath 'UsoClient.exe' `
                -ArgumentList 'StartScan' `
                -Wait -NoNewWindow -ErrorAction SilentlyContinue
            Start-Sleep -Seconds 30
        } catch {}

        # 2>&1 merges stderr into the pipeline mixing strings with update
        # objects -- we filter them out in the foreach loop below.
        $rawOutput = Install-WindowsUpdate `
            -MicrosoftUpdate `
            -AcceptAll `
            -IgnoreReboot `
            -Install `
            -ErrorAction Continue 2>&1

        # Use a hashtable keyed on Title to keep only the LAST result per update.
        # PSWindowsUpdate emits objects at multiple pipeline stages (search, download,
        # install); overwriting ensures we capture the final post-install ResultCode
        # rather than an early ResultCode=0 (NotStarted).
        $byKey = @{}

        foreach ($u in $rawOutput) {
            if ($null -eq $u -or $u -isnot [PSObject]) { continue }
            if (-not ($u.PSObject.Properties.Name -contains 'Title')) { continue }
            if ([string]::IsNullOrWhiteSpace($u.Title)) { continue }

            $resultCode = 0
            try { $resultCode = [int]$u.ResultCode } catch { $resultCode = 4 }
            $succeeded = ($resultCode -eq 2 -or $resultCode -eq 3)

            # ResultCode=0 means NotStarted — treat as Skipped, not Failed.
            $status = if ($succeeded) { 'Succeeded' } elseif ($resultCode -eq 0) { 'Skipped' } else { 'Failed' }

            $kb = ''
            try {
                if ($u.KBArticleIDs -and $u.KBArticleIDs.Count -gt 0) {
                    $kb = 'KB' + $u.KBArticleIDs[0]
                }
            } catch {}

            $needsReboot = $false
            try { $needsReboot = [bool]$u.RebootRequired } catch {}

            $byKey[$u.Title] = [PSCustomObject]@{
                Identifier     = $kb
                Title          = [string]$u.Title
                Status         = $status
                ErrorMessage   = if ($succeeded -or $resultCode -eq 0) { '' } else { 'ResultCode=' + $resultCode }
                RebootRequired = $needsReboot
                AttemptedAt    = (Get-Date -Format 'o')
            }
        }

        $results = @($byKey.Values)

        if ($results.Count -eq 0) {
            Write-Output '[]'
        } else {
            $results | ConvertTo-Json -Compress
        }
2026-08-09 11:49:44.006 -05:00 [INF] (Thread 21) WindowsUpdateWorker: no updates installed — system reboot is already pending.
2026-08-09 11:49:44.006 -05:00 [INF] (Thread 21) WindowsUpdateWorker: pass complete. Total=2 Succeeded=1 Failed=0 Skipped=1
2026-08-09 11:49:44.007 -05:00 [INF] (Thread 21) WingetWorker: skipping — last run was 2026-08-05T16:07:55.4222298Z (less than 7 days ago).
2026-08-09 11:49:44.007 -05:00 [INF] (Thread 21) UpdateOrchestrator: cycle complete. Total=2 Succeeded=1 Failed=0 RebootRequired=true
2026-08-09 11:49:44.007 -05:00 [INF] (Thread 21) UpdateOrchestrator: reboot required but today is not an allowed reboot day per RebootDoW — skipping notification until the next allowed day.
2026-08-09 11:49:44.007 -05:00 [INF] (Thread 21) UpdateBackgroundService: next cycle in "01:00:00".
2026-08-09 13:00:05.052 -05:00 [INF] (Thread 10) SelfUpdater: checking for updates. Current version: 1.26.586.697
2026-08-09 13:00:05.159 -05:00 [INF] (Thread 24) SelfUpdater: remote version = 1.26.586.697.
2026-08-09 13:00:05.159 -05:00 [INF] (Thread 24) SelfUpdater: already up to date.
2026-08-09 13:00:05.159 -05:00 [INF] (Thread 24) UpdateOrchestrator: === Update cycle starting ===
2026-08-09 13:00:05.159 -05:00 [INF] (Thread 24) WindowsUpdateWorker: starting update pass.
2026-08-09 13:00:05.159 -05:00 [INF] (Thread 24) WindowsUpdateWorker: verifying PSWindowsUpdate module.
2026-08-09 13:00:05.163 -05:00 [DBG] (Thread 20) WindowsUpdateWorker: running PS script: $ProgressPreference = 'SilentlyContinue'
            $ErrorActionPreference = 'Stop'
            try {
                if (-not (Get-PackageProvider -Name NuGet -ListAvailable -ErrorAction SilentlyContinue)) {
                    Install-PackageProvider -Name NuGet -MinimumVersion 2.8.5.201 -Force -Scope AllUsers | Out-Null
                }
                Set-PSRepository -Name PSGallery -InstallationPolicy Trusted -ErrorAction SilentlyContinue
                if (-not (Get-Module -ListAvailable -Name PSWindowsUpdate -ErrorAction SilentlyContinue)) {
                    Install-Module PSWindowsUpdate -Force -SkipPublisherCheck -Scope AllUsers | Out-Null
                }
                Import-Module PSWindowsUpdate -Force -ErrorAction Stop
                try {
                    Add-WUServiceManager -MicrosoftUpdate -Confirm:$false -ErrorAction SilentlyContinue | Out-Null
                } catch {}
                Write-Output 'OK'
            } catch {
                Write-Output ('ERROR: ' + $_.Exception.Message)
            }
2026-08-09 13:00:43.860 -05:00 [INF] (Thread 17) WindowsUpdateWorker: PSWindowsUpdate module OK.
2026-08-09 13:00:43.862 -05:00 [DBG] (Thread 17) WindowsUpdateWorker: running PS script: Import-Module PSWindowsUpdate -ErrorAction Stop
        $ProgressPreference = 'SilentlyContinue'

        # Force the Windows Update Agent to scan before installing.
        # Fixes 0x80248007 (WU_E_DS_NODATA) on fresh builds or machines
        # whose update data store has not been initialised yet.
        try {
            Start-Process -FilePath 'UsoClient.exe' `
                -ArgumentList 'StartScan' `
                -Wait -NoNewWindow -ErrorAction SilentlyContinue
            Start-Sleep -Seconds 30
        } catch {}

        # 2>&1 merges stderr into the pipeline mixing strings with update
        # objects -- we filter them out in the foreach loop below.
        $rawOutput = Install-WindowsUpdate `
            -MicrosoftUpdate `
            -AcceptAll `
            -IgnoreReboot `
            -Install `
            -ErrorAction Continue 2>&1

        # Use a hashtable keyed on Title to keep only the LAST result per update.
        # PSWindowsUpdate emits objects at multiple pipeline stages (search, download,
        # install); overwriting ensures we capture the final post-install ResultCode
        # rather than an early ResultCode=0 (NotStarted).
        $byKey = @{}

        foreach ($u in $rawOutput) {
            if ($null -eq $u -or $u -isnot [PSObject]) { continue }
            if (-not ($u.PSObject.Properties.Name -contains 'Title')) { continue }
            if ([string]::IsNullOrWhiteSpace($u.Title)) { continue }

            $resultCode = 0
            try { $resultCode = [int]$u.ResultCode } catch { $resultCode = 4 }
            $succeeded = ($resultCode -eq 2 -or $resultCode -eq 3)

            # ResultCode=0 means NotStarted — treat as Skipped, not Failed.
            $status = if ($succeeded) { 'Succeeded' } elseif ($resultCode -eq 0) { 'Skipped' } else { 'Failed' }

            $kb = ''
            try {
                if ($u.KBArticleIDs -and $u.KBArticleIDs.Count -gt 0) {
                    $kb = 'KB' + $u.KBArticleIDs[0]
                }
            } catch {}

            $needsReboot = $false
            try { $needsReboot = [bool]$u.RebootRequired } catch {}

            $byKey[$u.Title] = [PSCustomObject]@{
                Identifier     = $kb
                Title          = [string]$u.Title
                Status         = $status
                ErrorMessage   = if ($succeeded -or $resultCode -eq 0) { '' } else { 'ResultCode=' + $resultCode }
                RebootRequired = $needsReboot
                AttemptedAt    = (Get-Date -Format 'o')
            }
        }

        $results = @($byKey.Values)

        if ($results.Count -eq 0) {
            Write-Output '[]'
        } else {
            $results | ConvertTo-Json -Compress
        }
2026-08-09 13:06:24.520 -05:00 [INF] (Thread 10) WindowsUpdateWorker: no updates installed — system reboot is already pending.
2026-08-09 13:06:24.520 -05:00 [INF] (Thread 10) WindowsUpdateWorker: pass complete. Total=2 Succeeded=1 Failed=0 Skipped=1
2026-08-09 13:06:24.521 -05:00 [INF] (Thread 10) WingetWorker: skipping — last run was 2026-08-05T16:07:55.4222298Z (less than 7 days ago).
2026-08-09 13:06:24.522 -05:00 [INF] (Thread 10) UpdateOrchestrator: cycle complete. Total=2 Succeeded=1 Failed=0 RebootRequired=true
2026-08-09 13:06:24.522 -05:00 [INF] (Thread 10) UpdateOrchestrator: reboot required but today is not an allowed reboot day per RebootDoW — skipping notification until the next allowed day.
2026-08-09 13:06:24.522 -05:00 [INF] (Thread 10) UpdateBackgroundService: next cycle in "01:00:00".
2026-08-09 14:11:42.271 -05:00 [INF] (Thread 20) SelfUpdater: checking for updates. Current version: 1.26.586.697
2026-08-09 14:11:42.413 -05:00 [INF] (Thread 10) SelfUpdater: remote version = 1.26.586.697.
2026-08-09 14:11:42.413 -05:00 [INF] (Thread 10) SelfUpdater: already up to date.
2026-08-09 14:11:42.414 -05:00 [INF] (Thread 10) UpdateOrchestrator: === Update cycle starting ===
2026-08-09 14:11:42.414 -05:00 [INF] (Thread 10) WindowsUpdateWorker: starting update pass.
2026-08-09 14:11:42.414 -05:00 [INF] (Thread 10) WindowsUpdateWorker: verifying PSWindowsUpdate module.
2026-08-09 14:11:42.417 -05:00 [DBG] (Thread 10) WindowsUpdateWorker: running PS script: $ProgressPreference = 'SilentlyContinue'
            $ErrorActionPreference = 'Stop'
            try {
                if (-not (Get-PackageProvider -Name NuGet -ListAvailable -ErrorAction SilentlyContinue)) {
                    Install-PackageProvider -Name NuGet -MinimumVersion 2.8.5.201 -Force -Scope AllUsers | Out-Null
                }
                Set-PSRepository -Name PSGallery -InstallationPolicy Trusted -ErrorAction SilentlyContinue
                if (-not (Get-Module -ListAvailable -Name PSWindowsUpdate -ErrorAction SilentlyContinue)) {
                    Install-Module PSWindowsUpdate -Force -SkipPublisherCheck -Scope AllUsers | Out-Null
                }
                Import-Module PSWindowsUpdate -Force -ErrorAction Stop
                try {
                    Add-WUServiceManager -MicrosoftUpdate -Confirm:$false -ErrorAction SilentlyContinue | Out-Null
                } catch {}
                Write-Output 'OK'
            } catch {
                Write-Output ('ERROR: ' + $_.Exception.Message)
            }
2026-08-09 14:12:24.901 -05:00 [INF] (Thread 10) WindowsUpdateWorker: PSWindowsUpdate module OK.
2026-08-09 14:12:24.903 -05:00 [DBG] (Thread 10) WindowsUpdateWorker: running PS script: Import-Module PSWindowsUpdate -ErrorAction Stop
        $ProgressPreference = 'SilentlyContinue'

        # Force the Windows Update Agent to scan before installing.
        # Fixes 0x80248007 (WU_E_DS_NODATA) on fresh builds or machines
        # whose update data store has not been initialised yet.
        try {
            Start-Process -FilePath 'UsoClient.exe' `
                -ArgumentList 'StartScan' `
                -Wait -NoNewWindow -ErrorAction SilentlyContinue
            Start-Sleep -Seconds 30
        } catch {}

        # 2>&1 merges stderr into the pipeline mixing strings with update
        # objects -- we filter them out in the foreach loop below.
        $rawOutput = Install-WindowsUpdate `
            -MicrosoftUpdate `
            -AcceptAll `
            -IgnoreReboot `
            -Install `
            -ErrorAction Continue 2>&1

        # Use a hashtable keyed on Title to keep only the LAST result per update.
        # PSWindowsUpdate emits objects at multiple pipeline stages (search, download,
        # install); overwriting ensures we capture the final post-install ResultCode
        # rather than an early ResultCode=0 (NotStarted).
        $byKey = @{}

        foreach ($u in $rawOutput) {
            if ($null -eq $u -or $u -isnot [PSObject]) { continue }
            if (-not ($u.PSObject.Properties.Name -contains 'Title')) { continue }
            if ([string]::IsNullOrWhiteSpace($u.Title)) { continue }

            $resultCode = 0
            try { $resultCode = [int]$u.ResultCode } catch { $resultCode = 4 }
            $succeeded = ($resultCode -eq 2 -or $resultCode -eq 3)

            # ResultCode=0 means NotStarted — treat as Skipped, not Failed.
            $status = if ($succeeded) { 'Succeeded' } elseif ($resultCode -eq 0) { 'Skipped' } else { 'Failed' }

            $kb = ''
            try {
                if ($u.KBArticleIDs -and $u.KBArticleIDs.Count -gt 0) {
                    $kb = 'KB' + $u.KBArticleIDs[0]
                }
            } catch {}

            $needsReboot = $false
            try { $needsReboot = [bool]$u.RebootRequired } catch {}

            $byKey[$u.Title] = [PSCustomObject]@{
                Identifier     = $kb
                Title          = [string]$u.Title
                Status         = $status
                ErrorMessage   = if ($succeeded -or $resultCode -eq 0) { '' } else { 'ResultCode=' + $resultCode }
                RebootRequired = $needsReboot
                AttemptedAt    = (Get-Date -Format 'o')
            }
        }

        $results = @($byKey.Values)

        if ($results.Count -eq 0) {
            Write-Output '[]'
        } else {
            $results | ConvertTo-Json -Compress
        }
2026-08-09 14:14:06.397 -05:00 [INF] (Thread 3) WindowsUpdateWorker: no updates installed — system reboot is already pending.
2026-08-09 14:14:06.397 -05:00 [INF] (Thread 3) WindowsUpdateWorker: pass complete. Total=2 Succeeded=1 Failed=0 Skipped=1
2026-08-09 14:14:06.398 -05:00 [INF] (Thread 3) WingetWorker: skipping — last run was 2026-08-05T16:07:55.4222298Z (less than 7 days ago).
2026-08-09 14:14:06.398 -05:00 [INF] (Thread 3) UpdateOrchestrator: cycle complete. Total=2 Succeeded=1 Failed=0 RebootRequired=true
2026-08-09 14:14:06.399 -05:00 [INF] (Thread 3) UpdateOrchestrator: reboot required but today is not an allowed reboot day per RebootDoW — skipping notification until the next allowed day.
2026-08-09 14:14:06.399 -05:00 [INF] (Thread 3) UpdateBackgroundService: next cycle in "01:00:00".
2026-08-09 15:23:42.397 -05:00 [INF] (Thread 3) SelfUpdater: checking for updates. Current version: 1.26.586.697
2026-08-09 15:23:43.922 -05:00 [ERR] (Thread 3) SelfUpdater: failed to fetch version manifest from https://raw.githubusercontent.com/Coldmiser/UpdateSolution/refs/heads/main/VersionControl.dat
System.Net.Http.HttpRequestException: No such host is known. (raw.githubusercontent.com:443)
 ---> System.Net.Sockets.SocketException (11001): No such host is known.
   at System.Net.Sockets.Socket.AwaitableSocketAsyncEventArgs.ThrowException(SocketError error, CancellationToken cancellationToken)
   at System.Net.Sockets.Socket.AwaitableSocketAsyncEventArgs.System.Threading.Tasks.Sources.IValueTaskSource.GetResult(Int16 token)
   at System.Net.Http.HttpConnectionPool.ConnectToTcpHostAsync(String host, Int32 port, HttpRequestMessage initialRequest, Boolean async, CancellationToken cancellationToken)
   --- End of inner exception stack trace ---
   at System.Net.Http.HttpConnectionPool.ConnectToTcpHostAsync(String host, Int32 port, HttpRequestMessage initialRequest, Boolean async, CancellationToken cancellationToken)
   at System.Net.Http.HttpConnectionPool.ConnectAsync(HttpRequestMessage request, Boolean async, CancellationToken cancellationToken)
   at System.Net.Http.HttpConnectionPool.CreateHttp11ConnectionAsync(HttpRequestMessage request, Boolean async, CancellationToken cancellationToken)
   at System.Net.Http.HttpConnectionPool.InjectNewHttp11ConnectionAsync(QueueItem queueItem)
   at System.Threading.Tasks.TaskCompletionSourceWithCancellation`1.WaitWithCancellationAsync(CancellationToken cancellationToken)
   at System.Net.Http.HttpConnectionPool.SendWithVersionDetectionAndRetryAsync(HttpRequestMessage request, Boolean async, Boolean doRequestAuth, CancellationToken cancellationToken)
   at System.Net.Http.RedirectHandler.SendAsync(HttpRequestMessage request, Boolean async, CancellationToken cancellationToken)
   at Microsoft.Extensions.Http.Logging.LoggingHttpMessageHandler.<SendCoreAsync>g__Core|4_0(HttpRequestMessage request, Boolean useAsync, CancellationToken cancellationToken)
   at Microsoft.Extensions.Http.Logging.LoggingScopeHttpMessageHandler.<SendCoreAsync>g__Core|4_0(HttpRequestMessage request, Boolean useAsync, CancellationToken cancellationToken)
   at System.Net.Http.HttpClient.GetStringAsyncCore(HttpRequestMessage request, CancellationToken cancellationToken)
   at UpdateService.SelfUpdate.SelfUpdater.CheckAndApplyAsync(CancellationToken cancellationToken) in C:\Users\sbutski\Documents\VSCode Solutions Folder\UpdateSolution\UpdateService\SelfUpdate\SelfUpdater.cs:line 59
2026-08-09 15:23:43.993 -05:00 [INF] (Thread 3) UpdateOrchestrator: === Update cycle starting ===
2026-08-09 15:23:43.993 -05:00 [INF] (Thread 3) WindowsUpdateWorker: starting update pass.
2026-08-09 15:23:43.993 -05:00 [INF] (Thread 3) WindowsUpdateWorker: verifying PSWindowsUpdate module.
2026-08-09 15:23:43.996 -05:00 [DBG] (Thread 3) WindowsUpdateWorker: running PS script: $ProgressPreference = 'SilentlyContinue'
            $ErrorActionPreference = 'Stop'
            try {
                if (-not (Get-PackageProvider -Name NuGet -ListAvailable -ErrorAction SilentlyContinue)) {
                    Install-PackageProvider -Name NuGet -MinimumVersion 2.8.5.201 -Force -Scope AllUsers | Out-Null
                }
                Set-PSRepository -Name PSGallery -InstallationPolicy Trusted -ErrorAction SilentlyContinue
                if (-not (Get-Module -ListAvailable -Name PSWindowsUpdate -ErrorAction SilentlyContinue)) {
                    Install-Module PSWindowsUpdate -Force -SkipPublisherCheck -Scope AllUsers | Out-Null
                }
                Import-Module PSWindowsUpdate -Force -ErrorAction Stop
                try {
                    Add-WUServiceManager -MicrosoftUpdate -Confirm:$false -ErrorAction SilentlyContinue | Out-Null
                } catch {}
                Write-Output 'OK'
            } catch {
                Write-Output ('ERROR: ' + $_.Exception.Message)
            }
2026-08-09 15:24:29.823 -05:00 [INF] (Thread 3) WindowsUpdateWorker: PSWindowsUpdate module OK.
2026-08-09 15:24:29.825 -05:00 [DBG] (Thread 3) WindowsUpdateWorker: running PS script: Import-Module PSWindowsUpdate -ErrorAction Stop
        $ProgressPreference = 'SilentlyContinue'

        # Force the Windows Update Agent to scan before installing.
        # Fixes 0x80248007 (WU_E_DS_NODATA) on fresh builds or machines
        # whose update data store has not been initialised yet.
        try {
            Start-Process -FilePath 'UsoClient.exe' `
                -ArgumentList 'StartScan' `
                -Wait -NoNewWindow -ErrorAction SilentlyContinue
            Start-Sleep -Seconds 30
        } catch {}

        # 2>&1 merges stderr into the pipeline mixing strings with update
        # objects -- we filter them out in the foreach loop below.
        $rawOutput = Install-WindowsUpdate `
            -MicrosoftUpdate `
            -AcceptAll `
            -IgnoreReboot `
            -Install `
            -ErrorAction Continue 2>&1

        # Use a hashtable keyed on Title to keep only the LAST result per update.
        # PSWindowsUpdate emits objects at multiple pipeline stages (search, download,
        # install); overwriting ensures we capture the final post-install ResultCode
        # rather than an early ResultCode=0 (NotStarted).
        $byKey = @{}

        foreach ($u in $rawOutput) {
            if ($null -eq $u -or $u -isnot [PSObject]) { continue }
            if (-not ($u.PSObject.Properties.Name -contains 'Title')) { continue }
            if ([string]::IsNullOrWhiteSpace($u.Title)) { continue }

            $resultCode = 0
            try { $resultCode = [int]$u.ResultCode } catch { $resultCode = 4 }
            $succeeded = ($resultCode -eq 2 -or $resultCode -eq 3)

            # ResultCode=0 means NotStarted — treat as Skipped, not Failed.
            $status = if ($succeeded) { 'Succeeded' } elseif ($resultCode -eq 0) { 'Skipped' } else { 'Failed' }

            $kb = ''
            try {
                if ($u.KBArticleIDs -and $u.KBArticleIDs.Count -gt 0) {
                    $kb = 'KB' + $u.KBArticleIDs[0]
                }
            } catch {}

            $needsReboot = $false
            try { $needsReboot = [bool]$u.RebootRequired } catch {}

            $byKey[$u.Title] = [PSCustomObject]@{
                Identifier     = $kb
                Title          = [string]$u.Title
                Status         = $status
                ErrorMessage   = if ($succeeded -or $resultCode -eq 0) { '' } else { 'ResultCode=' + $resultCode }
                RebootRequired = $needsReboot
                AttemptedAt    = (Get-Date -Format 'o')
            }
        }

        $results = @($byKey.Values)

        if ($results.Count -eq 0) {
            Write-Output '[]'
        } else {
            $results | ConvertTo-Json -Compress
        }
2026-08-09 15:26:07.129 -05:00 [INF] (Thread 8) WindowsUpdateWorker: no updates installed — system reboot is already pending.
2026-08-09 15:26:07.130 -05:00 [INF] (Thread 8) WindowsUpdateWorker: pass complete. Total=2 Succeeded=1 Failed=0 Skipped=1
2026-08-09 15:26:07.130 -05:00 [INF] (Thread 8) WingetWorker: skipping — last run was 2026-08-05T16:07:55.4222298Z (less than 7 days ago).
2026-08-09 15:26:07.130 -05:00 [INF] (Thread 8) UpdateOrchestrator: cycle complete. Total=2 Succeeded=1 Failed=0 RebootRequired=true
2026-08-09 15:26:07.130 -05:00 [INF] (Thread 8) UpdateOrchestrator: reboot required but today is not an allowed reboot day per RebootDoW — skipping notification until the next allowed day.
2026-08-09 15:26:07.130 -05:00 [INF] (Thread 8) UpdateBackgroundService: next cycle in "01:00:00".
2026-08-09 16:36:07.035 -05:00 [INF] (Thread 17) SelfUpdater: checking for updates. Current version: 1.26.586.697
2026-08-09 16:36:10.415 -05:00 [INF] (Thread 21) SelfUpdater: remote version = 1.26.586.697.
2026-08-09 16:36:10.416 -05:00 [INF] (Thread 21) SelfUpdater: already up to date.
2026-08-09 16:36:10.416 -05:00 [INF] (Thread 21) UpdateOrchestrator: === Update cycle starting ===
2026-08-09 16:36:10.416 -05:00 [INF] (Thread 21) WindowsUpdateWorker: starting update pass.
2026-08-09 16:36:10.416 -05:00 [INF] (Thread 21) WindowsUpdateWorker: verifying PSWindowsUpdate module.
2026-08-09 16:36:10.419 -05:00 [DBG] (Thread 21) WindowsUpdateWorker: running PS script: $ProgressPreference = 'SilentlyContinue'
            $ErrorActionPreference = 'Stop'
            try {
                if (-not (Get-PackageProvider -Name NuGet -ListAvailable -ErrorAction SilentlyContinue)) {
                    Install-PackageProvider -Name NuGet -MinimumVersion 2.8.5.201 -Force -Scope AllUsers | Out-Null
                }
                Set-PSRepository -Name PSGallery -InstallationPolicy Trusted -ErrorAction SilentlyContinue
                if (-not (Get-Module -ListAvailable -Name PSWindowsUpdate -ErrorAction SilentlyContinue)) {
                    Install-Module PSWindowsUpdate -Force -SkipPublisherCheck -Scope AllUsers | Out-Null
                }
                Import-Module PSWindowsUpdate -Force -ErrorAction Stop
                try {
                    Add-WUServiceManager -MicrosoftUpdate -Confirm:$false -ErrorAction SilentlyContinue | Out-Null
                } catch {}
                Write-Output 'OK'
            } catch {
                Write-Output ('ERROR: ' + $_.Exception.Message)
            }
2026-08-09 16:36:49.268 -05:00 [INF] (Thread 17) WindowsUpdateWorker: PSWindowsUpdate module OK.
2026-08-09 16:36:49.271 -05:00 [DBG] (Thread 17) WindowsUpdateWorker: running PS script: Import-Module PSWindowsUpdate -ErrorAction Stop
        $ProgressPreference = 'SilentlyContinue'

        # Force the Windows Update Agent to scan before installing.
        # Fixes 0x80248007 (WU_E_DS_NODATA) on fresh builds or machines
        # whose update data store has not been initialised yet.
        try {
            Start-Process -FilePath 'UsoClient.exe' `
                -ArgumentList 'StartScan' `
                -Wait -NoNewWindow -ErrorAction SilentlyContinue
            Start-Sleep -Seconds 30
        } catch {}

        # 2>&1 merges stderr into the pipeline mixing strings with update
        # objects -- we filter them out in the foreach loop below.
        $rawOutput = Install-WindowsUpdate `
            -MicrosoftUpdate `
            -AcceptAll `
            -IgnoreReboot `
            -Install `
            -ErrorAction Continue 2>&1

        # Use a hashtable keyed on Title to keep only the LAST result per update.
        # PSWindowsUpdate emits objects at multiple pipeline stages (search, download,
        # install); overwriting ensures we capture the final post-install ResultCode
        # rather than an early ResultCode=0 (NotStarted).
        $byKey = @{}

        foreach ($u in $rawOutput) {
            if ($null -eq $u -or $u -isnot [PSObject]) { continue }
            if (-not ($u.PSObject.Properties.Name -contains 'Title')) { continue }
            if ([string]::IsNullOrWhiteSpace($u.Title)) { continue }

            $resultCode = 0
            try { $resultCode = [int]$u.ResultCode } catch { $resultCode = 4 }
            $succeeded = ($resultCode -eq 2 -or $resultCode -eq 3)

            # ResultCode=0 means NotStarted — treat as Skipped, not Failed.
            $status = if ($succeeded) { 'Succeeded' } elseif ($resultCode -eq 0) { 'Skipped' } else { 'Failed' }

            $kb = ''
            try {
                if ($u.KBArticleIDs -and $u.KBArticleIDs.Count -gt 0) {
                    $kb = 'KB' + $u.KBArticleIDs[0]
                }
            } catch {}

            $needsReboot = $false
            try { $needsReboot = [bool]$u.RebootRequired } catch {}

            $byKey[$u.Title] = [PSCustomObject]@{
                Identifier     = $kb
                Title          = [string]$u.Title
                Status         = $status
                ErrorMessage   = if ($succeeded -or $resultCode -eq 0) { '' } else { 'ResultCode=' + $resultCode }
                RebootRequired = $needsReboot
                AttemptedAt    = (Get-Date -Format 'o')
            }
        }

        $results = @($byKey.Values)

        if ($results.Count -eq 0) {
            Write-Output '[]'
        } else {
            $results | ConvertTo-Json -Compress
        }
2026-08-09 16:38:26.698 -05:00 [INF] (Thread 17) WindowsUpdateWorker: no updates installed — system reboot is already pending.
2026-08-09 16:38:26.699 -05:00 [INF] (Thread 17) WindowsUpdateWorker: pass complete. Total=2 Succeeded=1 Failed=0 Skipped=1
2026-08-09 16:38:26.699 -05:00 [INF] (Thread 17) WingetWorker: skipping — last run was 2026-08-05T16:07:55.4222298Z (less than 7 days ago).
2026-08-09 16:38:26.700 -05:00 [INF] (Thread 17) UpdateOrchestrator: cycle complete. Total=2 Succeeded=1 Failed=0 RebootRequired=true
2026-08-09 16:38:26.700 -05:00 [INF] (Thread 17) UpdateOrchestrator: reboot required but today is not an allowed reboot day per RebootDoW — skipping notification until the next allowed day.
2026-08-09 16:38:26.700 -05:00 [INF] (Thread 17) UpdateBackgroundService: next cycle in "01:00:00".
2026-08-09 17:47:35.546 -05:00 [INF] (Thread 14) SelfUpdater: checking for updates. Current version: 1.26.586.697
2026-08-09 17:47:35.750 -05:00 [INF] (Thread 11) SelfUpdater: remote version = 1.26.586.697.
2026-08-09 17:47:35.750 -05:00 [INF] (Thread 11) SelfUpdater: already up to date.
2026-08-09 17:47:35.750 -05:00 [INF] (Thread 11) UpdateOrchestrator: === Update cycle starting ===
2026-08-09 17:47:35.750 -05:00 [INF] (Thread 11) WindowsUpdateWorker: starting update pass.
2026-08-09 17:47:35.750 -05:00 [INF] (Thread 11) WindowsUpdateWorker: verifying PSWindowsUpdate module.
2026-08-09 17:47:35.752 -05:00 [DBG] (Thread 11) WindowsUpdateWorker: running PS script: $ProgressPreference = 'SilentlyContinue'
            $ErrorActionPreference = 'Stop'
            try {
                if (-not (Get-PackageProvider -Name NuGet -ListAvailable -ErrorAction SilentlyContinue)) {
                    Install-PackageProvider -Name NuGet -MinimumVersion 2.8.5.201 -Force -Scope AllUsers | Out-Null
                }
                Set-PSRepository -Name PSGallery -InstallationPolicy Trusted -ErrorAction SilentlyContinue
                if (-not (Get-Module -ListAvailable -Name PSWindowsUpdate -ErrorAction SilentlyContinue)) {
                    Install-Module PSWindowsUpdate -Force -SkipPublisherCheck -Scope AllUsers | Out-Null
                }
                Import-Module PSWindowsUpdate -Force -ErrorAction Stop
                try {
                    Add-WUServiceManager -MicrosoftUpdate -Confirm:$false -ErrorAction SilentlyContinue | Out-Null
                } catch {}
                Write-Output 'OK'
            } catch {
                Write-Output ('ERROR: ' + $_.Exception.Message)
            }
2026-08-09 17:48:10.859 -05:00 [INF] (Thread 11) WindowsUpdateWorker: PSWindowsUpdate module OK.
2026-08-09 17:48:10.861 -05:00 [DBG] (Thread 11) WindowsUpdateWorker: running PS script: Import-Module PSWindowsUpdate -ErrorAction Stop
        $ProgressPreference = 'SilentlyContinue'

        # Force the Windows Update Agent to scan before installing.
        # Fixes 0x80248007 (WU_E_DS_NODATA) on fresh builds or machines
        # whose update data store has not been initialised yet.
        try {
            Start-Process -FilePath 'UsoClient.exe' `
                -ArgumentList 'StartScan' `
                -Wait -NoNewWindow -ErrorAction SilentlyContinue
            Start-Sleep -Seconds 30
        } catch {}

        # 2>&1 merges stderr into the pipeline mixing strings with update
        # objects -- we filter them out in the foreach loop below.
        $rawOutput = Install-WindowsUpdate `
            -MicrosoftUpdate `
            -AcceptAll `
            -IgnoreReboot `
            -Install `
            -ErrorAction Continue 2>&1

        # Use a hashtable keyed on Title to keep only the LAST result per update.
        # PSWindowsUpdate emits objects at multiple pipeline stages (search, download,
        # install); overwriting ensures we capture the final post-install ResultCode
        # rather than an early ResultCode=0 (NotStarted).
        $byKey = @{}

        foreach ($u in $rawOutput) {
            if ($null -eq $u -or $u -isnot [PSObject]) { continue }
            if (-not ($u.PSObject.Properties.Name -contains 'Title')) { continue }
            if ([string]::IsNullOrWhiteSpace($u.Title)) { continue }

            $resultCode = 0
            try { $resultCode = [int]$u.ResultCode } catch { $resultCode = 4 }
            $succeeded = ($resultCode -eq 2 -or $resultCode -eq 3)

            # ResultCode=0 means NotStarted — treat as Skipped, not Failed.
            $status = if ($succeeded) { 'Succeeded' } elseif ($resultCode -eq 0) { 'Skipped' } else { 'Failed' }

            $kb = ''
            try {
                if ($u.KBArticleIDs -and $u.KBArticleIDs.Count -gt 0) {
                    $kb = 'KB' + $u.KBArticleIDs[0]
                }
            } catch {}

            $needsReboot = $false
            try { $needsReboot = [bool]$u.RebootRequired } catch {}

            $byKey[$u.Title] = [PSCustomObject]@{
                Identifier     = $kb
                Title          = [string]$u.Title
                Status         = $status
                ErrorMessage   = if ($succeeded -or $resultCode -eq 0) { '' } else { 'ResultCode=' + $resultCode }
                RebootRequired = $needsReboot
                AttemptedAt    = (Get-Date -Format 'o')
            }
        }

        $results = @($byKey.Values)

        if ($results.Count -eq 0) {
            Write-Output '[]'
        } else {
            $results | ConvertTo-Json -Compress
        }
2026-08-09 17:50:20.874 -05:00 [INF] (Thread 11) WindowsUpdateWorker: no updates installed — system reboot is already pending.
2026-08-09 17:50:20.874 -05:00 [INF] (Thread 11) WindowsUpdateWorker: pass complete. Total=2 Succeeded=1 Failed=0 Skipped=1
2026-08-09 17:50:20.875 -05:00 [INF] (Thread 11) WingetWorker: skipping — last run was 2026-08-05T16:07:55.4222298Z (less than 7 days ago).
2026-08-09 17:50:20.875 -05:00 [INF] (Thread 11) UpdateOrchestrator: cycle complete. Total=2 Succeeded=1 Failed=0 RebootRequired=true
2026-08-09 17:50:20.875 -05:00 [INF] (Thread 11) UpdateOrchestrator: reboot required but today is not an allowed reboot day per RebootDoW — skipping notification until the next allowed day.
2026-08-09 17:50:20.875 -05:00 [INF] (Thread 11) UpdateBackgroundService: next cycle in "01:00:00".
2026-08-09 18:53:55.124 -05:00 [INF] (Thread 20) SelfUpdater: checking for updates. Current version: 1.26.586.697
2026-08-09 18:53:57.437 -05:00 [ERR] (Thread 14) SelfUpdater: failed to fetch version manifest from https://raw.githubusercontent.com/Coldmiser/UpdateSolution/refs/heads/main/VersionControl.dat
System.Net.Http.HttpRequestException: The SSL connection could not be established, see inner exception.
 ---> System.IO.IOException: Unable to write data to the transport connection: An existing connection was forcibly closed by the remote host..
 ---> System.Net.Sockets.SocketException (10054): An existing connection was forcibly closed by the remote host.
   at System.Net.Sockets.Socket.AwaitableSocketAsyncEventArgs.CreateException(SocketError error, Boolean forAsyncThrow)
   at System.Net.Sockets.NetworkStream.WriteAsync(ReadOnlyMemory`1 buffer, CancellationToken cancellationToken)
   at System.Net.Security.SslStream.ForceAuthenticationAsync[TIOAdapter](Boolean receiveFirst, Byte[] reAuthenticationData, CancellationToken cancellationToken)
   at System.Net.Http.ConnectHelper.EstablishSslConnectionAsync(SslClientAuthenticationOptions sslOptions, HttpRequestMessage request, Boolean async, Stream stream, CancellationToken cancellationToken)
   at System.Runtime.CompilerServices.AsyncMethodBuilderCore.Start[TStateMachine](TStateMachine& stateMachine)
   at System.Net.Http.HttpConnectionPool.ConnectAsync(HttpRequestMessage request, Boolean async, CancellationToken cancellationToken)
   at System.Threading.ExecutionContext.RunInternal(ExecutionContext executionContext, ContextCallback callback, Object state)
   at System.Runtime.CompilerServices.AsyncTaskMethodBuilder`1.AsyncStateMachineBox`1.MoveNext()
   at System.Threading.Tasks.AwaitTaskContinuation.RunOrScheduleAction(IAsyncStateMachineBox box, Boolean allowInlining)
   at System.Threading.Tasks.Task.RunContinuations(Object continuationObject)
   at System.Net.Http.HttpConnectionPool.ConnectToTcpHostAsync(String host, Int32 port, HttpRequestMessage initialRequest, Boolean async, CancellationToken cancellationToken)
   at System.Threading.ExecutionContext.RunInternal(ExecutionContext executionContext, ContextCallback callback, Object state)
   at System.Runtime.CompilerServices.AsyncTaskMethodBuilder`1.AsyncStateMachineBox`1.MoveNext()
   at System.Threading.ThreadPool.<>c.<.cctor>b__57_0(Object state)
   at System.Net.Sockets.SocketAsyncEventArgs.<DnsConnectAsync>g__Core|113_0(MultiConnectSocketAsyncEventArgs internalArgs, Task`1 addressesTask, Int32 port, SocketType socketType, ProtocolType protocolType, CancellationToken cancellationToken)
   at System.Threading.ExecutionContext.RunInternal(ExecutionContext executionContext, ContextCallback callback, Object state)
   at System.Runtime.CompilerServices.AsyncTaskMethodBuilder`1.AsyncStateMachineBox`1.MoveNext()
   at System.Threading.ThreadPool.<>c.<.cctor>b__57_0(Object state)
   at System.Threading.ExecutionContext.RunInternal(ExecutionContext executionContext, ContextCallback callback, Object state)
   at System.Threading.ThreadPoolBoundHandleOverlapped.CompletionCallback(UInt32 errorCode, UInt32 numBytes, NativeOverlapped* nativeOverlapped)
   at System.Threading.ThreadPoolTypedWorkItemQueue.System.Threading.IThreadPoolWorkItem.Execute()
   at System.Threading.ThreadPoolWorkQueue.Dispatch()
   at System.Threading.PortableThreadPool.WorkerThread.WorkerThreadStart()
   at System.Threading.Thread.StartCallback()
--- End of stack trace from previous location ---

   --- End of inner exception stack trace ---
   at System.Net.Security.SslStream.ForceAuthenticationAsync[TIOAdapter](Boolean receiveFirst, Byte[] reAuthenticationData, CancellationToken cancellationToken)
   at System.Net.Http.ConnectHelper.EstablishSslConnectionAsync(SslClientAuthenticationOptions sslOptions, HttpRequestMessage request, Boolean async, Stream stream, CancellationToken cancellationToken)
   --- End of inner exception stack trace ---
   at System.Net.Http.ConnectHelper.EstablishSslConnectionAsync(SslClientAuthenticationOptions sslOptions, HttpRequestMessage request, Boolean async, Stream stream, CancellationToken cancellationToken)
   at System.Net.Http.HttpConnectionPool.ConnectAsync(HttpRequestMessage request, Boolean async, CancellationToken cancellationToken)
   at System.Net.Http.HttpConnectionPool.CreateHttp11ConnectionAsync(HttpRequestMessage request, Boolean async, CancellationToken cancellationToken)
   at System.Net.Http.HttpConnectionPool.InjectNewHttp11ConnectionAsync(QueueItem queueItem)
   at System.Threading.Tasks.TaskCompletionSourceWithCancellation`1.WaitWithCancellationAsync(CancellationToken cancellationToken)
   at System.Net.Http.HttpConnectionPool.SendWithVersionDetectionAndRetryAsync(HttpRequestMessage request, Boolean async, Boolean doRequestAuth, CancellationToken cancellationToken)
   at System.Net.Http.RedirectHandler.SendAsync(HttpRequestMessage request, Boolean async, CancellationToken cancellationToken)
   at Microsoft.Extensions.Http.Logging.LoggingHttpMessageHandler.<SendCoreAsync>g__Core|4_0(HttpRequestMessage request, Boolean useAsync, CancellationToken cancellationToken)
   at Microsoft.Extensions.Http.Logging.LoggingScopeHttpMessageHandler.<SendCoreAsync>g__Core|4_0(HttpRequestMessage request, Boolean useAsync, CancellationToken cancellationToken)
   at System.Net.Http.HttpClient.GetStringAsyncCore(HttpRequestMessage request, CancellationToken cancellationToken)
   at UpdateService.SelfUpdate.SelfUpdater.CheckAndApplyAsync(CancellationToken cancellationToken) in C:\Users\sbutski\Documents\VSCode Solutions Folder\UpdateSolution\UpdateService\SelfUpdate\SelfUpdater.cs:line 59
2026-08-09 18:53:57.441 -05:00 [INF] (Thread 14) UpdateOrchestrator: === Update cycle starting ===
2026-08-09 18:53:57.441 -05:00 [INF] (Thread 14) WindowsUpdateWorker: starting update pass.
2026-08-09 18:53:57.441 -05:00 [INF] (Thread 14) WindowsUpdateWorker: verifying PSWindowsUpdate module.
2026-08-09 18:53:57.452 -05:00 [DBG] (Thread 14) WindowsUpdateWorker: running PS script: $ProgressPreference = 'SilentlyContinue'
            $ErrorActionPreference = 'Stop'
            try {
                if (-not (Get-PackageProvider -Name NuGet -ListAvailable -ErrorAction SilentlyContinue)) {
                    Install-PackageProvider -Name NuGet -MinimumVersion 2.8.5.201 -Force -Scope AllUsers | Out-Null
                }
                Set-PSRepository -Name PSGallery -InstallationPolicy Trusted -ErrorAction SilentlyContinue
                if (-not (Get-Module -ListAvailable -Name PSWindowsUpdate -ErrorAction SilentlyContinue)) {
                    Install-Module PSWindowsUpdate -Force -SkipPublisherCheck -Scope AllUsers | Out-Null
                }
                Import-Module PSWindowsUpdate -Force -ErrorAction Stop
                try {
                    Add-WUServiceManager -MicrosoftUpdate -Confirm:$false -ErrorAction SilentlyContinue | Out-Null
                } catch {}
                Write-Output 'OK'
            } catch {
                Write-Output ('ERROR: ' + $_.Exception.Message)
            }
2026-08-09 18:54:33.294 -05:00 [INF] (Thread 20) WindowsUpdateWorker: PSWindowsUpdate module OK.
2026-08-09 18:54:33.296 -05:00 [DBG] (Thread 20) WindowsUpdateWorker: running PS script: Import-Module PSWindowsUpdate -ErrorAction Stop
        $ProgressPreference = 'SilentlyContinue'

        # Force the Windows Update Agent to scan before installing.
        # Fixes 0x80248007 (WU_E_DS_NODATA) on fresh builds or machines
        # whose update data store has not been initialised yet.
        try {
            Start-Process -FilePath 'UsoClient.exe' `
                -ArgumentList 'StartScan' `
                -Wait -NoNewWindow -ErrorAction SilentlyContinue
            Start-Sleep -Seconds 30
        } catch {}

        # 2>&1 merges stderr into the pipeline mixing strings with update
        # objects -- we filter them out in the foreach loop below.
        $rawOutput = Install-WindowsUpdate `
            -MicrosoftUpdate `
            -AcceptAll `
            -IgnoreReboot `
            -Install `
            -ErrorAction Continue 2>&1

        # Use a hashtable keyed on Title to keep only the LAST result per update.
        # PSWindowsUpdate emits objects at multiple pipeline stages (search, download,
        # install); overwriting ensures we capture the final post-install ResultCode
        # rather than an early ResultCode=0 (NotStarted).
        $byKey = @{}

        foreach ($u in $rawOutput) {
            if ($null -eq $u -or $u -isnot [PSObject]) { continue }
            if (-not ($u.PSObject.Properties.Name -contains 'Title')) { continue }
            if ([string]::IsNullOrWhiteSpace($u.Title)) { continue }

            $resultCode = 0
            try { $resultCode = [int]$u.ResultCode } catch { $resultCode = 4 }
            $succeeded = ($resultCode -eq 2 -or $resultCode -eq 3)

            # ResultCode=0 means NotStarted — treat as Skipped, not Failed.
            $status = if ($succeeded) { 'Succeeded' } elseif ($resultCode -eq 0) { 'Skipped' } else { 'Failed' }

            $kb = ''
            try {
                if ($u.KBArticleIDs -and $u.KBArticleIDs.Count -gt 0) {
                    $kb = 'KB' + $u.KBArticleIDs[0]
                }
            } catch {}

            $needsReboot = $false
            try { $needsReboot = [bool]$u.RebootRequired } catch {}

            $byKey[$u.Title] = [PSCustomObject]@{
                Identifier     = $kb
                Title          = [string]$u.Title
                Status         = $status
                ErrorMessage   = if ($succeeded -or $resultCode -eq 0) { '' } else { 'ResultCode=' + $resultCode }
                RebootRequired = $needsReboot
                AttemptedAt    = (Get-Date -Format 'o')
            }
        }

        $results = @($byKey.Values)

        if ($results.Count -eq 0) {
            Write-Output '[]'
        } else {
            $results | ConvertTo-Json -Compress
        }
2026-08-09 18:56:09.639 -05:00 [INF] (Thread 24) WindowsUpdateWorker: no updates installed — system reboot is already pending.
2026-08-09 18:56:09.640 -05:00 [INF] (Thread 24) WindowsUpdateWorker: pass complete. Total=2 Succeeded=1 Failed=0 Skipped=1
2026-08-09 18:56:09.640 -05:00 [INF] (Thread 24) WingetWorker: skipping — last run was 2026-08-05T16:07:55.4222298Z (less than 7 days ago).
2026-08-09 18:56:09.640 -05:00 [INF] (Thread 24) UpdateOrchestrator: cycle complete. Total=2 Succeeded=1 Failed=0 RebootRequired=true
2026-08-09 18:56:09.640 -05:00 [INF] (Thread 24) UpdateOrchestrator: reboot required but today is not an allowed reboot day per RebootDoW — skipping notification until the next allowed day.
2026-08-09 18:56:09.640 -05:00 [INF] (Thread 24) UpdateBackgroundService: next cycle in "01:00:00".
2026-08-09 20:02:48.198 -05:00 [INF] (Thread 22) SelfUpdater: checking for updates. Current version: 1.26.586.697
2026-08-09 20:02:50.317 -05:00 [INF] (Thread 22) SelfUpdater: remote version = 1.26.586.697.
2026-08-09 20:02:50.317 -05:00 [INF] (Thread 22) SelfUpdater: already up to date.
2026-08-09 20:02:50.317 -05:00 [INF] (Thread 22) UpdateOrchestrator: === Update cycle starting ===
2026-08-09 20:02:50.317 -05:00 [INF] (Thread 22) WindowsUpdateWorker: starting update pass.
2026-08-09 20:02:50.317 -05:00 [INF] (Thread 22) WindowsUpdateWorker: verifying PSWindowsUpdate module.
2026-08-09 20:02:50.321 -05:00 [DBG] (Thread 22) WindowsUpdateWorker: running PS script: $ProgressPreference = 'SilentlyContinue'
            $ErrorActionPreference = 'Stop'
            try {
                if (-not (Get-PackageProvider -Name NuGet -ListAvailable -ErrorAction SilentlyContinue)) {
                    Install-PackageProvider -Name NuGet -MinimumVersion 2.8.5.201 -Force -Scope AllUsers | Out-Null
                }
                Set-PSRepository -Name PSGallery -InstallationPolicy Trusted -ErrorAction SilentlyContinue
                if (-not (Get-Module -ListAvailable -Name PSWindowsUpdate -ErrorAction SilentlyContinue)) {
                    Install-Module PSWindowsUpdate -Force -SkipPublisherCheck -Scope AllUsers | Out-Null
                }
                Import-Module PSWindowsUpdate -Force -ErrorAction Stop
                try {
                    Add-WUServiceManager -MicrosoftUpdate -Confirm:$false -ErrorAction SilentlyContinue | Out-Null
                } catch {}
                Write-Output 'OK'
            } catch {
                Write-Output ('ERROR: ' + $_.Exception.Message)
            }
2026-08-09 20:03:26.844 -05:00 [INF] (Thread 22) WindowsUpdateWorker: PSWindowsUpdate module OK.
2026-08-09 20:03:26.846 -05:00 [DBG] (Thread 22) WindowsUpdateWorker: running PS script: Import-Module PSWindowsUpdate -ErrorAction Stop
        $ProgressPreference = 'SilentlyContinue'

        # Force the Windows Update Agent to scan before installing.
        # Fixes 0x80248007 (WU_E_DS_NODATA) on fresh builds or machines
        # whose update data store has not been initialised yet.
        try {
            Start-Process -FilePath 'UsoClient.exe' `
                -ArgumentList 'StartScan' `
                -Wait -NoNewWindow -ErrorAction SilentlyContinue
            Start-Sleep -Seconds 30
        } catch {}

        # 2>&1 merges stderr into the pipeline mixing strings with update
        # objects -- we filter them out in the foreach loop below.
        $rawOutput = Install-WindowsUpdate `
            -MicrosoftUpdate `
            -AcceptAll `
            -IgnoreReboot `
            -Install `
            -ErrorAction Continue 2>&1

        # Use a hashtable keyed on Title to keep only the LAST result per update.
        # PSWindowsUpdate emits objects at multiple pipeline stages (search, download,
        # install); overwriting ensures we capture the final post-install ResultCode
        # rather than an early ResultCode=0 (NotStarted).
        $byKey = @{}

        foreach ($u in $rawOutput) {
            if ($null -eq $u -or $u -isnot [PSObject]) { continue }
            if (-not ($u.PSObject.Properties.Name -contains 'Title')) { continue }
            if ([string]::IsNullOrWhiteSpace($u.Title)) { continue }

            $resultCode = 0
            try { $resultCode = [int]$u.ResultCode } catch { $resultCode = 4 }
            $succeeded = ($resultCode -eq 2 -or $resultCode -eq 3)

            # ResultCode=0 means NotStarted — treat as Skipped, not Failed.
            $status = if ($succeeded) { 'Succeeded' } elseif ($resultCode -eq 0) { 'Skipped' } else { 'Failed' }

            $kb = ''
            try {
                if ($u.KBArticleIDs -and $u.KBArticleIDs.Count -gt 0) {
                    $kb = 'KB' + $u.KBArticleIDs[0]
                }
            } catch {}

            $needsReboot = $false
            try { $needsReboot = [bool]$u.RebootRequired } catch {}

            $byKey[$u.Title] = [PSCustomObject]@{
                Identifier     = $kb
                Title          = [string]$u.Title
                Status         = $status
                ErrorMessage   = if ($succeeded -or $resultCode -eq 0) { '' } else { 'ResultCode=' + $resultCode }
                RebootRequired = $needsReboot
                AttemptedAt    = (Get-Date -Format 'o')
            }
        }

        $results = @($byKey.Values)

        if ($results.Count -eq 0) {
            Write-Output '[]'
        } else {
            $results | ConvertTo-Json -Compress
        }
2026-08-09 20:05:04.217 -05:00 [INF] (Thread 22) WindowsUpdateWorker: no updates installed — system reboot is already pending.
2026-08-09 20:05:04.217 -05:00 [INF] (Thread 22) WindowsUpdateWorker: pass complete. Total=2 Succeeded=1 Failed=0 Skipped=1
2026-08-09 20:05:04.217 -05:00 [INF] (Thread 22) WingetWorker: skipping — last run was 2026-08-05T16:07:55.4222298Z (less than 7 days ago).
2026-08-09 20:05:04.217 -05:00 [INF] (Thread 22) UpdateOrchestrator: cycle complete. Total=2 Succeeded=1 Failed=0 RebootRequired=true
2026-08-09 20:05:04.217 -05:00 [INF] (Thread 22) UpdateOrchestrator: reboot required but today is not an allowed reboot day per RebootDoW — skipping notification until the next allowed day.
2026-08-09 20:05:04.217 -05:00 [INF] (Thread 22) UpdateBackgroundService: next cycle in "01:00:00".
2026-08-09 21:11:26.842 -05:00 [INF] (Thread 18) SelfUpdater: checking for updates. Current version: 1.26.586.697
2026-08-09 21:11:27.014 -05:00 [INF] (Thread 18) SelfUpdater: remote version = 1.26.586.697.
2026-08-09 21:11:27.014 -05:00 [INF] (Thread 18) SelfUpdater: already up to date.
2026-08-09 21:11:27.014 -05:00 [INF] (Thread 18) UpdateOrchestrator: === Update cycle starting ===
2026-08-09 21:11:27.014 -05:00 [INF] (Thread 18) WindowsUpdateWorker: starting update pass.
2026-08-09 21:11:27.014 -05:00 [INF] (Thread 18) WindowsUpdateWorker: verifying PSWindowsUpdate module.
2026-08-09 21:11:27.017 -05:00 [DBG] (Thread 18) WindowsUpdateWorker: running PS script: $ProgressPreference = 'SilentlyContinue'
            $ErrorActionPreference = 'Stop'
            try {
                if (-not (Get-PackageProvider -Name NuGet -ListAvailable -ErrorAction SilentlyContinue)) {
                    Install-PackageProvider -Name NuGet -MinimumVersion 2.8.5.201 -Force -Scope AllUsers | Out-Null
                }
                Set-PSRepository -Name PSGallery -InstallationPolicy Trusted -ErrorAction SilentlyContinue
                if (-not (Get-Module -ListAvailable -Name PSWindowsUpdate -ErrorAction SilentlyContinue)) {
                    Install-Module PSWindowsUpdate -Force -SkipPublisherCheck -Scope AllUsers | Out-Null
                }
                Import-Module PSWindowsUpdate -Force -ErrorAction Stop
                try {
                    Add-WUServiceManager -MicrosoftUpdate -Confirm:$false -ErrorAction SilentlyContinue | Out-Null
                } catch {}
                Write-Output 'OK'
            } catch {
                Write-Output ('ERROR: ' + $_.Exception.Message)
            }
2026-08-09 21:12:04.595 -05:00 [INF] (Thread 18) WindowsUpdateWorker: PSWindowsUpdate module OK.
2026-08-09 21:12:04.597 -05:00 [DBG] (Thread 18) WindowsUpdateWorker: running PS script: Import-Module PSWindowsUpdate -ErrorAction Stop
        $ProgressPreference = 'SilentlyContinue'

        # Force the Windows Update Agent to scan before installing.
        # Fixes 0x80248007 (WU_E_DS_NODATA) on fresh builds or machines
        # whose update data store has not been initialised yet.
        try {
            Start-Process -FilePath 'UsoClient.exe' `
                -ArgumentList 'StartScan' `
                -Wait -NoNewWindow -ErrorAction SilentlyContinue
            Start-Sleep -Seconds 30
        } catch {}

        # 2>&1 merges stderr into the pipeline mixing strings with update
        # objects -- we filter them out in the foreach loop below.
        $rawOutput = Install-WindowsUpdate `
            -MicrosoftUpdate `
            -AcceptAll `
            -IgnoreReboot `
            -Install `
            -ErrorAction Continue 2>&1

        # Use a hashtable keyed on Title to keep only the LAST result per update.
        # PSWindowsUpdate emits objects at multiple pipeline stages (search, download,
        # install); overwriting ensures we capture the final post-install ResultCode
        # rather than an early ResultCode=0 (NotStarted).
        $byKey = @{}

        foreach ($u in $rawOutput) {
            if ($null -eq $u -or $u -isnot [PSObject]) { continue }
            if (-not ($u.PSObject.Properties.Name -contains 'Title')) { continue }
            if ([string]::IsNullOrWhiteSpace($u.Title)) { continue }

            $resultCode = 0
            try { $resultCode = [int]$u.ResultCode } catch { $resultCode = 4 }
            $succeeded = ($resultCode -eq 2 -or $resultCode -eq 3)

            # ResultCode=0 means NotStarted — treat as Skipped, not Failed.
            $status = if ($succeeded) { 'Succeeded' } elseif ($resultCode -eq 0) { 'Skipped' } else { 'Failed' }

            $kb = ''
            try {
                if ($u.KBArticleIDs -and $u.KBArticleIDs.Count -gt 0) {
                    $kb = 'KB' + $u.KBArticleIDs[0]
                }
            } catch {}

            $needsReboot = $false
            try { $needsReboot = [bool]$u.RebootRequired } catch {}

            $byKey[$u.Title] = [PSCustomObject]@{
                Identifier     = $kb
                Title          = [string]$u.Title
                Status         = $status
                ErrorMessage   = if ($succeeded -or $resultCode -eq 0) { '' } else { 'ResultCode=' + $resultCode }
                RebootRequired = $needsReboot
                AttemptedAt    = (Get-Date -Format 'o')
            }
        }

        $results = @($byKey.Values)

        if ($results.Count -eq 0) {
            Write-Output '[]'
        } else {
            $results | ConvertTo-Json -Compress
        }
2026-08-09 21:13:41.551 -05:00 [INF] (Thread 19) WindowsUpdateWorker: no updates installed — system reboot is already pending.
2026-08-09 21:13:41.551 -05:00 [INF] (Thread 19) WindowsUpdateWorker: pass complete. Total=2 Succeeded=1 Failed=0 Skipped=1
2026-08-09 21:13:41.552 -05:00 [INF] (Thread 19) WingetWorker: skipping — last run was 2026-08-05T16:07:55.4222298Z (less than 7 days ago).
2026-08-09 21:13:41.552 -05:00 [INF] (Thread 19) UpdateOrchestrator: cycle complete. Total=2 Succeeded=1 Failed=0 RebootRequired=true
2026-08-09 21:13:41.552 -05:00 [INF] (Thread 19) UpdateOrchestrator: reboot required but today is not an allowed reboot day per RebootDoW — skipping notification until the next allowed day.
2026-08-09 21:13:41.552 -05:00 [INF] (Thread 19) UpdateBackgroundService: next cycle in "01:00:00".
2026-08-09 22:21:24.750 -05:00 [INF] (Thread 24) SelfUpdater: checking for updates. Current version: 1.26.586.697
2026-08-09 22:21:26.871 -05:00 [INF] (Thread 16) SelfUpdater: remote version = 1.26.586.697.
2026-08-09 22:21:26.871 -05:00 [INF] (Thread 16) SelfUpdater: already up to date.
2026-08-09 22:21:26.871 -05:00 [INF] (Thread 16) UpdateOrchestrator: === Update cycle starting ===
2026-08-09 22:21:26.871 -05:00 [INF] (Thread 16) WindowsUpdateWorker: starting update pass.
2026-08-09 22:21:26.871 -05:00 [INF] (Thread 16) WindowsUpdateWorker: verifying PSWindowsUpdate module.
2026-08-09 22:21:26.873 -05:00 [DBG] (Thread 16) WindowsUpdateWorker: running PS script: $ProgressPreference = 'SilentlyContinue'
            $ErrorActionPreference = 'Stop'
            try {
                if (-not (Get-PackageProvider -Name NuGet -ListAvailable -ErrorAction SilentlyContinue)) {
                    Install-PackageProvider -Name NuGet -MinimumVersion 2.8.5.201 -Force -Scope AllUsers | Out-Null
                }
                Set-PSRepository -Name PSGallery -InstallationPolicy Trusted -ErrorAction SilentlyContinue
                if (-not (Get-Module -ListAvailable -Name PSWindowsUpdate -ErrorAction SilentlyContinue)) {
                    Install-Module PSWindowsUpdate -Force -SkipPublisherCheck -Scope AllUsers | Out-Null
                }
                Import-Module PSWindowsUpdate -Force -ErrorAction Stop
                try {
                    Add-WUServiceManager -MicrosoftUpdate -Confirm:$false -ErrorAction SilentlyContinue | Out-Null
                } catch {}
                Write-Output 'OK'
            } catch {
                Write-Output ('ERROR: ' + $_.Exception.Message)
            }
2026-08-09 22:22:05.597 -05:00 [INF] (Thread 24) WindowsUpdateWorker: PSWindowsUpdate module OK.
2026-08-09 22:22:05.599 -05:00 [DBG] (Thread 24) WindowsUpdateWorker: running PS script: Import-Module PSWindowsUpdate -ErrorAction Stop
        $ProgressPreference = 'SilentlyContinue'

        # Force the Windows Update Agent to scan before installing.
        # Fixes 0x80248007 (WU_E_DS_NODATA) on fresh builds or machines
        # whose update data store has not been initialised yet.
        try {
            Start-Process -FilePath 'UsoClient.exe' `
                -ArgumentList 'StartScan' `
                -Wait -NoNewWindow -ErrorAction SilentlyContinue
            Start-Sleep -Seconds 30
        } catch {}

        # 2>&1 merges stderr into the pipeline mixing strings with update
        # objects -- we filter them out in the foreach loop below.
        $rawOutput = Install-WindowsUpdate `
            -MicrosoftUpdate `
            -AcceptAll `
            -IgnoreReboot `
            -Install `
            -ErrorAction Continue 2>&1

        # Use a hashtable keyed on Title to keep only the LAST result per update.
        # PSWindowsUpdate emits objects at multiple pipeline stages (search, download,
        # install); overwriting ensures we capture the final post-install ResultCode
        # rather than an early ResultCode=0 (NotStarted).
        $byKey = @{}

        foreach ($u in $rawOutput) {
            if ($null -eq $u -or $u -isnot [PSObject]) { continue }
            if (-not ($u.PSObject.Properties.Name -contains 'Title')) { continue }
            if ([string]::IsNullOrWhiteSpace($u.Title)) { continue }

            $resultCode = 0
            try { $resultCode = [int]$u.ResultCode } catch { $resultCode = 4 }
            $succeeded = ($resultCode -eq 2 -or $resultCode -eq 3)

            # ResultCode=0 means NotStarted — treat as Skipped, not Failed.
            $status = if ($succeeded) { 'Succeeded' } elseif ($resultCode -eq 0) { 'Skipped' } else { 'Failed' }

            $kb = ''
            try {
                if ($u.KBArticleIDs -and $u.KBArticleIDs.Count -gt 0) {
                    $kb = 'KB' + $u.KBArticleIDs[0]
                }
            } catch {}

            $needsReboot = $false
            try { $needsReboot = [bool]$u.RebootRequired } catch {}

            $byKey[$u.Title] = [PSCustomObject]@{
                Identifier     = $kb
                Title          = [string]$u.Title
                Status         = $status
                ErrorMessage   = if ($succeeded -or $resultCode -eq 0) { '' } else { 'ResultCode=' + $resultCode }
                RebootRequired = $needsReboot
                AttemptedAt    = (Get-Date -Format 'o')
            }
        }

        $results = @($byKey.Values)

        if ($results.Count -eq 0) {
            Write-Output '[]'
        } else {
            $results | ConvertTo-Json -Compress
        }
2026-08-09 22:23:35.780 -05:00 [INF] (Thread 3) WindowsUpdateWorker: no updates installed — system reboot is already pending.
2026-08-09 22:23:35.781 -05:00 [INF] (Thread 3) WindowsUpdateWorker: pass complete. Total=2 Succeeded=1 Failed=0 Skipped=1
2026-08-09 22:23:35.781 -05:00 [INF] (Thread 3) WingetWorker: skipping — last run was 2026-08-05T16:07:55.4222298Z (less than 7 days ago).
2026-08-09 22:23:35.781 -05:00 [INF] (Thread 3) UpdateOrchestrator: cycle complete. Total=2 Succeeded=1 Failed=0 RebootRequired=true
2026-08-09 22:23:35.781 -05:00 [INF] (Thread 3) UpdateOrchestrator: reboot required but today is not an allowed reboot day per RebootDoW — skipping notification until the next allowed day.
2026-08-09 22:23:35.781 -05:00 [INF] (Thread 3) UpdateBackgroundService: next cycle in "01:00:00".
2026-08-09 23:29:01.801 -05:00 [INF] (Thread 7) SelfUpdater: checking for updates. Current version: 1.26.586.697
2026-08-09 23:29:02.089 -05:00 [INF] (Thread 7) SelfUpdater: remote version = 1.26.586.697.
2026-08-09 23:29:02.089 -05:00 [INF] (Thread 7) SelfUpdater: already up to date.
2026-08-09 23:29:02.089 -05:00 [INF] (Thread 7) UpdateOrchestrator: === Update cycle starting ===
2026-08-09 23:29:02.089 -05:00 [INF] (Thread 7) WindowsUpdateWorker: starting update pass.
2026-08-09 23:29:02.089 -05:00 [INF] (Thread 7) WindowsUpdateWorker: verifying PSWindowsUpdate module.
2026-08-09 23:29:02.092 -05:00 [DBG] (Thread 7) WindowsUpdateWorker: running PS script: $ProgressPreference = 'SilentlyContinue'
            $ErrorActionPreference = 'Stop'
            try {
                if (-not (Get-PackageProvider -Name NuGet -ListAvailable -ErrorAction SilentlyContinue)) {
                    Install-PackageProvider -Name NuGet -MinimumVersion 2.8.5.201 -Force -Scope AllUsers | Out-Null
                }
                Set-PSRepository -Name PSGallery -InstallationPolicy Trusted -ErrorAction SilentlyContinue
                if (-not (Get-Module -ListAvailable -Name PSWindowsUpdate -ErrorAction SilentlyContinue)) {
                    Install-Module PSWindowsUpdate -Force -SkipPublisherCheck -Scope AllUsers | Out-Null
                }
                Import-Module PSWindowsUpdate -Force -ErrorAction Stop
                try {
                    Add-WUServiceManager -MicrosoftUpdate -Confirm:$false -ErrorAction SilentlyContinue | Out-Null
                } catch {}
                Write-Output 'OK'
            } catch {
                Write-Output ('ERROR: ' + $_.Exception.Message)
            }
2026-08-09 23:29:40.952 -05:00 [INF] (Thread 7) WindowsUpdateWorker: PSWindowsUpdate module OK.
2026-08-09 23:29:40.953 -05:00 [DBG] (Thread 7) WindowsUpdateWorker: running PS script: Import-Module PSWindowsUpdate -ErrorAction Stop
        $ProgressPreference = 'SilentlyContinue'

        # Force the Windows Update Agent to scan before installing.
        # Fixes 0x80248007 (WU_E_DS_NODATA) on fresh builds or machines
        # whose update data store has not been initialised yet.
        try {
            Start-Process -FilePath 'UsoClient.exe' `
                -ArgumentList 'StartScan' `
                -Wait -NoNewWindow -ErrorAction SilentlyContinue
            Start-Sleep -Seconds 30
        } catch {}

        # 2>&1 merges stderr into the pipeline mixing strings with update
        # objects -- we filter them out in the foreach loop below.
        $rawOutput = Install-WindowsUpdate `
            -MicrosoftUpdate `
            -AcceptAll `
            -IgnoreReboot `
            -Install `
            -ErrorAction Continue 2>&1

        # Use a hashtable keyed on Title to keep only the LAST result per update.
        # PSWindowsUpdate emits objects at multiple pipeline stages (search, download,
        # install); overwriting ensures we capture the final post-install ResultCode
        # rather than an early ResultCode=0 (NotStarted).
        $byKey = @{}

        foreach ($u in $rawOutput) {
            if ($null -eq $u -or $u -isnot [PSObject]) { continue }
            if (-not ($u.PSObject.Properties.Name -contains 'Title')) { continue }
            if ([string]::IsNullOrWhiteSpace($u.Title)) { continue }

            $resultCode = 0
            try { $resultCode = [int]$u.ResultCode } catch { $resultCode = 4 }
            $succeeded = ($resultCode -eq 2 -or $resultCode -eq 3)

            # ResultCode=0 means NotStarted — treat as Skipped, not Failed.
            $status = if ($succeeded) { 'Succeeded' } elseif ($resultCode -eq 0) { 'Skipped' } else { 'Failed' }

            $kb = ''
            try {
                if ($u.KBArticleIDs -and $u.KBArticleIDs.Count -gt 0) {
                    $kb = 'KB' + $u.KBArticleIDs[0]
                }
            } catch {}

            $needsReboot = $false
            try { $needsReboot = [bool]$u.RebootRequired } catch {}

            $byKey[$u.Title] = [PSCustomObject]@{
                Identifier     = $kb
                Title          = [string]$u.Title
                Status         = $status
                ErrorMessage   = if ($succeeded -or $resultCode -eq 0) { '' } else { 'ResultCode=' + $resultCode }
                RebootRequired = $needsReboot
                AttemptedAt    = (Get-Date -Format 'o')
            }
        }

        $results = @($byKey.Values)

        if ($results.Count -eq 0) {
            Write-Output '[]'
        } else {
            $results | ConvertTo-Json -Compress
        }
2026-08-09 23:31:19.710 -05:00 [INF] (Thread 3) WindowsUpdateWorker: no updates installed — system reboot is already pending.
2026-08-09 23:31:19.710 -05:00 [INF] (Thread 3) WindowsUpdateWorker: pass complete. Total=2 Succeeded=1 Failed=0 Skipped=1
2026-08-09 23:31:19.711 -05:00 [INF] (Thread 3) WingetWorker: skipping — last run was 2026-08-05T16:07:55.4222298Z (less than 7 days ago).
2026-08-09 23:31:19.711 -05:00 [INF] (Thread 3) UpdateOrchestrator: cycle complete. Total=2 Succeeded=1 Failed=0 RebootRequired=true
2026-08-09 23:31:19.712 -05:00 [INF] (Thread 3) UpdateOrchestrator: reboot required but today is not an allowed reboot day per RebootDoW — skipping notification until the next allowed day.
2026-08-09 23:31:19.712 -05:00 [INF] (Thread 3) UpdateBackgroundService: next cycle in "01:00:00".
